# OpenSignals Text File Format. Version 1
# {"00:07:80:65:E0:11": {"position": 0, "device": "biosignalsplux", "device name": "00:07:80:65:E0:11", "device connection": "00:07:80:65:E0:11", "sampling rate": 200, "resolution": [16, 16, 16], "firmware version": 775, "comments": "", "keywords": "", "mode": 0, "sync interval": 2, "date": "2025-9-19", "time": "9:57:52.721", "channels": [1, 2, 3], "sensor": ["RIP", "XYZ", "XYZ"], "label": ["CH1", "CH2", "CH3"], "column": ["nSeq", "DI", "CH1", "CH2", "CH3"], "special": [{"SpO2": [80, 40, 5, 4, 3, 3]}, {"SpO2": [80, 40, 5, 4, 3, 3]}, {"SpO2": [80, 40, 5, 4, 3, 3]}, {"SpO2": [80, 40, 5, 4, 3, 3]}, {"SpO2": [80, 40, 5, 4, 3, 3]}, {"SpO2": [80, 40, 5, 4, 3, 3]}, {"SpO2": [80, 40, 5, 4, 3, 3]}, {"SpO2": [80, 40, 5, 4, 3, 3]}], "digital IO": [0, 1], "sleeve color": ["orange", "brown", ""]}}
# EndOfHeader
0	0	31584	32560	38128	
1	0	31584	32552	38116	
2	0	31596	32540	38124	
3	0	31613	32548	38158	
4	0	31624	32532	38172	
5	0	31636	32516	38116	
6	0	31641	32524	38144	
7	0	31660	32541	38136	
8	0	31668	32548	38152	
9	0	31680	32544	38136	
10	0	31700	32548	38144	
11	0	31706	32532	38148	
12	0	31718	32520	38164	
13	0	31733	32541	38152	
14	0	31745	32544	38132	
15	0	31768	32544	38140	
16	0	31780	32534	38124	
17	0	31793	32557	38120	
18	0	31808	32528	38168	
19	0	31824	32524	38136	
20	0	31836	32528	38136	
21	0	31856	32561	38156	
22	0	31872	32552	38144	
23	0	31890	32536	38132	
24	0	31904	32552	38144	
25	0	31921	32532	38120	
26	0	31944	32522	38144	
27	0	31956	32517	38116	
28	0	31976	32524	38120	
29	0	32000	32540	38132	
30	0	32016	32556	38124	
31	0	32032	32528	38166	
32	0	32052	32528	38140	
33	0	32068	32529	38160	
34	0	32096	32540	38200	
35	0	32112	32532	38160	
36	0	32141	32530	38172	
37	0	32156	32528	38152	
38	0	32180	32516	38128	
39	0	32205	32536	38128	
40	0	32233	32529	38112	
41	0	32256	32496	38132	
42	0	32276	32524	38124	
43	0	32304	32528	38144	
44	0	32328	32532	38136	
45	0	32356	32504	38138	
46	0	32376	32553	38140	
47	0	32408	32512	38132	
48	0	32440	32512	38148	
49	0	32460	32520	38156	
50	0	32493	32520	38136	
51	0	32525	32524	38144	
52	0	32548	32520	38161	
53	0	32580	32508	38168	
54	0	32612	32496	38152	
55	0	32641	32500	38152	
56	0	32672	32544	38136	
57	0	32696	32540	38137	
58	0	32732	32504	38160	
59	0	32772	32500	38116	
60	0	32796	32512	38132	
61	0	32832	32524	38144	
62	0	32864	32513	38124	
63	0	32897	32494	38124	
64	0	32925	32504	38160	
65	0	32968	32512	38136	
66	0	32985	32484	38108	
67	0	33033	32472	38140	
68	0	33072	32492	38136	
69	0	33108	32500	38144	
70	0	33136	32504	38116	
71	0	33164	32505	38160	
72	0	33212	32532	38148	
73	0	33241	32532	38132	
74	0	33280	32516	38156	
75	0	33317	32488	38144	
76	0	33356	32500	38152	
77	0	33394	32516	38128	
78	0	33424	32500	38152	
79	0	33460	32496	38152	
80	0	33488	32532	38148	
81	0	33528	32520	38148	
82	0	33576	32522	38152	
83	0	33608	32508	38176	
84	0	33640	32504	38160	
85	0	33680	32516	38145	
86	0	33716	32520	38152	
87	0	33752	32500	38152	
88	0	33788	32536	38121	
89	0	33829	32496	38144	
90	0	33860	32493	38152	
91	0	33888	32500	38128	
92	0	33929	32484	38116	
93	0	33968	32492	38124	
94	0	33996	32492	38144	
95	0	34029	32488	38100	
96	0	34068	32484	38140	
97	0	34100	32464	38140	
98	0	34136	32512	38136	
99	0	34173	32485	38164	
100	0	34196	32480	38140	
101	0	34240	32457	38153	
102	0	34269	32484	38164	
103	0	34304	32452	38128	
104	0	34332	32464	38156	
105	0	34368	32472	38128	
106	0	34397	32476	38144	
107	0	34424	32473	38140	
108	0	34456	32453	38152	
109	0	34488	32442	38132	
110	0	34520	32480	38124	
111	0	34546	32464	38152	
112	0	34580	32453	38108	
113	0	34608	32468	38152	
114	0	34640	32468	38144	
115	0	34660	32452	38140	
116	0	34692	32452	38132	
117	0	34717	32456	38152	
118	0	34752	32480	38152	
119	0	34772	32480	38124	
120	0	34796	32468	38136	
121	0	34828	32416	38136	
122	0	34848	32452	38124	
123	0	34876	32405	38136	
124	0	34896	32428	38136	
125	0	34916	32408	38165	
126	0	34944	32408	38140	
127	0	34962	32412	38160	
128	0	34984	32420	38148	
129	0	35008	32440	38124	
130	0	35024	32424	38152	
131	0	35044	32432	38132	
132	0	35060	32416	38112	
133	0	35088	32436	38148	
134	0	35108	32416	38112	
135	0	35124	32420	38124	
136	0	35140	32432	38120	
137	0	35156	32428	38112	
138	0	35180	32429	38137	
139	0	35192	32432	38096	
140	0	35204	32417	38172	
141	0	35220	32397	38172	
142	0	35240	32432	38148	
143	0	35256	32440	38136	
144	0	35272	32420	38144	
145	0	35280	32428	38156	
146	0	35296	32408	38136	
147	0	35312	32412	38144	
148	0	35316	32428	38128	
149	0	35324	32428	38172	
150	0	35344	32380	38160	
151	0	35352	32380	38129	
152	0	35361	32388	38136	
153	0	35373	32389	38128	
154	0	35376	32409	38116	
155	0	35388	32373	38128	
156	0	35400	32372	38124	
157	0	35408	32373	38168	
158	0	35408	32353	38128	
159	0	35412	32384	38160	
160	0	35420	32380	38144	
161	0	35428	32384	38124	
162	0	35428	32408	38140	
163	0	35436	32412	38124	
164	0	35436	32404	38152	
165	0	35444	32380	38144	
166	0	35441	32396	38160	
167	0	35440	32396	38144	
168	0	35441	32384	38148	
169	0	35440	32376	38176	
170	0	35444	32385	38156	
171	0	35448	32372	38153	
172	0	35448	32392	38152	
173	0	35444	32400	38132	
174	0	35440	32392	38124	
175	0	35436	32416	38132	
176	0	35436	32385	38141	
177	0	35432	32398	38176	
178	0	35420	32388	38132	
179	0	35416	32368	38144	
180	0	35408	32364	38176	
181	0	35404	32384	38120	
182	0	35400	32380	38140	
183	0	35392	32380	38140	
184	0	35392	32360	38148	
185	0	35376	32396	38140	
186	0	35368	32380	38168	
187	0	35356	32368	38156	
188	0	35357	32380	38136	
189	0	35340	32388	38128	
190	0	35312	32424	38140	
191	0	35328	32376	38152	
192	0	35300	32417	38160	
193	0	35296	32436	38152	
194	0	35288	32392	38168	
195	0	35268	32412	38140	
196	0	35258	32392	38152	
197	0	35240	32416	38169	
198	0	35220	32416	38132	
199	0	35208	32421	38144	
200	0	35200	32432	38144	
201	0	35180	32424	38164	
202	0	35164	32404	38168	
203	0	35144	32408	38120	
204	0	35124	32404	38160	
205	0	35108	32417	38165	
206	0	35097	32432	38164	
207	0	35076	32440	38104	
208	0	35052	32408	38160	
209	0	35040	32409	38144	
210	0	35024	32404	38172	
211	0	34996	32412	38169	
212	0	34976	32416	38156	
213	0	34956	32432	38152	
214	0	34932	32409	38132	
215	0	34920	32433	38124	
216	0	34896	32436	38161	
217	0	34869	32428	38144	
218	0	34856	32405	38168	
219	0	34832	32408	38144	
220	0	34809	32460	38132	
221	0	34784	32448	38132	
222	0	34764	32428	38124	
223	0	34740	32452	38140	
224	0	34716	32444	38148	
225	0	34696	32448	38133	
226	0	34665	32432	38152	
227	0	34649	32444	38128	
228	0	34624	32449	38113	
229	0	34600	32444	38136	
230	0	34576	32448	38148	
231	0	34552	32424	38144	
232	0	34524	32476	38140	
233	0	34508	32465	38164	
234	0	34485	32472	38144	
235	0	34456	32452	38144	
236	0	34432	32476	38152	
237	0	34406	32472	38168	
238	0	34384	32484	38128	
239	0	34356	32468	38148	
240	0	34332	32432	38164	
241	0	34309	32452	38140	
242	0	34280	32492	38124	
243	0	34256	32476	38132	
244	0	34228	32484	38112	
245	0	34208	32488	38120	
246	0	34180	32474	38112	
247	0	34164	32473	38112	
248	0	34142	32472	38140	
249	0	34112	32464	38120	
250	0	34080	32488	38153	
251	0	34064	32484	38136	
252	0	34036	32485	38152	
253	0	34016	32492	38132	
254	0	33980	32468	38152	
255	0	33960	32476	38180	
256	0	33932	32496	38152	
257	0	33900	32472	38156	
258	0	33884	32468	38140	
259	0	33850	32484	38153	
260	0	33828	32481	38148	
261	0	33800	32464	38144	
262	0	33780	32512	38121	
263	0	33748	32472	38125	
264	0	33728	32492	38144	
265	0	33712	32500	38156	
266	0	33680	32497	38136	
267	0	33656	32520	38148	
268	0	33628	32472	38156	
269	0	33608	32508	38148	
270	0	33584	32484	38148	
271	0	33552	32544	38116	
272	0	33532	32514	38168	
273	0	33504	32512	38140	
274	0	33480	32496	38176	
275	0	33464	32528	38133	
276	0	33444	32508	38148	
277	0	33412	32496	38124	
278	0	33396	32508	38128	
279	0	33368	32506	38172	
280	0	33340	32500	38140	
281	0	33324	32496	38148	
282	0	33296	32489	38164	
283	0	33276	32512	38124	
284	0	33252	32532	38176	
285	0	33236	32513	38160	
286	0	33212	32524	38160	
287	0	33188	32520	38208	
288	0	33168	32504	38156	
289	0	33146	32504	38152	
290	0	33124	32488	38128	
291	0	33098	32505	38092	
292	0	33080	32480	38132	
293	0	33028	32485	38140	
294	0	33036	32480	38144	
295	0	33020	32480	38152	
296	0	32992	32488	38120	
297	0	32972	32492	38128	
298	0	32960	32473	38097	
299	0	32932	32472	38128	
300	0	32904	32452	38128	
301	0	32888	32448	38100	
302	0	32868	32464	38104	
303	0	32844	32476	38132	
304	0	32824	32496	38136	
305	0	32804	32493	38141	
306	0	32788	32516	38136	
307	0	32764	32528	38164	
308	0	32740	32525	38200	
309	0	32724	32556	38184	
310	0	32704	32556	38184	
311	0	32684	32568	38196	
312	0	32652	32528	38176	
313	0	32644	32524	38144	
314	0	32617	32516	38121	
315	0	32600	32500	38108	
316	0	32577	32528	38092	
317	0	32564	32525	38116	
318	0	32544	32500	38144	
319	0	32520	32508	38168	
320	0	32500	32544	38148	
321	0	32480	32532	38184	
322	0	32460	32524	38168	
323	0	32440	32525	38156	
324	0	32420	32544	38120	
325	0	32397	32541	38128	
326	0	32392	32528	38136	
327	0	32365	32552	38156	
328	0	32348	32520	38140	
329	0	32328	32544	38149	
330	0	32312	32572	38140	
331	0	32296	32526	38136	
332	0	32276	32524	38133	
333	0	32264	32512	38176	
334	0	32240	32544	38116	
335	0	32236	32572	38144	
336	0	32212	32554	38137	
337	0	32196	32552	38160	
338	0	32186	32544	38148	
339	0	32172	32552	38184	
340	0	32160	32563	38180	
341	0	32141	32548	38133	
342	0	32128	32524	38164	
343	0	32120	32520	38156	
344	0	32100	32493	38136	
345	0	32092	32504	38128	
346	0	32076	32516	38120	
347	0	32065	32528	38108	
348	0	32056	32520	38137	
349	0	32044	32512	38100	
350	0	32028	32522	38096	
351	0	32020	32524	38120	
352	0	32008	32524	38116	
353	0	32000	32544	38072	
354	0	31988	32553	38104	
355	0	31976	32568	38076	
356	0	31972	32564	38100	
357	0	31960	32556	38108	
358	0	31952	32600	38176	
359	0	31936	32636	38188	
360	0	31936	32598	38164	
361	0	31932	32580	38112	
362	0	31924	32544	38120	
363	0	31920	32512	38124	
364	0	31908	32508	38108	
365	0	31901	32520	38136	
366	0	31900	32504	38124	
367	0	31900	32520	38104	
368	0	31896	32500	38080	
369	0	31884	32500	38100	
370	0	31884	32525	38128	
371	0	31876	32533	38180	
372	0	31872	32524	38136	
373	0	31872	32556	38132	
374	0	31868	32609	38212	
375	0	31869	32576	38228	
376	0	31869	32568	38180	
377	0	31853	32532	38172	
378	0	31856	32496	38120	
379	0	31858	32525	38132	
380	0	31860	32512	38140	
381	0	31852	32484	38128	
382	0	31848	32481	38108	
383	0	31860	32468	38092	
384	0	31852	32512	38168	
385	0	31861	32496	38200	
386	0	31852	32537	38181	
387	0	31850	32548	38264	
388	0	31852	32560	38296	
389	0	31848	32556	38316	
390	0	31848	32584	38296	
391	0	31848	32545	38289	
392	0	31850	32568	38292	
393	0	31848	32516	38292	
394	0	31848	32568	38252	
395	0	31848	32642	38324	
396	0	31828	32580	38253	
397	0	31844	32580	38288	
398	0	31848	32577	38260	
399	0	31844	32620	38260	
400	0	31841	32636	38300	
401	0	31845	32640	38304	
402	0	31840	32605	38300	
403	0	31844	32664	38288	
404	0	31840	32617	38300	
405	0	31840	32540	38228	
406	0	31832	32592	38284	
407	0	31820	32608	38304	
408	0	31824	32576	38285	
409	0	31824	32560	38248	
410	0	31808	32588	38264	
411	0	31816	32601	38224	
412	0	31800	32584	38312	
413	0	31798	32556	38240	
414	0	31794	32608	38328	
415	0	31780	32584	38302	
416	0	31780	32584	38337	
417	0	31768	32548	38312	
418	0	31756	32469	38272	
419	0	31744	32488	38220	
420	0	31730	32444	38276	
421	0	31728	32421	38244	
422	0	31712	32464	38208	
423	0	31696	32456	38212	
424	0	31688	32428	38212	
425	0	31668	32408	38222	
426	0	31656	32372	38184	
427	0	31640	32385	38204	
428	0	31628	32353	38208	
429	0	31608	32361	38236	
430	0	31584	32384	38280	
431	0	31572	32405	38308	
432	0	31540	32408	38256	
433	0	31532	32384	38296	
434	0	31513	32384	38284	
435	0	31488	32352	38245	
436	0	31464	32288	38224	
437	0	31444	32324	38312	
438	0	31416	32296	38280	
439	0	31400	32300	38260	
440	0	31372	32236	38304	
441	0	31352	32232	38364	
442	0	31328	32186	38256	
443	0	31300	32236	38352	
444	0	31268	32220	38316	
445	0	31246	32229	38356	
446	0	31220	32216	38336	
447	0	31192	32196	38404	
448	0	31161	32200	38380	
449	0	31136	32177	38424	
450	0	31108	32188	38452	
451	0	31081	32176	38422	
452	0	31044	32200	38460	
453	0	31020	32210	38484	
454	0	30985	32185	38484	
455	0	30960	32164	38432	
456	0	30929	32160	38472	
457	0	30900	32176	38508	
458	0	30872	32145	38436	
459	0	30840	32124	38476	
460	0	30808	32224	38608	
461	0	30784	32204	38720	
462	0	30757	32152	38656	
463	0	30733	32144	38556	
464	0	30700	32064	38712	
465	0	30668	32064	38620	
466	0	30644	32188	38688	
467	0	30613	32192	38912	
468	0	30592	32140	38752	
469	0	30564	32104	38824	
470	0	30538	32040	38848	
471	0	30520	32057	38900	
472	0	30492	32084	38784	
473	0	30472	32032	38732	
474	0	30444	31996	38748	
475	0	30421	32021	38729	
476	0	30404	31938	38748	
477	0	30380	31872	38760	
478	0	30353	31888	38860	
479	0	30336	31844	38980	
480	0	30316	31832	38992	
481	0	30296	31770	39032	
482	0	30280	31697	39072	
483	0	30265	31724	39056	
484	0	30244	31740	39176	
485	0	30232	31652	39296	
486	0	30216	31185	39232	
487	0	30196	31804	39136	
488	0	30184	31572	39040	
489	0	30176	31620	38928	
490	0	30164	31498	38945	
491	0	30153	31324	38840	
492	0	30144	31356	38816	
493	0	30128	31400	38752	
494	0	30116	31284	38968	
495	0	30120	31244	38784	
496	0	30109	31140	38912	
497	0	30104	31172	38793	
498	0	30092	31092	38984	
499	0	30088	31108	38884	
500	0	30092	31188	39148	
501	0	30080	31288	39304	
502	0	30084	31324	39236	
503	0	30072	31288	39664	
504	0	30077	31076	39656	
505	0	30076	30945	39776	
506	0	30076	30750	39588	
507	0	30076	30484	39488	
508	0	30076	30500	39372	
509	0	30084	30540	39580	
510	0	30084	30496	39480	
511	0	30088	30564	39732	
512	0	30084	30612	39908	
513	0	30096	30648	40205	
514	0	30104	30697	40628	
515	0	30104	30560	40544	
516	0	30112	30441	40816	
517	0	30116	30612	41160	
518	0	30124	30324	40632	
519	0	30136	29716	40324	
520	0	30144	29280	40708	
521	0	30157	29056	41620	
522	0	30168	29008	42616	
523	0	30180	29188	42440	
524	0	30184	28528	42268	
525	0	30204	27952	42912	
526	0	30216	27040	43480	
527	0	30232	27376	44416	
528	0	30244	28821	43112	
529	0	30256	29612	42244	
530	0	30268	29885	42944	
531	0	30281	30148	44180	
532	0	30300	30008	44608	
533	0	30314	30185	45048	
534	0	30334	30970	45577	
535	0	30348	31388	46064	
536	0	30361	32716	46300	
537	0	30384	33372	45797	
538	0	30392	33660	45440	
539	0	30416	33248	44584	
540	0	30432	29528	40960	
541	0	30456	28664	37588	
542	0	30476	32170	36108	
543	0	30488	31325	37156	
544	0	30512	30872	38264	
545	0	30528	32048	36201	
546	0	30548	33636	36324	
547	0	30568	34352	36524	
548	0	30588	34444	37124	
549	0	30608	34589	37056	
550	0	30632	34696	36932	
551	0	30652	34736	36928	
552	0	30673	34744	37144	
553	0	30700	34692	36920	
554	0	30728	34600	36392	
555	0	30748	34504	36128	
556	0	30768	34352	35716	
557	0	30796	34292	35657	
558	0	30820	34184	35288	
559	0	30836	34153	35102	
560	0	30868	34192	35029	
561	0	30892	34128	34713	
562	0	30924	34128	34680	
563	0	30953	34136	34888	
564	0	30976	34038	34788	
565	0	31006	33956	34980	
566	0	31036	33892	35032	
567	0	31064	33876	35568	
568	0	31096	33844	35680	
569	0	31121	33824	35988	
570	0	31160	33888	36402	
571	0	31188	33928	36632	
572	0	31220	33904	37177	
573	0	31248	33852	37544	
574	0	31284	33748	37784	
575	0	31312	33612	38268	
576	0	31348	33476	38420	
577	0	31384	33328	38668	
578	0	31412	33192	38852	
579	0	31446	33088	39180	
580	0	31484	32916	39453	
581	0	31500	32756	39797	
582	0	31556	32572	40368	
583	0	31592	32460	41004	
584	0	31636	32320	41908	
585	0	31664	32160	42660	
586	0	31704	32096	43472	
587	0	31748	31928	44104	
588	0	31784	31588	44496	
589	0	31824	30956	44860	
590	0	31872	30332	44736	
591	0	31904	29596	44960	
592	0	31952	28884	45272	
593	0	31988	28428	45536	
594	0	32032	28080	46020	
595	0	32073	27796	46712	
596	0	32120	27500	47265	
597	0	32164	27276	47568	
598	0	32204	27020	47856	
599	0	32252	26656	47940	
600	0	32292	26272	47660	
601	0	32336	26038	47360	
602	0	32384	25888	46804	
603	0	32425	25780	45924	
604	0	32472	25766	45120	
605	0	32520	25828	44232	
606	0	32564	25980	43569	
607	0	32605	26072	42940	
608	0	32680	26360	42492	
609	0	32704	26058	42092	
610	0	32748	25760	42048	
611	0	32797	25273	42229	
612	0	32844	24662	42600	
613	0	32889	24048	42656	
614	0	32938	23376	42428	
615	0	32980	22660	41760	
616	0	33036	22009	40772	
617	0	33078	21705	39072	
618	0	33124	21744	37433	
619	0	33168	21994	36069	
620	0	33220	22380	35148	
621	0	33264	22746	34726	
622	0	33316	23074	34808	
623	0	33364	23412	35128	
624	0	33408	23832	35524	
625	0	33456	24228	36036	
626	0	33508	24664	36512	
627	0	33544	25152	36904	
628	0	33596	25656	37224	
629	0	33636	26221	37524	
630	0	33692	26872	37793	
631	0	33736	27264	37916	
632	0	33776	27636	37577	
633	0	33832	27724	37540	
634	0	33866	27800	37349	
635	0	33920	27844	37324	
636	0	33964	28088	37208	
637	0	34004	28201	37260	
638	0	34048	28548	36896	
639	0	34100	28708	36908	
640	0	34136	28940	37040	
641	0	34184	42304	47380	
642	0	34228	38024	54812	
643	0	34272	52564	45504	
644	0	34313	42284	29924	
645	0	34352	44600	39860	
646	0	34400	42060	33456	
647	0	34428	38736	32408	
648	0	34472	37448	33412	
649	0	34516	37312	36520	
650	0	34557	32112	40428	
651	0	34596	27036	44347	
652	0	34640	23200	46248	
653	0	34680	22664	46332	
654	0	34712	24616	43936	
655	0	34744	27225	40960	
656	0	34784	28476	39104	
657	0	34832	29264	39849	
658	0	34868	29924	40648	
659	0	34900	30868	40912	
660	0	34932	31276	40704	
661	0	34972	31220	40220	
662	0	35008	30836	39984	
663	0	35024	30193	39177	
664	0	35077	30562	38376	
665	0	35108	29784	37704	
666	0	35140	28468	37328	
667	0	35180	28992	37946	
668	0	35208	31176	38780	
669	0	35248	31912	39308	
670	0	35272	31429	38600	
671	0	35300	30984	37948	
672	0	35332	31716	38056	
673	0	35360	32052	38396	
674	0	35392	32212	38336	
675	0	35425	32192	38093	
676	0	35444	32132	38108	
677	0	35478	32084	38148	
678	0	35508	32152	38204	
679	0	35520	32232	38244	
680	0	35552	32316	38365	
681	0	35576	32280	38416	
682	0	35596	32328	38444	
683	0	35620	32380	38392	
684	0	35640	32404	38380	
685	0	35664	32412	38364	
686	0	35684	32456	38389	
687	0	35700	32478	38388	
688	0	35716	32441	38352	
689	0	35736	32408	38344	
690	0	35752	32364	38352	
691	0	35768	32316	38352	
692	0	35780	32300	38368	
693	0	35784	32280	38368	
694	0	35802	32249	38326	
695	0	35816	32276	38328	
696	0	35824	32252	38284	
697	0	35832	32256	38276	
698	0	35840	32273	38232	
699	0	35844	32296	38244	
700	0	35848	32304	38224	
701	0	35856	32284	38220	
702	0	35856	32280	38232	
703	0	35865	32276	38212	
704	0	35864	32292	38264	
705	0	35872	32301	38224	
706	0	35868	32348	38216	
707	0	35864	32353	38292	
708	0	35856	32276	38268	
709	0	35852	32285	38304	
710	0	35856	32256	38328	
711	0	35844	32200	38348	
712	0	35844	32208	38312	
713	0	35820	32260	38305	
714	0	35813	32284	38260	
715	0	35800	32172	38320	
716	0	35792	32168	38276	
717	0	35777	32272	38168	
718	0	35748	32237	38212	
719	0	35740	32144	38324	
720	0	35720	32144	38208	
721	0	35708	32172	38220	
722	0	35676	32220	38220	
723	0	35653	32180	38306	
724	0	35624	32113	38236	
725	0	35612	32004	38164	
726	0	35565	32057	38160	
727	0	35546	32124	38240	
728	0	35516	32124	38340	
729	0	35482	31996	38260	
730	0	35448	31980	38248	
731	0	35420	31964	38312	
732	0	35380	32232	38388	
733	0	35340	32233	38592	
734	0	35308	32396	38640	
735	0	35268	32521	38768	
736	0	35224	31972	38508	
737	0	35184	32334	38388	
738	0	35144	32248	38333	
739	0	35096	32300	38508	
740	0	35056	32276	38636	
741	0	35020	32184	38660	
742	0	34972	32092	38624	
743	0	34924	32184	38724	
744	0	34876	32132	38788	
745	0	34832	32081	38912	
746	0	34776	32100	38976	
747	0	34736	32124	39008	
748	0	34688	32217	39212	
749	0	34640	32256	39217	
750	0	34592	32096	39004	
751	0	34544	32236	39008	
752	0	34496	32289	39097	
753	0	34452	32440	39656	
754	0	34388	32364	39433	
755	0	34352	32116	39232	
756	0	34296	32128	39208	
757	0	34244	32004	39412	
758	0	34204	31872	39208	
759	0	34152	31820	39344	
760	0	34097	31904	39428	
761	0	34056	31721	39332	
762	0	34016	31688	39200	
763	0	33964	31650	39184	
764	0	33924	31708	39232	
765	0	33878	31680	39452	
766	0	33832	31664	39396	
767	0	33796	31516	39513	
768	0	33745	31366	39640	
769	0	33712	31728	39664	
770	0	33664	31584	39928	
771	0	33632	31476	39940	
772	0	33585	31389	39692	
773	0	33552	31388	39932	
774	0	33512	31321	40096	
775	0	33480	31324	40220	
776	0	33441	31425	40316	
777	0	33412	31601	40584	
778	0	33380	31724	40756	
779	0	33348	31668	41008	
780	0	33320	31609	41120	
781	0	33288	31612	41168	
782	0	33264	31416	41336	
783	0	33232	31228	41172	
784	0	33212	31168	40740	
785	0	33185	31040	41272	
786	0	33168	31088	41728	
787	0	33148	31000	41824	
788	0	33121	31145	42153	
789	0	33108	31384	42140	
790	0	33088	31116	42664	
791	0	33076	31068	42960	
792	0	33064	30752	42744	
793	0	33046	29804	42280	
794	0	33036	28798	43688	
795	0	33024	29357	45165	
796	0	33016	28972	45716	
797	0	33004	27716	46212	
798	0	32992	27368	47252	
799	0	32980	28748	47472	
800	0	32984	31220	45960	
801	0	32973	32272	45184	
802	0	32972	32208	46200	
803	0	32964	31644	47508	
804	0	32964	30768	48548	
805	0	32960	31737	49596	
806	0	32956	32748	49500	
807	0	32960	33704	49248	
808	0	32944	34554	49432	
809	0	32956	34968	48772	
810	0	32953	30305	44092	
811	0	32948	28197	39992	
812	0	32952	33260	39932	
813	0	32960	30460	39020	
814	0	32948	28720	37464	
815	0	32950	31388	36212	
816	0	32956	34692	34856	
817	0	32960	36260	34508	
818	0	32962	35656	34838	
819	0	32961	35328	36024	
820	0	32960	35428	36880	
821	0	32960	35368	36724	
822	0	32962	35588	36892	
823	0	32960	35616	36472	
824	0	32960	35557	36176	
825	0	32964	35376	35920	
826	0	32960	35092	35704	
827	0	32968	34840	35476	
828	0	32960	34736	35398	
829	0	32964	34548	35148	
830	0	32952	34292	34829	
831	0	32960	34192	34949	
832	0	32960	33972	34700	
833	0	32956	33824	34637	
834	0	32937	33764	34788	
835	0	32936	33752	34988	
836	0	32932	33876	35240	
837	0	32932	34012	35564	
838	0	32925	34176	35856	
839	0	32912	34276	36101	
840	0	32912	34260	36096	
841	0	32904	34332	36680	
842	0	32896	34208	37020	
843	0	32892	34016	36993	
844	0	32880	33968	37365	
845	0	32864	33840	37588	
846	0	32860	33736	37780	
847	0	32844	33752	37960	
848	0	32832	33584	38232	
849	0	32812	33550	38604	
850	0	32808	33480	39176	
851	0	32788	33296	39940	
852	0	32772	33204	40960	
853	0	32760	32920	41996	
854	0	32744	32432	42852	
855	0	32724	31784	43630	
856	0	32704	30804	44416	
857	0	32688	29944	45180	
858	0	32668	29060	45640	
859	0	32648	28258	45848	
860	0	32624	27668	45876	
861	0	32608	27117	45932	
862	0	32588	26644	46096	
863	0	32564	26188	46500	
864	0	32544	25908	46924	
865	0	32525	25656	47328	
866	0	32500	25536	47508	
867	0	32480	25552	47436	
868	0	32450	25756	47460	
869	0	32440	26113	47296	
870	0	32400	26152	47292	
871	0	32372	26112	47096	
872	0	32352	26037	47008	
873	0	32325	25888	46452	
874	0	32297	25656	45044	
875	0	32276	25426	43428	
876	0	32240	25241	42080	
877	0	32224	25112	41473	
878	0	32200	24488	41588	
879	0	32160	23608	42148	
880	0	32136	22857	42624	
881	0	32120	22120	42912	
882	0	32088	21370	42720	
883	0	32060	20678	41876	
884	0	32032	20140	40244	
885	0	32000	19933	38188	
886	0	31984	20016	36324	
887	0	31960	20328	34880	
888	0	31928	20768	34064	
889	0	31900	21162	34040	
890	0	31884	21605	34544	
891	0	31852	22116	35200	
892	0	31824	22768	35845	
893	0	31808	23514	36462	
894	0	31784	24344	36936	
895	0	31760	25192	37388	
896	0	31738	25912	37836	
897	0	31716	26440	38008	
898	0	31696	26820	38008	
899	0	31672	26976	37948	
900	0	31656	27004	37892	
901	0	31632	27036	37700	
902	0	31616	27177	37480	
903	0	31600	27456	37352	
904	0	31576	27724	37308	
905	0	31560	28038	37412	
906	0	31544	28408	37578	
907	0	31525	43896	52364	
908	0	31512	48392	49848	
909	0	31500	45824	31448	
910	0	31481	45992	39756	
911	0	31468	43168	38024	
912	0	31448	40564	33988	
913	0	31436	39112	31872	
914	0	31432	39436	32908	
915	0	31420	36472	36628	
916	0	31408	28441	41644	
917	0	31392	24228	44600	
918	0	31380	24480	44736	
919	0	31380	26864	42676	
920	0	31368	29276	40920	
921	0	31364	29932	40596	
922	0	31353	29096	41344	
923	0	31340	28628	41836	
924	0	31333	29300	41948	
925	0	31332	28577	41108	
926	0	31320	28852	40764	
927	0	31312	29020	40500	
928	0	31312	29336	39708	
929	0	31300	29452	38788	
930	0	31280	29450	38113	
931	0	31288	30372	38048	
932	0	31288	28988	38156	
933	0	31276	30264	38112	
934	0	31272	31948	38680	
935	0	31276	32724	38625	
936	0	31261	31422	38300	
937	0	31260	31974	38220	
938	0	31258	32124	38316	
939	0	31240	32408	38368	
940	0	31244	32580	38344	
941	0	31236	32654	38464	
942	0	31232	32652	38424	
943	0	31224	32580	38372	
944	0	31220	32500	38304	
945	0	31220	32521	38300	
946	0	31208	32592	38344	
947	0	31204	32668	38384	
948	0	31200	32672	38388	
949	0	31196	32644	38404	
950	0	31200	32700	38332	
951	0	31188	32636	38273	
952	0	31188	32584	38364	
953	0	31184	32576	38328	
954	0	31172	32660	38280	
955	0	31180	32569	38484	
956	0	31168	32697	38286	
957	0	31168	32669	38456	
958	0	31168	32700	38462	
959	0	31164	32716	38548	
960	0	31180	32736	38424	
961	0	31157	32676	38452	
962	0	31148	32652	38436	
963	0	31150	32684	38464	
964	0	31152	32720	38492	
965	0	31140	32712	38488	
966	0	31140	32784	38480	
967	0	31140	32664	38220	
968	0	31140	32616	38280	
969	0	31136	32652	38380	
970	0	31136	32628	38336	
971	0	31128	32636	38324	
972	0	31128	32660	38396	
973	0	31128	32584	38312	
974	0	31128	32560	38344	
975	0	31124	32604	38380	
976	0	31128	32600	38384	
977	0	31120	32604	38364	
978	0	31120	32594	38421	
979	0	31108	32584	38432	
980	0	31120	32544	38372	
981	0	31112	32440	38324	
982	0	31116	32397	38265	
983	0	31112	32508	38332	
984	0	31108	32464	38280	
985	0	31104	32472	38288	
986	0	31104	32520	38300	
987	0	31104	32544	38324	
988	0	31104	32670	38344	
989	0	31104	32524	38336	
990	0	31100	32748	38392	
991	0	31100	32672	38400	
992	0	31100	32752	38412	
993	0	31100	32528	38485	
994	0	31100	32752	38548	
995	0	31098	32752	38732	
996	0	31092	32772	38868	
997	0	31100	32760	38832	
998	0	31104	32608	38816	
999	0	31100	32468	38896	
1000	0	31104	32396	38712	
1001	0	31108	32388	38808	
1002	0	31112	32340	38700	
1003	0	31116	32281	38692	
1004	0	31125	32260	38616	
1005	0	31126	32256	38596	
1006	0	31140	32300	38620	
1007	0	31140	32268	38744	
1008	0	31148	32253	38880	
1009	0	31164	32284	38896	
1010	0	31168	32356	38934	
1011	0	31184	32392	39084	
1012	0	31196	32372	39440	
1013	0	31208	32298	39340	
1014	0	31224	32340	39520	
1015	0	31236	32368	39308	
1016	0	31260	32468	39372	
1017	0	31280	32456	39812	
1018	0	31304	32452	39812	
1019	0	31316	32412	39988	
1020	0	31336	32252	39752	
1021	0	31360	32176	39860	
1022	0	31380	32160	39756	
1023	0	31416	32036	39808	
1024	0	31444	31928	39516	
1025	0	31460	31988	39548	
1026	0	31488	32040	39824	
1027	0	31524	31984	39864	
1028	0	31552	31840	39916	
1029	0	31588	31965	39872	
1030	0	31616	31988	40544	
1031	0	31648	32064	40320	
1032	0	31688	31884	40792	
1033	0	31732	31857	40604	
1034	0	31768	31632	40812	
1035	0	31808	31457	40664	
1036	0	31848	31416	40972	
1037	0	31892	31620	40928	
1038	0	31928	31676	41200	
1039	0	31976	31904	41524	
1040	0	32016	32384	41816	
1041	0	32068	32141	41972	
1042	0	32113	32012	41936	
1043	0	32160	32042	42160	
1044	0	32212	31794	41680	
1045	0	32261	31260	41884	
1046	0	32316	31292	42396	
1047	0	32364	31188	42564	
1048	0	32424	31364	42532	
1049	0	32480	31216	43556	
1050	0	32533	31398	44120	
1051	0	32592	30100	45040	
1052	0	32644	28880	45556	
1053	0	32704	29428	46256	
1054	0	32760	29616	45876	
1055	0	32824	28792	46092	
1056	0	32874	26844	48464	
1057	0	32940	28372	48992	
1058	0	33000	30101	46468	
1059	0	33060	30812	47524	
1060	0	33120	30328	48788	
1061	0	33185	29512	50280	
1062	0	33240	29284	50788	
1063	0	33304	29784	51704	
1064	0	33368	31704	52416	
1065	0	33436	33864	52164	
1066	0	33496	33208	49136	
1067	0	33556	23616	42180	
1068	0	33620	27092	38960	
1069	0	33676	29756	39384	
1070	0	33724	29277	42600	
1071	0	33800	30236	42252	
1072	0	33856	30928	38552	
1073	0	33925	33236	36956	
1074	0	33972	34928	35520	
1075	0	34028	35141	35778	
1076	0	34084	34688	37245	
1077	0	34145	34528	37133	
1078	0	34196	34440	36448	
1079	0	34256	34560	36752	
1080	0	34312	34696	36404	
1081	0	34357	34610	35950	
1082	0	34416	34508	35552	
1083	0	34464	34376	35264	
1084	0	34516	34120	34732	
1085	0	34572	34024	34448	
1086	0	34624	33896	34101	
1087	0	34672	33816	33808	
1088	0	34720	33820	33517	
1089	0	34768	33880	33376	
1090	0	34824	34025	33513	
1091	0	34868	34028	33464	
1092	0	34908	34106	33724	
1093	0	34952	34136	34053	
1094	0	34996	34176	34512	
1095	0	35036	34172	35008	
1096	0	35080	34168	35404	
1097	0	35124	34112	35788	
1098	0	35160	34180	36116	
1099	0	35204	34112	36080	
1100	0	35228	33945	35900	
1101	0	35268	33784	35972	
1102	0	35304	33652	36049	
1103	0	35336	33404	36088	
1104	0	35372	33152	36276	
1105	0	35404	32962	36612	
1106	0	35430	32773	36973	
1107	0	35464	32672	37288	
1108	0	35488	32404	37472	
1109	0	35512	32168	37648	
1110	0	35540	31952	37944	
1111	0	35564	31900	38508	
1112	0	35588	31920	39196	
1113	0	35604	31920	40040	
1114	0	35628	31872	40872	
1115	0	35648	31652	41740	
1116	0	35668	31288	42336	
1117	0	35684	30860	43104	
1118	0	35704	30408	43476	
1119	0	35712	30028	43812	
1120	0	35732	29496	44304	
1121	0	35732	29152	44621	
1122	0	35744	28745	44812	
1123	0	35756	28225	44972	
1124	0	35769	27588	45148	
1125	0	35776	27000	45552	
1126	0	35780	26512	46181	
1127	0	35788	26113	46668	
1128	0	35792	25804	47204	
1129	0	35796	25504	47424	
1130	0	35796	25292	47632	
1131	0	35800	24972	47904	
1132	0	35804	24529	47760	
1133	0	35792	24056	47152	
1134	0	35800	23684	45548	
1135	0	35804	23878	43096	
1136	0	35804	23457	41956	
1137	0	35800	22844	42104	
1138	0	35796	22468	42688	
1139	0	35800	22413	43384	
1140	0	35796	22052	44072	
1141	0	35792	21408	44244	
1142	0	35781	19880	43724	
1143	0	35788	17716	42984	
1144	0	35777	15588	41264	
1145	0	35776	14650	39188	
1146	0	35772	14562	36576	
1147	0	35764	14724	34624	
1148	0	35768	15330	33316	
1149	0	35760	15932	33088	
1150	0	35760	16698	34024	
1151	0	35752	17633	35764	
1152	0	35748	27356	50160	
1153	0	35752	24276	55224	
1154	0	35744	38044	36142	
1155	0	35760	37792	23269	
1156	0	35745	42220	43849	
1157	0	35748	46048	37184	
1158	0	35756	39736	35504	
1159	0	35752	35936	36996	
1160	0	35760	33044	35328	
1161	0	35761	29664	36936	
1162	0	35768	28016	42572	
1163	0	35780	26881	46041	
1164	0	35784	26560	46264	
1165	0	35792	27652	44664	
1166	0	35812	29076	42092	
1167	0	35820	29620	41209	
1168	0	35836	30148	41220	
1169	0	35849	30308	41444	
1170	0	35860	30794	40580	
1171	0	35877	30928	40952	
1172	0	35900	31352	40892	
1173	0	35914	31010	40944	
1174	0	35940	30589	40316	
1175	0	35960	28694	39844	
1176	0	35980	26660	38752	
1177	0	36004	25528	37260	
1178	0	36032	27264	37168	
1179	0	36056	31968	38464	
1180	0	36090	33404	39116	
1181	0	36108	32088	38132	
1182	0	36132	30836	37436	
1183	0	36164	31340	38041	
1184	0	36196	31952	38556	
1185	0	36228	32184	38372	
1186	0	36256	32212	38164	
1187	0	36292	32265	38212	
1188	0	36324	32404	38360	
1189	0	36352	32348	38316	
1190	0	36388	32352	38248	
1191	0	36417	32388	38240	
1192	0	36448	32396	38260	
1193	0	36492	32348	38260	
1194	0	36520	32361	38312	
1195	0	36552	32364	38266	
1196	0	36588	32364	38256	
1197	0	36612	32324	38256	
1198	0	36652	32262	38208	
1199	0	36684	32316	38296	
1200	0	36716	32265	38292	
1201	0	36752	32368	38212	
1202	0	36780	32404	38244	
1203	0	36813	32364	38240	
1204	0	36840	32368	38224	
1205	0	36880	32356	38220	
1206	0	36905	32300	38280	
1207	0	36936	32346	38260	
1208	0	36972	32281	38273	
1209	0	36996	32216	38248	
1210	0	37024	32244	38228	
1211	0	37052	32280	38240	
1212	0	37080	32216	38208	
1213	0	37104	32288	38268	
1214	0	37136	32252	38196	
1215	0	37157	32352	38208	
1216	0	37188	32340	38128	
1217	0	37212	32348	38076	
1218	0	37236	32276	38088	
1219	0	37252	32236	38040	
1220	0	37272	32396	38160	
1221	0	37298	32284	38125	
1222	0	37324	31980	38040	
1223	0	37332	32421	38160	
1224	0	37352	32436	38172	
1225	0	37376	32064	38096	
1226	0	37392	32640	38328	
1227	0	37404	32304	38232	
1228	0	37420	32384	38240	
1229	0	37432	31952	38208	
1230	0	37444	32310	38360	
1231	0	37460	32184	38288	
1232	0	37469	32284	38356	
1233	0	37476	31936	38188	
1234	0	37473	31912	38148	
1235	0	37496	31808	38016	
1236	0	37504	32544	38181	
1237	0	37512	32548	38240	
1238	0	37508	32524	38244	
1239	0	37516	32650	38336	
1240	0	37512	32929	38624	
1241	0	37520	32864	38664	
1242	0	37524	32768	38524	
1243	0	37519	32884	38676	
1244	0	37524	32812	38616	
1245	0	37524	32692	38552	
1246	0	37516	32570	38548	
1247	0	37524	32445	38548	
1248	0	37516	32364	38676	
1249	0	37512	32324	39008	
1250	0	37505	32308	39236	
1251	0	37508	32148	39584	
1252	0	37506	32020	39356	
1253	0	37492	32084	39232	
1254	0	37480	31968	38920	
1255	0	37476	31986	38920	
1256	0	37472	31896	38872	
1257	0	37468	31752	38548	
1258	0	37456	32064	39344	
1259	0	37448	32400	39904	
1260	0	37449	32248	39824	
1261	0	37440	32192	39732	
1262	0	37428	32304	40332	
1263	0	37425	32460	40328	
1264	0	37416	32228	40488	
1265	0	37420	32028	40424	
1266	0	37408	31720	39972	
1267	0	37408	31588	40372	
1268	0	37396	31673	40768	
1269	0	37392	31408	40636	
1270	0	37384	31480	40484	
1271	0	37384	31636	40472	
1272	0	37372	31456	40392	
1273	0	37368	31584	40492	
1274	0	37364	31872	40708	
1275	0	37368	31672	40568	
1276	0	37362	31592	40300	
1277	0	37352	31588	40712	
1278	0	37364	31800	41076	
1279	0	37352	32096	41572	
1280	0	37344	32192	41848	
1281	0	37356	32193	42168	
1282	0	37348	32240	42589	
1283	0	37352	32016	42448	
1284	0	37348	31824	42532	
1285	0	37344	31868	41804	
1286	0	37352	31684	42088	
1287	0	37344	31766	42872	
1288	0	37356	31872	43232	
1289	0	37352	31521	43952	
1290	0	37352	31364	44808	
1291	0	37356	30752	45581	
1292	0	37364	29964	44700	
1293	0	37364	29184	44836	
1294	0	37372	29201	47232	
1295	0	37372	29148	49996	
1296	0	37376	29449	47832	
1297	0	37376	30236	46340	
1298	0	37384	30998	45181	
1299	0	37376	31332	46740	
1300	0	37381	31752	49440	
1301	0	37392	31656	50292	
1302	0	37392	31936	50592	
1303	0	37388	32668	50052	
1304	0	37385	33932	50368	
1305	0	37400	35520	50444	
1306	0	37400	35984	49040	
1307	0	37396	31832	45476	
1308	0	37392	29965	42196	
1309	0	37400	32916	41540	
1310	0	37389	30504	41000	
1311	0	37388	28800	40644	
1312	0	37392	30598	41056	
1313	0	37380	35548	34084	
1314	0	37384	36720	32904	
1315	0	37376	35597	33176	
1316	0	37364	35404	35572	
1317	0	37356	35384	36704	
1318	0	37357	35444	36456	
1319	0	37324	35740	36168	
1320	0	37337	35854	35912	
1321	0	37332	35760	35624	
1322	0	37312	35424	35080	
1323	0	37304	35156	34984	
1324	0	37288	34944	34912	
1325	0	37276	34728	34904	
1326	0	37252	34580	35168	
1327	0	37244	34344	35036	
1328	0	37224	34156	34860	
1329	0	37208	34113	35060	
1330	0	37188	34004	34828	
1331	0	37164	33988	34780	
1332	0	37152	34120	34864	
1333	0	37124	34165	35088	
1334	0	37096	34316	35264	
1335	0	37076	34616	35624	
1336	0	37056	34668	35564	
1337	0	37018	34832	35952	
1338	0	36996	34924	36140	
1339	0	36972	34844	36200	
1340	0	36932	34784	36444	
1341	0	36905	34745	36792	
1342	0	36872	34644	37116	
1343	0	36836	34528	37452	
1344	0	36800	34364	37920	
1345	0	36768	34172	38241	
1346	0	36732	33872	38472	
1347	0	36693	33673	38984	
1348	0	36656	33324	39328	
1349	0	36612	32904	39672	
1350	0	36560	32520	40028	
1351	0	36516	32228	40608	
1352	0	36480	32048	41360	
1353	0	36436	32056	42232	
1354	0	36384	32036	43096	
1355	0	36348	31969	43996	
1356	0	36296	31568	44676	
1357	0	36240	31188	45136	
1358	0	36192	30696	45684	
1359	0	36133	30248	46232	
1360	0	36088	29656	46632	
1361	0	36032	28984	46964	
1362	0	35980	28272	47276	
1363	0	35924	27526	47536	
1364	0	35868	26840	47736	
1365	0	35808	26144	48044	
1366	0	35744	25576	48212	
1367	0	35692	24976	48056	
1368	0	35628	24632	47632	
1369	0	35568	24512	47136	
1370	0	35512	24648	46592	
1371	0	35456	24804	46068	
1372	0	35384	24772	45812	
1373	0	35324	24161	45584	
1374	0	35256	23025	45920	
1375	0	35200	22005	45776	
1376	0	35132	20905	44913	
1377	0	35068	19901	43156	
1378	0	35008	18779	40844	
1379	0	34944	17621	38840	
1380	0	34880	16545	37264	
1381	0	34816	15984	36140	
1382	0	34756	16146	35132	
1383	0	34692	16292	34248	
1384	0	34640	16920	33908	
1385	0	34573	17532	34308	
1386	0	34512	18306	35152	
1387	0	34456	19124	36332	
1388	0	34396	19844	37152	
1389	0	34332	20512	37836	
1390	0	34284	21113	38192	
1391	0	34222	26780	43232	
1392	0	34168	20580	55264	
1393	0	34116	29657	38952	
1394	0	34064	35193	23848	
1395	0	34016	40608	41680	
1396	0	33956	44308	42493	
1397	0	33908	40848	38520	
1398	0	33864	35956	37976	
1399	0	33820	34944	37312	
1400	0	33773	32832	37780	
1401	0	33728	29680	41492	
1402	0	33688	28000	44408	
1403	0	33644	27052	45312	
1404	0	33604	26976	43504	
1405	0	33565	28023	41440	
1406	0	33524	27645	39976	
1407	0	33496	28260	39936	
1408	0	33448	28800	40576	
1409	0	33420	29712	40700	
1410	0	33384	30548	40608	
1411	0	33352	31312	40384	
1412	0	33324	31332	40304	
1413	0	33292	30412	39732	
1414	0	33264	28852	39284	
1415	0	33234	28232	38444	
1416	0	33208	27076	37508	
1417	0	33184	28370	37768	
1418	0	33152	31484	38728	
1419	0	33132	32844	39212	
1420	0	33108	32296	38264	
1421	0	33084	31024	37648	
1422	0	33069	31800	37992	
1423	0	33040	32201	38668	
1424	0	33010	32280	38556	
1425	0	32992	32348	38150	
1426	0	32960	32329	38116	
1427	0	32944	32344	38184	
1428	0	32920	32324	38024	
1429	0	32892	32460	38268	
1430	0	32877	32552	38196	
1431	0	32848	32552	38272	
1432	0	32824	32544	38308	
1433	0	32792	32532	38328	
1434	0	32772	32568	38292	
1435	0	32748	32596	38200	
1436	0	32724	32632	38140	
1437	0	32696	32676	37968	
1438	0	32668	33004	37688	
1439	0	32644	32825	38044	
1440	0	32608	32440	38464	
1441	0	32584	32444	38492	
1442	0	32544	32281	38533	
1443	0	32508	32172	38596	
1444	0	32468	32112	38544	
1445	0	32432	32152	38512	
1446	0	32396	32180	38496	
1447	0	32360	32212	38441	
1448	0	32317	32186	38452	
1449	0	32272	32240	38432	
1450	0	32228	32256	38468	
1451	0	32188	32280	38416	
1452	0	32128	32272	38348	
1453	0	32088	32256	38304	
1454	0	32024	32276	38304	
1455	0	31973	32304	38310	
1456	0	31916	32304	38312	
1457	0	31864	32280	38356	
1458	0	31796	32220	38293	
1459	0	31737	32252	38252	
1460	0	31672	32224	38176	
1461	0	31608	32216	38200	
1462	0	31544	32284	38284	
1463	0	31472	32309	38368	
1464	0	31396	32236	38292	
1465	0	31324	32192	38352	
1466	0	31252	32188	38348	
1467	0	31176	32168	38356	
1468	0	31096	32108	38212	
1469	0	31016	32092	38232	
1470	0	30936	32249	38264	
1471	0	30844	32328	38308	
1472	0	30760	32204	38172	
1473	0	30672	32228	38176	
1474	0	30590	32408	38388	
1475	0	30504	32536	38564	
1476	0	30400	32652	38696	
1477	0	30320	32588	38696	
1478	0	30220	32536	38736	
1479	0	30126	32337	38604	
1480	0	30037	32336	38684	
1481	0	29944	32330	38688	
1482	0	29845	32252	38872	
1483	0	29741	32228	38920	
1484	0	29644	32148	38856	
1485	0	29552	32180	38897	
1486	0	29448	32224	39057	
1487	0	29352	32148	39105	
1488	0	29256	32040	39132	
1489	0	29152	32212	39128	
1490	0	29056	32318	39236	
1491	0	28960	32268	39216	
1492	0	28856	32314	39108	
1493	0	28752	32312	39064	
1494	0	28652	32420	39684	
1495	0	28556	32440	39540	
1496	0	28464	32320	39236	
1497	0	28357	32125	39312	
1498	0	28264	31992	39284	
1499	0	28168	31876	39044	
1500	0	28068	31922	39312	
1501	0	27976	32045	39636	
1502	0	27884	32144	39984	
1503	0	27792	32128	40060	
1504	0	27700	31928	39940	
1505	0	27606	31808	39952	
1506	0	27512	31676	39944	
1507	0	27424	31868	39948	
1508	0	27340	31996	40396	
1509	0	27256	31948	40577	
1510	0	27173	31828	40488	
1511	0	27080	31632	40812	
1512	0	27004	31536	41060	
1513	0	26924	31596	41248	
1514	0	26848	31664	41160	
1515	0	26769	31740	41416	
1516	0	26688	31984	41716	
1517	0	26624	32126	41692	
1518	0	26540	32084	42225	
1519	0	26478	31794	42272	
1520	0	26400	31784	42280	
1521	0	26336	31700	42548	
1522	0	26268	31658	42556	
1523	0	26198	31692	42592	
1524	0	26144	31636	42592	
1525	0	26080	31472	42940	
1526	0	26016	31716	43456	
1527	0	25966	31343	43184	
1528	0	25916	30416	44160	
1529	0	25852	30040	44940	
1530	0	25800	30084	44604	
1531	0	25752	29065	45704	
1532	0	25700	29112	48648	
1533	0	25644	28544	50544	
1534	0	25610	29628	49028	
1535	0	25572	31992	46240	
1536	0	25523	32596	46649	
1537	0	25480	31968	48608	
1538	0	25432	31508	50024	
1539	0	25392	30572	50888	
1540	0	25364	30608	51524	
1541	0	25333	32111	51932	
1542	0	25296	34044	52560	
1543	0	25264	36332	52712	
1544	0	25240	37792	51152	
1545	0	25212	30528	45920	
1546	0	25178	28728	41968	
1547	0	25157	33112	40072	
1548	0	25136	30109	40184	
1549	0	25108	29167	38097	
1550	0	25096	34400	35984	
1551	0	25065	37392	32480	
1552	0	25052	36076	32544	
1553	0	25032	35640	36384	
1554	0	25016	35640	38204	
1555	0	24992	35400	37593	
1556	0	24992	35828	37516	
1557	0	24972	36013	37112	
1558	0	24960	35628	36348	
1559	0	24952	35392	35844	
1560	0	24948	34956	35360	
1561	0	24938	34589	34972	
1562	0	24933	34396	34784	
1563	0	24917	34144	34632	
1564	0	24912	34041	34644	
1565	0	24912	33893	34664	
1566	0	24904	33745	34608	
1567	0	24896	33740	34688	
1568	0	24902	33764	34840	
1569	0	24892	33876	35144	
1570	0	24889	34041	35476	
1571	0	24892	34272	35836	
1572	0	24888	34520	36256	
1573	0	24884	34653	36576	
1574	0	24892	34756	36816	
1575	0	24896	34876	37228	
1576	0	24892	34700	37152	
1577	0	24892	34664	37336	
1578	0	24896	34504	37452	
1579	0	24896	34452	37704	
1580	0	24898	34364	38040	
1581	0	24900	34168	38336	
1582	0	24897	34068	38768	
1583	0	24904	34000	38992	
1584	0	24904	33881	39508	
1585	0	24908	33660	39772	
1586	0	24906	33504	40156	
1587	0	24912	33248	40596	
1588	0	24920	32956	41544	
1589	0	24924	32557	42381	
1590	0	24924	32158	43320	
1591	0	24930	31784	44384	
1592	0	24922	31320	45440	
1593	0	24936	30465	46380	
1594	0	24936	29432	47192	
1595	0	24932	28134	47644	
1596	0	24952	26984	47900	
1597	0	24941	26188	48152	
1598	0	24952	25660	48540	
1599	0	24956	25308	48912	
1600	0	24956	25224	49090	
1601	0	24960	25160	48996	
1602	0	24960	25080	48388	
1603	0	24960	25020	48400	
1604	0	24976	24612	48420	
1605	0	24972	24189	48960	
1606	0	24976	23620	49472	
1607	0	24988	22856	49360	
1608	0	24984	22148	48776	
1609	0	24988	21536	47784	
1610	0	24992	20473	46816	
1611	0	25000	18472	46068	
1612	0	25000	14896	44560	
1613	0	25012	13155	41084	
1614	0	25012	11618	36636	
1615	0	25024	11925	32580	
1616	0	25032	12256	30192	
1617	0	25036	12576	30796	
1618	0	25048	13082	33292	
1619	0	25052	14136	36308	
1620	0	25064	15670	38344	
1621	0	25076	17352	38924	
1622	0	25084	18934	38768	
1623	0	25104	20292	38508	
1624	0	25108	21432	38529	
1625	0	25124	22344	38877	
1626	0	25136	23216	39496	
1627	0	25152	24188	40368	
1628	0	25168	25320	41104	
1629	0	25196	26508	41300	
1630	0	25212	29408	42456	
1631	0	25236	40508	54708	
1632	0	25258	49444	48836	
1633	0	25280	43572	30733	
1634	0	25312	42488	37952	
1635	0	25336	42040	35832	
1636	0	25360	40464	32292	
1637	0	25397	38916	32276	
1638	0	25436	40448	33576	
1639	0	25466	38132	36860	
1640	0	25505	31260	40060	
1641	0	25544	25144	43472	
1642	0	25588	21596	46064	
1643	0	25632	22900	45712	
1644	0	25676	25936	42972	
1645	0	25720	28452	39316	
1646	0	25770	27824	38720	
1647	0	25820	28352	40496	
1648	0	25877	29192	41160	
1649	0	25928	30632	41236	
1650	0	25984	30824	41200	
1651	0	26041	30068	40740	
1652	0	26103	29373	39549	
1653	0	26164	29016	38168	
1654	0	26221	28424	36936	
1655	0	26292	29896	37184	
1656	0	26356	31792	38640	
1657	0	26424	31988	39428	
1658	0	26497	30800	38752	
1659	0	26560	31128	38104	
1660	0	26636	31928	38188	
1661	0	26708	32416	38552	
1662	0	26780	32560	38432	
1663	0	26856	32488	38344	
1664	0	26924	32452	38352	
1665	0	26996	32428	38396	
1666	0	27073	32320	38413	
1667	0	27152	32320	38268	
1668	0	27208	32364	38280	
1669	0	27305	32400	38452	
1670	0	27384	32444	38440	
1671	0	27460	32480	38356	
1672	0	27540	32528	38304	
1673	0	27610	32525	38276	
1674	0	27692	32537	38284	
1675	0	27777	32512	38256	
1676	0	27842	32480	38264	
1677	0	27916	32508	38264	
1678	0	27996	32508	38260	
1679	0	28072	32512	38296	
1680	0	28148	32496	38288	
1681	0	28224	32508	38288	
1682	0	28298	32522	38308	
1683	0	28372	32560	38332	
1684	0	28448	32544	38360	
1685	0	28524	32524	38348	
1686	0	28596	32532	38328	
1687	0	28664	32520	38312	
1688	0	28736	32460	38328	
1689	0	28804	32512	38292	
1690	0	28880	32452	38360	
1691	0	28956	32729	38004	
1692	0	29024	32456	38296	
1693	0	29092	32442	38292	
1694	0	29154	32632	38116	
1695	0	29228	32696	38112	
1696	0	29292	32605	38216	
1697	0	29360	32420	38264	
1698	0	29424	32337	38313	
1699	0	29492	32452	38000	
1700	0	29553	32364	38272	
1701	0	29616	32432	38180	
1702	0	29688	32308	38340	
1703	0	29752	32228	38248	
1704	0	29812	32200	38069	
1705	0	29872	32212	38136	
1706	0	29932	32148	38216	
1707	0	29996	32136	38272	
1708	0	30052	32064	38572	
1709	0	30112	32208	38648	
1710	0	30176	32356	38805	
1711	0	30236	32416	38828	
1712	0	30300	32496	38888	
1713	0	30348	32612	38880	
1714	0	30412	32640	38808	
1715	0	30464	32617	38840	
1716	0	30516	32564	38984	
1717	0	30568	32520	39048	
1718	0	30628	32384	38849	
1719	0	30684	32276	38868	
1720	0	30748	32312	38856	
1721	0	30792	32388	38884	
1722	0	30844	32416	39017	
1723	0	30904	32416	39008	
1724	0	30948	32417	39041	
1725	0	31008	32372	39004	
1726	0	31056	32466	39004	
1727	0	31114	32548	39068	
1728	0	31160	32448	39044	
1729	0	31216	32332	39052	
1730	0	31256	32292	39092	
1731	0	31320	32260	39200	
1732	0	31372	32280	39340	
1733	0	31420	32300	39492	
1734	0	31468	32176	39636	
1735	0	31520	31946	39632	
1736	0	31572	31828	39404	
1737	0	31632	31825	39464	
1738	0	31672	32016	39924	
1739	0	31728	31904	40208	
1740	0	31776	31857	40084	
1741	0	31836	32084	40424	
1742	0	31884	32152	40692	
1743	0	31940	31936	40680	
1744	0	32000	31744	40812	
1745	0	32048	31656	40720	
1746	0	32112	31726	40949	
1747	0	32161	31868	41152	
1748	0	32210	31700	41380	
1749	0	32272	31688	41380	
1750	0	32332	31881	41697	
1751	0	32392	32068	42364	
1752	0	32444	32440	42692	
1753	0	32512	32412	43328	
1754	0	32584	32736	43816	
1755	0	32644	32496	43728	
1756	0	32704	32792	43157	
1757	0	32776	32472	42880	
1758	0	32833	31984	42980	
1759	0	32916	31644	43788	
1760	0	32988	30832	44144	
1761	0	33060	31108	45697	
1762	0	33136	31024	46344	
1763	0	33205	29792	47276	
1764	0	33284	29760	48164	
1765	0	33364	29288	46572	
1766	0	33440	28029	45752	
1767	0	33516	29154	48200	
1768	0	33600	30144	47796	
1769	0	33684	30124	47436	
1770	0	33764	30348	48508	
1771	0	33848	30180	49928	
1772	0	33928	29829	51072	
1773	0	34012	30284	51712	
1774	0	34104	31396	52332	
1775	0	34184	33352	52620	
1776	0	34272	34944	51720	
1777	0	34360	32220	48864	
1778	0	34448	26361	44896	
1779	0	34540	31306	42794	
1780	0	34625	31680	41836	
1781	0	34716	31572	44588	
1782	0	34800	30353	42560	
1783	0	34888	33448	40264	
1784	0	34976	36436	34412	
1785	0	35072	36832	33824	
1786	0	35156	36156	34576	
1787	0	35240	36112	35460	
1788	0	35328	36160	35796	
1789	0	35416	36132	35372	
1790	0	35496	36397	35481	
1791	0	35584	36528	35468	
1792	0	35673	36304	35140	
1793	0	35756	36048	35180	
1794	0	35832	35720	35301	
1795	0	35916	35424	35372	
1796	0	36000	35180	35512	
1797	0	36080	34948	35624	
1798	0	36160	34688	35544	
1799	0	36244	34580	35596	
1800	0	36320	34106	34501	
1801	0	36392	34288	35288	
1802	0	36468	34260	35228	
1803	0	36544	34332	35224	
1804	0	36624	34460	35568	
1805	0	36696	34657	36156	
1806	0	36760	34824	36372	
1807	0	36840	34977	36889	
1808	0	36900	35028	37072	
1809	0	36972	34908	37192	
1810	0	37029	34808	37624	
1811	0	37096	34529	37604	
1812	0	37168	34296	37877	
1813	0	37229	34084	38049	
1814	0	37296	33732	38192	
1815	0	37349	33428	38536	
1816	0	37405	33024	38740	
1817	0	37472	32756	39156	
1818	0	37524	32512	39604	
1819	0	37572	32220	40056	
1820	0	37628	31936	40536	
1821	0	37680	31740	41120	
1822	0	37732	31540	41924	
1823	0	37780	31432	42788	
1824	0	37832	31448	43720	
1825	0	37880	31421	44632	
1826	0	37916	31189	45496	
1827	0	37964	30906	46172	
1828	0	38000	30264	46852	
1829	0	38040	29520	47688	
1830	0	38089	28648	48720	
1831	0	38120	27717	49665	
1832	0	38160	26773	50456	
1833	0	38192	25926	51108	
1834	0	38224	25160	51456	
1835	0	38260	24502	51448	
1836	0	38288	23984	50848	
1837	0	38316	23452	49952	
1838	0	38348	22948	49276	
1839	0	38376	22725	48880	
1840	0	38400	22984	48384	
1841	0	38420	23213	46568	
1842	0	38444	22920	43072	
1843	0	38464	21740	41792	
1844	0	38484	19846	42384	
1845	0	38500	18054	43648	
1846	0	38520	16589	44364	
1847	0	38536	14660	43520	
1848	0	38560	12378	40680	
1849	0	38572	11516	37016	
1850	0	38584	11601	34604	
1851	0	38600	12458	33636	
1852	0	38608	13376	33748	
1853	0	38620	14144	34640	
1854	0	38632	15268	35822	
1855	0	38648	16476	36480	
1856	0	38648	17456	36640	
1857	0	38660	18428	36692	
1858	0	38664	19287	36468	
1859	0	38676	20168	37280	
1860	0	38664	23440	39848	
1861	0	38684	35212	55080	
1862	0	38688	37032	48736	
1863	0	38692	41340	26828	
1864	0	38692	41048	39124	
1865	0	38700	42784	38790	
1866	0	38704	40772	34112	
1867	0	38713	37040	34168	
1868	0	38712	37348	36140	
1869	0	38720	34349	38956	
1870	0	38720	30350	43286	
1871	0	38728	27018	45816	
1872	0	38725	25712	46076	
1873	0	38728	26765	43512	
1874	0	38732	28158	40292	
1875	0	38732	28324	38704	
1876	0	38740	27698	40356	
1877	0	38737	28116	41036	
1878	0	38752	29481	40664	
1879	0	38748	30268	40224	
1880	0	38748	30228	40912	
1881	0	38737	29900	41024	
1882	0	38748	29580	39904	
1883	0	38752	28560	38208	
1884	0	38748	28132	37292	
1885	0	38744	29937	37564	
1886	0	38740	31564	38812	
1887	0	38732	31860	39136	
1888	0	38736	30560	38261	
1889	0	38740	31048	37912	
1890	0	38732	31544	38297	
1891	0	38728	31932	38488	
1892	0	38720	31992	38264	
1893	0	38712	32064	38184	
1894	0	38700	32224	38282	
1895	0	38692	32308	38288	
1896	0	38685	32232	38260	
1897	0	38676	32224	38240	
1898	0	38660	32248	38240	
1899	0	38648	32269	38252	
1900	0	38628	32284	38280	
1901	0	38612	32288	38300	
1902	0	38596	32293	38336	
1903	0	38572	32296	38310	
1904	0	38560	32284	38256	
1905	0	38540	32285	38188	
1906	0	38512	32304	38212	
1907	0	38492	32244	38260	
1908	0	38464	32260	38232	
1909	0	38452	32260	38236	
1910	0	38424	32240	38192	
1911	0	38392	32236	38236	
1912	0	38360	32276	38212	
1913	0	38328	32240	38248	
1914	0	38292	32210	38220	
1915	0	38256	32192	38280	
1916	0	38228	32292	38296	
1917	0	38192	32300	38316	
1918	0	38156	32340	38280	
1919	0	38112	32272	38169	
1920	0	38080	32344	38248	
1921	0	38036	32372	38324	
1922	0	38000	32346	38328	
1923	0	37952	32312	38180	
1924	0	37916	32258	38229	
1925	0	37868	32312	38204	
1926	0	37824	32332	38320	
1927	0	37776	32316	38296	
1928	0	37724	32260	38216	
1929	0	37682	32300	38236	
1930	0	37632	32320	38209	
1931	0	37582	32364	38364	
1932	0	37536	32373	38344	
1933	0	37484	32324	38384	
1934	0	37432	32312	38316	
1935	0	37380	32280	38356	
1936	0	37324	32240	38276	
1937	0	37272	32204	38244	
1938	0	37216	32224	38300	
1939	0	37160	32208	38297	
1940	0	37100	32056	38200	
1941	0	37044	32024	38240	
1942	0	36984	31968	38272	
1943	0	36924	31972	38281	
1944	0	36868	32060	38276	
1945	0	36800	32453	38400	
1946	0	36744	32568	38408	
1947	0	36676	32424	38356	
1948	0	36624	32440	38416	
1949	0	36552	32648	38488	
1950	0	36480	32644	38420	
1951	0	36428	32633	38432	
1952	0	36364	32588	38532	
1953	0	36296	32576	38648	
1954	0	36224	32465	38796	
1955	0	36160	32672	39108	
1956	0	36092	32588	39253	
1957	0	36032	32540	39092	
1958	0	35964	32464	39112	
1959	0	35884	32412	39052	
1960	0	35816	32456	38940	
1961	0	35749	32404	38900	
1962	0	35684	32404	38964	
1963	0	35612	32400	38954	
1964	0	35540	32292	38752	
1965	0	35476	32212	38688	
1966	0	35400	32376	38976	
1967	0	35336	32372	39128	
1968	0	35266	32554	39504	
1969	0	35192	32572	40004	
1970	0	35128	32520	40064	
1971	0	35056	32456	40080	
1972	0	34988	32336	39924	
1973	0	34932	32238	39992	
1974	0	34860	32304	40552	
1975	0	34792	32256	41080	
1976	0	34728	31900	40840	
1977	0	34664	31713	40980	
1978	0	34596	31468	41168	
1979	0	34540	31784	41360	
1980	0	34480	32060	41596	
1981	0	34413	32340	41805	
1982	0	34356	32400	42008	
1983	0	34292	32864	42040	
1984	0	34232	32380	42504	
1985	0	34176	32024	42448	
1986	0	34120	32237	42240	
1987	0	34064	32678	42316	
1988	0	34004	32841	42992	
1989	0	33956	33144	43024	
1990	0	33904	33144	42696	
1991	0	33856	32820	42884	
1992	0	33800	32836	42908	
1993	0	33748	32740	42400	
1994	0	33700	32456	43304	
1995	0	33660	31620	44908	
1996	0	33608	32016	46268	
1997	0	33572	31833	46256	
1998	0	33520	31020	46552	
1999	0	33472	29600	46836	
2000	0	33432	28840	48736	
2001	0	33385	30332	49665	
2002	0	33356	29548	48304	
2003	0	33316	29660	46956	
2004	0	33268	30616	46132	
2005	0	33240	31636	46592	
2006	0	33200	32648	48864	
2007	0	33164	32640	50548	
2008	0	33124	31860	51156	
2009	0	33096	31937	51228	
2010	0	33060	33433	51628	
2011	0	33028	35648	51836	
2012	0	33000	36964	50456	
2013	0	32969	33624	45514	
2014	0	32940	29845	40272	
2015	0	32908	32944	39060	
2016	0	32872	30024	38804	
2017	0	32852	28264	41186	
2018	0	32824	35656	34820	
2019	0	32796	38988	31029	
2020	0	32776	38760	34856	
2021	0	32740	38004	38713	
2022	0	32716	37612	40813	
2023	0	32692	37544	41576	
2024	0	32669	37533	41360	
2025	0	32648	37092	39920	
2026	0	32620	36520	38260	
2027	0	32608	35748	36620	
2028	0	32572	34920	35212	
2029	0	32552	34432	34152	
2030	0	32530	34272	33524	
2031	0	32505	34121	32932	
2032	0	32484	34308	33376	
2033	0	32472	34037	33077	
2034	0	32448	34016	33324	
2035	0	32428	33956	33484	
2036	0	32404	33984	33876	
2037	0	32384	34092	34393	
2038	0	32364	34206	35016	
2039	0	32340	34405	35704	
2040	0	32324	34676	36452	
2041	0	32300	34864	36972	
2042	0	32281	34969	37332	
2043	0	32256	34980	37492	
2044	0	32244	34988	37716	
2045	0	32216	34872	37888	
2046	0	32196	34776	38020	
2047	0	32184	34776	38016	
2048	0	32156	34656	38088	
2049	0	32136	34616	38252	
2050	0	32112	34580	38564	
2051	0	32096	34461	38938	
2052	0	32068	34300	39440	
2053	0	32012	34176	40280	
2054	0	32024	33832	40836	
2055	0	32000	33516	41488	
2056	0	31972	33180	41944	
2057	0	31952	32652	42628	
2058	0	31932	31962	43593	
2059	0	31896	31096	44656	
2060	0	31868	30194	45740	
2061	0	31844	29248	46820	
2062	0	31812	28244	47572	
2063	0	31788	27400	48192	
2064	0	31762	26604	48824	
2065	0	31732	26064	49524	
2066	0	31700	25640	50120	
2067	0	31664	25333	50732	
2068	0	31636	25004	51220	
2069	0	31600	24586	50848	
2070	0	31568	24281	50416	
2071	0	31536	23757	49296	
2072	0	31504	23328	47920	
2073	0	31465	23153	46592	
2074	0	31428	23152	45372	
2075	0	31408	23334	44288	
2076	0	31364	23228	43240	
2077	0	31322	22074	42944	
2078	0	31284	20465	43612	
2079	0	31252	18708	44316	
2080	0	31208	16738	43872	
2081	0	31172	15266	42172	
2082	0	31128	14434	39449	
2083	0	31093	14352	36808	
2084	0	31056	14637	34788	
2085	0	31016	15012	33880	
2086	0	30965	15398	34008	
2087	0	30936	16061	34876	
2088	0	30897	16968	35820	
2089	0	30852	18042	36600	
2090	0	30808	19124	37097	
2091	0	30772	20124	37496	
2092	0	30736	21037	37624	
2093	0	30692	21834	37808	
2094	0	30656	22585	37924	
2095	0	30617	23325	38140	
2096	0	30580	29352	45264	
2097	0	30544	39736	55048	
2098	0	30500	47840	45088	
2099	0	30476	38436	26885	
2100	0	30436	42752	39440	
2101	0	30400	44628	33720	
2102	0	30368	41568	30460	
2103	0	30332	38708	31944	
2104	0	30300	38744	34392	
2105	0	30272	34044	38100	
2106	0	30241	28240	42116	
2107	0	30216	24524	44456	
2108	0	30182	22400	45120	
2109	0	30160	24473	44092	
2110	0	30125	26840	42546	
2111	0	30096	28768	41300	
2112	0	30084	28100	40896	
2113	0	30052	27580	41300	
2114	0	30028	27516	40356	
2115	0	30008	27104	40136	
2116	0	29985	26196	40196	
2117	0	29960	26324	39348	
2118	0	29948	28340	38300	
2119	0	29920	31440	38168	
2120	0	29896	32244	38260	
2121	0	29889	31716	38016	
2122	0	29872	30768	38100	
2123	0	29849	30553	38592	
2124	0	29832	31084	38796	
2125	0	29821	31660	38548	
2126	0	29796	31980	38284	
2127	0	29780	32252	38344	
2128	0	29768	32444	38316	
2129	0	29753	32516	38280	
2130	0	29740	32480	38240	
2131	0	29720	32488	38260	
2132	0	29708	32486	38272	
2133	0	29692	32494	38294	
2134	0	29676	32512	38372	
2135	0	29653	32544	38393	
2136	0	29653	32544	38396	
2137	0	29628	32620	38300	
2138	0	29612	32644	38272	
2139	0	29604	32612	38216	
2140	0	29582	32620	38252	
2141	0	29573	32600	38260	
2142	0	29552	32612	38320	
2143	0	29532	32608	38284	
2144	0	29512	32592	38300	
2145	0	29504	32576	38268	
2146	0	29488	32544	38324	
2147	0	29472	32242	38464	
2148	0	29444	32465	38440	
2149	0	29432	32564	38360	
2150	0	29400	32537	38273	
2151	0	29376	32460	38420	
2152	0	29360	32612	38265	
2153	0	29344	32436	38372	
2154	0	29316	32528	38208	
2155	0	29288	32417	38292	
2156	0	29269	32348	38356	
2157	0	29248	32552	38048	
2158	0	29221	32464	38196	
2159	0	29192	32508	38212	
2160	0	29172	32448	38316	
2161	0	29141	32440	38324	
2162	0	29104	32456	38224	
2163	0	29076	32585	38136	
2164	0	29044	32432	38380	
2165	0	29024	32521	38240	
2166	0	28988	32404	38420	
2167	0	28956	32380	38400	
2168	0	28920	32380	38388	
2169	0	28892	32408	38368	
2170	0	28853	32420	38336	
2171	0	28812	32420	38416	
2172	0	28780	32386	38456	
2173	0	28744	32430	38400	
2174	0	28704	32328	38496	
2175	0	28668	32348	38348	
2176	0	28628	32328	38324	
2177	0	28589	32197	38316	
2178	0	28544	32096	38372	
2179	0	28509	32052	38464	
2180	0	28460	32124	38610	
2181	0	28416	32112	38660	
2182	0	28376	32196	38604	
2183	0	28328	32244	38448	
2184	0	28284	32068	38224	
2185	0	28236	32236	38484	
2186	0	28190	32288	38556	
2187	0	28148	32441	38640	
2188	0	28104	32488	38752	
2189	0	28064	32520	38864	
2190	0	28012	32496	38808	
2191	0	27960	32596	39156	
2192	0	27918	32524	39084	
2193	0	27869	32456	39106	
2194	0	27828	32604	39428	
2195	0	27776	32552	39356	
2196	0	27738	32500	39172	
2197	0	27690	32448	39340	
2198	0	27648	32469	39452	
2199	0	27600	32517	39460	
2200	0	27552	32352	39328	
2201	0	27517	32144	38956	
2202	0	27468	32100	38980	
2203	0	27422	32180	39316	
2204	0	27388	32066	39480	
2205	0	27344	31980	39392	
2206	0	27305	31868	39425	
2207	0	27264	31908	39536	
2208	0	27233	31968	39520	
2209	0	27196	31940	39857	
2210	0	27168	31972	40164	
2211	0	27128	31964	40632	
2212	0	27096	32024	40908	
2213	0	27060	31976	41044	
2214	0	27029	31722	41268	
2215	0	26992	31600	40980	
2216	0	26976	31688	41120	
2217	0	26944	31833	41280	
2218	0	26917	31804	41288	
2219	0	26894	31672	41776	
2220	0	26868	32212	41828	
2221	0	26844	32324	42552	
2222	0	26826	32385	43036	
2223	0	26804	32320	42848	
2224	0	26789	32472	42576	
2225	0	26777	32240	42644	
2226	0	26760	32128	42456	
2227	0	26748	31688	42840	
2228	0	26732	31488	42920	
2229	0	26724	31724	43792	
2230	0	26714	32104	45028	
2231	0	26704	31512	45948	
2232	0	26700	31538	45940	
2233	0	26692	30306	44820	
2234	0	26692	29877	45492	
2235	0	26688	29660	47288	
2236	0	26688	29420	49657	
2237	0	26680	30072	47956	
2238	0	26684	31418	45392	
2239	0	26688	31864	45580	
2240	0	26688	31496	48320	
2241	0	26689	31104	50872	
2242	0	26696	30781	51264	
2243	0	26701	31654	51092	
2244	0	26709	32864	50576	
2245	0	26716	34428	50996	
2246	0	26732	36368	51672	
2247	0	26736	35776	49400	
2248	0	26744	27232	45204	
2249	0	26760	29528	45308	
2250	0	26764	32820	45508	
2251	0	26780	32144	44544	
2252	0	26792	29768	42548	
2253	0	26812	31604	40444	
2254	0	26825	35916	33104	
2255	0	26836	36100	30512	
2256	0	26852	34949	31508	
2257	0	26868	35120	34860	
2258	0	26884	35176	35504	
2259	0	26904	35096	34620	
2260	0	26920	35512	34564	
2261	0	26932	35832	34693	
2262	0	26952	35824	34612	
2263	0	26976	35448	34468	
2264	0	26992	35148	34552	
2265	0	27008	34948	34888	
2266	0	27029	34756	35168	
2267	0	27048	34593	35584	
2268	0	27068	34452	35872	
2269	0	27080	34272	36016	
2270	0	27108	34064	36021	
2271	0	27122	33912	35864	
2272	0	27142	33888	35744	
2273	0	27164	33840	35656	
2274	0	27184	34020	35740	
2275	0	27200	34148	35900	
2276	0	27216	34216	35972	
2277	0	27240	34388	36168	
2278	0	27264	34396	36033	
2279	0	27276	34404	36440	
2280	0	27292	34336	36672	
2281	0	27316	34176	36781	
2282	0	27328	34144	37092	
2283	0	27352	34060	37456	
2284	0	27364	33972	37757	
2285	0	27392	33981	38208	
2286	0	27408	33898	38836	
2287	0	27428	33832	39444	
2288	0	27440	33720	40096	
2289	0	27464	33452	40656	
2290	0	27482	33224	41164	
2291	0	27500	32960	41668	
2292	0	27512	32536	41828	
2293	0	27532	32080	42320	
2294	0	27541	31609	42904	
2295	0	27568	31097	43744	
2296	0	27584	30580	44880	
2297	0	27600	29854	46092	
2298	0	27608	28896	47252	
2299	0	27628	27700	48388	
2300	0	27648	26629	49044	
2301	0	27668	25932	49592	
2302	0	27680	25412	50052	
2303	0	27696	24896	50672	
2304	0	27713	24296	50996	
2305	0	27732	23733	50816	
2306	0	27740	23161	51008	
2307	0	27761	22480	50052	
2308	0	27776	21874	48240	
2309	0	27792	21266	45872	
2310	0	27808	20684	43824	
2311	0	27824	20132	42912	
2312	0	27840	19632	42984	
2313	0	27860	19236	43220	
2314	0	27876	18500	43300	
2315	0	27888	17292	43076	
2316	0	27916	15789	41816	
2317	0	27932	13936	39252	
2318	0	27948	13388	36380	
2319	0	27972	13378	33969	
2320	0	27988	13665	32572	
2321	0	28005	13943	32332	
2322	0	28028	14414	32976	
2323	0	28056	15215	34132	
2324	0	28065	16312	35285	
2325	0	28100	17592	36240	
2326	0	28128	18805	36944	
2327	0	28152	19848	37580	
2328	0	28172	20773	38328	
2329	0	28208	21652	39008	
2330	0	28240	22520	39512	
2331	0	28264	23376	39976	
2332	0	28296	24352	40120	
2333	0	28332	33432	49604	
2334	0	28372	37748	54728	
2335	0	28408	47632	33420	
2336	0	28444	43728	36936	
2337	0	28484	43157	36273	
2338	0	28528	42096	31376	
2339	0	28573	39620	31496	
2340	0	28620	39528	33848	
2341	0	28663	37864	37680	
2342	0	28712	33724	41016	
2343	0	28764	25340	45300	
2344	0	28820	20940	47152	
2345	0	28866	21768	46280	
2346	0	28920	25224	42592	
2347	0	28980	28288	39036	
2348	0	29044	30704	38760	
2349	0	29104	30084	39844	
2350	0	29165	30797	40812	
2351	0	29228	30024	41104	
2352	0	29300	28532	40656	
2353	0	29356	28077	39592	
2354	0	29428	28538	38088	
2355	0	29496	28564	37337	
2356	0	29568	31352	37512	
2357	0	29636	32964	38476	
2358	0	29716	32144	38776	
2359	0	29788	30576	38444	
2360	0	29856	31744	38196	
2361	0	29936	31804	38348	
2362	0	30004	32220	38344	
2363	0	30084	32400	38224	
2364	0	30160	32484	38224	
2365	0	30236	32656	38344	
2366	0	30312	32781	38408	
2367	0	30392	32676	38349	
2368	0	30473	32636	38268	
2369	0	30540	32592	38300	
2370	0	30620	32636	38316	
2371	0	30692	32692	38336	
2372	0	30780	32678	38372	
2373	0	30848	32688	38372	
2374	0	30920	32684	38424	
2375	0	31001	32724	38336	
2376	0	31077	32764	38232	
2377	0	31152	32740	38216	
2378	0	31216	32716	38260	
2379	0	31298	32706	38260	
2380	0	31368	32708	38300	
2381	0	31448	32672	38280	
2382	0	31520	32652	38256	
2383	0	31588	32634	38280	
2384	0	31652	32632	38304	
2385	0	31720	32656	38304	
2386	0	31781	32656	38292	
2387	0	31852	32656	38324	
2388	0	31920	32648	38377	
2389	0	31984	32684	38356	
2390	0	32044	32704	38352	
2391	0	32112	32688	38316	
2392	0	32168	32732	38300	
2393	0	32232	32752	38268	
2394	0	32292	32772	38237	
2395	0	32352	32788	38272	
2396	0	32409	32728	38208	
2397	0	32468	32709	38228	
2398	0	32521	32680	38156	
2399	0	32576	32696	38245	
2400	0	32624	32664	38229	
2401	0	32684	32680	38260	
2402	0	32736	32652	38300	
2403	0	32788	32549	38156	
2404	0	32840	32600	38332	
2405	0	32893	32484	38260	
2406	0	32944	32516	38324	
2407	0	32992	32498	38320	
2408	0	33040	32380	38284	
2409	0	33088	32208	38200	
2410	0	33140	32412	38300	
2411	0	33184	32384	38216	
2412	0	33232	32600	38356	
2413	0	33280	32832	38340	
2414	0	33320	32725	38256	
2415	0	33370	32960	38525	
2416	0	33416	32960	38532	
2417	0	33460	33204	38640	
2418	0	33508	33068	38564	
2419	0	33544	32906	38480	
2420	0	33592	32800	38436	
2421	0	33636	32724	38441	
2422	0	33684	32672	38476	
2423	0	33729	32636	38576	
2424	0	33776	32640	38708	
2425	0	33824	32653	38646	
2426	0	33856	32672	38848	
2427	0	33920	32687	38989	
2428	0	33952	32632	39152	
2429	0	33996	32652	39176	
2430	0	34044	32680	39144	
2431	0	34089	32548	39132	
2432	0	34128	32432	38988	
2433	0	34172	32504	39124	
2434	0	34224	32608	39032	
2435	0	34272	32768	39080	
2436	0	34320	32672	39264	
2437	0	34368	32480	39400	
2438	0	34404	32504	39476	
2439	0	34456	32484	39648	
2440	0	34504	32640	39876	
2441	0	34548	32792	40268	
2442	0	34604	32580	40144	
2443	0	34648	32468	40164	
2444	0	34704	32281	40020	
2445	0	34752	32112	40068	
2446	0	34796	32124	40292	
2447	0	34848	31776	40421	
2448	0	34904	31848	40624	
2449	0	34944	31976	40976	
2450	0	34994	31960	41049	
2451	0	35048	32168	40952	
2452	0	35105	32036	41088	
2453	0	35152	32328	41340	
2454	0	35212	32300	41684	
2455	0	35256	32172	41856	
2456	0	35308	32020	41904	
2457	0	35364	31936	42056	
2458	0	35420	32172	42468	
2459	0	35468	32248	42576	
2460	0	35524	32352	42768	
2461	0	35576	32592	43476	
2462	0	35628	32393	43592	
2463	0	35680	33092	43236	
2464	0	35737	32306	42396	
2465	0	35788	32298	42784	
2466	0	35848	31832	44260	
2467	0	35905	31788	45296	
2468	0	35964	31888	46296	
2469	0	36016	30980	46280	
2470	0	36064	29516	45672	
2471	0	36125	27864	47312	
2472	0	36168	29496	50697	
2473	0	36236	30524	49472	
2474	0	36284	29736	47064	
2475	0	36344	30100	46416	
2476	0	36396	30708	46260	
2477	0	36456	31584	47892	
2478	0	36508	32104	49872	
2479	0	36560	31964	50684	
2480	0	36616	32493	51069	
2481	0	36668	33136	51269	
2482	0	36720	34452	51840	
2483	0	36768	36432	50808	
2484	0	36828	35268	47576	
2485	0	36888	29865	42824	
2486	0	36928	32536	41488	
2487	0	36984	31036	40660	
2488	0	37028	28445	40096	
2489	0	37080	31140	41328	
2490	0	37124	36760	33105	
2491	0	37184	37236	31697	
2492	0	37220	36488	33672	
2493	0	37268	36316	37860	
2494	0	37312	36284	38844	
2495	0	37360	36524	38336	
2496	0	37408	37012	37921	
2497	0	37444	37152	37032	
2498	0	37496	36928	35988	
2499	0	37536	36476	35176	
2500	0	37572	35904	34496	
2501	0	37620	35420	34113	
2502	0	37656	34981	33888	
2503	0	37704	34604	33980	
2504	0	37732	34236	34040	
2505	0	37772	33906	34068	
2506	0	37796	33840	34024	
2507	0	37832	33908	34420	
2508	0	37872	33965	34744	
2509	0	37908	33952	35173	
2510	0	37936	33916	35668	
2511	0	37972	33924	36160	
2512	0	38002	33976	36629	
2513	0	38032	34052	36976	
2514	0	38060	33965	36892	
2515	0	38088	34073	36944	
2516	0	38116	34112	37145	
2517	0	38144	34176	37320	
2518	0	38164	34116	37340	
2519	0	38192	34036	37480	
2520	0	38208	33984	37604	
2521	0	38228	33912	38084	
2522	0	38252	33764	38108	
2523	0	38272	33684	38592	
2524	0	38284	33472	38852	
2525	0	38304	33352	39488	
2526	0	38320	33104	39814	
2527	0	38336	32901	40325	
2528	0	38356	32752	40868	
2529	0	38364	32696	41596	
2530	0	38368	32656	42648	
2531	0	38388	32464	43816	
2532	0	38404	32100	44816	
2533	0	38409	31472	45760	
2534	0	38420	30640	46624	
2535	0	38428	29560	47124	
2536	0	38429	28500	47660	
2537	0	38432	27668	47828	
2538	0	38448	27172	48312	
2539	0	38452	26974	48896	
2540	0	38448	26720	49556	
2541	0	38452	26441	50152	
2542	0	38456	26056	50592	
2543	0	38456	25240	50504	
2544	0	38444	24656	49472	
2545	0	38448	23932	48400	
2546	0	38460	22624	47480	
2547	0	38448	21116	46740	
2548	0	38444	20024	46352	
2549	0	38440	19700	46128	
2550	0	38444	19762	45792	
2551	0	38448	19720	45252	
2552	0	38428	19192	44505	
2553	0	38420	17804	42584	
2554	0	38416	15288	40248	
2555	0	38408	13921	37440	
2556	0	38404	13368	34921	
2557	0	38396	12896	33033	
2558	0	38388	13065	31816	
2559	0	38376	13688	31784	
2560	0	38364	14649	32908	
2561	0	38352	15912	34696	
2562	0	38340	17376	36556	
2563	0	38332	18873	38136	
2564	0	38324	20304	39168	
2565	0	38308	21428	39636	
2566	0	38300	22272	39830	
2567	0	38296	22952	40033	
2568	0	38280	37488	55024	
2569	0	38272	30848	49264	
2570	0	38248	42668	29712	
2571	0	38244	44128	36820	
2572	0	38232	45036	37824	
2573	0	38212	42477	31648	
2574	0	38208	38632	33472	
2575	0	38188	38368	35512	
2576	0	38180	35832	38440	
2577	0	38160	31216	41528	
2578	0	38148	25496	44008	
2579	0	38136	22101	44264	
2580	0	38124	22485	43548	
2581	0	38108	25560	40980	
2582	0	38089	27832	40156	
2583	0	38084	28756	40224	
2584	0	38072	28808	39828	
2585	0	38048	29746	39520	
2586	0	38028	28804	41396	
2587	0	38020	27304	42144	
2588	0	38008	27836	40120	
2589	0	37996	26760	37740	
2590	0	37972	28188	37832	
2591	0	37956	31472	38088	
2592	0	37938	31780	38868	
2593	0	37924	30960	38508	
2594	0	37904	30008	38556	
2595	0	37876	30812	38520	
2596	0	37861	31376	38776	
2597	0	37848	31728	38336	
2598	0	37832	31636	38232	
2599	0	37800	31760	38356	
2600	0	37781	31816	38361	
2601	0	37752	31856	38336	
2602	0	37736	31792	38284	
2603	0	37716	31753	38376	
2604	0	37692	31777	38436	
2605	0	37661	31768	38560	
2606	0	37636	31784	38516	
2607	0	37612	31796	38496	
2608	0	37580	31872	38420	
2609	0	37556	31948	38432	
2610	0	37524	31972	38444	
2611	0	37492	31932	38382	
2612	0	37465	31952	38424	
2613	0	37440	31992	38428	
2614	0	37401	31960	38412	
2615	0	37372	31940	38480	
2616	0	37336	31896	38524	
2617	0	37296	31808	38484	
2618	0	37260	31836	38437	
2619	0	37216	31808	38408	
2620	0	37188	31781	38408	
2621	0	37148	31792	38440	
2622	0	37104	31792	38440	
2623	0	37064	31800	38468	
2624	0	37016	31792	38474	
2625	0	36980	31776	38392	
2626	0	36936	31756	38336	
2627	0	36896	31773	38241	
2628	0	36840	31846	38268	
2629	0	36792	31896	38280	
2630	0	36752	31895	38292	
2631	0	36704	31833	38252	
2632	0	36648	31892	38376	
2633	0	36592	31876	38348	
2634	0	36552	31896	38392	
2635	0	36492	31920	38352	
2636	0	36436	31800	38368	
2637	0	36388	31796	38352	
2638	0	36329	31848	38304	
2639	0	36276	31808	38345	
2640	0	36212	31913	38340	
2641	0	36164	31900	38389	
2642	0	36108	31824	38456	
2643	0	36040	31804	38404	
2644	0	35988	31700	38345	
2645	0	35936	31724	38328	
2646	0	35865	31684	38352	
2647	0	35805	31696	38296	
2648	0	35748	31645	38292	
2649	0	35684	31560	38232	
2650	0	35624	31641	38180	
2651	0	35564	31592	38336	
2652	0	35496	31820	38444	
2653	0	35436	31636	38360	
2654	0	35345	31810	38400	
2655	0	35316	31805	38344	
2656	0	35244	31924	38420	
2657	0	35180	32064	38456	
2658	0	35116	31981	38588	
2659	0	35056	31976	38772	
2660	0	34996	32120	39081	
2661	0	34932	32240	39196	
2662	0	34872	32224	39384	
2663	0	34812	32296	39588	
2664	0	34752	32328	39616	
2665	0	34688	32388	39504	
2666	0	34625	32408	39968	
2667	0	34560	32480	40176	
2668	0	34508	32492	39912	
2669	0	34448	32240	39640	
2670	0	34392	32128	39384	
2671	0	34336	31981	39380	
2672	0	34276	31992	39333	
2673	0	34224	32012	39544	
2674	0	34172	32001	39732	
2675	0	34113	32090	40048	
2676	0	34064	31896	40365	
2677	0	34005	32000	40340	
2678	0	33960	31892	40460	
2679	0	33916	31868	40490	
2680	0	33876	31863	40260	
2681	0	33824	31825	40688	
2682	0	33780	31928	41080	
2683	0	33736	32005	41016	
2684	0	33696	31700	41344	
2685	0	33656	31652	41088	
2686	0	33620	31772	41424	
2687	0	33580	31944	41632	
2688	0	33548	31988	41644	
2689	0	33516	32344	42208	
2690	0	33492	32401	42616	
2691	0	33464	32272	43040	
2692	0	33440	32420	42640	
2693	0	33412	32376	42236	
2694	0	33380	32268	41724	
2695	0	33360	31936	42304	
2696	0	33344	31548	42604	
2697	0	33328	31932	42900	
2698	0	33312	32020	43244	
2699	0	33296	31473	44048	
2700	0	33282	31104	44652	
2701	0	33272	30857	44844	
2702	0	33260	29332	44080	
2703	0	33248	29408	44948	
2704	0	33248	28996	46332	
2705	0	33236	28008	48844	
2706	0	33228	28645	48516	
2707	0	33224	29880	47268	
2708	0	33224	30706	46128	
2709	0	33228	30752	46404	
2710	0	33216	31457	47960	
2711	0	33216	30878	49324	
2712	0	33232	30680	50472	
2713	0	33220	31228	50784	
2714	0	33221	32788	51864	
2715	0	33232	34580	52372	
2716	0	33242	35368	50280	
2717	0	33240	27554	44424	
2718	0	33248	27672	39940	
2719	0	33256	31324	40452	
2720	0	33260	30208	43248	
2721	0	33268	28284	41124	
2722	0	33272	32416	38904	
2723	0	33284	36333	34700	
2724	0	33292	36776	34640	
2725	0	33293	35959	35068	
2726	0	33308	35792	36736	
2727	0	33312	35808	36912	
2728	0	33320	35952	36628	
2729	0	33324	36204	36424	
2730	0	33340	36356	36008	
2731	0	33348	36312	35736	
2732	0	33352	35940	35436	
2733	0	33353	35616	35216	
2734	0	33372	35316	35148	
2735	0	33376	35128	35060	
2736	0	33384	34916	35012	
2737	0	33396	34728	35032	
2738	0	33400	34488	34909	
2739	0	33404	34344	34996	
2740	0	33413	34176	34960	
2741	0	33416	34152	35072	
2742	0	33416	34080	35124	
2743	0	33421	34089	34927	
2744	0	33428	34384	35676	
2745	0	33429	34484	35492	
2746	0	33428	34804	36152	
2747	0	33438	35072	36932	
2748	0	33444	35076	36828	
2749	0	33440	34984	36764	
2750	0	33444	35068	37200	
2751	0	33437	34920	37276	
2752	0	33444	34740	37476	
2753	0	33440	34684	37796	
2754	0	33437	34528	38368	
2755	0	33437	34408	38480	
2756	0	33436	34320	39052	
2757	0	33436	34309	39632	
2758	0	33432	34228	40344	
2759	0	33428	34036	41144	
2760	0	33413	33900	42040	
2761	0	33408	33648	43016	
2762	0	33404	33128	43616	
2763	0	33392	32457	44496	
2764	0	33380	31616	45380	
2765	0	33376	30844	46176	
2766	0	33364	30108	46968	
2767	0	33352	29376	47580	
2768	0	33344	28744	48304	
2769	0	33328	28161	49152	
2770	0	33312	27596	50064	
2771	0	33304	26956	51092	
2772	0	33284	26312	52016	
2773	0	33264	25722	52588	
2774	0	33244	25147	52872	
2775	0	33224	24888	52632	
2776	0	33208	24412	52040	
2777	0	33184	24040	50960	
2778	0	33168	23680	49528	
2779	0	33144	23116	48304	
2780	0	33128	22464	47232	
2781	0	33096	21360	46328	
2782	0	33072	19720	44972	
2783	0	33048	17488	44168	
2784	0	33016	14552	43181	
2785	0	32993	11719	41140	
2786	0	32960	9929	37760	
2787	0	32937	9728	34676	
2788	0	32912	10453	32684	
2789	0	32876	11126	32720	
2790	0	32848	11781	34532	
2791	0	32812	13132	37097	
2792	0	32780	14788	38744	
2793	0	32752	16320	38820	
2794	0	32712	17784	38192	
2795	0	32680	19044	37341	
2796	0	32648	19978	36717	
2797	0	32620	20864	36456	
2798	0	32588	21784	36628	
2799	0	32548	22844	37516	
2800	0	32516	24046	38748	
2801	0	32476	25288	39836	
2802	0	32448	35676	51628	
2803	0	32416	37772	51216	
2804	0	32384	44256	26192	
2805	0	32344	43684	35116	
2806	0	32316	45104	37168	
2807	0	32281	43008	32449	
2808	0	32248	39932	33124	
2809	0	32216	38948	34804	
2810	0	32184	34956	37444	
2811	0	32148	27916	41696	
2812	0	32112	23819	45828	
2813	0	32080	21953	48208	
2814	0	32052	24609	46128	
2815	0	32028	26261	42716	
2816	0	31996	26545	40240	
2817	0	31968	26473	41384	
2818	0	31932	26016	42660	
2819	0	31908	26041	42840	
2820	0	31880	24996	41373	
2821	0	31848	23460	38820	
2822	0	31809	26064	37412	
2823	0	31792	32345	37216	
2824	0	31764	34352	38252	
2825	0	31744	32112	38304	
2826	0	31712	29496	37937	
2827	0	31685	30488	38038	
2828	0	31664	31820	38656	
2829	0	31632	32272	38628	
2830	0	31604	32192	38324	
2831	0	31580	32144	38089	
2832	0	31561	32340	38160	
2833	0	31544	32456	38197	
2834	0	31508	32548	38296	
2835	0	31484	32468	38208	
2836	0	31460	32452	38172	
2837	0	31436	32480	38260	
2838	0	31414	32481	38288	
2839	0	31392	32497	38320	
2840	0	31368	32480	38381	
2841	0	31336	32537	38357	
2842	0	31316	32556	38345	
2843	0	31296	32572	38328	
2844	0	31272	32588	38324	
2845	0	31245	32576	38264	
2846	0	31225	32534	38224	
2847	0	31200	32541	38208	
2848	0	31172	32512	38169	
2849	0	31156	32520	38164	
2850	0	31128	32512	38216	
2851	0	31100	32528	38208	
2852	0	31072	32520	38204	
2853	0	31044	32504	38200	
2854	0	31020	32486	38224	
2855	0	30988	32484	38221	
2856	0	30960	32528	38232	
2857	0	30932	32520	38280	
2858	0	30908	32492	38268	
2859	0	30872	32525	38272	
2860	0	30857	32527	38224	
2861	0	30813	32573	38232	
2862	0	30784	32548	38241	
2863	0	30748	32528	38200	
2864	0	30712	32488	38152	
2865	0	30680	32452	38104	
2866	0	30641	32536	38144	
2867	0	30612	32552	38220	
2868	0	30568	32550	38228	
2869	0	30536	32536	38240	
2870	0	30491	32481	38240	
2871	0	30456	32492	38184	
2872	0	30424	32460	38160	
2873	0	30376	32502	38200	
2874	0	30346	32488	38308	
2875	0	30300	32500	38240	
2876	0	30264	32493	38280	
2877	0	30216	32472	38360	
2878	0	30180	32400	38224	
2879	0	30128	32492	38376	
2880	0	30089	32480	38352	
2881	0	30048	32416	38308	
2882	0	30012	32381	38280	
2883	0	29956	32360	38192	
2884	0	29921	32392	38329	
2885	0	29874	32472	38412	
2886	0	29825	32308	38248	
2887	0	29781	32492	38460	
2888	0	29740	32336	38308	
2889	0	29692	32372	38308	
2890	0	29649	32488	38464	
2891	0	29600	32560	38385	
2892	0	29552	32496	38712	
2893	0	29514	32528	38964	
2894	0	29468	32726	39236	
2895	0	29416	32736	39272	
2896	0	29368	32736	39148	
2897	0	29332	32772	39048	
2898	0	29284	32712	39188	
2899	0	29233	32536	39012	
2900	0	29192	32432	38896	
2901	0	29149	32369	38792	
2902	0	29105	32428	38716	
2903	0	29056	32460	38968	
2904	0	29016	32472	39296	
2905	0	28972	32396	39098	
2906	0	28936	32396	39068	
2907	0	28884	32444	39481	
2908	0	28841	32640	39717	
2909	0	28796	32544	39724	
2910	0	28760	32320	39664	
2911	0	28721	32209	39792	
2912	0	28676	32194	39992	
2913	0	28644	32241	40360	
2914	0	28604	32173	40724	
2915	0	28562	31816	40700	
2916	0	28524	31828	40720	
2917	0	28496	32052	41068	
2918	0	28456	31940	40929	
2919	0	28420	31936	40861	
2920	0	28388	31826	41176	
2921	0	28356	32112	41340	
2922	0	28324	32220	40984	
2923	0	28296	32244	41412	
2924	0	28268	32085	41920	
2925	0	28241	32541	41792	
2926	0	28216	32472	42024	
2927	0	28188	32516	42308	
2928	0	28166	32636	42632	
2929	0	28144	32600	42704	
2930	0	28120	32342	42268	
2931	0	28097	32352	41849	
2932	0	28080	32400	41749	
2933	0	28064	32316	42544	
2934	0	28040	32432	42884	
2935	0	28032	32148	43504	
2936	0	28017	31760	44548	
2937	0	28000	31636	45428	
2938	0	27993	30820	45460	
2939	0	27980	30052	44820	
2940	0	27976	29532	46228	
2941	0	27968	29294	48746	
2942	0	27964	29660	50428	
2943	0	27956	30148	47456	
2944	0	27952	30504	46096	
2945	0	27952	31136	45092	
2946	0	27952	31580	46612	
2947	0	27948	31916	49032	
2948	0	27944	31837	50452	
2949	0	27956	32244	50984	
2950	0	27956	32556	50892	
2951	0	27960	33892	51144	
2952	0	27964	35570	50384	
2953	0	27972	35496	48096	
2954	0	27973	28960	43552	
2955	0	27993	31364	42261	
2956	0	28000	32236	41693	
2957	0	28008	30921	42052	
2958	0	28020	30436	41400	
2959	0	28036	34024	37732	
2960	0	28048	37196	32606	
2961	0	28056	36592	31708	
2962	0	28072	36160	34500	
2963	0	28088	36024	37568	
2964	0	28104	35876	36964	
2965	0	28128	36052	36668	
2966	0	28140	36284	36384	
2967	0	28160	36192	35936	
2968	0	28180	35924	35496	
2969	0	28196	35436	35128	
2970	0	28217	35001	34826	
2971	0	28240	34677	34660	
2972	0	28260	34572	34760	
2973	0	28284	34360	34792	
2974	0	28305	34112	34812	
2975	0	28332	34032	34912	
2976	0	28352	33932	34928	
2977	0	28376	33884	34988	
2978	0	28400	33876	35168	
2979	0	28424	33924	35352	
2980	0	28456	33956	35520	
2981	0	28476	34060	35716	
2982	0	28500	34377	36336	
2983	0	28528	34496	36312	
2984	0	28556	34653	36872	
2985	0	28584	34756	37128	
2986	0	28612	34616	36436	
2987	0	28640	34664	37284	
2988	0	28666	34508	37460	
2989	0	28697	34432	37792	
2990	0	28716	34344	38268	
2991	0	28753	34180	38228	
2992	0	28773	34040	39024	
2993	0	28808	33885	39344	
2994	0	28832	33676	39700	
2995	0	28860	33513	40200	
2996	0	28900	33444	40880	
2997	0	28926	33184	41488	
2998	0	28954	32940	42264	
2999	0	28986	32616	43024	
3000	0	29016	32252	43960	
3001	0	29048	31792	44892	
3002	0	29076	31201	45728	
3003	0	29112	30236	46436	
3004	0	29136	28768	46986	
3005	0	29161	27336	47460	
3006	0	29200	26496	47924	
3007	0	29224	26088	48584	
3008	0	29256	25868	49560	
3009	0	29284	25732	50520	
3010	0	29316	25482	51220	
3011	0	29356	25120	51564	
3012	0	29376	24548	51288	
3013	0	29408	23788	50412	
3014	0	29444	23088	49108	
3015	0	29476	22304	47396	
3016	0	29504	21737	45680	
3017	0	29536	21248	44616	
3018	0	29564	20648	43640	
3019	0	29600	19969	42516	
3020	0	29629	19252	41700	
3021	0	29664	17928	41016	
3022	0	29701	16120	40096	
3023	0	29732	14385	38564	
3024	0	29771	13600	36612	
3025	0	29796	14092	34896	
3026	0	29828	15062	33692	
3027	0	29860	16032	33616	
3028	0	29900	16768	34461	
3029	0	29936	17530	35640	
3030	0	29968	18405	36320	
3031	0	30000	19240	36536	
3032	0	30037	20014	36440	
3033	0	30076	20824	36428	
3034	0	30110	21576	36600	
3035	0	30144	22356	37164	
3036	0	30188	23217	37932	
3037	0	30224	24204	38932	
3038	0	30265	25104	39798	
3039	0	30304	25948	40300	
3040	0	30344	36148	52976	
3041	0	30390	32756	54688	
3042	0	30432	45296	31220	
3043	0	30477	39152	30340	
3044	0	30516	45048	38124	
3045	0	30568	42704	31360	
3046	0	30616	39708	32501	
3047	0	30657	39672	35444	
3048	0	30706	37456	37804	
3049	0	30756	33728	39453	
3050	0	30804	27916	42120	
3051	0	30856	22756	45236	
3052	0	30904	21296	46016	
3053	0	30960	22836	43984	
3054	0	31008	25410	40312	
3055	0	31064	26452	38652	
3056	0	31116	27269	39468	
3057	0	31168	28320	40972	
3058	0	31232	30021	41544	
3059	0	31280	29029	41844	
3060	0	31344	28020	40488	
3061	0	31400	28144	38192	
3062	0	31456	28216	36768	
3063	0	31513	31588	36684	
3064	0	31569	32960	38412	
3065	0	31628	32036	39428	
3066	0	31692	30050	38816	
3067	0	31748	30932	38176	
3068	0	31808	31924	38256	
3069	0	31868	32392	38384	
3070	0	31928	32152	38268	
3071	0	31984	32292	38132	
3072	0	32045	32548	38068	
3073	0	32096	32696	38016	
3074	0	32160	32496	38056	
3075	0	32220	32328	38208	
3076	0	32284	32340	38356	
3077	0	32341	32372	38420	
3078	0	32400	32356	38356	
3079	0	32456	32328	38276	
3080	0	32512	32380	38244	
3081	0	32568	32488	38224	
3082	0	32624	32517	38260	
3083	0	32668	32532	38256	
3084	0	32728	32548	38208	
3085	0	32776	32552	38200	
3086	0	32832	32576	38249	
3087	0	32872	32524	38352	
3088	0	32928	32532	38436	
3089	0	32976	32508	38468	
3090	0	33016	32520	38440	
3091	0	33069	31852	38473	
3092	0	33112	32352	38373	
3093	0	33152	33440	38048	
3094	0	33188	32220	38496	
3095	0	33240	32472	38400	
3096	0	33268	32398	38464	
3097	0	33317	32065	38652	
3098	0	33352	32936	38176	
3099	0	33380	32210	38380	
3100	0	33424	32648	38168	
3101	0	33464	32341	38373	
3102	0	33488	32472	38372	
3103	0	33520	32156	38576	
3104	0	33560	32504	38480	
3105	0	33577	32348	38524	
3106	0	33616	32352	38392	
3107	0	33640	32228	38496	
3108	0	33668	32613	38368	
3109	0	33692	32296	38528	
3110	0	33720	32464	38260	
3111	0	33740	32168	38296	
3112	0	33764	32328	38320	
3113	0	33792	32148	38352	
3114	0	33804	32228	38364	
3115	0	33825	32196	38336	
3116	0	33850	32176	38366	
3117	0	33868	32184	38484	
3118	0	33888	32140	38596	
3119	0	33908	31948	38560	
3120	0	33916	31936	38636	
3121	0	33940	31950	38552	
3122	0	33960	31956	38536	
3123	0	33976	32044	38528	
3124	0	33992	31877	38436	
3125	0	34016	31842	38432	
3126	0	34036	31876	38472	
3127	0	34044	31876	38576	
3128	0	34056	31860	38480	
3129	0	34065	31940	38468	
3130	0	34088	31941	38348	
3131	0	34104	31968	38548	
3132	0	34120	31992	38632	
3133	0	34136	31896	38800	
3134	0	34149	31768	38552	
3135	0	34161	32000	38788	
3136	0	34176	32016	38972	
3137	0	34200	31968	39168	
3138	0	34208	31888	39100	
3139	0	34232	31992	39329	
3140	0	34248	31880	39396	
3141	0	34268	31816	39352	
3142	0	34284	31858	39268	
3143	0	34300	31869	39096	
3144	0	34308	31893	38992	
3145	0	34333	31856	39072	
3146	0	34356	31468	38976	
3147	0	34372	31444	38913	
3148	0	34396	31424	38838	
3149	0	34416	31644	38940	
3150	0	34436	31748	39336	
3151	0	34464	31776	39556	
3152	0	34480	31624	39580	
3153	0	34512	31556	40064	
3154	0	34533	31380	40488	
3155	0	34560	31292	40508	
3156	0	34584	31208	40680	
3157	0	34612	31028	41232	
3158	0	34644	30992	41200	
3159	0	34668	31090	41276	
3160	0	34700	31000	41752	
3161	0	34736	31381	41872	
3162	0	34768	31425	42164	
3163	0	34800	31324	42241	
3164	0	34832	31364	42496	
3165	0	34868	31456	42296	
3166	0	34900	31350	42328	
3167	0	34936	31488	41960	
3168	0	34972	31384	41756	
3169	0	35012	30852	42200	
3170	0	35049	31008	42584	
3171	0	35096	31616	43324	
3172	0	35132	31596	43496	
3173	0	35180	31212	43344	
3174	0	35220	29668	43260	
3175	0	35268	28860	44592	
3176	0	35308	29016	46172	
3177	0	35352	29580	46968	
3178	0	35408	29428	46288	
3179	0	35456	27709	45960	
3180	0	35501	26861	48200	
3181	0	35544	28753	48892	
3182	0	35592	30536	48212	
3183	0	35640	31488	48104	
3184	0	35692	30676	48708	
3185	0	35744	29908	48800	
3186	0	35800	30400	49936	
3187	0	35848	31948	50908	
3188	0	35900	34016	51428	
3189	0	35948	34648	50072	
3190	0	36000	28720	45596	
3191	0	36048	24808	40136	
3192	0	36104	28852	39000	
3193	0	36148	29284	41712	
3194	0	36196	30538	43476	
3195	0	36256	29780	40480	
3196	0	36300	32732	37588	
3197	0	36360	35164	36108	
3198	0	36408	36384	36420	
3199	0	36456	35904	36204	
3200	0	36500	35525	36896	
3201	0	36552	35352	36676	
3202	0	36600	35400	36162	
3203	0	36644	35648	35720	
3204	0	36696	35812	35360	
3205	0	36736	35992	35396	
3206	0	36780	35740	35252	
3207	0	36836	35492	35556	
3208	0	36880	35264	35312	
3209	0	36940	34952	35225	
3210	0	36964	34677	35156	
3211	0	37004	34460	35060	
3212	0	37048	34220	35044	
3213	0	37084	34016	35064	
3214	0	37124	33764	34892	
3215	0	37168	33780	35020	
3216	0	37200	33820	35196	
3217	0	37240	33964	35308	
3218	0	37276	34172	35536	
3219	0	37312	34352	35896	
3220	0	37336	34616	35520	
3221	0	37368	34856	36640	
3222	0	37404	34908	36992	
3223	0	37436	34828	37036	
3224	0	37456	34772	36906	
3225	0	37480	34672	37236	
3226	0	37512	34516	37445	
3227	0	37540	34408	37696	
3228	0	37560	34332	38180	
3229	0	37588	34068	38212	
3230	0	37604	33984	38688	
3231	0	37628	33860	39000	
3232	0	37645	33628	39392	
3233	0	37656	33409	39822	
3234	0	37684	33212	40300	
3235	0	37696	33024	41049	
3236	0	37704	32853	41888	
3237	0	37716	32716	42848	
3238	0	37728	32466	43912	
3239	0	37744	32064	44889	
3240	0	37746	31576	45688	
3241	0	37756	30984	46460	
3242	0	37760	30356	47304	
3243	0	37768	29820	48248	
3244	0	37760	29248	49096	
3245	0	37768	28712	49840	
3246	0	37760	28180	50688	
3247	0	37764	27730	51464	
3248	0	37764	27484	51680	
3249	0	37756	27240	51664	
3250	0	37756	26993	50368	
3251	0	37736	26376	49796	
3252	0	37732	25592	50144	
3253	0	37724	24504	50800	
3254	0	37720	23092	51564	
3255	0	37704	21392	52192	
3256	0	37692	19473	52464	
3257	0	37680	16944	52268	
3258	0	37664	14028	50456	
3259	0	37648	12214	46029	
3260	0	37620	11806	39280	
3261	0	37612	12161	33228	
3262	0	37588	11557	29144	
3263	0	37568	10244	28272	
3264	0	37556	8954	30560	
3265	0	37532	8388	34604	
3266	0	37504	10114	38732	
3267	0	37480	12939	41324	
3268	0	37464	15544	41736	
3269	0	37432	17545	41868	
3270	0	37412	19392	41472	
3271	0	37376	26156	47337	
3272	0	37352	27572	55156	
3273	0	37324	29748	47800	
3274	0	37300	37380	24036	
3275	0	37276	39832	38624	
3276	0	37244	44104	42280	
3277	0	37216	42972	33908	
3278	0	37193	39000	34356	
3279	0	37164	38437	32624	
3280	0	37136	37925	33700	
3281	0	37112	33440	38516	
3282	0	37084	29012	43232	
3283	0	37048	25844	46468	
3284	0	37032	24544	45488	
3285	0	36992	25012	42960	
3286	0	36964	26244	40620	
3287	0	36936	26162	38544	
3288	0	36912	27644	38972	
3289	0	36888	28516	41268	
3290	0	36860	29940	42236	
3291	0	36832	31368	42292	
3292	0	36804	31168	41960	
3293	0	36784	29816	41292	
3294	0	36761	27220	40128	
3295	0	36728	25640	37380	
3296	0	36708	26329	36416	
3297	0	36680	31148	37216	
3298	0	36652	34248	39692	
3299	0	36625	31356	39381	
3300	0	36600	29536	37620	
3301	0	36576	30469	37580	
3302	0	36556	31816	38720	
3303	0	36532	32232	39033	
3304	0	36504	32148	38464	
3305	0	36480	32025	38253	
3306	0	36452	32100	38236	
3307	0	36428	32124	38212	
3308	0	36401	32064	38121	
3309	0	36380	32076	38080	
3310	0	36352	32180	38220	
3311	0	36320	32336	38444	
3312	0	36296	32328	38532	
3313	0	36268	32248	38396	
3314	0	36244	32194	38293	
3315	0	36212	32288	38296	
3316	0	36184	32336	38304	
3317	0	36156	32360	38336	
3318	0	36128	32380	38360	
3319	0	36096	32408	38320	
3320	0	36068	32004	38400	
3321	0	36040	32164	38320	
3322	0	36000	32165	38277	
3323	0	35984	32228	38232	
3324	0	35952	31936	38496	
3325	0	35912	32160	38336	
3326	0	35872	32552	38152	
3327	0	35848	32517	38224	
3328	0	35812	32556	38184	
3329	0	35776	32568	38164	
3330	0	35736	32284	38296	
3331	0	35704	32268	38240	
3332	0	35668	32064	38324	
3333	0	35620	32144	38228	
3334	0	35592	32224	38220	
3335	0	35556	32220	38144	
3336	0	35516	32156	38117	
3337	0	35476	32064	38276	
3338	0	35440	32124	38296	
3339	0	35392	32188	38270	
3340	0	35356	32220	38240	
3341	0	35308	32192	38172	
3342	0	35272	32156	38596	
3343	0	35236	32296	38228	
3344	0	35196	32220	38345	
3345	0	35156	32208	38208	
3346	0	35108	32032	38460	
3347	0	35068	32068	38240	
3348	0	35024	31832	38212	
3349	0	34976	31570	37988	
3350	0	34944	31356	37980	
3351	0	34900	31296	38036	
3352	0	34848	31456	38104	
3353	0	34810	31897	38412	
3354	0	34760	32408	38816	
3355	0	34717	32861	39198	
3356	0	34672	33068	39208	
3357	0	34628	32770	38892	
3358	0	34592	32564	38760	
3359	0	34540	32561	38804	
3360	0	34504	32704	39044	
3361	0	34457	32572	39092	
3362	0	34412	32537	39020	
3363	0	34372	32320	38948	
3364	0	34324	32186	38844	
3365	0	34288	32188	38784	
3366	0	34236	32169	38992	
3367	0	34192	32212	38904	
3368	0	34148	32380	39168	
3369	0	34112	32368	38968	
3370	0	34056	32492	39304	
3371	0	34024	32570	39216	
3372	0	33976	32404	39048	
3373	0	33934	32456	39324	
3374	0	33892	32396	39136	
3375	0	33852	32333	39060	
3376	0	33801	32080	38960	
3377	0	33761	31996	39444	
3378	0	33720	32084	39960	
3379	0	33676	32136	40208	
3380	0	33636	32064	40264	
3381	0	33600	32012	40548	
3382	0	33556	31972	40672	
3383	0	33517	31944	40861	
3384	0	33480	31728	40869	
3385	0	33436	31876	40752	
3386	0	33408	32073	40984	
3387	0	33362	32012	40880	
3388	0	33328	32032	40954	
3389	0	33292	31480	40876	
3390	0	33256	31898	40828	
3391	0	33216	31836	41301	
3392	0	33188	32040	41416	
3393	0	33160	32204	41360	
3394	0	33120	32280	41636	
3395	0	33092	32328	42148	
3396	0	33068	32668	42904	
3397	0	33040	32984	43760	
3398	0	33005	32942	43592	
3399	0	32980	32500	43200	
3400	0	32953	32056	42756	
3401	0	32929	31613	42820	
3402	0	32908	31756	43768	
3403	0	32896	31404	44096	
3404	0	32868	31180	45068	
3405	0	32844	31210	45376	
3406	0	32824	29820	46624	
3407	0	32800	30024	46756	
3408	0	32784	29580	45616	
3409	0	32768	28972	44932	
3410	0	32744	28896	47328	
3411	0	32736	29776	47624	
3412	0	32716	30650	47204	
3413	0	32700	31333	47536	
3414	0	32692	32000	48576	
3415	0	32676	32073	49484	
3416	0	32660	32348	50464	
3417	0	32652	33480	50744	
3418	0	32632	34272	50868	
3419	0	32628	36064	50296	
3420	0	32616	36396	48348	
3421	0	32601	32276	45652	
3422	0	32592	30020	42780	
3423	0	32584	32553	39884	
3424	0	32572	29284	41344	
3425	0	32556	30710	43000	
3426	0	32552	36300	34968	
3427	0	32544	37492	32872	
3428	0	32528	36288	34172	
3429	0	32513	36052	36028	
3430	0	32512	36265	37596	
3431	0	32504	36448	37356	
3432	0	32489	36684	36704	
3433	0	32477	36656	36388	
3434	0	32468	36480	35960	
3435	0	32458	36136	35436	
3436	0	32448	35776	35176	
3437	0	32440	35456	34872	
3438	0	32433	35292	34824	
3439	0	32424	35156	34732	
3440	0	32417	35032	34744	
3441	0	32408	34862	34868	
3442	0	32388	34776	35172	
3443	0	32384	34652	35412	
3444	0	32364	34676	35884	
3445	0	32356	34653	36197	
3446	0	32344	34664	36396	
3447	0	32328	34724	36680	
3448	0	32312	34804	36928	
3449	0	32296	34704	37056	
3450	0	32284	34744	37420	
3451	0	32272	34680	37956	
3452	0	32248	34292	37936	
3453	0	32233	34132	38240	
3454	0	32218	33832	38200	
3455	0	32200	33600	37984	
3456	0	32176	33476	38404	
3457	0	32160	33276	38380	
3458	0	32128	33172	38688	
3459	0	32117	33000	39264	
3460	0	32092	32912	40172	
3461	0	32073	32772	40976	
3462	0	32048	32792	41928	
3463	0	32024	32448	42512	
3464	0	31992	32128	43104	
3465	0	31977	31528	43700	
3466	0	31940	30344	44064	
3467	0	31916	29320	44436	
3468	0	31888	28456	44856	
3469	0	31861	27961	44916	
3470	0	31836	27712	45428	
3471	0	31796	27492	46340	
3472	0	31760	27212	47336	
3473	0	31726	26700	48248	
3474	0	31680	26252	48956	
3475	0	31648	25834	49272	
3476	0	31617	25460	49124	
3477	0	31577	25153	48560	
3478	0	31536	24888	47688	
3479	0	31496	24800	47028	
3480	0	31460	24784	46296	
3481	0	31414	24684	45660	
3482	0	31376	24736	45024	
3483	0	31328	24948	43620	
3484	0	31292	24905	41844	
3485	0	31248	24117	41068	
3486	0	31200	23172	41340	
3487	0	31148	22248	42344	
3488	0	31108	21178	43552	
3489	0	31064	19745	43676	
3490	0	31016	18204	42892	
3491	0	30964	16986	40992	
3492	0	30922	16160	38600	
3493	0	30872	15808	36168	
3494	0	30824	15620	35032	
3495	0	30781	16001	34624	
3496	0	30732	16487	34988	
3497	0	30696	17080	35476	
3498	0	30636	17904	35744	
3499	0	30580	18806	35844	
3500	0	30540	19794	36004	
3501	0	30496	20784	36272	
3502	0	30456	21792	36776	
3503	0	30404	22742	37352	
3504	0	30360	23760	37920	
3505	0	30320	24904	38672	
3506	0	30272	28288	52216	
3507	0	30225	27688	52444	
3508	0	30184	39520	26336	
3509	0	30148	39325	35300	
3510	0	30104	40088	39428	
3511	0	30064	42308	36012	
3512	0	30020	38120	37696	
3513	0	29988	37752	38712	
3514	0	29948	35002	38308	
3515	0	29916	31508	39976	
3516	0	29880	27788	43465	
3517	0	29844	25288	46712	
3518	0	29813	25928	47052	
3519	0	29782	27301	44228	
3520	0	29748	28008	40688	
3521	0	29720	27160	38992	
3522	0	29692	26349	39529	
3523	0	29664	26933	39872	
3524	0	29640	28184	39564	
3525	0	29616	28881	40352	
3526	0	29600	29164	40104	
3527	0	29573	28580	39386	
3528	0	29553	29576	38340	
3529	0	29536	31560	37848	
3530	0	29520	32105	38048	
3531	0	29496	31660	38344	
3532	0	29476	31190	38592	
3533	0	29468	31584	38620	
3534	0	29448	31996	38497	
3535	0	29441	32332	38320	
3536	0	29420	32424	38385	
3537	0	29412	32461	38340	
3538	0	29408	32549	38324	
3539	0	29392	32640	38316	
3540	0	29392	32600	38360	
3541	0	29384	32504	38336	
3542	0	29376	32516	38300	
3543	0	29368	32580	38292	
3544	0	29368	32641	38385	
3545	0	29364	32640	38308	
3546	0	29356	32544	38220	
3547	0	29364	32560	38276	
3548	0	29353	32624	38304	
3549	0	29356	32596	38284	
3550	0	29356	32560	38308	
3551	0	29356	32560	38336	
3552	0	29356	32568	38332	
3553	0	29361	32576	38292	
3554	0	29368	32664	38180	
3555	0	29372	32672	38472	
3556	0	29376	32644	38396	
3557	0	29376	32576	38272	
3558	0	29384	32520	38200	
3559	0	29388	32592	38132	
3560	0	29396	32544	38240	
3561	0	29396	32376	38500	
3562	0	29408	32720	38076	
3563	0	29420	32464	38208	
3564	0	29424	32444	38120	
3565	0	29428	32328	38152	
3566	0	29436	32460	38088	
3567	0	29440	32384	38204	
3568	0	29452	32352	38172	
3569	0	29456	32304	38156	
3570	0	29474	32450	38096	
3571	0	29476	32364	38208	
3572	0	29490	32328	38292	
3573	0	29492	32356	38200	
3574	0	29500	32420	38180	
3575	0	29508	32352	38276	
3576	0	29517	32341	38336	
3577	0	29532	32348	38368	
3578	0	29536	32308	38517	
3579	0	29544	32188	38512	
3580	0	29556	32068	38660	
3581	0	29568	32184	38593	
3582	0	29572	32312	38613	
3583	0	29581	32324	38344	
3584	0	29588	32372	38292	
3585	0	29604	32336	38464	
3586	0	29616	32337	38480	
3587	0	29628	32314	38480	
3588	0	29636	32304	38404	
3589	0	29652	32338	38364	
3590	0	29656	32266	38268	
3591	0	29669	32208	38308	
3592	0	29676	32269	38380	
3593	0	29692	32208	38361	
3594	0	29708	32296	38360	
3595	0	29720	32321	38404	
3596	0	29733	32348	38432	
3597	0	29748	32352	38556	
3598	0	29764	32464	38688	
3599	0	29776	32452	38684	
3600	0	29792	32460	38577	
3601	0	29808	32520	38688	
3602	0	29824	32529	38616	
3603	0	29852	32568	38737	
3604	0	29860	32673	39108	
3605	0	29888	32636	39056	
3606	0	29904	32541	39036	
3607	0	29921	32376	38896	
3608	0	29944	32244	38936	
3609	0	29968	32240	39004	
3610	0	29988	32112	39116	
3611	0	30016	31980	39064	
3612	0	30032	31996	39072	
3613	0	30066	32020	39328	
3614	0	30084	31916	39360	
3615	0	30116	31836	39344	
3616	0	30152	31800	39269	
3617	0	30176	31768	39297	
3618	0	30208	31724	39185	
3619	0	30236	31770	39300	
3620	0	30272	31884	39400	
3621	0	30304	31732	39224	
3622	0	30340	31810	39152	
3623	0	30372	31876	39264	
3624	0	30412	31688	39544	
3625	0	30448	31440	39812	
3626	0	30484	31489	39796	
3627	0	30528	31712	40324	
3628	0	30564	31944	41016	
3629	0	30608	32177	41364	
3630	0	30644	32160	41760	
3631	0	30692	32188	41920	
3632	0	30736	32109	42072	
3633	0	30780	32004	42536	
3634	0	30828	31608	42608	
3635	0	30876	31936	42828	
3636	0	30928	32056	42620	
3637	0	30976	32116	42160	
3638	0	31024	32000	42628	
3639	0	31080	31868	43532	
3640	0	31129	31853	44840	
3641	0	31176	32336	45336	
3642	0	31240	32536	45784	
3643	0	31284	31552	46148	
3644	0	31342	30928	45944	
3645	0	31396	31704	44704	
3646	0	31460	31724	43236	
3647	0	31512	31844	42712	
3648	0	31568	31225	42792	
3649	0	31628	31576	44252	
3650	0	31680	32476	44316	
3651	0	31744	32800	45076	
3652	0	31808	33224	45508	
3653	0	31872	33484	45744	
3654	0	31928	33816	45944	
3655	0	31988	34012	45856	
3656	0	32048	34528	45608	
3657	0	32112	35416	44828	
3658	0	32168	35740	42428	
3659	0	32236	35520	39120	
3660	0	32296	33696	36540	
3661	0	32360	31188	35136	
3662	0	32421	33600	36248	
3663	0	32484	34840	32992	
3664	0	32548	34413	33917	
3665	0	32614	34336	34940	
3666	0	32672	34612	35688	
3667	0	32732	35084	36056	
3668	0	32796	35540	35764	
3669	0	32852	35664	35448	
3670	0	32912	35624	35184	
3671	0	32972	35428	35104	
3672	0	33036	35300	35048	
3673	0	33092	35272	35208	
3674	0	33156	35392	35488	
3675	0	33212	35508	35796	
3676	0	33268	35500	35982	
3677	0	33329	35516	36340	
3678	0	33384	35624	36504	
3679	0	33441	35710	36584	
3680	0	33500	35576	37408	
3681	0	33552	35564	37436	
3682	0	33604	35540	37588	
3683	0	33658	35296	38016	
3684	0	33708	35320	38008	
3685	0	33756	35224	38116	
3686	0	33808	35156	38468	
3687	0	33860	35068	38840	
3688	0	33908	34912	39308	
3689	0	33952	34753	39492	
3690	0	34000	34540	39945	
3691	0	34048	34424	40168	
3692	0	34088	34276	40364	
3693	0	34132	34180	40944	
3694	0	34184	34100	41582	
3695	0	34224	34096	42337	
3696	0	34256	34008	42960	
3697	0	34292	33820	43584	
3698	0	34336	33452	44240	
3699	0	34366	33048	44992	
3700	0	34404	32644	45800	
3701	0	34444	32224	46764	
3702	0	34472	31800	47644	
3703	0	34508	31453	48368	
3704	0	34544	30912	48996	
3705	0	34572	30344	49528	
3706	0	34596	29784	50112	
3707	0	34632	29357	50620	
3708	0	34656	29036	51048	
3709	0	34680	28841	51288	
3710	0	34712	28704	51212	
3711	0	34736	28604	50928	
3712	0	34764	28456	50604	
3713	0	34784	28224	50020	
3714	0	34808	28084	49228	
3715	0	34828	27856	48228	
3716	0	34852	27820	47268	
3717	0	34884	27700	46240	
3718	0	34904	27632	45192	
3719	0	34916	27765	44420	
3720	0	34936	27945	43624	
3721	0	34956	28152	43000	
3722	0	34972	28320	42792	
3723	0	34992	28732	42660	
3724	0	35008	29504	42460	
3725	0	35024	30608	42520	
3726	0	35048	30280	42568	
3727	0	35056	29678	42222	
3728	0	35076	28544	41244	
3729	0	35096	21793	36252	
3730	0	35108	29388	39552	
3731	0	35128	30532	41036	
3732	0	35136	29500	41632	
3733	0	35152	28836	40496	
3734	0	35168	28736	37489	
3735	0	35176	29316	36313	
3736	0	35188	18234	43281	
3737	0	35204	21844	55268	
3738	0	35217	36196	41476	
3739	0	35236	29720	43152	
3740	0	35240	28537	35608	
3741	0	35252	29573	38240	
3742	0	35260	24920	38044	
3743	0	35268	24928	36474	
3744	0	35280	26533	38224	
3745	0	35292	28200	39036	
3746	0	35296	29092	39888	
3747	0	35308	29404	40136	
3748	0	35316	29673	39516	
3749	0	35332	30384	39392	
3750	0	35344	31756	40160	
3751	0	35348	32632	39888	
3752	0	35360	32517	39200	
3753	0	35364	32229	38752	
3754	0	35372	32224	38117	
3755	0	35384	32688	38208	
3756	0	35396	32817	38277	
3757	0	35400	32900	38212	
3758	0	35408	33117	38685	
3759	0	35408	33556	38732	
3760	0	35416	33912	38360	
3761	0	35424	34088	37768	
3762	0	35436	32220	44184	
3763	0	35432	32932	41992	
3764	0	35444	32352	39476	
3765	0	35452	32136	39156	
3766	0	35456	31664	39276	
3767	0	35452	32316	39256	
3768	0	35460	32440	39124	
3769	0	35457	32540	38766	
3770	0	35472	33572	38164	
3771	0	35472	32624	38656	
3772	0	35473	33280	38372	
3773	0	35472	32992	38421	
3774	0	35476	32693	38480	
3775	0	35484	32736	38224	
3776	0	35476	32676	38124	
3777	0	35484	32752	38184	
3778	0	35480	32748	38288	
3779	0	35481	32720	38372	
3780	0	35476	32717	38404	
3781	0	35476	32636	38396	
3782	0	35476	32560	38336	
3783	0	35476	32498	38312	
3784	0	35472	31944	38300	
3785	0	35472	32816	38228	
3786	0	35465	32744	38332	
3787	0	35460	31696	38304	
3788	0	35460	33220	38412	
3789	0	35452	32552	38360	
3790	0	35448	32312	38184	
3791	0	35448	33072	38180	
3792	0	35444	32612	38088	
3793	0	35432	33124	38381	
3794	0	35424	32764	38168	
3795	0	35416	33224	38272	
3796	0	35404	32908	38180	
3797	0	35401	32716	38080	
3798	0	35392	33280	38356	
3799	0	35388	33228	38293	
3800	0	35373	33220	38312	
3801	0	35369	33080	38284	
3802	0	35360	32984	38268	
3803	0	35348	32869	38248	
3804	0	35344	32872	38168	
3805	0	35328	33044	38184	
3806	0	35308	33180	38288	
3807	0	35305	33194	38304	
3808	0	35292	33278	38400	
3809	0	35280	33216	38324	
3810	0	35268	33196	38380	
3811	0	35260	33260	38448	
3812	0	35248	33296	38488	
3813	0	35236	33352	38452	
3814	0	35220	33412	38484	
3815	0	35216	33376	38412	
3816	0	35200	33376	38444	
3817	0	35181	33317	38453	
3818	0	35172	33232	38412	
3819	0	35160	33136	38392	
3820	0	35152	33052	38328	
3821	0	35136	32984	38352	
3822	0	35112	32880	38360	
3823	0	35112	32928	38304	
3824	0	35096	33052	38252	
3825	0	35084	33256	38216	
3826	0	35068	33384	38284	
3827	0	35044	33348	38340	
3828	0	35040	33240	38384	
3829	0	35028	33212	38356	
3830	0	35012	33228	38324	
3831	0	34992	33252	38374	
3832	0	34984	33240	38369	
3833	0	34972	33268	38372	
3834	0	34953	33352	38368	
3835	0	34936	33356	38368	
3836	0	34920	33372	38401	
3837	0	34908	33304	38432	
3838	0	34884	33290	38400	
3839	0	34864	33213	38324	
3840	0	34848	33072	38345	
3841	0	34832	33061	38232	
3842	0	34820	33120	38188	
3843	0	34800	33172	38212	
3844	0	34784	33248	38232	
3845	0	34760	33216	38288	
3846	0	34740	33216	38252	
3847	0	34720	33276	38268	
3848	0	34701	33324	38352	
3849	0	34688	33284	38400	
3850	0	34660	33208	38336	
3851	0	34644	33025	38328	
3852	0	34616	32872	38304	
3853	0	34596	32760	38320	
3854	0	34568	32789	38300	
3855	0	34548	32828	38304	
3856	0	34532	32853	38284	
3857	0	34512	32876	38240	
3858	0	34488	32872	38224	
3859	0	34468	32920	38196	
3860	0	34440	32968	38172	
3861	0	34412	33004	38212	
3862	0	34392	32956	38208	
3863	0	34376	32916	38228	
3864	0	34346	32897	38304	
3865	0	34320	32841	38296	
3866	0	34288	32913	38312	
3867	0	34276	32908	38266	
3868	0	34244	32880	38272	
3869	0	34217	32870	38232	
3870	0	34192	32944	38336	
3871	0	34172	32976	38240	
3872	0	34145	32841	38208	
3873	0	34124	32816	38133	
3874	0	34096	32752	38100	
3875	0	34080	32776	38137	
3876	0	34048	32772	38220	
3877	0	34016	32812	38212	
3878	0	33996	32872	38212	
3879	0	33976	32837	38208	
3880	0	33952	32808	38188	
3881	0	33925	32904	38264	
3882	0	33908	32980	38252	
3883	0	33880	32929	38204	
3884	0	33860	32784	38164	
3885	0	33832	32752	38188	
3886	0	33812	32892	38313	
3887	0	33785	33056	38420	
3888	0	33764	32992	38316	
3889	0	33748	32772	38224	
3890	0	33716	32697	38180	
3891	0	33696	32750	38260	
3892	0	33680	32960	38416	
3893	0	33649	33048	38480	
3894	0	33628	32832	38249	
3895	0	33616	32748	38276	
3896	0	33586	32904	38332	
3897	0	33580	32844	38336	
3898	0	33548	33160	38496	
3899	0	33540	32880	38264	
3900	0	33509	33056	38104	
3901	0	33488	32804	38244	
3902	0	33476	33012	38688	
3903	0	33456	32213	38606	
3904	0	33440	32852	38636	
3905	0	33424	32928	38724	
3906	0	33404	32576	39008	
3907	0	33384	32960	39152	
3908	0	33372	32772	39496	
3909	0	33356	33085	39804	
3910	0	33336	33366	41153	
3911	0	33321	33144	41016	
3912	0	33308	32964	41252	
3913	0	33296	33152	41760	
3914	0	33280	32708	41056	
3915	0	33264	32906	41428	
3916	0	33248	32901	41592	
3917	0	33240	32556	41792	
3918	0	33224	32833	41468	
3919	0	33216	33184	41900	
3920	0	33196	32800	42088	
3921	0	33180	32760	42728	
3922	0	33166	32832	43328	
3923	0	33152	32660	43500	
3924	0	33140	32524	43164	
3925	0	33125	32776	43620	
3926	0	33120	32696	43864	
3927	0	33108	32576	44036	
3928	0	33092	32080	44262	
3929	0	33080	31794	43412	
3930	0	33074	32480	43301	
3931	0	33056	33196	44488	
3932	0	33044	32897	45272	
3933	0	33024	32440	45324	
3934	0	33020	31165	45424	
3935	0	33000	30853	46044	
3936	0	32992	32256	48716	
3937	0	32969	32112	50020	
3938	0	32960	32224	50880	
3939	0	32944	32424	49316	
3940	0	32925	33328	46784	
3941	0	32921	34260	45360	
3942	0	32908	34124	45828	
3943	0	32892	34492	47753	
3944	0	32872	35432	48124	
3945	0	32864	36240	47652	
3946	0	32849	36804	49152	
3947	0	32836	38284	49568	
3948	0	32820	39744	49288	
3949	0	32808	42736	48808	
3950	0	32800	45148	47248	
3951	0	32788	37820	37960	
3952	0	32768	35892	27676	
3953	0	32752	34460	28036	
3954	0	32744	34812	31465	
3955	0	32728	36088	34764	
3956	0	32720	37068	37108	
3957	0	32709	37576	38388	
3958	0	32697	37408	38836	
3959	0	32684	36952	39680	
3960	0	32680	36768	40824	
3961	0	32672	35912	40700	
3962	0	32664	34496	38872	
3963	0	32652	33948	37021	
3964	0	32644	32944	35576	
3965	0	32640	33192	35112	
3966	0	32628	32712	34976	
3967	0	32621	32544	34926	
3968	0	32616	32444	34820	
3969	0	32608	32581	34768	
3970	0	32608	32744	34920	
3971	0	32596	32904	35180	
3972	0	32596	33040	35400	
3973	0	32589	33226	35609	
3974	0	32580	33452	35837	
3975	0	32577	33644	36032	
3976	0	32576	33928	36236	
3977	0	32568	34225	36397	
3978	0	32564	34556	36568	
3979	0	32564	34888	36964	
3980	0	32560	35204	37492	
3981	0	32552	35408	37720	
3982	0	32561	35444	37984	
3983	0	32556	35388	38156	
3984	0	32552	35221	38300	
3985	0	32552	34960	38692	
3986	0	32556	34589	39120	
3987	0	32564	34168	39752	
3988	0	32554	33685	40648	
3989	0	32552	33212	41360	
3990	0	32560	32840	41980	
3991	0	32549	32652	42740	
3992	0	32552	32428	43264	
3993	0	32556	32110	43424	
3994	0	32564	31816	43868	
3995	0	32560	31362	44516	
3996	0	32560	30469	44480	
3997	0	32568	29648	44864	
3998	0	32572	28908	45624	
3999	0	32568	28484	46088	
4000	0	32576	28064	46356	
4001	0	32584	27696	46716	
4002	0	32580	27300	47364	
4003	0	32592	26878	47064	
4004	0	32596	26584	46796	
4005	0	32604	26332	46152	
4006	0	32612	26148	45120	
4007	0	32613	25868	44228	
4008	0	32624	25526	44036	
4009	0	32634	25200	44264	
4010	0	32640	24984	44680	
4011	0	32660	24888	44764	
4012	0	32664	24893	44720	
4013	0	32673	24676	44196	
4014	0	32692	24244	43640	
4015	0	32700	23774	43136	
4016	0	32720	22788	42752	
4017	0	32728	21153	42144	
4018	0	32748	19064	41568	
4019	0	32760	16533	39332	
4020	0	32776	14656	36092	
4021	0	32794	15056	34031	
4022	0	32816	16165	32508	
4023	0	32836	16808	31252	
4024	0	32852	17444	31372	
4025	0	32869	18145	33052	
4026	0	32900	18868	35208	
4027	0	32916	19808	37080	
4028	0	32940	20734	38508	
4029	0	32972	21568	39288	
4030	0	32992	22372	39396	
4031	0	33017	22984	39036	
4032	0	33048	23454	38608	
4033	0	33080	23808	38088	
4034	0	33108	25588	37772	
4035	0	33140	26656	53524	
4036	0	33172	32256	41692	
4037	0	33196	36852	26264	
4038	0	33234	40592	39840	
4039	0	33264	42120	38540	
4040	0	33301	40760	35364	
4041	0	33340	37216	38292	
4042	0	33372	35468	40696	
4043	0	33408	33372	41280	
4044	0	33444	30728	43400	
4045	0	33484	28260	45044	
4046	0	33522	27602	44524	
4047	0	33564	27556	43432	
4048	0	33600	27320	41440	
4049	0	33660	26296	40256	
4050	0	33692	26056	39520	
4051	0	33728	25292	38764	
4052	0	33773	27232	38092	
4053	0	33816	28904	38364	
4054	0	33872	30884	39218	
4055	0	33904	32344	39652	
4056	0	33944	31568	38708	
4057	0	33992	30684	37636	
4058	0	34036	30324	37356	
4059	0	34080	31280	37752	
4060	0	34128	32616	38748	
4061	0	34168	31528	38820	
4062	0	34204	31241	38385	
4063	0	34245	31634	38132	
4064	0	34292	31854	38216	
4065	0	34344	32052	38324	
4066	0	34384	32096	38320	
4067	0	34430	32176	38188	
4068	0	34464	32272	38176	
4069	0	34512	32396	38152	
4070	0	34544	32424	38124	
4071	0	34584	32404	38116	
4072	0	34616	32456	38152	
4073	0	34660	32536	38124	
4074	0	34692	32544	38152	
4075	0	34725	32538	38181	
4076	0	34772	32576	38164	
4077	0	34796	32588	38112	
4078	0	34836	32536	38137	
4079	0	34872	32504	38080	
4080	0	34904	32505	38100	
4081	0	34928	32532	38101	
4082	0	34958	32576	38172	
4083	0	34984	32520	38136	
4084	0	35004	32448	38172	
4085	0	35033	32412	38168	
4086	0	35050	32344	38200	
4087	0	35080	32312	38176	
4088	0	35100	32260	38080	
4089	0	35116	32286	37952	
4090	0	35140	32348	37940	
4091	0	35148	32356	38064	
4092	0	35168	32252	38448	
4093	0	35184	32268	38424	
4094	0	35196	32320	38432	
4095	0	35212	32364	38348	
4096	0	35224	32325	38392	
4097	0	35236	32289	38336	
4098	0	35252	32324	38160	
4099	0	35256	32360	38200	
4100	0	35264	32404	38164	
4101	0	35264	32384	38240	
4102	0	35280	32360	38200	
4103	0	35286	32300	38184	
4104	0	35293	32300	38200	
4105	0	35296	32232	38148	
4106	0	35304	32233	38060	
4107	0	35300	32260	38108	
4108	0	35300	32244	38128	
4109	0	35308	32209	38205	
4110	0	35304	32208	38252	
4111	0	35304	32194	38260	
4112	0	35296	32236	38324	
4113	0	35296	32276	38352	
4114	0	35296	32288	38328	
4115	0	35288	32276	38316	
4116	0	35288	32224	38308	
4117	0	35280	32145	38372	
4118	0	35280	32076	38248	
4119	0	35268	32102	38212	
4120	0	35264	32048	38276	
4121	0	35264	32024	38152	
4122	0	35256	31948	38280	
4123	0	35248	32004	38353	
4124	0	35240	32136	38420	
4125	0	35232	32100	38701	
4126	0	35220	32120	38600	
4127	0	35212	32080	38492	
4128	0	35200	32088	38452	
4129	0	35188	31984	38344	
4130	0	35188	31900	38524	
4131	0	35176	31892	39080	
4132	0	35168	31909	38672	
4133	0	35157	32132	39004	
4134	0	35144	32312	39284	
4135	0	35136	32254	39285	
4136	0	35128	32196	39276	
4137	0	35116	32296	39392	
4138	0	35108	32268	39624	
4139	0	35104	32268	39660	
4140	0	35092	32176	39616	
4141	0	35080	32176	39648	
4142	0	35080	32132	39948	
4143	0	35065	32216	39984	
4144	0	35062	32160	39741	
4145	0	35052	32018	39908	
4146	0	35044	32024	40088	
4147	0	35041	31780	40208	
4148	0	35036	31994	40648	
4149	0	35040	32008	40492	
4150	0	35028	31813	40776	
4151	0	35032	31448	41084	
4152	0	35024	31498	41200	
4153	0	35024	31716	41580	
4154	0	35024	31648	41820	
4155	0	35028	31340	42140	
4156	0	35024	31312	42128	
4157	0	35024	31340	42652	
4158	0	35032	31668	43048	
4159	0	35036	31532	42949	
4160	0	35040	31464	43084	
4161	0	35044	31696	43388	
4162	0	35048	31612	43716	
4163	0	35048	31472	43880	
4164	0	35060	31102	43740	
4165	0	35072	31296	43576	
4166	0	35080	31592	44152	
4167	0	35084	31172	43924	
4168	0	35096	30392	45092	
4169	0	35108	30228	45580	
4170	0	35124	29896	45640	
4171	0	35136	29169	47012	
4172	0	35152	28808	49096	
4173	0	35164	29028	50300	
4174	0	35180	30244	49996	
4175	0	35196	31777	49640	
4176	0	35208	31452	51080	
4177	0	35232	30912	51500	
4178	0	35236	31124	50416	
4179	0	35256	30458	48928	
4180	0	35276	30192	50156	
4181	0	35296	31376	51444	
4182	0	35310	33148	52648	
4183	0	35328	35684	54976	
4184	0	35351	39460	55044	
4185	0	35372	34080	50060	
4186	0	35384	25924	44136	
4187	0	35400	34604	40888	
4188	0	35424	29504	38664	
4189	0	35436	31932	38081	
4190	0	35456	34660	31793	
4191	0	35472	34320	32632	
4192	0	35492	34848	37485	
4193	0	35505	35328	39636	
4194	0	35532	35548	38400	
4195	0	35544	35401	36916	
4196	0	35564	35668	36288	
4197	0	35568	35864	35508	
4198	0	35588	34873	34028	
4199	0	35604	34312	33412	
4200	0	35616	33517	32688	
4201	0	35632	33892	32780	
4202	0	35644	33596	32749	
4203	0	35652	33308	32820	
4204	0	35672	33172	32992	
4205	0	35676	33212	33020	
4206	0	35684	33256	33148	
4207	0	35700	33460	33169	
4208	0	35704	33664	33328	
4209	0	35708	33897	33648	
4210	0	35720	34144	34120	
4211	0	35720	34464	34764	
4212	0	35725	34732	35184	
4213	0	35724	34962	35444	
4214	0	35736	35152	35784	
4215	0	35736	35216	35976	
4216	0	35736	35228	35966	
4217	0	35744	35192	35928	
4218	0	35736	35104	35640	
4219	0	35744	35016	35872	
4220	0	35728	34896	35896	
4221	0	35732	34804	35940	
4222	0	35724	34708	35840	
4223	0	35724	34644	35932	
4224	0	35712	34448	36349	
4225	0	35712	34316	37220	
4226	0	35696	34172	38096	
4227	0	35688	33748	38892	
4228	0	35680	33301	39632	
4229	0	35669	32760	40192	
4230	0	35664	32177	40440	
4231	0	35648	31484	40592	
4232	0	35632	30876	40868	
4233	0	35617	30477	41364	
4234	0	35604	30216	41904	
4235	0	35584	30150	42632	
4236	0	35568	30220	43664	
4237	0	35548	30129	44489	
4238	0	35528	30220	45560	
4239	0	35516	30052	46756	
4240	0	35492	29696	47412	
4241	0	35472	29292	47948	
4242	0	35456	28808	47920	
4243	0	35425	28204	48448	
4244	0	35404	27316	48832	
4245	0	35387	26048	48940	
4246	0	35364	24784	49400	
4247	0	35329	23624	50004	
4248	0	35308	22546	50112	
4249	0	35280	21676	49821	
4250	0	35256	21088	48832	
4251	0	35232	20814	47792	
4252	0	35204	20388	46648	
4253	0	35184	19716	45164	
4254	0	35148	19140	43173	
4255	0	35120	18460	41536	
4256	0	35100	17408	39712	
4257	0	35080	16345	38716	
4258	0	35044	15446	37424	
4259	0	35016	15152	35796	
4260	0	34988	15257	34188	
4261	0	34960	15868	33300	
4262	0	34932	16372	33496	
4263	0	34916	16928	34348	
4264	0	34884	17384	36008	
4265	0	34852	17864	37830	
4266	0	34832	18449	39212	
4267	0	34808	19256	40104	
4268	0	34784	20120	40392	
4269	0	34752	20964	40284	
4270	0	34732	21760	39860	
4271	0	34708	22464	39532	
4272	0	34684	23213	38856	
4273	0	34668	32832	45464	
4274	0	34636	32948	52984	
4275	0	34616	51084	37036	
4276	0	34600	49208	38020	
4277	0	34576	45212	39061	
4278	0	34560	42584	32508	
4279	0	34536	38056	31464	
4280	0	34512	37804	34448	
4281	0	34492	33652	40476	
4282	0	34473	27664	45872	
4283	0	34452	24408	48432	
4284	0	34444	25064	44864	
4285	0	34416	25568	40956	
4286	0	34400	27560	39828	
4287	0	34384	27904	41781	
4288	0	34368	27636	42068	
4289	0	34348	27408	41028	
4290	0	34324	27529	40288	
4291	0	34308	28001	40480	
4292	0	34285	27270	40216	
4293	0	34264	28149	38972	
4294	0	34260	29376	38360	
4295	0	34228	30412	38536	
4296	0	34217	30056	38416	
4297	0	34196	29765	38356	
4298	0	34180	30820	38468	
4299	0	34156	31376	38757	
4300	0	34140	32173	38496	
4301	0	34116	31508	38364	
4302	0	34112	31936	38245	
4303	0	34068	32208	38301	
4304	0	34045	32332	38372	
4305	0	34020	32417	38364	
4306	0	34000	32572	38400	
4307	0	33976	32628	38472	
4308	0	33949	32596	38372	
4309	0	33924	32544	38292	
4310	0	33896	32524	38280	
4311	0	33868	32500	38284	
4312	0	33832	32536	38288	
4313	0	33796	32556	38344	
4314	0	33776	32616	38284	
4315	0	33748	32636	38308	
4316	0	33716	32680	38360	
4317	0	33684	32672	38316	
4318	0	33652	32714	38332	
4319	0	33620	32644	38332	
4320	0	33576	32592	38284	
4321	0	33556	32576	38308	
4322	0	33516	32580	38284	
4323	0	33476	32552	38352	
4324	0	33444	32552	38380	
4325	0	33408	32526	38337	
4326	0	33368	32623	38245	
4327	0	33328	32516	38433	
4328	0	33288	32552	38340	
4329	0	33248	32548	38284	
4330	0	33204	32532	38288	
4331	0	33172	32540	38212	
4332	0	33129	32592	38237	
4333	0	33092	32604	38240	
4334	0	33037	32609	38216	
4335	0	33000	32584	38252	
4336	0	32956	32600	38304	
4337	0	32912	32509	38284	
4338	0	32860	32484	38213	
4339	0	32820	32480	38300	
4340	0	32780	32448	38330	
4341	0	32720	32416	38280	
4342	0	32680	32392	38252	
4343	0	32632	32385	38196	
4344	0	32577	32288	38208	
4345	0	32534	32304	38340	
4346	0	32484	32296	38252	
4347	0	32434	32340	38212	
4348	0	32388	32442	38304	
4349	0	32330	32628	38360	
4350	0	32288	32704	38496	
4351	0	32228	32748	38464	
4352	0	32180	32688	38516	
4353	0	32128	32656	38588	
4354	0	32076	32760	38680	
4355	0	32028	32728	38672	
4356	0	31972	32536	38576	
4357	0	31936	32340	38573	
4358	0	31884	32252	38568	
4359	0	31832	32252	38628	
4360	0	31776	32298	38724	
4361	0	31724	32256	38760	
4362	0	31680	32244	38788	
4363	0	31624	32320	38716	
4364	0	31577	32500	39184	
4365	0	31524	32532	39228	
4366	0	31476	32332	39020	
4367	0	31424	32320	38888	
4368	0	31384	32668	39052	
4369	0	31333	32852	39288	
4370	0	31288	32616	38940	
4371	0	31240	32464	38964	
4372	0	31196	32432	39108	
4373	0	31148	32548	39356	
4374	0	31108	32488	39712	
4375	0	31064	32396	39929	
4376	0	31028	32292	39932	
4377	0	30984	32382	40120	
4378	0	30944	32402	40144	
4379	0	30900	32358	40200	
4380	0	30872	32208	40092	
4381	0	30824	32056	40220	
4382	0	30798	32098	40360	
4383	0	30764	32240	40816	
4384	0	30741	32385	40893	
4385	0	30700	32368	41204	
4386	0	30664	32276	41108	
4387	0	30644	32308	41308	
4388	0	30613	32124	41128	
4389	0	30588	31921	41005	
4390	0	30564	32014	41152	
4391	0	30536	32024	41292	
4392	0	30516	32312	41564	
4393	0	30496	32348	42040	
4394	0	30472	32325	41992	
4395	0	30456	32529	42580	
4396	0	30429	32796	43048	
4397	0	30424	32685	43320	
4398	0	30404	32704	43832	
4399	0	30388	32580	43176	
4400	0	30372	31997	42528	
4401	0	30364	31984	43208	
4402	0	30352	32064	43796	
4403	0	30340	31220	44248	
4404	0	30325	31725	43980	
4405	0	30324	30716	44952	
4406	0	30316	30284	47096	
4407	0	30312	30153	47228	
4408	0	30308	29712	44868	
4409	0	30300	29333	43704	
4410	0	30296	27804	45728	
4411	0	30305	27492	47736	
4412	0	30301	29824	48352	
4413	0	30300	31764	49400	
4414	0	30292	31444	50840	
4415	0	30296	30728	51624	
4416	0	30300	31674	51884	
4417	0	30304	32912	51276	
4418	0	30308	34544	51132	
4419	0	30304	36136	50048	
4420	0	30308	32052	47360	
4421	0	30309	25332	43416	
4422	0	30316	31310	43780	
4423	0	30316	32352	44392	
4424	0	30320	32196	44728	
4425	0	30320	32216	41640	
4426	0	30318	35848	38148	
4427	0	30324	38100	34361	
4428	0	30325	38092	34880	
4429	0	30324	37152	36548	
4430	0	30324	36752	37984	
4431	0	30318	36656	38492	
4432	0	30317	36568	38133	
4433	0	30316	36748	38133	
4434	0	30308	36332	37572	
4435	0	30308	35813	37220	
4436	0	30294	35348	36952	
4437	0	30288	35040	36816	
4438	0	30280	34472	36296	
4439	0	30276	34008	35818	
4440	0	30261	33857	35484	
4441	0	30256	33640	35105	
4442	0	30240	33708	35116	
4443	0	30232	33773	35300	
4444	0	30229	33868	35684	
4445	0	30208	33921	36012	
4446	0	30184	34176	36637	
4447	0	30170	34232	36952	
4448	0	30148	34460	37328	
4449	0	30140	34544	37636	
4450	0	30116	34752	37832	
4451	0	30096	34872	38348	
4452	0	30072	34880	38260	
4453	0	30052	34781	38388	
4454	0	30020	34760	38584	
4455	0	30008	34644	38888	
4456	0	29980	34584	39360	
4457	0	29953	34456	39758	
4458	0	29924	34385	40240	
4459	0	29896	34296	40848	
4460	0	29872	34204	41460	
4461	0	29832	34044	42212	
4462	0	29796	33809	42800	
4463	0	29768	33444	43736	
4464	0	29728	32932	44661	
4465	0	29700	32321	45400	
4466	0	29660	31532	46004	
4467	0	29616	30592	46496	
4468	0	29584	29436	46972	
4469	0	29540	28320	47360	
4470	0	29492	27442	47660	
4471	0	29456	26748	48028	
4472	0	29401	26196	48504	
4473	0	29356	25764	49056	
4474	0	29308	25296	49700	
4475	0	29260	24801	50180	
4476	0	29208	24668	50288	
4477	0	29152	24244	49688	
4478	0	29096	23844	48696	
4479	0	29044	23458	47653	
4480	0	28986	23164	46868	
4481	0	28932	22825	46636	
4482	0	28875	22500	46912	
4483	0	28812	22141	47168	
4484	0	28752	20904	46648	
4485	0	28688	18180	46428	
4486	0	28632	13832	44720	
4487	0	28560	11529	42080	
4488	0	28500	9872	38088	
4489	0	28436	10398	34348	
4490	0	28372	11326	31892	
4491	0	28297	11972	30814	
4492	0	28232	12590	31680	
4493	0	28168	13235	33297	
4494	0	28100	14228	35020	
4495	0	28029	15308	36448	
4496	0	27968	16410	37436	
4497	0	27892	17474	38124	
4498	0	27824	18444	39040	
4499	0	27756	19500	39940	
4500	0	27692	20598	40864	
4501	0	27620	26032	43916	
4502	0	27548	29858	55176	
4503	0	27484	39052	40248	
4504	0	27417	39572	25549	
4505	0	27352	41113	40769	
4506	0	27285	42488	37612	
4507	0	27216	41060	36456	
4508	0	27152	38052	40228	
4509	0	27084	35856	40256	
4510	0	27028	30852	39652	
4511	0	26968	24857	44284	
4512	0	26908	22476	47388	
4513	0	26852	23557	47445	
4514	0	26792	25640	43756	
4515	0	26741	26076	40268	
4516	0	26688	26220	39332	
4517	0	26632	25288	40416	
4518	0	26582	24912	41332	
4519	0	26540	24533	39928	
4520	0	26488	25032	40104	
4521	0	26441	30288	39216	
4522	0	26400	33968	38088	
4523	0	26356	33408	37464	
4524	0	26320	31449	37614	
4525	0	26273	30948	38272	
4526	0	26240	31312	38876	
4527	0	26204	32105	38513	
4528	0	26172	32140	38376	
4529	0	26144	32208	38388	
4530	0	26108	32248	38444	
4531	0	26077	32416	38436	
4532	0	26053	32644	38480	
4533	0	26032	32692	38510	
4534	0	26010	32608	38504	
4535	0	25988	32488	38308	
4536	0	25960	32472	38296	
4537	0	25948	32501	38388	
4538	0	25936	32528	38412	
4539	0	25924	32548	38360	
4540	0	25904	32608	38225	
4541	0	25897	32624	38170	
4542	0	25888	32617	38092	
4543	0	25872	32716	38332	
4544	0	25872	32604	38224	
4545	0	25866	32600	38264	
4546	0	25856	32614	38320	
4547	0	25856	32669	38196	
4548	0	25848	32660	38336	
4549	0	25848	32712	38304	
4550	0	25836	32722	38284	
4551	0	25832	32661	38240	
4552	0	25836	32684	38072	
4553	0	25838	32648	38144	
4554	0	25840	32484	38400	
4555	0	25836	32637	38204	
4556	0	25836	32644	38148	
4557	0	25837	32388	38384	
4558	0	25844	32380	38308	
4559	0	25844	32405	38028	
4560	0	25848	32292	38352	
4561	0	25841	32481	38092	
4562	0	25840	32416	38224	
4563	0	25841	32369	38312	
4564	0	25844	32277	38336	
4565	0	25844	32352	38096	
4566	0	25844	32448	38072	
4567	0	25844	32456	38320	
4568	0	25848	32472	38277	
4569	0	25844	32412	38236	
4570	0	25844	32364	38396	
4571	0	25844	32428	38204	
4572	0	25834	32400	38296	
4573	0	25828	32384	38316	
4574	0	25832	32360	38236	
4575	0	25824	32360	38256	
4576	0	25824	32392	38404	
4577	0	25820	32352	38484	
4578	0	25816	32274	38285	
4579	0	25800	32312	38388	
4580	0	25792	32244	38596	
4581	0	25792	32304	38648	
4582	0	25784	32292	38560	
4583	0	25772	32320	38580	
4584	0	25764	32384	38624	
4585	0	25752	32404	38764	
4586	0	25744	32488	38808	
4587	0	25736	32456	38944	
4588	0	25728	32400	38884	
4589	0	25720	32518	39116	
4590	0	25720	32573	39462	
4591	0	25692	32516	39032	
4592	0	25688	32508	39364	
4593	0	25676	32581	38988	
4594	0	25664	32640	39292	
4595	0	25656	32776	39496	
4596	0	25648	32656	39180	
4597	0	25632	32572	39080	
4598	0	25617	32581	39356	
4599	0	25618	32564	39516	
4600	0	25608	32592	40024	
4601	0	25592	32492	39948	
4602	0	25588	32356	39776	
4603	0	25576	32352	39968	
4604	0	25568	32444	40048	
4605	0	25568	32477	40348	
4606	0	25568	32316	40496	
4607	0	25552	32080	40520	
4608	0	25552	32032	40632	
4609	0	25554	32024	41288	
4610	0	25548	32164	41488	
4611	0	25544	32196	41500	
4612	0	25548	32205	41536	
4613	0	25556	31992	42080	
4614	0	25552	32076	41704	
4615	0	25568	32072	41784	
4616	0	25568	31972	41808	
4617	0	25576	32372	41828	
4618	0	25584	32524	42360	
4619	0	25588	32669	42460	
4620	0	25602	32673	42904	
4621	0	25616	32693	43344	
4622	0	25628	32804	44072	
4623	0	25648	33068	44340	
4624	0	25660	32834	43684	
4625	0	25680	32364	43724	
4626	0	25708	32320	44296	
4627	0	25720	31482	45020	
4628	0	25744	31140	45348	
4629	0	25768	30724	46316	
4630	0	25794	30336	47636	
4631	0	25816	30484	48432	
4632	0	25856	30336	45816	
4633	0	25881	29724	45220	
4634	0	25914	29678	46944	
4635	0	25948	30080	47876	
4636	0	25984	30876	48308	
4637	0	26016	31668	49356	
4638	0	26056	31756	50048	
4639	0	26092	31609	51588	
4640	0	26140	32152	52008	
4641	0	26180	33116	51944	
4642	0	26222	34837	52052	
4643	0	26272	36280	51140	
4644	0	26312	32780	48616	
4645	0	26360	27080	44720	
4646	0	26409	31158	41213	
4647	0	26464	31442	42412	
4648	0	26520	30273	44064	
4649	0	26564	33148	41369	
4650	0	26613	37248	34129	
4651	0	26676	37852	33686	
4652	0	26729	36708	35096	
4653	0	26781	36420	38104	
4654	0	26840	36472	39368	
4655	0	26894	36568	38816	
4656	0	26948	36568	38552	
4657	0	27016	36440	38293	
4658	0	27068	35820	37280	
4659	0	27128	35513	36840	
4660	0	27196	35028	36224	
4661	0	27252	34576	35685	
4662	0	27313	34233	35300	
4663	0	27384	33948	35005	
4664	0	27436	33756	34840	
4665	0	27504	33697	34921	
4666	0	27565	33680	35132	
4667	0	27633	33682	35384	
4668	0	27692	33708	35716	
4669	0	27756	33856	36156	
4670	0	27824	34016	36636	
4671	0	27885	34148	36940	
4672	0	27952	34272	37448	
4673	0	28016	34364	37880	
4674	0	28076	34393	38056	
4675	0	28144	34424	38220	
4676	0	28202	34428	38508	
4677	0	28256	34316	38152	
4678	0	28329	34252	38204	
4679	0	28388	34276	38428	
4680	0	28454	34104	38620	
4681	0	28512	33960	39041	
4682	0	28568	33868	39820	
4683	0	28632	33616	40268	
4684	0	28700	33476	41088	
4685	0	28748	33306	41572	
4686	0	28805	33240	42260	
4687	0	28864	33101	43064	
4688	0	28920	32708	43456	
4689	0	28972	32432	44216	
4690	0	29026	32056	45040	
4691	0	29076	31628	46024	
4692	0	29128	31056	46856	
4693	0	29180	29997	47540	
4694	0	29232	28466	47956	
4695	0	29270	27252	48344	
4696	0	29332	26568	48808	
4697	0	29376	26100	49412	
4698	0	29424	25924	50128	
4699	0	29472	25812	50512	
4700	0	29508	25612	50616	
4701	0	29554	25478	50556	
4702	0	29600	25300	50264	
4703	0	29650	24906	49812	
4704	0	29684	24382	49304	
4705	0	29733	23672	48696	
4706	0	29776	22939	47648	
4707	0	29816	22144	45508	
4708	0	29860	20728	43712	
4709	0	29904	19457	43693	
4710	0	29940	17616	43949	
4711	0	29980	15696	44016	
4712	0	30016	14196	42848	
4713	0	30064	13090	40416	
4714	0	30081	12353	37820	
4715	0	30138	11996	36012	
4716	0	30180	11960	35197	
4717	0	30220	12232	35332	
4718	0	30268	12944	36000	
4719	0	30301	13956	36480	
4720	0	30345	15089	37204	
4721	0	30384	16223	37660	
4722	0	30424	17176	38212	
4723	0	30472	18040	38820	
4724	0	30520	18867	39424	
4725	0	30568	24289	43053	
4726	0	30616	28152	55192	
4727	0	30668	29392	48496	
4728	0	30704	37224	21688	
4729	0	30760	41300	33560	
4730	0	30816	45708	38368	
4731	0	30868	45376	32236	
4732	0	30925	41016	35564	
4733	0	30973	39128	37088	
4734	0	31040	34916	36228	
4735	0	31096	30212	39969	
4736	0	31160	23676	44448	
4737	0	31220	19830	47432	
4738	0	31292	21564	47416	
4739	0	31346	24892	43160	
4740	0	31424	26973	39168	
4741	0	31484	27472	39688	
4742	0	31552	27224	42004	
4743	0	31632	25824	42628	
4744	0	31716	23442	39768	
4745	0	31792	21694	38744	
4746	0	31864	28296	37752	
4747	0	31946	34360	38560	
4748	0	32032	33897	38088	
4749	0	32116	31324	37308	
4750	0	32196	30001	38129	
4751	0	32288	31040	39360	
4752	0	32376	31956	39288	
4753	0	32460	32216	38333	
4754	0	32549	31984	37792	
4755	0	32640	32044	37916	
4756	0	32736	32404	38040	
4757	0	32816	32556	38140	
4758	0	32914	32480	38232	
4759	0	33008	32392	38312	
4760	0	33104	32416	38393	
4761	0	33204	32560	38424	
4762	0	33304	32596	38432	
4763	0	33393	32612	38332	
4764	0	33500	32624	38292	
4765	0	33588	32620	38260	
4766	0	33684	32577	38309	
4767	0	33784	32616	38372	
4768	0	33888	32604	38388	
4769	0	33988	32580	38252	
4770	0	34080	32560	38172	
4771	0	34176	32408	38332	
4772	0	34272	32732	38156	
4773	0	34364	32368	38384	
4774	0	34468	32472	38472	
4775	0	34564	32892	38408	
4776	0	34664	32692	38440	
4777	0	34760	32240	38360	
4778	0	34860	32361	38276	
4779	0	34948	32620	38324	
4780	0	35040	32289	38516	
4781	0	35128	32069	38620	
4782	0	35216	31900	38752	
4783	0	35317	32120	38656	
4784	0	35404	32030	38572	
4785	0	35496	32160	38376	
4786	0	35580	32416	38200	
4787	0	35672	32361	38244	
4788	0	35756	32120	38357	
4789	0	35836	32240	38424	
4790	0	35920	32172	38568	
4791	0	36000	32328	38632	
4792	0	36072	32132	38696	
4793	0	36156	32156	38473	
4794	0	36232	31984	38496	
4795	0	36308	31956	38444	
4796	0	36386	31904	38400	
4797	0	36453	31924	38440	
4798	0	36532	31833	38432	
4799	0	36592	31812	38624	
4800	0	36664	31800	38588	
4801	0	36732	31760	38804	
4802	0	36796	31656	38668	
4803	0	36848	31580	38724	
4804	0	36924	31528	38592	
4805	0	36992	31516	38496	
4806	0	37048	31648	38437	
4807	0	37112	31641	38192	
4808	0	37168	31741	38216	
4809	0	37228	31812	38208	
4810	0	37280	31712	38240	
4811	0	37332	31752	38280	
4812	0	37392	31764	38548	
4813	0	37440	31788	38816	
4814	0	37496	31780	39068	
4815	0	37540	31704	39309	
4816	0	37600	31724	39524	
4817	0	37633	31636	39692	
4818	0	37696	31648	39732	
4819	0	37740	31628	39700	
4820	0	37785	31740	39688	
4821	0	37836	31716	39776	
4822	0	37884	31624	39500	
4823	0	37932	31392	39276	
4824	0	37984	31397	38956	
4825	0	38020	31408	39044	
4826	0	38068	31489	39368	
4827	0	38108	31652	39828	
4828	0	38148	31548	40020	
4829	0	38192	31593	40048	
4830	0	38237	31456	40088	
4831	0	38280	31393	40168	
4832	0	38320	31268	40240	
4833	0	38368	31184	40376	
4834	0	38394	31264	40544	
4835	0	38436	31316	41236	
4836	0	38480	31288	41532	
4837	0	38524	31264	41736	
4838	0	38560	31348	42004	
4839	0	38600	31384	42148	
4840	0	38640	31376	42368	
4841	0	38680	31740	42660	
4842	0	38720	31680	42792	
4843	0	38756	31608	42544	
4844	0	38792	31738	42548	
4845	0	38824	31705	42912	
4846	0	38860	31136	43332	
4847	0	38900	31222	43272	
4848	0	38936	30816	43496	
4849	0	38968	31212	44168	
4850	0	39008	30986	44288	
4851	0	39048	30100	45316	
4852	0	39080	29776	47136	
4853	0	39120	29984	46892	
4854	0	39156	29601	46036	
4855	0	39192	28896	45336	
4856	0	39224	28000	47220	
4857	0	39256	27565	48680	
4858	0	39300	28672	50200	
4859	0	39316	30809	49712	
4860	0	39360	31180	50732	
4861	0	39396	29880	51084	
4862	0	39413	29793	52264	
4863	0	39444	31600	53408	
4864	0	39484	33856	53188	
4865	0	39520	35868	52388	
4866	0	39544	29538	48032	
4867	0	39576	24024	42016	
4868	0	39596	30129	42802	
4869	0	39632	30052	43888	
4870	0	39660	30092	44844	
4871	0	39684	31440	40532	
4872	0	39704	35004	38784	
4873	0	39732	37470	35352	
4874	0	39760	37524	36524	
4875	0	39780	36848	37696	
4876	0	39805	36700	38037	
4877	0	39832	36612	37856	
4878	0	39849	36400	37084	
4879	0	39864	36652	36958	
4880	0	39892	36512	36316	
4881	0	39916	36129	35924	
4882	0	39928	35828	35817	
4883	0	39948	35384	35644	
4884	0	39964	34920	35464	
4885	0	39984	34492	35464	
4886	0	39996	34104	35448	
4887	0	40012	33662	35404	
4888	0	40016	33412	35380	
4889	0	40038	33337	35484	
4890	0	40052	33336	35704	
4891	0	40056	33360	35844	
4892	0	40076	33528	36052	
4893	0	40088	33804	36484	
4894	0	40080	34016	36676	
4895	0	40096	34196	36981	
4896	0	40096	34476	37252	
4897	0	40105	34512	37664	
4898	0	40112	34512	37722	
4899	0	40112	34532	37936	
4900	0	40124	34304	38112	
4901	0	40120	34240	38288	
4902	0	40120	34024	38200	
4903	0	40116	33880	38368	
4904	0	40120	33941	38916	
4905	0	40112	34176	40044	
4906	0	40116	33724	40168	
4907	0	40108	33448	40986	
4908	0	40096	33444	41052	
4909	0	40092	33512	41748	
4910	0	40084	33248	42296	
4911	0	40076	32873	43152	
4912	0	40064	32260	43908	
4913	0	40050	31560	44744	
4914	0	40032	30836	45780	
4915	0	40016	30148	46784	
4916	0	40004	29484	47660	
4917	0	39984	28852	48432	
4918	0	39972	28220	48924	
4919	0	39949	27536	49356	
4920	0	39916	26921	49616	
4921	0	39904	26276	49900	
4922	0	39876	25712	50128	
4923	0	39853	25392	50356	
4924	0	39824	25296	50564	
4925	0	39800	25354	50684	
4926	0	39764	25346	50416	
4927	0	39740	25120	49864	
4928	0	39708	25198	48228	
4929	0	39672	24932	47096	
4930	0	39644	24300	47108	
4931	0	39604	23365	47741	
4932	0	39565	20196	48044	
4933	0	39528	14841	48608	
4934	0	39500	10566	46580	
4935	0	39452	7948	41724	
4936	0	39404	7060	35609	
4937	0	39368	7196	31448	
4938	0	39336	8186	30516	
4939	0	39288	9583	32484	
4940	0	39244	11233	35280	
4941	0	39200	13039	37177	
4942	0	39160	15008	37844	
4943	0	39112	16928	37868	
4944	0	39064	18464	38056	
4945	0	39020	19597	38536	
4946	0	38976	20716	39360	
4947	0	38937	28754	44080	
4948	0	38892	29036	55192	
4949	0	38840	44988	36092	
4950	0	38792	40980	29956	
4951	0	38756	42593	43632	
4952	0	38712	44212	38728	
4953	0	38664	39928	35312	
4954	0	38628	37536	34800	
4955	0	38576	36032	35601	
4956	0	38536	29796	38500	
4957	0	38496	24204	43892	
4958	0	38456	22794	46836	
4959	0	38409	23812	45756	
4960	0	38368	26908	42308	
4961	0	38336	28549	39532	
4962	0	38296	29072	41092	
4963	0	38256	28890	42772	
4964	0	38228	29444	43224	
4965	0	38188	30116	42480	
4966	0	38156	28668	42132	
4967	0	38132	26232	40789	
4968	0	38088	24738	38388	
4969	0	38060	25252	37032	
4970	0	38024	29337	37464	
4971	0	37996	33241	38620	
4972	0	37964	32380	39084	
4973	0	37928	30136	38228	
4974	0	37900	30348	37772	
4975	0	37872	31504	38272	
4976	0	37836	31868	38784	
4977	0	37808	31780	38556	
4978	0	37784	31770	38282	
4979	0	37744	31953	38328	
4980	0	37724	32152	38340	
4981	0	37684	32212	38312	
4982	0	37656	32232	38320	
4983	0	37624	32261	38357	
4984	0	37597	32248	38360	
4985	0	37560	32212	38380	
4986	0	37532	32236	38376	
4987	0	37500	32292	38400	
4988	0	37472	32281	38400	
4989	0	37440	32284	38292	
4990	0	37408	32276	38240	
4991	0	37376	32256	38296	
4992	0	37340	32320	38304	
4993	0	37308	32236	38156	
4994	0	37268	32260	38293	
4995	0	37236	32272	38284	
4996	0	37204	32304	38253	
4997	0	37176	32288	38308	
4998	0	37136	32269	38249	
4999	0	37096	32336	38280	
5000	0	37056	32344	38360	
5001	0	37020	32344	38332	
5002	0	36980	32330	38316	
5003	0	36940	32304	38244	
5004	0	36897	32229	38368	
5005	0	36856	32204	38384	
5006	0	36820	32320	38004	
5007	0	36772	32357	37940	
5008	0	36732	32128	38212	
5009	0	36692	32192	38136	
5010	0	36644	32084	38313	
5011	0	36600	32176	38188	
5012	0	36556	32184	38248	
5013	0	36500	32124	38352	
5014	0	36460	32140	38280	
5015	0	36409	32044	38372	
5016	0	36368	32048	38281	
5017	0	36313	32128	38284	
5018	0	36264	32108	38285	
5019	0	36212	32148	38320	
5020	0	36160	32132	38312	
5021	0	36112	32128	38224	
5022	0	36068	31920	38124	
5023	0	36000	31592	37928	
5024	0	35964	30864	38364	
5025	0	35904	30724	39524	
5026	0	35852	31168	39412	
5027	0	35800	32088	38744	
5028	0	35740	32496	38329	
5029	0	35685	32802	38312	
5030	0	35640	33104	38480	
5031	0	35584	33092	38660	
5032	0	35520	32960	38772	
5033	0	35477	32764	38724	
5034	0	35416	32644	38720	
5035	0	35360	32704	38960	
5036	0	35308	32700	39080	
5037	0	35252	32456	39097	
5038	0	35196	32292	39104	
5039	0	35144	32368	39076	
5040	0	35080	32508	39152	
5041	0	35036	32476	39308	
5042	0	34980	32452	39452	
5043	0	34925	32356	39376	
5044	0	34874	32332	39184	
5045	0	34824	32348	39240	
5046	0	34764	32552	39320	
5047	0	34720	32313	39404	
5048	0	34680	32072	39840	
5049	0	34616	31964	40236	
5050	0	34568	31968	40400	
5051	0	34528	31928	40756	
5052	0	34476	31868	40640	
5053	0	34428	31808	40736	
5054	0	34377	31768	40800	
5055	0	34332	31740	41060	
5056	0	34288	31652	40988	
5057	0	34244	31764	41032	
5058	0	34208	31932	40808	
5059	0	34161	31664	41056	
5060	0	34125	31612	40912	
5061	0	34088	31692	40928	
5062	0	34052	31890	40856	
5063	0	34012	32076	41096	
5064	0	33984	31980	41104	
5065	0	33936	32448	40880	
5066	0	33916	32548	41952	
5067	0	33884	32712	42912	
5068	0	33856	32820	43520	
5069	0	33824	32580	43220	
5070	0	33796	32661	42708	
5071	0	33768	32264	42564	
5072	0	33744	32044	42776	
5073	0	33720	31652	43641	
5074	0	33692	31192	44448	
5075	0	33668	31620	45556	
5076	0	33656	30460	45752	
5077	0	33632	29597	46920	
5078	0	33613	30364	46932	
5079	0	33596	30512	45876	
5080	0	33568	30140	44104	
5081	0	33557	29118	45364	
5082	0	33532	28832	47144	
5083	0	33520	28936	48664	
5084	0	33500	30864	48601	
5085	0	33492	32904	49156	
5086	0	33480	33408	49836	
5087	0	33460	33332	50477	
5088	0	33440	34156	50968	
5089	0	33424	35616	50820	
5090	0	33420	37272	50136	
5091	0	33400	38210	49152	
5092	0	33384	35624	46604	
5093	0	33372	28988	42364	
5094	0	33360	28980	38280	
5095	0	33348	27049	38788	
5096	0	33324	29596	40292	
5097	0	33317	35120	37041	
5098	0	33304	36424	33792	
5099	0	33280	35340	35656	
5100	0	33268	35012	37849	
5101	0	33256	35296	38784	
5102	0	33236	35509	38884	
5103	0	33220	35641	38837	
5104	0	33209	35413	38024	
5105	0	33192	35332	37420	
5106	0	33176	35040	36624	
5107	0	33168	34856	35932	
5108	0	33144	34616	35480	
5109	0	33132	34388	35280	
5110	0	33120	34184	35152	
5111	0	33096	34052	35248	
5112	0	33088	33968	35572	
5113	0	33072	33936	36012	
5114	0	33060	33884	36498	
5115	0	33040	33822	36440	
5116	0	33028	33776	36624	
5117	0	33008	33772	36857	
5118	0	32992	33732	37108	
5119	0	32980	33725	37252	
5120	0	32960	33748	37264	
5121	0	32936	33856	37584	
5122	0	32924	33940	37620	
5123	0	32912	33953	37304	
5124	0	32900	34024	37328	
5125	0	32880	34088	37692	
5126	0	32856	34052	37913	
5127	0	32840	33840	37680	
5128	0	32818	33824	38048	
5129	0	32804	33736	38512	
5130	0	32784	33652	39520	
5131	0	32764	33268	39392	
5132	0	32744	33096	39912	
5133	0	32724	32968	40457	
5134	0	32700	32872	41160	
5135	0	32681	32600	41688	
5136	0	32664	32520	42292	
5137	0	32644	32504	43136	
5138	0	32620	32468	44064	
5139	0	32596	32105	44688	
5140	0	32572	32018	45560	
5141	0	32544	31440	46204	
5142	0	32524	30798	46964	
5143	0	32496	29820	47716	
5144	0	32468	28778	48432	
5145	0	32448	27692	49008	
5146	0	32420	26536	49528	
5147	0	32388	25492	50008	
5148	0	32360	24600	50480	
5149	0	32324	23776	50736	
5150	0	32296	22912	50920	
5151	0	32276	22113	50720	
5152	0	32236	21500	49896	
5153	0	32200	20984	48180	
5154	0	32176	20621	45468	
5155	0	32144	20620	41384	
5156	0	32100	20452	37836	
5157	0	32068	19648	37392	
5158	0	32041	19036	38880	
5159	0	31996	18684	40985	
5160	0	31968	18260	42528	
5161	0	31928	17528	42896	
5162	0	31888	16612	42056	
5163	0	31856	15616	40080	
5164	0	31810	14476	37900	
5165	0	31776	13913	35800	
5166	0	31736	13824	34234	
5167	0	31700	13774	33509	
5168	0	31652	14074	33328	
5169	0	31608	14501	33596	
5170	0	31572	15073	34272	
5171	0	31528	15796	35336	
5172	0	31484	16632	36384	
5173	0	31440	22796	44296	
5174	0	31396	24213	55188	
5175	0	31353	23716	50264	
5176	0	31309	35236	23424	
5177	0	31272	39948	32192	
5178	0	31224	45028	38408	
5179	0	31188	46428	35528	
5180	0	31136	40373	38692	
5181	0	31094	36260	38884	
5182	0	31056	31160	36996	
5183	0	31012	25813	40788	
5184	0	30970	21576	47732	
5185	0	30920	21260	48920	
5186	0	30872	22560	45936	
5187	0	30840	24836	40792	
5188	0	30793	25742	39040	
5189	0	30752	26956	39844	
5190	0	30708	28200	39812	
5191	0	30672	29676	40757	
5192	0	30632	29992	40784	
5193	0	30588	31032	39248	
5194	0	30538	30096	38048	
5195	0	30500	29904	37800	
5196	0	30456	31228	37864	
5197	0	30416	31588	38396	
5198	0	30372	31836	38572	
5199	0	30324	31882	38536	
5200	0	30294	31676	38636	
5201	0	30248	31876	38644	
5202	0	30208	32260	38456	
5203	0	30172	32520	38192	
5204	0	30132	32613	38040	
5205	0	30097	32528	38008	
5206	0	30057	32444	37984	
5207	0	30017	32472	38004	
5208	0	29985	32548	38244	
5209	0	29952	32580	38556	
5210	0	29912	32592	38676	
5211	0	29868	32618	38488	
5212	0	29840	32616	38246	
5213	0	29800	32624	38212	
5214	0	29760	32640	38184	
5215	0	29740	32664	38172	
5216	0	29696	32748	38264	
5217	0	29657	32744	38404	
5218	0	29632	32712	38564	
5219	0	29588	32588	38532	
5220	0	29560	32453	38444	
5221	0	29524	32396	38396	
5222	0	29496	32404	38336	
5223	0	29456	32376	38272	
5224	0	29420	32440	38256	
5225	0	29385	32516	38312	
5226	0	29348	32552	38352	
5227	0	29316	32480	38292	
5228	0	29281	32476	38336	
5229	0	29224	32477	38264	
5230	0	29213	32569	38228	
5231	0	29176	32096	38228	
5232	0	29136	32368	38252	
5233	0	29102	32741	38241	
5234	0	29068	32332	38272	
5235	0	29028	32456	38300	
5236	0	28988	32345	38222	
5237	0	28956	32432	38253	
5238	0	28916	32232	38212	
5239	0	28874	32314	38236	
5240	0	28832	32248	38264	
5241	0	28804	32330	38336	
5242	0	28752	32365	38340	
5243	0	28712	32348	38288	
5244	0	28673	32412	38400	
5245	0	28632	32336	38392	
5246	0	28593	32336	38428	
5247	0	28545	32368	38470	
5248	0	28504	32396	38460	
5249	0	28460	32472	38456	
5250	0	28420	32442	38692	
5251	0	28376	32304	38528	
5252	0	28332	32296	38616	
5253	0	28280	32308	38812	
5254	0	28234	32216	39028	
5255	0	28188	32210	39004	
5256	0	28140	31928	38756	
5257	0	28100	31761	38472	
5258	0	28057	31636	38448	
5259	0	28012	31485	38428	
5260	0	27968	31768	38350	
5261	0	27916	31832	38332	
5262	0	27868	32284	38412	
5263	0	27824	32328	38592	
5264	0	27776	32480	38832	
5265	0	27738	32584	39072	
5266	0	27688	32544	39408	
5267	0	27640	32548	39456	
5268	0	27596	32484	39592	
5269	0	27552	32329	39812	
5270	0	27504	32321	39732	
5271	0	27456	32258	39784	
5272	0	27416	32032	39508	
5273	0	27364	32016	39330	
5274	0	27328	32160	39504	
5275	0	27288	32176	39456	
5276	0	27241	32005	39428	
5277	0	27200	31809	39788	
5278	0	27160	31808	40416	
5279	0	27122	31804	40728	
5280	0	27080	31865	41152	
5281	0	27036	31748	41732	
5282	0	27000	31608	41936	
5283	0	26964	31485	41796	
5284	0	26924	31528	41880	
5285	0	26896	31696	42068	
5286	0	26860	31880	42308	
5287	0	26828	32060	42320	
5288	0	26788	32028	42416	
5289	0	26756	32013	42472	
5290	0	26734	31693	42354	
5291	0	26708	31792	42444	
5292	0	26672	31540	42968	
5293	0	26644	31992	43124	
5294	0	26620	32056	42288	
5295	0	26597	31896	42564	
5296	0	26568	31424	43468	
5297	0	26552	31320	44204	
5298	0	26528	31253	45004	
5299	0	26508	29966	45060	
5300	0	26489	29948	46228	
5301	0	26469	29092	46432	
5302	0	26458	28620	47460	
5303	0	26444	29409	47280	
5304	0	26428	27396	48116	
5305	0	26412	27316	47992	
5306	0	26408	31088	47624	
5307	0	26400	32812	48480	
5308	0	26384	31589	50264	
5309	0	26370	30360	50656	
5310	0	26364	31008	51032	
5311	0	26352	32768	51744	
5312	0	26353	34780	52412	
5313	0	26348	37316	52876	
5314	0	26341	39512	53856	
5315	0	26344	35156	49216	
5316	0	26340	33868	43852	
5317	0	26341	34608	40544	
5318	0	26340	29668	41492	
5319	0	26340	31812	42072	
5320	0	26344	36952	35296	
5321	0	26349	36990	29928	
5322	0	26352	36324	32268	
5323	0	26368	35800	35964	
5324	0	26368	35816	37576	
5325	0	26380	36072	37432	
5326	0	26388	36136	36636	
5327	0	26396	36516	36181	
5328	0	26409	36541	35760	
5329	0	26416	35872	34984	
5330	0	26436	35124	34244	
5331	0	26452	34844	33952	
5332	0	26464	34600	33684	
5333	0	26480	34336	33785	
5334	0	26501	34092	34000	
5335	0	26516	33813	34124	
5336	0	26544	33696	34308	
5337	0	26560	33656	34484	
5338	0	26592	33652	34756	
5339	0	26612	33712	35312	
5340	0	26634	33952	36080	
5341	0	26660	34216	36781	
5342	0	26688	34428	37244	
5343	0	26720	34516	37464	
5344	0	26753	34536	37567	
5345	0	26784	34548	37624	
5346	0	26816	34540	37612	
5347	0	26848	34528	37580	
5348	0	26888	34588	37576	
5349	0	26924	34588	37712	
5350	0	26956	34452	37588	
5351	0	27004	34508	38092	
5352	0	27040	34308	38044	
5353	0	27092	34512	38685	
5354	0	27128	34272	38708	
5355	0	27172	34364	39780	
5356	0	27216	34180	40384	
5357	0	27268	33908	40896	
5358	0	27312	33700	42004	
5359	0	27361	33472	43082	
5360	0	27416	32921	43968	
5361	0	27464	32392	44796	
5362	0	27516	31828	45496	
5363	0	27572	31128	46214	
5364	0	27629	30432	46868	
5365	0	27684	29504	47432	
5366	0	27736	28570	47984	
5367	0	27796	27792	48536	
5368	0	27857	27469	49242	
5369	0	27916	27332	50024	
5370	0	27976	26984	50692	
5371	0	28040	25860	51737	
5372	0	28104	25004	53320	
5373	0	28164	24600	54144	
5374	0	28285	24181	52480	
5375	0	28292	23564	50256	
5376	0	28364	23045	47116	
5377	0	28432	22508	44620	
5378	0	28500	21871	42724	
5379	0	28564	20820	41524	
5380	0	28633	18898	40796	
5381	0	28700	15620	41104	
5382	0	28776	12006	40064	
5383	0	28837	10028	36592	
5384	0	28916	9689	32740	
5385	0	28992	9864	30452	
5386	0	29065	10400	31232	
5387	0	29136	11330	34392	
5388	0	29220	12864	37701	
5389	0	29284	14612	39592	
5390	0	29368	16376	38876	
5391	0	29448	17970	37840	
5392	0	29517	19132	37456	
5393	0	29600	20112	36420	
5394	0	29684	21073	35996	
5395	0	29764	22042	36384	
5396	0	29840	23120	37240	
5397	0	29920	25676	52728	
5398	0	30010	27664	54700	
5399	0	30100	38656	28228	
5400	0	30180	38144	34672	
5401	0	30268	41152	42520	
5402	0	30352	41930	36852	
5403	0	30444	38660	38856	
5404	0	30536	36152	39832	
5405	0	30622	34733	37728	
5406	0	30716	32144	38760	
5407	0	30808	27233	42268	
5408	0	30900	24173	44732	
5409	0	31000	24416	45348	
5410	0	31092	26188	42240	
5411	0	31184	27996	38876	
5412	0	31277	28696	38284	
5413	0	31388	28716	39160	
5414	0	31472	28864	40272	
5415	0	31572	28144	41324	
5416	0	31672	26869	40168	
5417	0	31776	25217	38380	
5418	0	31876	27621	37476	
5419	0	31976	32356	37917	
5420	0	32072	33476	38460	
5421	0	32176	31668	38044	
5422	0	32280	30784	37996	
5423	0	32384	31016	38388	
5424	0	32488	31880	38532	
5425	0	32592	32288	38420	
5426	0	32692	32392	38336	
5427	0	32800	32364	38368	
5428	0	32900	32340	38364	
5429	0	33000	32428	38282	
5430	0	33104	32460	38364	
5431	0	33204	32477	38356	
5432	0	33309	32440	38344	
5433	0	33408	32456	38336	
5434	0	33512	32488	38365	
5435	0	33608	32548	38344	
5436	0	33708	32588	38340	
5437	0	33812	32592	38252	
5438	0	33908	32616	38276	
5439	0	34004	32616	38316	
5440	0	34104	32620	38316	
5441	0	34200	32580	38265	
5442	0	34292	32536	38264	
5443	0	34392	32516	38352	
5444	0	34484	32516	38340	
5445	0	34576	32560	38360	
5446	0	34656	32518	38373	
5447	0	34752	32508	38380	
5448	0	34844	32504	38416	
5449	0	34916	32434	38424	
5450	0	35012	32496	38312	
5451	0	35088	32432	38256	
5452	0	35168	32348	38272	
5453	0	35256	32396	38248	
5454	0	35332	32340	38292	
5455	0	35407	32292	38233	
5456	0	35484	32388	38180	
5457	0	35552	32216	38252	
5458	0	35636	32308	38176	
5459	0	35692	32273	38256	
5460	0	35772	32268	38316	
5461	0	35832	32512	38012	
5462	0	35904	32324	38253	
5463	0	35964	32241	38364	
5464	0	36024	32228	38328	
5465	0	36084	32292	38356	
5466	0	36144	32024	38440	
5467	0	36200	32273	38326	
5468	0	36252	32032	38396	
5469	0	36320	32224	38300	
5470	0	36353	32000	38352	
5471	0	36408	32018	38360	
5472	0	36453	32172	38356	
5473	0	36500	32045	38516	
5474	0	36544	31892	38600	
5475	0	36589	31768	38540	
5476	0	36632	31741	38824	
5477	0	36668	31844	38748	
5478	0	36704	31880	38736	
5479	0	36744	31940	38572	
5480	0	36776	31872	38332	
5481	0	36816	31913	38414	
5482	0	36836	32004	38648	
5483	0	36872	32000	38552	
5484	0	36904	32148	39064	
5485	0	36932	32048	39012	
5486	0	36952	32013	39368	
5487	0	36980	32156	39500	
5488	0	37004	32128	39592	
5489	0	37020	32192	39572	
5490	0	37048	32332	39484	
5491	0	37072	32461	39860	
5492	0	37092	32408	39860	
5493	0	37112	32400	39716	
5494	0	37128	32056	39344	
5495	0	37156	31873	39068	
5496	0	37160	31948	39112	
5497	0	37176	32064	39360	
5498	0	37200	31848	39476	
5499	0	37208	31688	39368	
5500	0	37224	31688	39556	
5501	0	37240	31496	39994	
5502	0	37256	31548	40160	
5503	0	37270	31432	40128	
5504	0	37280	31540	40548	
5505	0	37292	31657	40784	
5506	0	37304	31569	41019	
5507	0	37320	31224	40984	
5508	0	37328	31276	41098	
5509	0	37352	31170	41356	
5510	0	37364	31252	41728	
5511	0	37376	31524	41660	
5512	0	37388	31680	41764	
5513	0	37408	31664	42208	
5514	0	37425	32028	42716	
5515	0	37440	32424	42920	
5516	0	37452	32264	43744	
5517	0	37468	32372	44004	
5518	0	37488	32160	42660	
5519	0	37500	31840	42288	
5520	0	37524	31516	43048	
5521	0	37544	31521	43952	
5522	0	37560	31660	44560	
5523	0	37580	31668	44752	
5524	0	37596	30480	45512	
5525	0	37613	29988	46848	
5526	0	37640	29556	46132	
5527	0	37664	29396	45800	
5528	0	37688	28104	48128	
5529	0	37712	28508	48632	
5530	0	37740	29036	48304	
5531	0	37760	30888	46968	
5532	0	37788	31380	47972	
5533	0	37808	31436	49904	
5534	0	37836	30998	51368	
5535	0	37856	31172	51960	
5536	0	37888	31972	51832	
5537	0	37916	33932	52148	
5538	0	37936	35809	51908	
5539	0	37972	37008	51048	
5540	0	37997	32800	47680	
5541	0	38020	31488	44053	
5542	0	38052	32240	41912	
5543	0	38084	30168	42432	
5544	0	38105	29836	41540	
5545	0	38136	35692	38192	
5546	0	38168	39000	32612	
5547	0	38196	37552	31568	
5548	0	38212	37076	34800	
5549	0	38240	36892	37184	
5550	0	38272	36984	36609	
5551	0	38300	37276	36272	
5552	0	38320	37400	36200	
5553	0	38344	37168	35872	
5554	0	38364	36876	35860	
5555	0	38392	36360	35920	
5556	0	38420	35856	36016	
5557	0	38448	35412	35997	
5558	0	38466	35076	35952	
5559	0	38496	34706	36088	
5560	0	38512	34393	36112	
5561	0	38533	34092	35976	
5562	0	38556	33796	35737	
5563	0	38568	33736	35816	
5564	0	38592	33588	35740	
5565	0	38604	33693	35816	
5566	0	38624	33789	35924	
5567	0	38636	33896	35996	
5568	0	38660	34248	36372	
5569	0	38672	34416	36552	
5570	0	38680	34624	36844	
5571	0	38688	34684	37204	
5572	0	38712	34632	37352	
5573	0	38720	34740	37792	
5574	0	38732	34700	38272	
5575	0	38744	34656	38356	
5576	0	38752	34680	38980	
5577	0	38752	34576	39340	
5578	0	38752	34541	40056	
5579	0	38768	34432	40660	
5580	0	38757	34285	41236	
5581	0	38772	34016	41744	
5582	0	38772	33844	42508	
5583	0	38764	33685	43248	
5584	0	38768	33356	43996	
5585	0	38776	32932	44832	
5586	0	38764	32332	45644	
5587	0	38756	31633	46552	
5588	0	38760	30912	47508	
5589	0	38752	30088	48544	
5590	0	38748	29120	49488	
5591	0	38748	27952	50352	
5592	0	38736	26808	51148	
5593	0	38736	25804	51824	
5594	0	38720	24969	52232	
5595	0	38704	24292	52492	
5596	0	38704	23885	52540	
5597	0	38688	23356	52420	
5598	0	38672	22708	51532	
5599	0	38660	22212	49888	
5600	0	38648	21792	47428	
5601	0	38636	21488	44952	
5602	0	38620	20896	43317	
5603	0	38608	20310	42784	
5604	0	38592	18977	42620	
5605	0	38576	17312	42828	
5606	0	38552	15144	41780	
5607	0	38536	12622	39992	
5608	0	38528	12130	37076	
5609	0	38509	12348	34028	
5610	0	38484	13038	32060	
5611	0	38472	13476	31984	
5612	0	38456	13492	33834	
5613	0	38428	14328	35498	
5614	0	38412	15230	37340	
5615	0	38393	16460	38024	
5616	0	38368	17597	38072	
5617	0	38356	18706	37764	
5618	0	38336	19756	37612	
5619	0	38312	20697	37772	
5620	0	38292	21544	37676	
5621	0	38280	22469	37988	
5622	0	38256	23580	38140	
5623	0	38240	28284	40932	
5624	0	38220	31204	54048	
5625	0	38196	40916	43784	
5626	0	38176	41080	21772	
5627	0	38164	42782	35456	
5628	0	38136	45240	36352	
5629	0	38116	43184	35340	
5630	0	38108	39236	39324	
5631	0	38081	35088	38184	
5632	0	38066	28428	39872	
5633	0	38052	22368	43744	
5634	0	38040	19789	48256	
5635	0	38024	22080	48000	
5636	0	38005	25672	43628	
5637	0	37992	27876	39825	
5638	0	37980	27408	40197	
5639	0	37964	26476	41824	
5640	0	37952	27417	41284	
5641	0	37944	28288	39937	
5642	0	37928	29216	39048	
5643	0	37912	29976	38488	
5644	0	37904	30842	37092	
5645	0	37892	29402	37357	
5646	0	37888	29817	38200	
5647	0	37864	30892	38848	
5648	0	37860	31388	38808	
5649	0	37849	31228	38428	
5650	0	37840	31556	38032	
5651	0	37828	31632	38217	
5652	0	37824	31676	38540	
5653	0	37812	31957	38468	
5654	0	37800	32256	38465	
5655	0	37792	32402	38528	
5656	0	37776	32293	38568	
5657	0	37772	32180	38540	
5658	0	37757	32157	38344	
5659	0	37740	32161	38280	
5660	0	37736	32170	38272	
5661	0	37732	32180	38360	
5662	0	37712	32192	38368	
5663	0	37700	32276	38304	
5664	0	37684	32309	38272	
5665	0	37664	32312	38264	
5666	0	37660	32320	38276	
5667	0	37632	32504	38440	
5668	0	37624	32350	38304	
5669	0	37596	32276	38260	
5670	0	37580	32532	37992	
5671	0	37560	32152	38364	
5672	0	37536	32428	38088	
5673	0	37509	32148	38392	
5674	0	37492	32160	38476	
5675	0	37464	32280	38313	
5676	0	37432	32140	38484	
5677	0	37408	32084	38424	
5678	0	37376	32120	38340	
5679	0	37336	32188	38292	
5680	0	37310	32558	37932	
5681	0	37273	32648	37840	
5682	0	37240	32316	38160	
5683	0	37200	32080	38292	
5684	0	37160	32348	38089	
5685	0	37120	31904	38340	
5686	0	37084	32136	38148	
5687	0	37040	32217	38120	
5688	0	36992	32004	38264	
5689	0	36944	32168	38176	
5690	0	36900	31992	38364	
5691	0	36840	32192	38304	
5692	0	36796	32132	38248	
5693	0	36748	32192	38308	
5694	0	36696	32097	38384	
5695	0	36636	31936	38516	
5696	0	36580	31780	38544	
5697	0	36528	31436	38756	
5698	0	36464	31309	39040	
5699	0	36408	31352	39176	
5700	0	36352	31340	39256	
5701	0	36288	31645	38988	
5702	0	36232	32232	38608	
5703	0	36173	32096	38064	
5704	0	36112	32108	38344	
5705	0	36044	32244	38248	
5706	0	35976	32456	38188	
5707	0	35924	32480	38336	
5708	0	35844	32528	38625	
5709	0	35785	32521	38884	
5710	0	35712	32300	38996	
5711	0	35660	32208	39140	
5712	0	35596	32204	39344	
5713	0	35520	32229	39388	
5714	0	35464	32184	39408	
5715	0	35396	31962	39264	
5716	0	35328	32056	39328	
5717	0	35268	32216	39428	
5718	0	35200	32324	39280	
5719	0	35140	32264	39564	
5720	0	35072	32192	39649	
5721	0	35008	32226	39360	
5722	0	34952	32208	39360	
5723	0	34880	32048	39232	
5724	0	34829	31776	39088	
5725	0	34756	31772	39160	
5726	0	34712	31708	39300	
5727	0	34648	31804	39296	
5728	0	34596	31668	39112	
5729	0	34528	31836	39212	
5730	0	34472	32050	39788	
5731	0	34416	32084	40152	
5732	0	34364	31684	40608	
5733	0	34308	31388	40764	
5734	0	34256	31361	41265	
5735	0	34208	31432	41800	
5736	0	34160	31472	41742	
5737	0	34112	31465	41416	
5738	0	34061	31853	41416	
5739	0	34016	31620	41428	
5740	0	33972	31712	41808	
5741	0	33928	31964	42212	
5742	0	33896	32128	42872	
5743	0	33853	32368	43056	
5744	0	33817	32532	43008	
5745	0	33768	32341	42784	
5746	0	33732	32256	42588	
5747	0	33704	31912	42980	
5748	0	33664	31556	43268	
5749	0	33632	31109	43872	
5750	0	33604	31004	45356	
5751	0	33570	30537	47068	
5752	0	33548	29768	48356	
5753	0	33512	30300	47832	
5754	0	33480	30008	46064	
5755	0	33456	29476	45604	
5756	0	33428	28508	47104	
5757	0	33408	29044	48384	
5758	0	33380	30740	47248	
5759	0	33356	31640	48752	
5760	0	33336	31500	50176	
5761	0	33312	31324	50725	
5762	0	33296	31704	50868	
5763	0	33266	32669	50924	
5764	0	33248	34292	51320	
5765	0	33226	36344	50732	
5766	0	33212	36996	49281	
5767	0	33192	30380	45504	
5768	0	33184	28068	42616	
5769	0	33158	30696	41964	
5770	0	33137	30448	44348	
5771	0	33124	30284	43100	
5772	0	33112	32493	39648	
5773	0	33088	35216	37536	
5774	0	33072	37632	33104	
5775	0	33049	37012	33544	
5776	0	33036	36032	34728	
5777	0	33012	35744	36064	
5778	0	32996	35616	36197	
5779	0	32984	35704	36144	
5780	0	32964	35768	36100	
5781	0	32942	35684	36168	
5782	0	32921	35364	36224	
5783	0	32896	34984	36436	
5784	0	32872	34696	36633	
5785	0	32856	34300	36704	
5786	0	32844	34012	36744	
5787	0	32816	33736	36568	
5788	0	32792	33476	36544	
5789	0	32768	33228	36400	
5790	0	32744	32964	36216	
5791	0	32717	32852	36072	
5792	0	32700	32780	35872	
5793	0	32660	32852	35828	
5794	0	32638	33024	35864	
5795	0	32608	33220	36056	
5796	0	32580	33472	36304	
5797	0	32552	33673	36608	
5798	0	32520	33900	36960	
5799	0	32488	33996	37276	
5800	0	32456	34040	37676	
5801	0	32424	34132	38192	
5802	0	32384	34048	38172	
5803	0	32353	34108	38288	
5804	0	32316	34136	38806	
5805	0	32273	34098	39052	
5806	0	32228	34096	39512	
5807	0	32196	33952	39900	
5808	0	32148	33716	40456	
5809	0	32104	33428	41028	
5810	0	32061	33048	41800	
5811	0	32009	32432	42104	
5812	0	31964	31840	42552	
5813	0	31924	31100	43053	
5814	0	31868	30268	43524	
5815	0	31824	29472	44388	
5816	0	31769	28676	45241	
5817	0	31712	27972	46480	
5818	0	31657	27448	47740	
5819	0	31608	26752	48920	
5820	0	31560	25876	49984	
5821	0	31496	24828	50792	
5822	0	31436	23816	51100	
5823	0	31380	22969	50984	
5824	0	31320	22388	50465	
5825	0	31248	22265	49664	
5826	0	31196	22076	48872	
5827	0	31136	22100	47736	
5828	0	31068	22232	46328	
5829	0	31001	22656	44256	
5830	0	30945	24376	39520	
5831	0	30877	25228	36408	
5832	0	30816	24064	38124	
5833	0	30752	21976	40761	
5834	0	30682	19916	44812	
5835	0	30620	17592	47320	
5836	0	30548	14780	46816	
5837	0	30482	12964	43717	
5838	0	30424	12128	39397	
5839	0	30356	11899	35888	
5840	0	30288	12210	33816	
5841	0	30224	12832	33048	
5842	0	30168	13816	32972	
5843	0	30096	15105	33140	
5844	0	30036	16616	33309	
5845	0	29976	21330	46181	
5846	0	29912	17636	55264	
5847	0	29848	28105	38716	
5848	0	29792	29828	25184	
5849	0	29732	38456	33616	
5850	0	29672	43744	39968	
5851	0	29616	43748	37632	
5852	0	29562	39408	38552	
5853	0	29509	35944	40032	
5854	0	29464	30564	37536	
5855	0	29408	26440	39236	
5856	0	29360	24744	43040	
5857	0	29304	24364	46228	
5858	0	29262	24641	46644	
5859	0	29220	25516	43320	
5860	0	29177	25644	39069	
5861	0	29128	25225	38485	
5862	0	29096	25665	39296	
5863	0	29056	27328	38844	
5864	0	29024	30324	37516	
5865	0	28984	31980	37728	
5866	0	28952	31400	40836	
5867	0	28924	30752	41584	
5868	0	28888	26932	39780	
5869	0	28860	26217	37796	
5870	0	28832	30004	37492	
5871	0	28808	33648	38432	
5872	0	28785	33036	38744	
5873	0	28764	31300	38308	
5874	0	28733	30948	38280	
5875	0	28728	31648	38568	
5876	0	28704	32329	38577	
5877	0	28688	32465	38440	
5878	0	28664	32328	38216	
5879	0	28656	32320	38076	
5880	0	28640	32332	38020	
5881	0	28632	32360	38124	
5882	0	28617	32437	38220	
5883	0	28610	32480	38368	
5884	0	28600	32508	38404	
5885	0	28592	32524	38384	
5886	0	28578	32496	38320	
5887	0	28577	32498	38328	
5888	0	28568	32548	38284	
5889	0	28560	32608	38280	
5890	0	28556	32552	38240	
5891	0	28560	32504	38258	
5892	0	28544	32465	38280	
5893	0	28537	32452	38268	
5894	0	28532	32420	38240	
5895	0	28529	32392	38225	
5896	0	28526	32356	38248	
5897	0	28520	32320	38260	
5898	0	28521	32328	38328	
5899	0	28508	32360	38300	
5900	0	28512	32372	38292	
5901	0	28496	32396	38392	
5902	0	28497	32384	38296	
5903	0	28496	32385	38285	
5904	0	28480	32392	38244	
5905	0	28480	32389	38244	
5906	0	28472	32392	38228	
5907	0	28460	32536	38240	
5908	0	28456	32373	38208	
5909	0	28450	32320	38221	
5910	0	28440	32298	38252	
5911	0	28432	32400	38249	
5912	0	28428	32653	38000	
5913	0	28412	32148	38320	
5914	0	28406	32356	38272	
5915	0	28392	32357	38308	
5916	0	28384	32324	38248	
5917	0	28360	32388	38285	
5918	0	28352	32368	38292	
5919	0	28344	32320	38288	
5920	0	28328	32290	38272	
5921	0	28316	32194	38308	
5922	0	28300	32180	38292	
5923	0	28286	32212	38328	
5924	0	28272	32372	38500	
5925	0	28256	32244	38476	
5926	0	28240	32284	38526	
5927	0	28224	32280	38564	
5928	0	28212	32256	38548	
5929	0	28204	32336	38600	
5930	0	28180	32360	38676	
5931	0	28148	32041	38572	
5932	0	28132	31896	38548	
5933	0	28121	31981	38600	
5934	0	28100	31897	38700	
5935	0	28084	31892	38704	
5936	0	28068	31696	38496	
5937	0	28040	32032	38652	
5938	0	28028	32273	38692	
5939	0	28012	32396	38920	
5940	0	27984	32336	39152	
5941	0	27972	32400	39080	
5942	0	27952	32320	39260	
5943	0	27936	32348	39388	
5944	0	27908	32328	39424	
5945	0	27896	32284	39400	
5946	0	27876	32228	39556	
5947	0	27850	32212	39364	
5948	0	27836	32036	39288	
5949	0	27813	32256	39088	
5950	0	27796	32148	39596	
5951	0	27776	32180	39564	
5952	0	27764	32192	39652	
5953	0	27740	32008	40088	
5954	0	27729	31808	40648	
5955	0	27712	32012	40860	
5956	0	27693	31820	41336	
5957	0	27678	31976	41788	
5958	0	27660	31965	41956	
5959	0	27652	31556	42136	
5960	0	27636	31872	42633	
5961	0	27617	31852	42548	
5962	0	27616	32024	42800	
5963	0	27600	32160	43432	
5964	0	27589	32240	43604	
5965	0	27584	31852	43316	
5966	0	27576	31612	42952	
5967	0	27568	31784	43088	
5968	0	27560	32000	43728	
5969	0	27564	32144	43996	
5970	0	27552	31682	44128	
5971	0	27557	31100	45120	
5972	0	27553	30889	45556	
5973	0	27548	30433	45912	
5974	0	27549	28908	46420	
5975	0	27552	27320	47392	
5976	0	27558	27170	48576	
5977	0	27560	28712	50624	
5978	0	27568	30580	48344	
5979	0	27568	30328	47528	
5980	0	27580	31240	50204	
5981	0	27588	31388	50844	
5982	0	27600	30780	50348	
5983	0	27609	30700	49632	
5984	0	27617	31150	49620	
5985	0	27629	32564	50092	
5986	0	27648	34489	51548	
5987	0	27658	36680	51980	
5988	0	27680	39424	52268	
5989	0	27692	36104	50112	
5990	0	27709	33296	45828	
5991	0	27725	35960	41996	
5992	0	27744	29852	40448	
5993	0	27768	30873	43112	
5994	0	27788	37564	31650	
5995	0	27808	37928	28289	
5996	0	27824	37040	32364	
5997	0	27852	36400	35832	
5998	0	27872	36764	37056	
5999	0	27888	37664	37076	
6000	0	27916	38040	36572	
6001	0	27948	38108	36324	
6002	0	27964	37712	36116	
6003	0	27992	36677	35612	
6004	0	28013	35696	35409	
6005	0	28040	35140	35416	
6006	0	28076	34725	35360	
6007	0	28096	34197	35493	
6008	0	28124	33872	35748	
6009	0	28156	33552	35736	
6010	0	28182	33436	35676	
6011	0	28212	33490	35584	
6012	0	28245	33584	35556	
6013	0	28272	33712	35700	
6014	0	28308	33880	35864	
6015	0	28328	34064	36100	
6016	0	28364	34280	36364	
6017	0	28400	34444	36640	
6018	0	28432	34564	36908	
6019	0	28464	34712	37337	
6020	0	28496	34736	37604	
6021	0	28529	34724	37852	
6022	0	28564	34672	38056	
6023	0	28600	34680	38320	
6024	0	28628	34625	38564	
6025	0	28668	34608	38988	
6026	0	28700	34432	39072	
6027	0	28736	34412	39412	
6028	0	28772	34184	40508	
6029	0	28808	33909	40700	
6030	0	28840	33792	41408	
6031	0	28884	33440	42324	
6032	0	28904	33039	42880	
6033	0	28948	32496	43492	
6034	0	28992	32148	44364	
6035	0	29028	31536	45048	
6036	0	29057	31012	45892	
6037	0	29092	30378	46788	
6038	0	29136	29821	47716	
6039	0	29173	28608	48388	
6040	0	29212	27180	48920	
6041	0	29248	26104	49564	
6042	0	29284	25315	49784	
6043	0	29332	24801	50368	
6044	0	29360	24472	50889	
6045	0	29404	24340	51072	
6046	0	29441	24080	51197	
6047	0	29472	23688	50204	
6048	0	29520	23284	48476	
6049	0	29556	23057	46208	
6050	0	29604	23056	43156	
6051	0	29632	23104	41080	
6052	0	29672	22948	39964	
6053	0	29720	22468	40053	
6054	0	29756	21184	41528	
6055	0	29796	18480	43584	
6056	0	29840	14698	43348	
6057	0	29888	11840	40060	
6058	0	29924	11029	35544	
6059	0	29968	11329	32236	
6060	0	30016	12070	31700	
6061	0	30052	12780	33600	
6062	0	30108	13766	36160	
6063	0	30140	14885	37697	
6064	0	30190	16148	38028	
6065	0	30236	17558	37376	
6066	0	30280	18788	36724	
6067	0	30328	19810	36604	
6068	0	30384	20776	36492	
6069	0	30433	21652	37140	
6070	0	30484	22580	37957	
6071	0	30536	23682	38916	
6072	0	30588	24852	39624	
6073	0	30636	30380	43556	
6074	0	30692	28020	54240	
6075	0	30744	42264	30192	
6076	0	30804	40720	36892	
6077	0	30864	41472	40022	
6078	0	30920	41985	36208	
6079	0	30981	39124	38484	
6080	0	31034	38904	40260	
6081	0	31096	36809	38984	
6082	0	31168	33592	39209	
6083	0	31228	27328	41184	
6084	0	31292	24428	45460	
6085	0	31356	25728	45704	
6086	0	31425	25729	41964	
6087	0	31496	26265	39464	
6088	0	31560	25384	39188	
6089	0	31632	25784	39720	
6090	0	31708	27332	40372	
6091	0	31780	27856	40829	
6092	0	31848	26989	40752	
6093	0	31928	25989	39840	
6094	0	31988	27672	38160	
6095	0	32072	32352	37116	
6096	0	32145	34432	37532	
6097	0	32216	32156	38028	
6098	0	32296	29912	38256	
6099	0	32376	30281	38380	
6100	0	32452	31364	38648	
6101	0	32528	32125	38744	
6102	0	32600	32132	38312	
6103	0	32680	32129	38152	
6104	0	32752	32316	38168	
6105	0	32828	32440	38324	
6106	0	32912	32448	38396	
6107	0	32977	32356	38320	
6108	0	33052	32292	38280	
6109	0	33132	32320	38221	
6110	0	33196	32384	38280	
6111	0	33268	32409	38340	
6112	0	33336	32468	38388	
6113	0	33414	32546	38240	
6114	0	33480	32540	38256	
6115	0	33552	32544	38244	
6116	0	33620	32508	38240	
6117	0	33680	32485	38232	
6118	0	33748	32484	38212	
6119	0	33808	32444	38228	
6120	0	33880	32460	38232	
6121	0	33940	32484	38245	
6122	0	33992	32488	38240	
6123	0	34064	32453	38233	
6124	0	34108	32480	38224	
6125	0	34156	32472	38232	
6126	0	34212	32496	38324	
6127	0	34269	32506	38328	
6128	0	34316	32488	38248	
6129	0	34368	32568	38189	
6130	0	34420	32468	38404	
6131	0	34460	32328	38396	
6132	0	34497	32476	38016	
6133	0	34540	32288	38284	
6134	0	34592	32436	38144	
6135	0	34632	32337	38280	
6136	0	34668	32360	38100	
6137	0	34708	32340	38229	
6138	0	34744	32332	38140	
6139	0	34776	32248	38212	
6140	0	34804	32216	38280	
6141	0	34844	32108	38277	
6142	0	34880	32116	38288	
6143	0	34904	32084	38212	
6144	0	34936	32060	38264	
6145	0	34964	32104	38160	
6146	0	34988	32116	38240	
6147	0	35012	32116	38240	
6148	0	35036	32040	38313	
6149	0	35068	31996	38340	
6150	0	35081	31996	38280	
6151	0	35108	31992	38276	
6152	0	35128	31968	38440	
6153	0	35156	31845	38545	
6154	0	35172	31876	38516	
6155	0	35192	31944	38544	
6156	0	35192	31880	38556	
6157	0	35232	31968	38696	
6158	0	35248	32144	38792	
6159	0	35272	32096	38829	
6160	0	35288	32253	38905	
6161	0	35300	32192	38808	
6162	0	35320	32112	38756	
6163	0	35340	32164	38856	
6164	0	35360	32264	39009	
6165	0	35372	32356	39112	
6166	0	35386	32348	39212	
6167	0	35408	32316	39200	
6168	0	35424	32388	39352	
6169	0	35440	32296	39297	
6170	0	35460	32304	39224	
6171	0	35465	32344	39372	
6172	0	35488	32244	39436	
6173	0	35512	31972	39194	
6174	0	35528	31836	38940	
6175	0	35544	31812	39193	
6176	0	35564	31877	39561	
6177	0	35584	31832	39533	
6178	0	35604	31577	39285	
6179	0	35616	31461	39152	
6180	0	35640	31656	39728	
6181	0	35660	31673	40136	
6182	0	35676	31392	40280	
6183	0	35697	31456	40284	
6184	0	35728	31548	40788	
6185	0	35744	31736	41140	
6186	0	35760	31281	41120	
6187	0	35781	31012	41120	
6188	0	35812	30912	41232	
6189	0	35832	31308	41204	
6190	0	35860	31604	41344	
6191	0	35884	31600	41608	
6192	0	35908	31929	41876	
6193	0	35932	31824	42136	
6194	0	35960	32140	42680	
6195	0	35980	32248	43108	
6196	0	36012	32108	42908	
6197	0	36036	31808	42344	
6198	0	36064	31588	41968	
6199	0	36088	31780	41908	
6200	0	36120	31480	43280	
6201	0	36156	31816	43612	
6202	0	36180	31368	43648	
6203	0	36212	30904	44392	
6204	0	36236	30266	46004	
6205	0	36264	29528	45504	
6206	0	36292	29076	45368	
6207	0	36324	28696	46376	
6208	0	36357	28076	48680	
6209	0	36388	28757	47716	
6210	0	36420	29416	46852	
6211	0	36448	30708	44956	
6212	0	36468	31104	46276	
6213	0	36512	30720	48504	
6214	0	36544	30124	49920	
6215	0	36576	30400	50880	
6216	0	36600	31121	51224	
6217	0	36622	32996	51212	
6218	0	36668	35181	51000	
6219	0	36696	36112	49872	
6220	0	36724	30393	45740	
6221	0	36752	29164	43696	
6222	0	36776	33460	44320	
6223	0	36812	32498	43316	
6224	0	36833	30616	41856	
6225	0	36872	34892	39808	
6226	0	36900	37780	33832	
6227	0	36921	37604	33792	
6228	0	36952	36804	36096	
6229	0	36980	36584	38204	
6230	0	37004	36444	37945	
6231	0	37024	36520	36912	
6232	0	37052	36640	36348	
6233	0	37080	36434	35784	
6234	0	37093	36260	35444	
6235	0	37121	35668	34796	
6236	0	37152	35160	34508	
6237	0	37172	34908	34364	
6238	0	37188	34644	34397	
6239	0	37212	34440	34532	
6240	0	37232	34212	34656	
6241	0	37252	34064	34860	
6242	0	37268	33968	35054	
6243	0	37284	33936	35280	
6244	0	37300	33948	35609	
6245	0	37320	34040	35920	
6246	0	37336	34216	36152	
6247	0	37344	34444	36424	
6248	0	37364	34674	36760	
6249	0	37376	34880	37112	
6250	0	37384	34984	37296	
6251	0	37400	34964	37424	
6252	0	37409	34888	37580	
6253	0	37420	34908	37640	
6254	0	37417	34848	37732	
6255	0	37432	34744	38048	
6256	0	37440	34745	38477	
6257	0	37440	34668	38972	
6258	0	37440	34468	39292	
6259	0	37448	34312	39848	
6260	0	37456	34232	40496	
6261	0	37462	33932	40940	
6262	0	37452	33652	41312	
6263	0	37464	33400	42224	
6264	0	37456	32768	42176	
6265	0	37452	32688	43664	
6266	0	37449	32040	44468	
6267	0	37448	31288	45316	
6268	0	37444	30665	46364	
6269	0	37432	29948	47280	
6270	0	37428	28917	48100	
6271	0	37420	27796	48736	
6272	0	37408	26824	49208	
6273	0	37400	26278	49720	
6274	0	37388	25936	50360	
6275	0	37384	25740	50905	
6276	0	37372	25440	51416	
6277	0	37356	25069	51560	
6278	0	37340	24560	50844	
6279	0	37320	24036	49268	
6280	0	37300	23332	47460	
6281	0	37296	22884	45353	
6282	0	37280	22520	43898	
6283	0	37260	21833	43404	
6284	0	37240	20900	43532	
6285	0	37224	19356	43744	
6286	0	37208	16745	43776	
6287	0	37184	13460	42620	
6288	0	37160	10902	39709	
6289	0	37140	9740	36109	
6290	0	37128	10660	32684	
6291	0	37104	11468	30728	
6292	0	37072	11872	31152	
6293	0	37052	12100	33356	
6294	0	37040	12598	35784	
6295	0	37020	13636	37472	
6296	0	36988	14946	38072	
6297	0	36972	16308	37820	
6298	0	36952	17378	38004	
6299	0	36928	18392	38048	
6300	0	36904	19352	38504	
6301	0	36880	20657	38948	
6302	0	36869	22008	39512	
6303	0	36840	24498	40292	
6304	0	36824	34572	51712	
6305	0	36796	44480	54048	
6306	0	36776	43488	30060	
6307	0	36760	42288	38440	
6308	0	36736	43204	34224	
6309	0	36732	41556	31440	
6310	0	36704	40136	33848	
6311	0	36692	39020	36776	
6312	0	36668	35200	39728	
6313	0	36640	29504	42884	
6314	0	36636	23768	47000	
6315	0	36616	22576	48012	
6316	0	36592	23740	46028	
6317	0	36581	25108	42160	
6318	0	36568	25368	39384	
6319	0	36552	25144	39064	
6320	0	36542	24313	40029	
6321	0	36528	26528	39684	
6322	0	36512	27696	40560	
6323	0	36504	28760	40596	
6324	0	36484	29465	39300	
6325	0	36472	30440	37720	
6326	0	36460	31800	36964	
6327	0	36456	32800	37504	
6328	0	36440	31464	38576	
6329	0	36428	30472	38848	
6330	0	36416	30798	38720	
6331	0	36400	31360	38672	
6332	0	36396	31800	38560	
6333	0	36384	31868	38368	
6334	0	36364	32020	38304	
6335	0	36356	32352	38412	
6336	0	36348	32512	38400	
6337	0	36325	32416	38436	
6338	0	36320	32380	38316	
6339	0	36304	32336	38240	
6340	0	36280	32296	38208	
6341	0	36268	32292	38212	
6342	0	36244	32316	38240	
6343	0	36232	32368	38188	
6344	0	36220	32429	38152	
6345	0	36196	32444	38165	
6346	0	36172	32460	38204	
6347	0	36160	32433	38224	
6348	0	36128	32492	38189	
6349	0	36112	32496	38240	
6350	0	36096	32580	38224	
6351	0	36056	32513	38200	
6352	0	36040	32613	38196	
6353	0	36016	32592	38244	
6354	0	35980	32504	38236	
6355	0	35948	32416	38384	
6356	0	35920	32448	38280	
6357	0	35896	32456	38212	
6358	0	35856	32453	38132	
6359	0	35816	32440	38352	
6360	0	35788	32436	38120	
6361	0	35748	32380	38088	
6362	0	35704	32312	38208	
6363	0	35672	32248	38176	
6364	0	35632	32268	38240	
6365	0	35584	32253	38285	
6366	0	35548	32348	38144	
6367	0	35500	32252	38312	
6368	0	35464	32340	38264	
6369	0	35412	32376	38380	
6370	0	35368	32480	38092	
6371	0	35316	32272	38448	
6372	0	35264	32200	38308	
6373	0	35220	32256	38196	
6374	0	35172	32184	38193	
6375	0	35112	32132	38281	
6376	0	35064	32148	38125	
6377	0	35008	32129	38156	
6378	0	34956	32140	38176	
6379	0	34904	32088	38264	
6380	0	34844	32016	38344	
6381	0	34789	31984	38680	
6382	0	34736	32128	39024	
6383	0	34668	32250	38953	
6384	0	34624	32376	38909	
6385	0	34556	32336	38784	
6386	0	34504	32364	38716	
6387	0	34440	32252	38716	
6388	0	34388	32208	38592	
6389	0	34320	32141	38409	
6390	0	34264	32192	38632	
6391	0	34212	32306	38900	
6392	0	34148	32284	38808	
6393	0	34084	32304	38820	
6394	0	34025	32429	38912	
6395	0	33969	32428	38900	
6396	0	33908	32448	38952	
6397	0	33848	32464	38925	
6398	0	33792	32492	39368	
6399	0	33724	32688	39456	
6400	0	33664	32568	39608	
6401	0	33616	32464	39412	
6402	0	33548	32572	39476	
6403	0	33496	32468	39496	
6404	0	33436	32224	39440	
6405	0	33384	32120	39228	
6406	0	33321	32125	39352	
6407	0	33268	32112	39272	
6408	0	33208	31844	38820	
6409	0	33160	31773	38704	
6410	0	33104	31896	39136	
6411	0	33048	31900	39688	
6412	0	33000	31812	39976	
6413	0	32948	31616	39976	
6414	0	32900	31632	40408	
6415	0	32852	31892	41336	
6416	0	32816	31632	41592	
6417	0	32764	31424	41144	
6418	0	32716	31212	41225	
6419	0	32668	31336	41128	
6420	0	32628	31640	41352	
6421	0	32589	31820	41236	
6422	0	32552	31808	41605	
6423	0	32508	32156	41545	
6424	0	32476	32252	42088	
6425	0	32440	32412	42436	
6426	0	32400	32580	43136	
6427	0	32380	32720	42824	
6428	0	32332	32336	42026	
6429	0	32308	32136	41788	
6430	0	32284	31581	42096	
6431	0	32252	31676	43296	
6432	0	32224	31784	43688	
6433	0	32192	31337	44624	
6434	0	32172	31036	45532	
6435	0	32148	30216	46356	
6436	0	32121	29100	45436	
6437	0	32104	28864	45632	
6438	0	32080	28341	48072	
6439	0	32061	29060	48388	
6440	0	32044	28928	47424	
6441	0	32028	29652	46724	
6442	0	32016	30500	46528	
6443	0	31996	31205	48308	
6444	0	31984	31402	49728	
6445	0	31964	31544	50652	
6446	0	31954	31468	50864	
6447	0	31945	32580	51408	
6448	0	31930	34060	51236	
6449	0	31928	35544	50336	
6450	0	31912	33148	47924	
6451	0	31904	27808	43488	
6452	0	31900	31424	41084	
6453	0	31892	30772	42008	
6454	0	31880	28256	43112	
6455	0	31884	31276	40404	
6456	0	31872	34900	36721	
6457	0	31868	37004	33896	
6458	0	31860	36200	33564	
6459	0	31856	35904	35360	
6460	0	31856	35788	36412	
6461	0	31848	35776	36064	
6462	0	31848	36020	35488	
6463	0	31848	36353	35224	
6464	0	31840	36252	34093	
6465	0	31833	36288	34900	
6466	0	31840	35840	34660	
6467	0	31837	35452	34804	
6468	0	31832	35168	34860	
6469	0	31836	34902	35080	
6470	0	31833	34680	35232	
6471	0	31832	34440	35265	
6472	0	31832	34236	35272	
6473	0	31832	34109	35290	
6474	0	31824	34016	35308	
6475	0	31824	33964	35352	
6476	0	31820	33956	35454	
6477	0	31808	34000	35176	
6478	0	31812	34212	35694	
6479	0	31804	34260	35804	
6480	0	31808	34556	36185	
6481	0	31800	34601	36061	
6482	0	31792	34701	36316	
6483	0	31788	34656	36628	
6484	0	31776	34572	36748	
6485	0	31776	34568	37080	
6486	0	31768	34496	37393	
6487	0	31760	34480	37608	
6488	0	31756	34432	38132	
6489	0	31740	34348	38404	
6490	0	31730	34316	39004	
6491	0	31728	34224	39553	
6492	0	31712	34088	40016	
6493	0	31704	33868	40612	
6494	0	31692	33708	41280	
6495	0	31680	33284	42136	
6496	0	31668	33224	42616	
6497	0	31652	32872	43096	
6498	0	31636	32433	43756	
6499	0	31624	32040	44616	
6500	0	31608	31364	45472	
6501	0	31588	30576	46528	
6502	0	31576	29541	47752	
6503	0	31557	28352	48908	
6504	0	31540	27316	49908	
6505	0	31524	26252	50752	
6506	0	31504	25376	51496	
6507	0	31488	24560	52244	
6508	0	31464	23796	52768	
6509	0	31452	22998	53376	
6510	0	31436	22128	53096	
6511	0	31412	21186	52080	
6512	0	31392	20352	49774	
6513	0	31364	19854	46432	
6514	0	31348	19536	42660	
6515	0	31325	19113	39812	
6516	0	31301	18512	38628	
6517	0	31280	17632	38952	
6518	0	31264	16332	39640	
6519	0	31236	14286	39884	
6520	0	31221	12906	39092	
6521	0	31196	12277	36636	
6522	0	31168	12480	34176	
6523	0	31148	13036	32545	
6524	0	31132	13412	32756	
6525	0	31111	13729	34280	
6526	0	31088	14480	35748	
6527	0	31068	15460	37064	
6528	0	31044	16617	37660	
6529	0	31025	17864	37756	
6530	0	31008	19052	37377	
6531	0	30984	20165	37298	
6532	0	30968	21257	37372	
6533	0	30944	22254	37532	
6534	0	30924	23270	38052	
6535	0	30904	29316	44360	
6536	0	30894	40168	55068	
6537	0	30876	52316	40924	
6538	0	30857	38148	30057	
6539	0	30836	42316	36376	
6540	0	30828	43880	33008	
6541	0	30816	40592	31304	
6542	0	30796	39716	33832	
6543	0	30788	38216	36480	
6544	0	30772	35172	38312	
6545	0	30756	28640	41728	
6546	0	30741	22541	46804	
6547	0	30736	21836	46960	
6548	0	30720	24008	44512	
6549	0	30716	25300	41408	
6550	0	30700	26025	39256	
6551	0	30700	25764	38800	
6552	0	30680	26960	39120	
6553	0	30668	27690	39560	
6554	0	30672	28253	40900	
6555	0	30657	29732	40656	
6556	0	30652	30752	39048	
6557	0	30648	31304	37800	
6558	0	30641	31464	37221	
6559	0	30639	31972	37477	
6560	0	30625	31418	38424	
6561	0	30616	31832	39040	
6562	0	30612	31616	38912	
6563	0	30608	31900	38528	
6564	0	30600	32296	38328	
6565	0	30585	32357	38300	
6566	0	30581	32388	38288	
6567	0	30572	32552	38148	
6568	0	30565	32544	37984	
6569	0	30561	32460	38012	
6570	0	30556	32392	38092	
6571	0	30548	32432	38196	
6572	0	30536	32504	38312	
6573	0	30528	32528	38358	
6574	0	30520	32520	38392	
6575	0	30504	32564	38340	
6576	0	30496	32621	38301	
6577	0	30484	32656	38276	
6578	0	30480	32672	38208	
6579	0	30458	32628	38188	
6580	0	30436	32637	38204	
6581	0	30426	32604	38216	
6582	0	30412	32568	38156	
6583	0	30397	32533	38225	
6584	0	30376	32492	38288	
6585	0	30356	32496	38284	
6586	0	30336	32460	38240	
6587	0	30309	32496	38281	
6588	0	30296	31848	38348	
6589	0	30268	32276	38320	
6590	0	30244	32436	38312	
6591	0	30228	32597	38208	
6592	0	30196	32260	38284	
6593	0	30170	32480	38184	
6594	0	30140	32380	38176	
6595	0	30120	32378	38184	
6596	0	30092	32973	37990	
6597	0	30052	32304	38249	
6598	0	30024	32480	38212	
6599	0	29996	32324	38268	
6600	0	29952	32368	38200	
6601	0	29916	32649	38132	
6602	0	29876	32332	38260	
6603	0	29844	32360	38276	
6604	0	29804	32432	38229	
6605	0	29768	32376	38297	
6606	0	29732	32382	38272	
6607	0	29684	32312	38288	
6608	0	29644	32365	38248	
6609	0	29604	32384	38300	
6610	0	29560	32384	38240	
6611	0	29520	32360	38340	
6612	0	29472	32376	38248	
6613	0	29428	32405	38316	
6614	0	29388	32364	38368	
6615	0	29337	32424	38424	
6616	0	29290	32301	38392	
6617	0	29248	32312	38357	
6618	0	29196	32304	38320	
6619	0	29152	32308	38320	
6620	0	29108	32260	38368	
6621	0	29052	32268	38496	
6622	0	29004	32312	38748	
6623	0	28960	32140	38808	
6624	0	28912	32234	38937	
6625	0	28864	32244	38988	
6626	0	28816	32228	38848	
6627	0	28770	32340	38852	
6628	0	28716	32276	38892	
6629	0	28676	32320	38860	
6630	0	28621	32296	38909	
6631	0	28578	32464	39004	
6632	0	28525	32496	38996	
6633	0	28484	32584	39180	
6634	0	28441	32468	39212	
6635	0	28392	32408	38892	
6636	0	28348	32392	39072	
6637	0	28304	32256	39068	
6638	0	28256	32140	38941	
6639	0	28205	32064	38584	
6640	0	28172	31992	38636	
6641	0	28128	31984	38592	
6642	0	28085	32004	38924	
6643	0	28036	31932	39201	
6644	0	28000	31954	39540	
6645	0	27960	31868	39652	
6646	0	27929	31809	40032	
6647	0	27880	31780	40380	
6648	0	27850	31709	40304	
6649	0	27816	31649	40332	
6650	0	27780	31860	40680	
6651	0	27746	31740	41268	
6652	0	27712	31936	41192	
6653	0	27680	31577	41252	
6654	0	27652	31637	41604	
6655	0	27624	32020	42001	
6656	0	27596	32172	42184	
6657	0	27576	32176	42320	
6658	0	27548	32196	42168	
6659	0	27528	31920	42128	
6660	0	27492	31880	42084	
6661	0	27480	31852	42432	
6662	0	27456	31812	43132	
6663	0	27444	32180	42584	
6664	0	27432	32196	42557	
6665	0	27413	31768	43108	
6666	0	27394	31400	43860	
6667	0	27388	31161	43784	
6668	0	27376	30728	43724	
6669	0	27364	29905	44440	
6670	0	27360	28740	45504	
6671	0	27348	28548	47108	
6672	0	27348	28857	49312	
6673	0	27348	31076	48664	
6674	0	27348	30432	47528	
6675	0	27344	30176	46660	
6676	0	27340	32220	47660	
6677	0	27336	32380	47760	
6678	0	27350	32540	47364	
6679	0	27360	32632	46932	
6680	0	27360	32400	47924	
6681	0	27372	32648	48532	
6682	0	27380	33476	48620	
6683	0	27380	34857	48416	
6684	0	27392	35981	48456	
6685	0	27402	35953	46964	
6686	0	27424	31412	42460	
6687	0	27432	32356	38685	
6688	0	27448	29016	37052	
6689	0	27457	27388	37684	
6690	0	27484	34282	37730	
6691	0	27497	36040	31436	
6692	0	27524	35212	31824	
6693	0	27538	35436	35553	
6694	0	27548	35869	37704	
6695	0	27576	36245	37404	
6696	0	27596	36532	36884	
6697	0	27616	36698	36412	
6698	0	27646	36432	35272	
6699	0	27676	36068	34492	
6700	0	27696	35692	34169	
6701	0	27725	35337	33992	
6702	0	27748	34900	34000	
6703	0	27772	34720	34444	
6704	0	27800	34296	34504	
6705	0	27832	34073	34560	
6706	0	27860	34030	34628	
6707	0	27900	34104	34732	
6708	0	27928	34156	34789	
6709	0	27960	34232	34877	
6710	0	27988	34292	34984	
6711	0	28016	34368	35252	
6712	0	28056	34416	35480	
6713	0	28084	34472	35632	
6714	0	28112	34488	35716	
6715	0	28156	34520	35860	
6716	0	28185	34504	36016	
6717	0	28212	34504	36158	
6718	0	28256	34444	36304	
6719	0	28288	34540	36660	
6720	0	28321	34492	36825	
6721	0	28364	34484	37032	
6722	0	28396	34428	37312	
6723	0	28436	34456	37921	
6724	0	28477	34321	38288	
6725	0	28504	34204	38541	
6726	0	28544	34108	39336	
6727	0	28572	33908	40040	
6728	0	28616	33644	40556	
6729	0	28648	33268	41184	
6730	0	28688	32901	41852	
6731	0	28732	32428	42320	
6732	0	28764	31944	42869	
6733	0	28800	31364	43420	
6734	0	28836	30712	43976	
6735	0	28876	30212	44600	
6736	0	28908	29300	45296	
6737	0	28952	28045	46084	
6738	0	28992	27030	46808	
6739	0	29017	26468	47536	
6740	0	29056	26212	48292	
6741	0	29100	26000	49120	
6742	0	29136	25788	49832	
6743	0	29176	25596	50156	
6744	0	29212	25200	49708	
6745	0	29248	24300	48712	
6746	0	29288	23068	49128	
6747	0	29332	22256	48000	
6748	0	29368	21876	45704	
6749	0	29396	21849	42764	
6750	0	29432	22225	39520	
6751	0	29484	22801	37544	
6752	0	29524	23175	36640	
6753	0	29561	22852	36956	
6754	0	29600	21824	38200	
6755	0	29640	19425	39592	
6756	0	29689	15972	39280	
6757	0	29724	14054	36909	
6758	0	29756	13312	34088	
6759	0	29800	13608	32560	
6760	0	29844	14617	33044	
6761	0	29884	15930	34820	
6762	0	29928	17416	36360	
6763	0	29972	18864	36900	
6764	0	30016	20284	36584	
6765	0	30065	21560	35802	
6766	0	30108	22688	35192	
6767	0	30146	26081	46836	
6768	0	30190	21038	55244	
6769	0	30244	36448	36336	
6770	0	30280	36324	30116	
6771	0	30328	38240	44028	
6772	0	30376	41332	41052	
6773	0	30424	39384	35768	
6774	0	30480	37021	39580	
6775	0	30516	36384	38608	
6776	0	30572	34164	38648	
6777	0	30620	31304	41984	
6778	0	30665	28860	42904	
6779	0	30712	27608	42817	
6780	0	30768	27952	40984	
6781	0	30808	28861	40280	
6782	0	30861	28662	40164	
6783	0	30912	28648	39984	
6784	0	30960	28316	39968	
6785	0	31012	28324	40448	
6786	0	31065	26644	40488	
6787	0	31113	24768	38536	
6788	0	31164	23416	37909	
6789	0	31208	28992	38260	
6790	0	31268	34136	39552	
6791	0	31316	34108	38401	
6792	0	31364	32080	37576	
6793	0	31416	31008	37728	
6794	0	31464	30773	38320	
6795	0	31512	31440	38644	
6796	0	31572	32012	38600	
6797	0	31624	31716	38420	
6798	0	31672	32092	38432	
6799	0	31720	32192	38212	
6800	0	31776	32428	38008	
6801	0	31824	32492	38016	
6802	0	31868	32428	38158	
6803	0	31917	32408	38252	
6804	0	31968	32472	38216	
6805	0	32020	32516	38264	
6806	0	32064	32560	38360	
6807	0	32108	32617	38468	
6808	0	32156	32621	38468	
6809	0	32216	32656	38408	
6810	0	32256	32650	38416	
6811	0	32304	32656	38368	
6812	0	32348	32668	38348	
6813	0	32393	32688	38336	
6814	0	32444	32690	38276	
6815	0	32481	32629	38336	
6816	0	32532	32632	38356	
6817	0	32568	33596	38316	
6818	0	32620	31908	38492	
6819	0	32660	32504	38444	
6820	0	32704	32152	38412	
6821	0	32740	32236	38344	
6822	0	32776	32252	38304	
6823	0	32816	32357	38348	
6824	0	32860	32412	38357	
6825	0	32888	32360	38364	
6826	0	32928	32428	38332	
6827	0	32965	32468	38296	
6828	0	33004	32677	38320	
6829	0	33032	32380	38392	
6830	0	33072	32480	38345	
6831	0	33100	32522	38328	
6832	0	33136	32136	38280	
6833	0	33169	32357	38264	
6834	0	33200	32465	38264	
6835	0	33228	33296	38252	
6836	0	33248	32194	38228	
6837	0	33288	32416	38281	
6838	0	33312	32472	38301	
6839	0	33340	32392	38288	
6840	0	33368	32312	38252	
6841	0	33396	32364	38264	
6842	0	33424	32328	38276	
6843	0	33449	32316	38280	
6844	0	33476	32332	38309	
6845	0	33496	32376	38328	
6846	0	33513	32400	38350	
6847	0	33543	32392	38360	
6848	0	33557	32428	38384	
6849	0	33584	32472	38320	
6850	0	33604	32488	38352	
6851	0	33624	32416	38348	
6852	0	33644	32404	38352	
6853	0	33668	32408	38328	
6854	0	33676	32444	38273	
6855	0	33700	32477	38248	
6856	0	33701	32484	38304	
6857	0	33732	32420	38368	
6858	0	33756	32420	38380	
6859	0	33772	32444	38380	
6860	0	33792	32424	38328	
6861	0	33804	32398	38300	
6862	0	33816	32365	38336	
6863	0	33828	32364	38344	
6864	0	33844	32412	38440	
6865	0	33858	32376	38376	
6866	0	33872	32360	38356	
6867	0	33888	32436	38364	
6868	0	33902	32424	38412	
6869	0	33912	32288	38336	
6870	0	33924	32388	38348	
6871	0	33932	32150	38216	
6872	0	33952	32488	38344	
6873	0	33960	32440	38340	
6874	0	33964	32164	38232	
6875	0	33984	32112	38224	
6876	0	33993	32268	38296	
6877	0	34000	32512	38432	
6878	0	34016	32376	38480	
6879	0	34024	32284	38460	
6880	0	34032	32276	38584	
6881	0	34044	32145	38604	
6882	0	34056	32424	38692	
6883	0	34068	32465	38744	
6884	0	34072	32368	38760	
6885	0	34080	32320	38600	
6886	0	34093	32316	38560	
6887	0	34104	32372	38592	
6888	0	34104	32333	38624	
6889	0	34120	32341	38616	
6890	0	34121	32276	38580	
6891	0	34129	32284	38700	
6892	0	34144	32272	38688	
6893	0	34148	32192	38656	
6894	0	34152	32156	38800	
6895	0	34164	32120	38712	
6896	0	34176	32144	38704	
6897	0	34180	32136	38780	
6898	0	34184	32164	38804	
6899	0	34189	32080	38764	
6900	0	34192	32048	38712	
6901	0	34204	32088	38748	
6902	0	34208	31872	38672	
6903	0	34214	31932	38676	
6904	0	34220	31957	38712	
6905	0	34220	31860	38764	
6906	0	34232	31808	38656	
6907	0	34224	31760	38808	
6908	0	34232	31764	38972	
6909	0	34241	31656	38732	
6910	0	34236	31424	38660	
6911	0	34248	31440	38620	
6912	0	34253	31432	38592	
6913	0	34256	31472	38682	
6914	0	34248	31424	38661	
6915	0	34256	31228	38596	
6916	0	34256	31140	38741	
6917	0	34256	31356	38888	
6918	0	34264	31264	38680	
6919	0	34253	31308	38528	
6920	0	34252	31213	38640	
6921	0	34256	31368	38464	
6922	0	34249	31301	38776	
6923	0	34256	31304	38348	
6924	0	34256	31152	37928	
6925	0	34248	31036	38056	
6926	0	34248	30912	38156	
6927	0	34244	31216	38436	
6928	0	34244	31484	38661	
6929	0	34236	31256	38816	
6930	0	34228	31056	38768	
6931	0	34232	31088	38736	
6932	0	34220	31028	39116	
6933	0	34217	30917	39400	
6934	0	34204	30964	39344	
6935	0	34196	30696	39557	
6936	0	34192	30784	39752	
6937	0	34181	30718	39744	
6938	0	34161	30712	40076	
6939	0	34160	30637	40072	
6940	0	34149	30305	40356	
6941	0	34140	30432	39856	
6942	0	34128	30188	39785	
6943	0	34112	30070	39548	
6944	0	34108	29972	39600	
6945	0	34084	29680	39688	
6946	0	34068	29640	39836	
6947	0	34053	29536	39840	
6948	0	34037	29412	39472	
6949	0	34016	29340	39120	
6950	0	34000	29340	39105	
6951	0	33984	29196	39496	
6952	0	33968	28872	39993	
6953	0	33945	29352	40124	
6954	0	33928	29376	40304	
6955	0	33904	29496	40532	
6956	0	33880	29000	40632	
6957	0	33864	28836	40736	
6958	0	33840	28568	40784	
6959	0	33816	28037	41352	
6960	0	33792	28132	41068	
6961	0	33776	28352	40312	
6962	0	33744	28612	39396	
6963	0	33724	29236	38536	
6964	0	33704	30260	37792	
6965	0	33676	31148	37433	
6966	0	33652	31224	37714	
6967	0	33632	30432	38253	
6968	0	33600	29660	38560	
6969	0	33580	28993	38489	
6970	0	33548	29212	37984	
6971	0	33536	29728	37628	
6972	0	33504	30205	37057	
6973	0	33484	30588	36524	
6974	0	33460	30264	36180	
6975	0	33440	29408	36004	
6976	0	33416	28780	35605	
6977	0	33388	30060	36044	
6978	0	33368	31932	35608	
6979	0	33344	34260	33820	
6980	0	33320	33540	33152	
6981	0	33300	32330	33104	
6982	0	33277	33104	34584	
6983	0	33252	34121	35396	
6984	0	33233	34808	35892	
6985	0	33212	35292	36316	
6986	0	33192	35460	36480	
6987	0	33172	35364	36648	
6988	0	33148	35104	36596	
6989	0	33124	34856	36214	
6990	0	33116	34680	35520	
6991	0	33096	34548	34924	
6992	0	33080	34548	34896	
6993	0	33053	34380	34880	
6994	0	33040	34220	34876	
6995	0	33020	34064	34984	
6996	0	33008	33976	35260	
6997	0	32988	33940	35370	
6998	0	32968	33860	35520	
6999	0	32950	33756	35872	
7000	0	32940	33552	36040	
7001	0	32916	33301	36293	
7002	0	32908	33012	36600	
7003	0	32892	32744	36696	
7004	0	32880	32456	36784	
7005	0	32864	32176	36936	
7006	0	32848	31860	37056	
7007	0	32844	31672	37048	
7008	0	32820	31330	37113	
7009	0	32810	31016	37160	
7010	0	32797	30912	37204	
7011	0	32788	30808	37380	
7012	0	32776	30784	37624	
7013	0	32768	30688	37921	
7014	0	32752	30512	38317	
7015	0	32740	30448	38624	
7016	0	32728	30177	38952	
7017	0	32716	30024	39193	
7018	0	32716	29756	39376	
7019	0	32700	29548	39280	
7020	0	32668	29072	39205	
7021	0	32680	28608	39412	
7022	0	32668	28064	39464	
7023	0	32661	27582	39316	
7024	0	32656	27152	38961	
7025	0	32644	26932	38536	
7026	0	32644	26846	38164	
7027	0	32632	26893	37988	
7028	0	32628	26965	38020	
7029	0	32621	27125	38172	
7030	0	32612	27364	38180	
7031	0	32608	27557	38300	
7032	0	32604	27648	38176	
7033	0	32600	27756	38116	
7034	0	32600	27964	38276	
7035	0	32588	28044	38113	
7036	0	32592	28288	38124	
7037	0	32588	28440	38020	
7038	0	32588	28644	37916	
7039	0	32584	28985	37840	
7040	0	32580	29272	37708	
7041	0	32577	29656	37526	
7042	0	32576	30165	37300	
7043	0	32572	30720	37152	
7044	0	32576	29905	37504	
7045	0	32564	25392	46888	
7046	0	32568	27700	44973	
7047	0	32568	31764	35237	
7048	0	32576	30736	33376	
7049	0	32568	27784	36728	
7050	0	32572	27332	37380	
7051	0	32572	34561	34744	
7052	0	32572	30944	31464	
7053	0	32564	32348	35144	
7054	0	32572	32604	35712	
7055	0	32580	33516	39520	
7056	0	32576	33604	42248	
7057	0	32576	33244	39996	
7058	0	32578	33220	41380	
7059	0	32572	32208	40024	
7060	0	32580	32036	39584	
7061	0	32584	31864	38925	
7062	0	32576	32076	38604	
7063	0	32588	32376	38508	
7064	0	32589	32616	38520	
7065	0	32588	32560	38565	
7066	0	32592	32464	38560	
7067	0	32589	32373	38517	
7068	0	32592	32372	38636	
7069	0	32592	32352	38684	
7070	0	32600	32394	38700	
7071	0	32596	32376	38620	
7072	0	32600	32393	38496	
7073	0	32608	32384	38388	
7074	0	32608	32420	38284	
7075	0	32605	32473	38300	
7076	0	32610	32352	38240	
7077	0	32608	32540	38168	
7078	0	32608	32604	38064	
7079	0	32613	32600	38068	
7080	0	32612	32672	38100	
7081	0	32612	32684	38104	
7082	0	32608	32728	38140	
7083	0	32617	32716	38160	
7084	0	32617	32672	38300	
7085	0	32620	32706	38328	
7086	0	32612	32692	38380	
7087	0	32614	32652	38360	
7088	0	32616	32644	38376	
7089	0	32616	32628	38344	
7090	0	32620	32608	38388	
7091	0	32621	32604	38420	
7092	0	32612	32684	38464	
7093	0	32612	32676	38493	
7094	0	32608	32668	38496	
7095	0	32612	32644	38468	
7096	0	32604	32668	38409	
7097	0	32596	32704	38340	
7098	0	32600	32748	38316	
7099	0	32588	32768	38276	
7100	0	32584	32764	38236	
7101	0	32576	32800	38260	
7102	0	32580	32760	38268	
7103	0	32569	32736	38324	
7104	0	32564	32745	38356	
7105	0	32552	32728	38348	
7106	0	32554	32740	38372	
7107	0	32541	32784	38420	
7108	0	32536	32772	38416	
7109	0	32528	32737	38392	
7110	0	32528	32716	38460	
7111	0	32520	32728	38461	
7112	0	32508	32764	38456	
7113	0	32496	32776	38444	
7114	0	32484	32808	38504	
7115	0	32472	32784	38488	
7116	0	32468	32741	38508	
7117	0	32456	32748	38508	
7118	0	32448	32745	38476	
7119	0	32436	32756	38460	
7120	0	32429	32772	38444	
7121	0	32412	32748	38424	
7122	0	32400	32760	38424	
7123	0	32388	32697	38432	
7124	0	32376	32860	38456	
7125	0	32372	32836	38420	
7126	0	32356	32768	38392	
7127	0	32348	32736	38356	
7128	0	32336	32756	38308	
7129	0	32324	32700	38344	
7130	0	32316	32729	38360	
7131	0	32302	32712	38328	
7132	0	32292	32692	38340	
7133	0	32280	32752	38340	
7134	0	32272	32744	38368	
7135	0	32258	32712	38368	
7136	0	32256	32724	38352	
7137	0	32236	32720	38328	
7138	0	32236	32668	38368	
7139	0	32217	32672	38368	
7140	0	32208	32636	38420	
7141	0	32200	32536	38396	
7142	0	32192	32632	38356	
7143	0	32192	32584	38244	
7144	0	32172	32834	38156	
7145	0	32172	33224	38196	
7146	0	32160	33092	38284	
7147	0	32156	32961	38376	
7148	0	32144	32884	38424	
7149	0	32136	33012	38448	
7150	0	32137	32936	38344	
7151	0	32132	32912	38348	
7152	0	32136	32904	38324	
7153	0	32133	32908	38364	
7154	0	32117	32884	38369	
7155	0	32124	32826	38412	
7156	0	32120	32852	38364	
7157	0	32112	32824	38376	
7158	0	32105	32833	38376	
7159	0	32116	32832	38440	
7160	0	32108	32848	38408	
7161	0	32104	32744	38364	
7162	0	32108	32956	38341	
7163	0	32112	32932	38348	
7164	0	32116	32912	38372	
7165	0	32116	32877	38400	
7166	0	32112	32953	38348	
7167	0	32120	32920	38352	
7168	0	32128	32872	38356	
7169	0	32128	32922	38376	
7170	0	32129	32916	38356	
7171	0	32140	32888	38396	
7172	0	32144	32930	38372	
7173	0	32148	32876	38381	
7174	0	32160	32896	38388	
7175	0	32160	32924	38392	
7176	0	32168	32932	38352	
7177	0	32176	32916	38372	
7178	0	32180	32936	38336	
7179	0	32192	32916	38361	
7180	0	32196	32924	38404	
7181	0	32200	32836	38452	
7182	0	32212	33052	38340	
7183	0	32228	33024	38316	
7184	0	32236	32925	38373	
7185	0	32245	32921	38376	
7186	0	32260	32920	38388	
7187	0	32264	32944	38380	
7188	0	32280	32901	38368	
7189	0	32288	32928	38380	
7190	0	32308	32921	38368	
7191	0	32316	32932	38360	
7192	0	32324	32948	38352	
7193	0	32336	32948	38337	
7194	0	32349	32924	38364	
7195	0	32368	32936	38328	
7196	0	32376	32924	38316	
7197	0	32388	32921	38296	
7198	0	32408	32928	38308	
7199	0	32424	32929	38328	
7200	0	32448	32940	38332	
7201	0	32456	32940	38316	
7202	0	32468	32900	38324	
7203	0	32488	32864	38320	
7204	0	32504	32864	38285	
7205	0	32514	32873	38300	
7206	0	32544	32832	38300	
7207	0	32572	32864	38321	
7208	0	32584	32852	38336	
7209	0	32604	32832	38314	
7210	0	32624	32841	38292	
7211	0	32640	32857	38302	
7212	0	32664	32864	38329	
7213	0	32700	32872	38356	
7214	0	32712	32904	38392	
7215	0	32736	32888	38352	
7216	0	32756	32892	38337	
7217	0	32772	32880	38320	
7218	0	32804	32864	38376	
7219	0	32824	32876	38360	
7220	0	32853	32848	38316	
7221	0	32872	32860	38340	
7222	0	32904	32848	38336	
7223	0	32928	32860	38328	
7224	0	32952	32856	38316	
7225	0	32980	32824	38312	
7226	0	33012	32848	38308	
7227	0	33040	32856	38316	
7228	0	33061	32864	38308	
7229	0	33096	32868	38300	
7230	0	33114	32848	38276	
7231	0	33148	32864	38300	
7232	0	33176	32864	38336	
7233	0	33196	32888	38316	
7234	0	33232	32892	38300	
7235	0	33268	32872	38308	
7236	0	33280	32840	38300	
7237	0	33317	32864	38340	
7238	0	33348	32844	38332	
7239	0	33380	32865	38336	
7240	0	33404	32848	38312	
7241	0	33440	32824	38280	
7242	0	33469	32809	38296	
7243	0	33504	32832	38320	
7244	0	33529	32845	38304	
7245	0	33560	32884	38288	
7246	0	33596	32878	38260	
7247	0	33632	32864	38312	
7248	0	33656	32872	38340	
7249	0	33680	32872	38312	
7250	0	33720	32860	38317	
7251	0	33748	32848	38364	
7252	0	33780	32828	38344	
7253	0	33816	32832	38356	
7254	0	33848	32824	38372	
7255	0	33868	32832	38320	
7256	0	33912	32816	38304	
7257	0	33936	32820	38341	
7258	0	33968	32880	38352	
7259	0	33997	32832	38352	
7260	0	34032	32856	38360	
7261	0	34056	32832	38396	
7262	0	34084	32856	38352	
7263	0	34120	32828	38348	
7264	0	34148	32816	38304	
7265	0	34176	32757	38285	
7266	0	34209	32738	38296	
7267	0	34236	32752	38292	
7268	0	34276	32760	38260	
7269	0	34300	32768	38296	
7270	0	34332	32752	38304	
7271	0	34360	32732	38304	
7272	0	34380	32730	38309	
7273	0	34412	32760	38308	
7274	0	34440	32704	38309	
7275	0	34472	32764	38296	
7276	0	34496	32704	38288	
7277	0	34520	32728	38265	
7278	0	34552	32728	38308	
7279	0	34576	32749	38304	
7280	0	34600	32756	38320	
7281	0	34632	32738	38336	
7282	0	34656	32752	38356	
7283	0	34688	32748	38356	
7284	0	34708	32720	38332	
7285	0	34732	32668	38308	
7286	0	34760	32681	38257	
7287	0	34780	32680	38252	
7288	0	34816	32640	38276	
7289	0	34832	32652	38328	
7290	0	34860	32664	38356	
7291	0	34884	32672	38360	
7292	0	34896	32628	38340	
7293	0	34920	32640	38316	
7294	0	34948	32648	38324	
7295	0	34972	32680	38404	
7296	0	34988	32600	38312	
7297	0	35008	32544	38316	
7298	0	35032	32616	38364	
7299	0	35052	32608	38352	
7300	0	35072	32664	38464	
7301	0	35092	32604	38464	
7302	0	35108	32588	38604	
7303	0	35128	32584	38724	
7304	0	35140	32593	38684	
7305	0	35168	32564	38720	
7306	0	35192	32536	38560	
7307	0	35200	32484	38456	
7308	0	35220	32564	38364	
7309	0	35240	32508	38364	
7310	0	35264	32520	38336	
7311	0	35272	32564	38344	
7312	0	35292	32524	38368	
7313	0	35304	32485	38316	
7314	0	35324	32488	38240	
7315	0	35340	32476	38172	
7316	0	35351	32484	38172	
7317	0	35368	32444	38092	
7318	0	35380	32416	38052	
7319	0	35400	32404	38060	
7320	0	35412	32448	38088	
7321	0	35424	32429	38068	
7322	0	35444	32376	38032	
7323	0	35457	32354	37996	
7324	0	35468	32349	37924	
7325	0	35484	32384	37916	
7326	0	35500	32408	37888	
7327	0	35512	32416	37852	
7328	0	35520	32401	37868	
7329	0	35540	32380	37896	
7330	0	35552	32384	37960	
7331	0	35557	32408	37988	
7332	0	35572	32404	38016	
7333	0	35592	32368	37996	
7334	0	35592	32336	37996	
7335	0	35601	32308	37956	
7336	0	35616	32309	37940	
7337	0	35632	32368	37964	
7338	0	35632	32372	37988	
7339	0	35648	32357	38030	
7340	0	35652	32336	38088	
7341	0	35672	32356	38120	
7342	0	35673	32384	38216	
7343	0	35680	32396	38241	
7344	0	35684	32388	38248	
7345	0	35692	32372	38312	
7346	0	35704	32348	38312	
7347	0	35708	32332	38280	
7348	0	35712	32376	38256	
7349	0	35717	32384	38288	
7350	0	35724	32356	38276	
7351	0	35728	32341	38220	
7352	0	35740	32332	38165	
7353	0	35742	32340	38148	
7354	0	35740	32332	38096	
7355	0	35744	32349	38088	
7356	0	35744	32336	38076	
7357	0	35749	32344	38056	
7358	0	35752	32312	38072	
7359	0	35744	32316	38080	
7360	0	35748	32328	38072	
7361	0	35744	32336	38080	
7362	0	35756	32340	38090	
7363	0	35756	32384	38112	
7364	0	35752	32356	38132	
7365	0	35756	32361	38136	
7366	0	35752	32332	38125	
7367	0	35752	32348	38140	
7368	0	35752	32352	38144	
7369	0	35727	32320	38081	
7370	0	35740	32304	38072	
7371	0	35744	32312	38028	
7372	0	35736	32308	37984	
7373	0	35732	32301	37976	
7374	0	35728	32297	37953	
7375	0	35728	32336	37952	
7376	0	35720	32368	38004	
7377	0	35724	32365	38056	
7378	0	35716	32394	38148	
7379	0	35712	32397	38200	
7380	0	35704	32380	38192	
7381	0	35700	32348	38180	
7382	0	35704	32336	38168	
7383	0	35696	32356	38184	
7384	0	35684	32365	38156	
7385	0	35680	32328	38152	
7386	0	35672	32312	38080	
7387	0	35672	32332	38065	
7388	0	35664	32357	38100	
7389	0	35641	32384	38141	
7390	0	35640	32388	38160	
7391	0	35636	32365	38148	
7392	0	35629	32348	38150	
7393	0	35620	32384	38156	
7394	0	35608	32416	38208	
7395	0	35596	32432	38280	
7396	0	35588	32389	38256	
7397	0	35584	32360	38244	
7398	0	35564	32348	38220	
7399	0	35558	32388	38148	
7400	0	35544	32384	38184	
7401	0	35545	32396	38160	
7402	0	35528	32380	38132	
7403	0	35520	32364	38072	
7404	0	35512	32380	38056	
7405	0	35492	32392	38048	
7406	0	35480	32413	38088	
7407	0	35473	32448	38148	
7408	0	35461	32440	38248	
7409	0	35444	32436	38288	
7410	0	35432	32448	38356	
7411	0	35424	32448	38424	
7412	0	35401	32444	38392	
7413	0	35389	32376	38368	
7414	0	35376	32384	38340	
7415	0	35364	32401	38304	
7416	0	35353	32428	38260	
7417	0	35340	32424	38280	
7418	0	35320	32420	38260	
7419	0	35300	32416	38228	
7420	0	35288	32432	38188	
7421	0	35268	32448	38169	
7422	0	35256	32456	38108	
7423	0	35241	32480	38104	
7424	0	35224	32472	38160	
7425	0	35200	32452	38196	
7426	0	35192	32448	38208	
7427	0	35172	32481	38280	
7428	0	35152	32516	38336	
7429	0	35132	32496	38344	
7430	0	35128	32448	38336	
7431	0	35100	32472	38308	
7432	0	35084	32492	38308	
7433	0	35064	32468	38260	
7434	0	35044	32460	38232	
7435	0	35024	32428	38176	
7436	0	35008	32440	38144	
7437	0	34996	32440	38080	
7438	0	34960	32452	38080	
7439	0	34944	32432	38072	
7440	0	34936	32448	38092	
7441	0	34904	32449	38108	
7442	0	34884	32480	38112	
7443	0	34868	32472	38172	
7444	0	34844	32493	38220	
7445	0	34820	32536	38324	
7446	0	34800	32534	38320	
7447	0	34772	32537	38368	
7448	0	34752	32532	38552	
7449	0	34732	32520	38472	
7450	0	34704	32548	38496	
7451	0	34686	32520	38464	
7452	0	34656	32528	38464	
7453	0	34632	32536	38384	
7454	0	34605	32512	38352	
7455	0	34584	32526	38308	
7456	0	34556	32532	38288	
7457	0	34528	32512	38268	
7458	0	34498	32528	38264	
7459	0	34469	32536	38244	
7460	0	34444	32516	38272	
7461	0	34417	32560	38272	
7462	0	34400	32548	38292	
7463	0	34368	32552	38297	
7464	0	34344	32560	38312	
7465	0	34304	32560	38336	
7466	0	34277	32576	38304	
7467	0	34252	32576	38264	
7468	0	34216	32570	38289	
7469	0	34196	32600	38352	
7470	0	34168	32600	38345	
7471	0	34136	32540	38304	
7472	0	34108	32553	38288	
7473	0	34076	32568	38256	
7474	0	34052	32584	38244	
7475	0	34016	32556	38260	
7476	0	33984	32552	38244	
7477	0	33961	32552	38241	
7478	0	33932	32580	38240	
7479	0	33893	32589	38264	
7480	0	33876	32556	38244	
7481	0	33841	32584	38272	
7482	0	33812	32588	38296	
7483	0	33776	32592	38349	
7484	0	33752	32600	38337	
7485	0	33720	32604	38325	
7486	0	33684	32604	38288	
7487	0	33661	32588	38305	
7488	0	33630	32589	38280	
7489	0	33604	32596	38288	
7490	0	33568	32604	38292	
7491	0	33544	32601	38256	
7492	0	33517	32596	38288	
7493	0	33488	32596	38297	
7494	0	33464	32600	38264	
7495	0	33436	32560	38264	
7496	0	33400	32584	38240	
7497	0	33376	32604	38232	
7498	0	33348	32592	38252	
7499	0	33320	32628	38292	
7500	0	33297	32644	38288	
7501	0	33260	32633	38308	
7502	0	33240	32608	38284	
7503	0	33216	32636	38296	
7504	0	33180	32664	38352	
7505	0	33161	32632	38312	
7506	0	33133	32601	38300	
7507	0	33104	32584	38260	
7508	0	33088	32608	38268	
7509	0	33056	32617	38304	
7510	0	33028	32592	38280	
7511	0	33001	32580	38252	
7512	0	32985	32598	38276	
7513	0	32952	32588	38268	
7514	0	32932	32600	38280	
7515	0	32908	32570	38264	
7516	0	32880	32588	38272	
7517	0	32856	32608	38276	
7518	0	32832	32605	38276	
7519	0	32808	32592	38300	
7520	0	32780	32596	38276	
7521	0	32764	32612	38272	
7522	0	32740	32616	38285	
7523	0	32716	32612	38240	
7524	0	32692	32608	38272	
7525	0	32676	32608	38264	
7526	0	32645	32640	38276	
7527	0	32620	32648	38292	
7528	0	32604	32634	38296	
7529	0	32580	32626	38276	
7530	0	32560	32640	38272	
7531	0	32536	32628	38244	
7532	0	32512	32600	38288	
7533	0	32495	32608	38268	
7534	0	32472	32632	38276	
7535	0	32444	32656	38292	
7536	0	32428	32652	38320	
7537	0	32408	32618	38264	
7538	0	32384	32608	38252	
7539	0	32368	32632	38264	
7540	0	32352	32641	38264	
7541	0	32320	32628	38252	
7542	0	32308	32620	38272	
7543	0	32284	32600	38268	
7544	0	32264	32624	38252	
7545	0	32236	32624	38300	
7546	0	32216	32633	38284	
7547	0	32196	32644	38280	
7548	0	32180	32640	38317	
7549	0	32160	32664	38304	
7550	0	32140	32656	38328	
7551	0	32116	32648	38305	
7552	0	32100	32632	38336	
7553	0	32080	32612	38300	
7554	0	32056	32641	38312	
7555	0	32033	32650	38320	
7556	0	32017	32644	38288	
7557	0	32000	32640	38292	
7558	0	31976	32616	38260	
7559	0	31961	32624	38260	
7560	0	31944	32620	38289	
7561	0	31918	32620	38272	
7562	0	31904	32616	38240	
7563	0	31884	32628	38260	
7564	0	31876	32616	38284	
7565	0	31852	32612	38320	
7566	0	31832	32616	38277	
7567	0	31820	32616	38280	
7568	0	31796	32644	38296	
7569	0	31776	32660	38276	
7570	0	31768	32677	38324	
7571	0	31748	32648	38332	
7572	0	31732	32640	38308	
7573	0	31712	32644	38300	
7574	0	31704	32645	38308	
7575	0	31685	32652	38297	
7576	0	31672	32648	38284	
7577	0	31652	32664	38256	
7578	0	31641	32656	38292	
7579	0	31624	32650	38278	
7580	0	31620	32640	38268	
7581	0	31596	32624	38300	
7582	0	31584	32636	38276	
7583	0	31576	32624	38264	
7584	0	31560	32632	38268	
7585	0	31548	32624	38272	
7586	0	31528	32640	38300	
7587	0	31524	32657	38304	
7588	0	31508	32652	38312	
7589	0	31497	32640	38312	
7590	0	31480	32640	38308	
7591	0	31464	32660	38284	
7592	0	31457	32656	38292	
7593	0	31445	32652	38281	
7594	0	31432	32668	38272	
7595	0	31424	32625	38284	
7596	0	31412	32633	38264	
7597	0	31401	32628	38317	
7598	0	31389	32648	38252	
7599	0	31384	32612	38304	
7600	0	31369	32612	38256	
7601	0	31364	32612	38289	
7602	0	31342	32632	38268	
7603	0	31340	32628	38277	
7604	0	31336	32652	38276	
7605	0	31320	32664	38280	
7606	0	31312	32684	38296	
7607	0	31308	32656	38320	
7608	0	31296	32660	38300	
7609	0	31288	32648	38301	
7610	0	31276	32644	38312	
7611	0	31272	32657	38272	
7612	0	31264	32644	38282	
7613	0	31256	32645	38288	
7614	0	31256	32636	38240	
7615	0	31216	32630	38288	
7616	0	31236	32656	38264	
7617	0	31228	32645	38284	
7618	0	31218	32644	38284	
7619	0	31212	32616	38248	
7620	0	31212	32633	38296	
7621	0	31200	32656	38264	
7622	0	31196	32637	38300	
7623	0	31188	32652	38320	
7624	0	31184	32669	38336	
7625	0	31184	32684	38308	
7626	0	31169	32688	38322	
7627	0	31164	32668	38344	
7628	0	31156	32640	38320	
7629	0	31156	32628	38272	
7630	0	31148	32644	38320	
7631	0	31152	32634	38252	
7632	0	31141	32636	38281	
7633	0	31128	32644	38284	
7634	0	31124	32661	38248	
7635	0	31128	32660	38288	
7636	0	31120	32656	38268	
7637	0	31116	32664	38272	
7638	0	31112	32632	38292	
7639	0	31104	32636	38304	
7640	0	31096	32636	38312	
7641	0	31096	32653	38300	
7642	0	31088	32668	38321	
7643	0	31076	32668	38312	
7644	0	31068	32652	38304	
7645	0	31064	32657	38308	
7646	0	31064	32652	38304	
7647	0	31056	32644	38308	
7648	0	31056	32617	38308	
7649	0	31052	32625	38268	
7650	0	31040	32644	38288	
7651	0	31037	32628	38296	
7652	0	31032	32644	38268	
7653	0	31028	32640	38276	
7654	0	31016	32644	38276	
7655	0	31004	32656	38276	
7656	0	31000	32640	38272	
7657	0	31000	32656	38252	
7658	0	30988	32660	38282	
7659	0	30981	32656	38280	
7660	0	30980	32637	38292	
7661	0	30972	32640	38285	
7662	0	30964	32672	38292	
7663	0	30957	32660	38309	
7664	0	30945	32656	38308	
7665	0	30940	32676	38292	
7666	0	30937	32654	38308	
7667	0	30920	32649	38316	
7668	0	30921	32652	38296	
7669	0	30912	32656	38284	
7670	0	30908	32632	38264	
7671	0	30897	32649	38292	
7672	0	30893	32640	38308	
7673	0	30888	32628	38288	
7674	0	30880	32640	38273	
7675	0	30880	32668	38284	
7676	0	30864	32644	38284	
7677	0	30864	32632	38288	
7678	0	30860	32624	38284	
7679	0	30860	32644	38296	
7680	0	30852	32648	38273	
7681	0	30850	32652	38269	
7682	0	30842	32648	38288	
7683	0	30840	32672	38272	
7684	0	30836	32648	38304	
7685	0	30840	32637	38308	
7686	0	30832	32653	38288	
7687	0	30840	32676	38314	
7688	0	30840	32668	38340	
7689	0	30836	32664	38300	
7690	0	30844	32636	38308	
7691	0	30840	32648	38284	
7692	0	30840	32656	38288	
7693	0	30844	32665	38304	
7694	0	30856	32652	38320	
7695	0	30848	32656	38292	
7696	0	30852	32650	38316	
7697	0	30868	32648	38277	
7698	0	30865	32660	38272	
7699	0	30880	32628	38276	
7700	0	30884	32648	38284	
7701	0	30892	32647	38252	
7702	0	30898	32668	38273	
7703	0	30912	32672	38308	
7704	0	30920	32664	38300	
7705	0	30928	32665	38288	
7706	0	30936	32637	38296	
7707	0	30960	32644	38284	
7708	0	30964	32656	38312	
7709	0	30982	32644	38292	
7710	0	30992	32652	38272	
7711	0	31012	32648	38288	
7712	0	31028	32645	38288	
7713	0	31052	32652	38280	
7714	0	31064	32648	38288	
7715	0	31088	32656	38264	
7716	0	31100	32640	38292	
7717	0	31121	32625	38253	
7718	0	31140	32656	38285	
7719	0	31160	32656	38272	
7720	0	31176	32656	38288	
7721	0	31200	32664	38268	
7722	0	31224	32660	38288	
7723	0	31240	32644	38284	
7724	0	31264	32656	38264	
7725	0	31284	32661	38304	
7726	0	31312	32680	38244	
7727	0	31332	32656	38288	
7728	0	31352	32644	38304	
7729	0	31381	32669	38284	
7730	0	31408	32696	38308	
7731	0	31432	32688	38316	
7732	0	31456	32688	38288	
7733	0	31480	32684	38308	
7734	0	31509	32680	38316	
7735	0	31536	32665	38300	
7736	0	31556	32672	38284	
7737	0	31585	32688	38272	
7738	0	31604	32656	38256	
7739	0	31636	32652	38280	
7740	0	31660	32660	38276	
7741	0	31680	32672	38272	
7742	0	31705	32677	38272	
7743	0	31732	32640	38280	
7744	0	31764	32652	38285	
7745	0	31788	32652	38272	
7746	0	31812	32644	38296	
7747	0	31840	32641	38272	
7748	0	31868	32665	38288	
7749	0	31896	32656	38312	
7750	0	31917	32660	38340	
7751	0	31948	32684	38256	
7752	0	31976	32669	38284	
7753	0	32000	32640	38266	
7754	0	32028	32664	38304	
7755	0	32056	32664	38300	
7756	0	32089	32664	38280	
7757	0	32104	32656	38292	
7758	0	32136	32656	38296	
7759	0	32160	32656	38284	
7760	0	32184	32660	38280	
7761	0	32213	32652	38288	
7762	0	32236	32660	38272	
7763	0	32264	32657	38260	
7764	0	32285	32660	38304	
7765	0	32316	32672	38308	
7766	0	32340	32673	38296	
7767	0	32372	32648	38292	
7768	0	32394	32664	38292	
7769	0	32424	32676	38320	
7770	0	32448	32692	38296	
7771	0	32472	32700	38288	
7772	0	32492	32656	38312	
7773	0	32524	32672	38296	
7774	0	32556	32664	38292	
7775	0	32580	32660	38276	
7776	0	32604	32656	38280	
7777	0	32624	32656	38264	
7778	0	32644	32640	38280	
7779	0	32656	32645	38296	
7780	0	32696	32660	38312	
7781	0	32720	32656	38288	
7782	0	32752	32696	38292	
7783	0	32768	32680	38304	
7784	0	32800	32649	38296	
7785	0	32824	32654	38284	
7786	0	32852	32636	38300	
7787	0	32864	32672	38292	
7788	0	32896	32648	38268	
7789	0	32924	32652	38296	
7790	0	32946	32664	38260	
7791	0	32968	32640	38292	
7792	0	32992	32641	38308	
7793	0	33012	32656	38312	
7794	0	33040	32648	38320	
7795	0	33064	32656	38312	
7796	0	33082	32656	38320	
7797	0	33108	32672	38313	
7798	0	33132	32644	38320	
7799	0	33148	32676	38288	
7800	0	33176	32632	38300	
7801	0	33196	32645	38284	
7802	0	33216	32640	38261	
7803	0	33232	32652	38296	
7804	0	33256	32656	38292	
7805	0	33276	32660	38276	
7806	0	33300	32648	38280	
7807	0	33312	32640	38316	
7808	0	33340	32656	38288	
7809	0	33360	32652	38264	
7810	0	33376	32644	38312	
7811	0	33392	32648	38292	
7812	0	33417	32636	38312	
7813	0	33432	32664	38304	
7814	0	33444	32664	38320	
7815	0	33464	32656	38320	
7816	0	33480	32644	38304	
7817	0	33496	32652	38272	
7818	0	33516	32657	38280	
7819	0	33528	32654	38300	
7820	0	33540	32652	38341	
7821	0	33564	32656	38324	
7822	0	33578	32656	38292	
7823	0	33576	32668	38280	
7824	0	33596	32688	38268	
7825	0	33608	32665	38292	
7826	0	33632	32657	38308	
7827	0	33632	32656	38272	
7828	0	33648	32656	38273	
7829	0	33656	32648	38272	
7830	0	33668	32652	38272	
7831	0	33676	32672	38276	
7832	0	33689	32664	38320	
7833	0	33704	32628	38308	
7834	0	33704	32652	38296	
7835	0	33720	32658	38304	
7836	0	33728	32662	38292	
7837	0	33736	32649	38304	
7838	0	33748	32640	38304	
7839	0	33740	32638	38296	
7840	0	33756	32638	38300	
7841	0	33768	32648	38308	
7842	0	33768	32644	38312	
7843	0	33780	32632	38264	
7844	0	33785	32644	38272	
7845	0	33793	32596	38276	
7846	0	33800	32600	38289	
7847	0	33808	32584	38252	
7848	0	33812	32596	38264	
7849	0	33820	32620	38264	
7850	0	33824	32620	38264	
7851	0	33832	32612	38280	
7852	0	33833	32633	38284	
7853	0	33840	32641	38272	
7854	0	33848	32661	38297	
7855	0	33852	32665	38276	
7856	0	33856	32640	38297	
7857	0	33857	32656	38296	
7858	0	33868	32640	38280	
7859	0	33872	32600	38268	
7860	0	33880	32604	38304	
7861	0	33880	32629	38273	
7862	0	33880	32620	38292	
7863	0	33888	32640	38285	
7864	0	33896	32636	38264	
7865	0	33892	32613	38288	
7866	0	33904	32600	38288	
7867	0	33908	32596	38276	
7868	0	33912	32636	38268	
7869	0	33916	32640	38276	
7870	0	33920	32640	38300	
7871	0	33924	32644	38300	
7872	0	33936	32648	38320	
7873	0	33940	32628	38296	
7874	0	33944	32632	38284	
7875	0	33948	32633	38305	
7876	0	33956	32650	38292	
7877	0	33956	32648	38288	
7878	0	33964	32624	38280	
7879	0	33964	32620	38300	
7880	0	33968	32630	38293	
7881	0	33972	32624	38280	
7882	0	33978	32612	38274	
7883	0	33980	32624	38284	
7884	0	33985	32632	38288	
7885	0	33993	32636	38296	
7886	0	33996	32620	38298	
7887	0	34008	32600	38292	
7888	0	34012	32624	38288	
7889	0	34012	32648	38308	
7890	0	34020	32656	38296	
7891	0	34028	32632	38272	
7892	0	34032	32648	38276	
7893	0	34044	32612	38308	
7894	0	34048	32632	38296	
7895	0	34052	32613	38276	
7896	0	34060	32625	38304	
7897	0	34060	32601	38296	
7898	0	34068	32636	38280	
7899	0	34072	32632	38304	
7900	0	34080	32628	38288	
7901	0	34088	32621	38298	
7902	0	34092	32625	38272	
7903	0	34096	32628	38253	
7904	0	34104	32640	38260	
7905	0	34105	32608	38284	
7906	0	34112	32644	38288	
7907	0	34116	32618	38273	
7908	0	34121	32636	38284	
7909	0	34122	32617	38293	
7910	0	34132	32644	38284	
7911	0	34129	32640	38292	
7912	0	34130	32644	38312	
7913	0	34136	32646	38300	
7914	0	34144	32636	38292	
7915	0	34152	32628	38282	
7916	0	34148	32624	38320	
7917	0	34149	32604	38332	
7918	0	34156	32624	38292	
7919	0	34152	32624	38296	
7920	0	34164	32636	38256	
7921	0	34160	32636	38278	
7922	0	34168	32609	38280	
7923	0	34162	32620	38276	
7924	0	34160	32626	38300	
7925	0	34160	32654	38284	
7926	0	34164	32656	38304	
7927	0	34164	32632	38320	
7928	0	34156	32624	38304	
7929	0	34148	32640	38296	
7930	0	34156	32624	38292	
7931	0	34148	32632	38288	
7932	0	34148	32628	38288	
7933	0	34144	32636	38280	
7934	0	34140	32624	38288	
7935	0	34136	32620	38308	
7936	0	34132	32604	38280	
7937	0	34128	32620	38268	
7938	0	34124	32608	38304	
7939	0	34116	32628	38288	
7940	0	34112	32608	38260	
7941	0	34108	32616	38276	
7942	0	34096	32621	38240	
7943	0	34088	32632	38296	
7944	0	34084	32656	38285	
7945	0	34072	32640	38300	
7946	0	34060	32604	38296	
7947	0	34052	32624	38280	
7948	0	34044	32616	38304	
7949	0	34041	32636	38292	
7950	0	34029	32624	38336	
7951	0	34020	32636	38304	
7952	0	34012	32648	38280	
7953	0	34000	32629	38324	
7954	0	33988	32608	38320	
7955	0	33980	32612	38296	
7956	0	33972	32640	38277	
7957	0	33956	32644	38276	
7958	0	33949	32629	38268	
7959	0	33944	32621	38289	
7960	0	33932	32640	38264	
7961	0	33920	32628	38268	
7962	0	33908	32634	38300	
7963	0	33896	32620	38292	
7964	0	33892	32652	38304	
7965	0	33872	32624	38316	
7966	0	33868	32624	38276	
7967	0	33856	32636	38297	
7968	0	33837	32638	38280	
7969	0	33824	32628	38276	
7970	0	33812	32660	38292	
7971	0	33804	32641	38288	
7972	0	33788	32661	38296	
7973	0	33776	32668	38281	
7974	0	33768	32656	38300	
7975	0	33760	32648	38280	
7976	0	33740	32652	38300	
7977	0	33732	32656	38292	
7978	0	33724	32641	38276	
7979	0	33712	32658	38300	
7980	0	33689	32640	38260	
7981	0	33684	32621	38272	
7982	0	33672	32645	38284	
7983	0	33660	32640	38284	
7984	0	33652	32648	38276	
7985	0	33644	32644	38320	
7986	0	33624	32655	38288	
7987	0	33612	32668	38285	
7988	0	33612	32628	38292	
7989	0	33592	32642	38292	
7990	0	33580	32648	38280	
7991	0	33570	32648	38312	
7992	0	33556	32660	38308	
7993	0	33548	32660	38288	
7994	0	33537	32664	38300	
7995	0	33520	32652	38293	
7996	0	33508	32644	38272	
7997	0	33500	32645	38288	
7998	0	33488	32645	38296	
7999	0	33472	32661	38285	
8000	0	33468	32676	38296	
8001	0	33452	32660	38316	
8002	0	33444	32660	38292	
8003	0	33436	32640	38256	
8004	0	33420	32654	38288	
8005	0	33420	32652	38296	
8006	0	33401	32672	38301	
8007	0	33388	32644	38264	
8008	0	33376	32637	38308	
8009	0	33368	32636	38296	
8010	0	33356	32668	38280	
8011	0	33346	32652	38304	
8012	0	33336	32664	38296	
8013	0	33324	32641	38288	
8014	0	33304	32665	38248	
8015	0	33304	32653	38288	
8016	0	33296	32641	38304	
8017	0	33280	32648	38300	
8018	0	33268	32684	38269	
8019	0	33248	32665	38272	
8020	0	33232	32652	38316	
8021	0	33228	32668	38284	
8022	0	33216	32664	38268	
8023	0	33204	32656	38296	
8024	0	33196	32664	38285	
8025	0	33164	32684	38308	
8026	0	33172	32612	38288	
8027	0	33162	32632	38300	
8028	0	33140	32648	38260	
8029	0	33132	32609	38252	
8030	0	33117	32632	38304	
8031	0	33108	32636	38297	
8032	0	33096	32645	38300	
8033	0	33080	32632	38304	
8034	0	33068	32628	38288	
8035	0	33053	32645	38288	
8036	0	33046	32636	38276	
8037	0	33036	32628	38280	
8038	0	33012	32641	38268	
8039	0	32996	32620	38276	
8040	0	32976	32629	38284	
8041	0	32976	32612	38272	
8042	0	32956	32645	38265	
8043	0	32941	32622	38284	
8044	0	32928	32625	38324	
8045	0	32916	32632	38288	
8046	0	32896	32644	38264	
8047	0	32888	32656	38284	
8048	0	32868	32668	38292	
8049	0	32864	32648	38280	
8050	0	32848	32648	38288	
8051	0	32828	32650	38308	
8052	0	32816	32632	38292	
8053	0	32800	32620	38316	
8054	0	32788	32624	38260	
8055	0	32772	32621	38273	
8056	0	32760	32656	38308	
8057	0	32741	32620	38273	
8058	0	32724	32652	38277	
8059	0	32714	32668	38300	
8060	0	32704	32648	38316	
8061	0	32696	32648	38312	
8062	0	32669	32640	38300	
8063	0	32656	32644	38276	
8064	0	32640	32672	38268	
8065	0	32636	32648	38284	
8066	0	32620	32636	38288	
8067	0	32605	32661	38280	
8068	0	32588	32636	38288	
8069	0	32576	32657	38264	
8070	0	32564	32652	38240	
8071	0	32548	32666	38293	
8072	0	32532	32652	38276	
8073	0	32522	32656	38284	
8074	0	32509	32672	38292	
8075	0	32496	32676	38320	
8076	0	32476	32660	38292	
8077	0	32468	32644	38288	
8078	0	32452	32648	38284	
8079	0	32440	32665	38292	
8080	0	32424	32656	38304	
8081	0	32408	32650	38296	
8082	0	32388	32668	38300	
8083	0	32380	32641	38312	
8084	0	32365	32676	38316	
8085	0	32356	32680	38296	
8086	0	32348	32696	38280	
8087	0	32324	32672	38284	
8088	0	32316	32645	38292	
8089	0	32296	32684	38312	
8090	0	32288	32696	38292	
8091	0	32268	32658	38276	
8092	0	32264	32640	38320	
8093	0	32252	32648	38276	
8094	0	32232	32672	38257	
8095	0	32224	32652	38281	
8096	0	32208	32661	38272	
8097	0	32192	32665	38280	
8098	0	32177	32680	38300	
8099	0	32160	32660	38276	
8100	0	32152	32672	38284	
8101	0	32140	32696	38268	
8102	0	32132	32686	38256	
8103	0	32112	32676	38300	
8104	0	32108	32698	38284	
8105	0	32100	32688	38286	
8106	0	32088	32684	38312	
8107	0	32064	32692	38296	
8108	0	32058	32677	38324	
8109	0	32040	32692	38300	
8110	0	32032	32680	38312	
8111	0	32028	32684	38316	
8112	0	32016	32684	38280	
8113	0	31996	32700	38268	
8114	0	31984	32652	38304	
8115	0	31976	32676	38272	
8116	0	31960	32688	38312	
8117	0	31952	32668	38313	
8118	0	31937	32672	38264	
8119	0	31932	32656	38293	
8120	0	31924	32680	38260	
8121	0	31912	32672	38284	
8122	0	31896	32668	38289	
8123	0	31884	32666	38277	
8124	0	31876	32661	38300	
8125	0	31860	32692	38308	
8126	0	31848	32676	38328	
8127	0	31840	32664	38328	
8128	0	31820	32661	38297	
8129	0	31820	32664	38272	
8130	0	31804	32648	38303	
8131	0	31792	32656	38300	
8132	0	31792	32665	38300	
8133	0	31772	32665	38276	
8134	0	31768	32678	38272	
8135	0	31760	32668	38320	
8136	0	31741	32664	38273	
8137	0	31734	32644	38292	
8138	0	31724	32656	38257	
8139	0	31713	32668	38260	
8140	0	31700	32676	38292	
8141	0	31684	32680	38316	
8142	0	31676	32680	38328	
8143	0	31672	32685	38276	
8144	0	31652	32680	38288	
8145	0	31648	32684	38304	
8146	0	31640	32661	38280	
8147	0	31632	32669	38296	
8148	0	31624	32664	38280	
8149	0	31612	32660	38300	
8150	0	31604	32680	38280	
8151	0	31596	32672	38300	
8152	0	31592	32681	38313	
8153	0	31576	32652	38288	
8154	0	31568	32660	38301	
8155	0	31568	32676	38256	
8156	0	31552	32644	38272	
8157	0	31546	32656	38296	
8158	0	31544	32660	38260	
8159	0	31528	32684	38284	
8160	0	31536	32669	38304	
8161	0	31520	32688	38288	
8162	0	31516	32680	38316	
8163	0	31508	32680	38292	
8164	0	31505	32684	38312	
8165	0	31492	32688	38312	
8166	0	31488	32677	38304	
8167	0	31492	32672	38284	
8168	0	31488	32668	38300	
8169	0	31476	32684	38316	
8170	0	31472	32672	38316	
8171	0	31468	32656	38296	
8172	0	31464	32668	38288	
8173	0	31464	32672	38304	
8174	0	31457	32682	38272	
8175	0	31456	32672	38284	
8176	0	31456	32680	38280	
8177	0	31456	32668	38280	
8178	0	31448	32684	38332	
8179	0	31450	32676	38276	
8180	0	31444	32684	38288	
8181	0	31440	32677	38280	
8182	0	31440	32692	38272	
8183	0	31449	32696	38272	
8184	0	31445	32692	38301	
8185	0	31448	32659	38297	
8186	0	31444	32664	38300	
8187	0	31442	32668	38296	
8188	0	31436	32660	38272	
8189	0	31440	32662	38292	
8190	0	31440	32676	38288	
8191	0	31440	32664	38280	
8192	0	31440	32657	38280	
8193	0	31444	32652	38308	
8194	0	31440	32692	38290	
8195	0	31436	32668	38304	
8196	0	31441	32696	38280	
8197	0	31440	32648	38272	
8198	0	31444	32670	38276	
8199	0	31444	32666	38336	
8200	0	31442	32680	38292	
8201	0	31448	32688	38292	
8202	0	31444	32672	38312	
8203	0	31448	32676	38308	
8204	0	31452	32652	38305	
8205	0	31448	32672	38312	
8206	0	31457	32649	38256	
8207	0	31448	32684	38269	
8208	0	31448	32672	38288	
8209	0	31456	32692	38260	
8210	0	31460	32686	38276	
8211	0	31468	32688	38280	
8212	0	31456	32672	38308	
8213	0	31460	32644	38328	
8214	0	31460	32684	38320	
8215	0	31468	32680	38304	
8216	0	31464	32688	38260	
8217	0	31466	32680	38288	
8218	0	31468	32672	38300	
8219	0	31468	32652	38300	
8220	0	31470	32684	38280	
8221	0	31472	32673	38316	
8222	0	31468	32673	38298	
8223	0	31476	32681	38289	
8224	0	31480	32676	38272	
8225	0	31477	32665	38288	
8226	0	31484	32672	38264	
8227	0	31484	32676	38285	
8228	0	31488	32677	38286	
8229	0	31492	32676	38272	
8230	0	31492	32672	38296	
8231	0	31492	32656	38309	
8232	0	31496	32684	38304	
8233	0	31504	32672	38280	
8234	0	31504	32644	38324	
8235	0	31508	32673	38316	
8236	0	31500	32664	38296	
8237	0	31507	32688	38280	
8238	0	31508	32668	38296	
8239	0	31508	32660	38292	
8240	0	31512	32680	38296	
8241	0	31520	32672	38260	
8242	0	31520	32680	38302	
8243	0	31524	32682	38302	
8244	0	31529	32692	38336	
8245	0	31528	32708	38316	
8246	0	31533	32680	38316	
8247	0	31534	32672	38264	
8248	0	31548	32660	38276	
8249	0	31536	32690	38272	
8250	0	31544	32720	38277	
8251	0	31549	32684	38296	
8252	0	31553	32668	38280	
8253	0	31550	32676	38292	
8254	0	31564	32657	38336	
8255	0	31564	32676	38328	
8256	0	31568	32704	38300	
8257	0	31576	32716	38272	
8258	0	31572	32700	38284	
8259	0	31580	32696	38284	
8260	0	31588	32688	38296	
8261	0	31584	32669	38292	
8262	0	31592	32672	38308	
8263	0	31597	32660	38277	
8264	0	31600	32676	38276	
8265	0	31602	32688	38308	
8266	0	31616	32684	38292	
8267	0	31618	32692	38296	
8268	0	31620	32700	38280	
8269	0	31628	32696	38284	
8270	0	31640	32680	38316	
8271	0	31640	32704	38300	
8272	0	31644	32684	38292	
8273	0	31648	32692	38304	
8274	0	31648	32684	38304	
8275	0	31660	32684	38280	
8276	0	31668	32696	38344	
8277	0	31672	32700	38308	
8278	0	31676	32692	38288	
8279	0	31684	32692	38288	
8280	0	31688	32704	38296	
8281	0	31696	32664	38324	
8282	0	31708	32665	38336	
8283	0	31708	32701	38266	
8284	0	31716	32688	38288	
8285	0	31728	32684	38272	
8286	0	31728	32700	38308	
8287	0	31738	32712	38280	
8288	0	31748	32696	38264	
8289	0	31752	32704	38300	
8290	0	31764	32697	38284	
8291	0	31768	32692	38284	
8292	0	31768	32688	38276	
8293	0	31780	32696	38284	
8294	0	31786	32681	38265	
8295	0	31792	32696	38288	
8296	0	31800	32692	38308	
8297	0	31805	32688	38300	
8298	0	31812	32680	38300	
8299	0	31820	32696	38296	
8300	0	31824	32690	38304	
8301	0	31828	32696	38304	
8302	0	31840	32673	38272	
8303	0	31840	32684	38316	
8304	0	31845	32684	38292	
8305	0	31860	32680	38280	
8306	0	31860	32704	38312	
8307	0	31872	32706	38300	
8308	0	31872	32696	38292	
8309	0	31880	32680	38310	
8310	0	31888	32680	38320	
8311	0	31892	32704	38284	
8312	0	31896	32688	38312	
8313	0	31904	32672	38276	
8314	0	31908	32692	38284	
8315	0	31920	32680	38280	
8316	0	31928	32704	38320	
8317	0	31936	32692	38333	
8318	0	31937	32692	38312	
8319	0	31944	32688	38304	
8320	0	31953	32680	38300	
8321	0	31960	32684	38276	
8322	0	31968	32714	38272	
8323	0	31984	32688	38294	
8324	0	31988	32688	38276	
8325	0	31996	32660	38317	
8326	0	32008	32668	38320	
8327	0	32012	32684	38272	
8328	0	32024	32692	38282	
8329	0	32028	32704	38300	
8330	0	32036	32684	38296	
8331	0	32048	32677	38284	
8332	0	32060	32720	38304	
8333	0	32072	32696	38288	
8334	0	32088	32669	38292	
8335	0	32088	32689	38300	
8336	0	32100	32684	38308	
8337	0	32120	32688	38302	
8338	0	32129	32684	38282	
8339	0	32140	32697	38308	
8340	0	32152	32697	38308	
8341	0	32165	32720	38288	
8342	0	32176	32692	38288	
8343	0	32188	32676	38316	
8344	0	32212	32688	38272	
8345	0	32216	32680	38284	
8346	0	32236	32696	38284	
8347	0	32249	32685	38324	
8348	0	32268	32668	38280	
8349	0	32280	32692	38288	
8350	0	32292	32676	38328	
8351	0	32305	32704	38296	
8352	0	32321	32680	38285	
8353	0	32336	32676	38268	
8354	0	32356	32660	38316	
8355	0	32364	32672	38324	
8356	0	32392	32688	38312	
8357	0	32397	32692	38288	
8358	0	32413	32677	38280	
8359	0	32432	32672	38288	
8360	0	32444	32692	38284	
8361	0	32465	32673	38293	
8362	0	32480	32700	38296	
8363	0	32496	32680	38288	
8364	0	32516	32692	38268	
8365	0	32532	32696	38296	
8366	0	32544	32700	38276	
8367	0	32556	32684	38304	
8368	0	32576	32672	38288	
8369	0	32593	32672	38316	
8370	0	32600	32688	38300	
8371	0	32620	32684	38313	
8372	0	32633	32688	38312	
8373	0	32648	32680	38284	
8374	0	32664	32696	38288	
8375	0	32672	32688	38292	
8376	0	32696	32689	38320	
8377	0	32710	32676	38296	
8378	0	32720	32672	38276	
8379	0	32728	32656	38316	
8380	0	32744	32672	38268	
8381	0	32756	32692	38280	
8382	0	32772	32652	38280	
8383	0	32788	32660	38272	
8384	0	32796	32648	38320	
8385	0	32812	32684	38288	
8386	0	32820	32660	38296	
8387	0	32832	32645	38324	
8388	0	32840	32664	38288	
8389	0	32856	32684	38328	
8390	0	32868	32672	38308	
8391	0	32876	32652	38273	
8392	0	32888	32656	38277	
8393	0	32892	32664	38316	
8394	0	32904	32696	38288	
8395	0	32897	32678	38292	
8396	0	32924	32668	38332	
8397	0	32928	32668	38292	
8398	0	32940	32681	38292	
8399	0	32952	32676	38324	
8400	0	32960	32676	38284	
8401	0	32962	32668	38304	
8402	0	32974	32660	38282	
8403	0	32976	32684	38320	
8404	0	32986	32676	38285	
8405	0	32992	32652	38305	
8406	0	33000	32668	38304	
8407	0	33001	32672	38296	
8408	0	33020	32664	38312	
8409	0	33016	32652	38304	
8410	0	33024	32648	38304	
8411	0	33024	32668	38344	
8412	0	33024	32664	38332	
8413	0	33026	32696	38300	
8414	0	33032	32696	38252	
8415	0	33044	32668	38260	
8416	0	33041	32669	38272	
8417	0	33036	32692	38300	
8418	0	33044	32668	38316	
8419	0	33048	32672	38277	
8420	0	33052	32661	38284	
8421	0	33052	32692	38308	
8422	0	33056	32680	38312	
8423	0	33052	32684	38276	
8424	0	33060	32692	38304	
8425	0	33056	32661	38292	
8426	0	33060	32665	38288	
8427	0	33052	32656	38304	
8428	0	33056	32664	38308	
8429	0	33057	32672	38304	
8430	0	33056	32661	38284	
8431	0	33053	32668	38296	
8432	0	33053	32684	38304	
8433	0	33052	32656	38328	
8434	0	33044	32664	38320	
8435	0	33048	32680	38312	
8436	0	33052	32680	38309	
8437	0	33048	32672	38284	
8438	0	33052	32676	38272	
8439	0	33040	32681	38296	
8440	0	33032	32688	38284	
8441	0	33040	32652	38300	
8442	0	33040	32680	38288	
8443	0	33032	32688	38284	
8444	0	33028	32672	38284	
8445	0	33028	32700	38272	
8446	0	33026	32664	38308	
8447	0	33012	32648	38292	
8448	0	33020	32652	38289	
8449	0	33012	32648	38300	
8450	0	33012	32676	38276	
8451	0	32996	32684	38304	
8452	0	32997	32698	38288	
8453	0	33004	32660	38256	
8454	0	33001	32676	38292	
8455	0	32996	32688	38308	
8456	0	32968	32680	38305	
8457	0	32980	32684	38296	
8458	0	32986	32676	38320	
8459	0	32976	32646	38292	
8460	0	32976	32656	38292	
8461	0	32968	32664	38288	
8462	0	32972	32666	38336	
8463	0	32968	32672	38288	
8464	0	32960	32680	38308	
8465	0	32960	32664	38300	
8466	0	32960	32664	38336	
8467	0	32945	32672	38288	
8468	0	32944	32680	38280	
8469	0	32936	32692	38304	
8470	0	32932	32689	38328	
8471	0	32936	32684	38308	
8472	0	32925	32665	38300	
8473	0	32916	32645	38300	
8474	0	32920	32656	38324	
8475	0	32912	32652	38272	
8476	0	32900	32648	38284	
8477	0	32906	32668	38288	
8478	0	32896	32660	38284	
8479	0	32892	32644	38296	
8480	0	32888	32684	38280	
8481	0	32884	32641	38333	
8482	0	32876	32648	38300	
8483	0	32876	32664	38294	
8484	0	32868	32665	38296	
8485	0	32864	32668	38284	
8486	0	32856	32684	38268	
8487	0	32848	32672	38316	
8488	0	32848	32656	38268	
8489	0	32840	32657	38312	
8490	0	32840	32688	38288	
8491	0	32832	32676	38305	
8492	0	32832	32656	38300	
8493	0	32825	32656	38288	
8494	0	32820	32653	38272	
8495	0	32813	32668	38288	
8496	0	32812	32657	38268	
8497	0	32808	32656	38304	
8498	0	32800	32668	38300	
8499	0	32796	32628	38308	
8500	0	32784	32656	38288	
8501	0	32780	32648	38272	
8502	0	32781	32668	38308	
8503	0	32776	32664	38282	
8504	0	32768	32657	38252	
8505	0	32760	32680	38300	
8506	0	32760	32668	38312	
8507	0	32746	32672	38296	
8508	0	32744	32664	38281	
8509	0	32736	32680	38289	
8510	0	32736	32672	38284	
8511	0	32734	32660	38304	
8512	0	32728	32688	38272	
8513	0	32716	32664	38292	
8514	0	32714	32684	38288	
8515	0	32712	32680	38284	
8516	0	32704	32656	38284	
8517	0	32700	32648	38292	
8518	0	32696	32648	38265	
8519	0	32696	32648	38268	
8520	0	32680	32676	38308	
8521	0	32681	32681	38280	
8522	0	32672	32665	38237	
8523	0	32673	32677	38300	
8524	0	32668	32692	38304	
8525	0	32656	32680	38312	
8526	0	32656	32684	38284	
8527	0	32660	32680	38280	
8528	0	32644	32672	38276	
8529	0	32644	32660	38308	
8530	0	32637	32676	38294	
8531	0	32632	32681	38268	
8532	0	32624	32660	38276	
8533	0	32628	32652	38292	
8534	0	32624	32672	38288	
8535	0	32616	32680	38233	
8536	0	32620	32660	38288	
8537	0	32609	32680	38301	
8538	0	32608	32688	38292	
8539	0	32608	32668	38304	
8540	0	32600	32676	38296	
8541	0	32604	32674	38288	
8542	0	32600	32677	38288	
8543	0	32592	32706	38264	
8544	0	32592	32664	38316	
8545	0	32592	32664	38320	
8546	0	32592	32668	38296	
8547	0	32588	32653	38276	
8548	0	32581	32682	38292	
8549	0	32584	32688	38288	
8550	0	32584	32672	38288	
8551	0	32576	32664	38272	
8552	0	32576	32673	38284	
8553	0	32580	32700	38264	
8554	0	32576	32696	38268	
8555	0	32573	32664	38276	
8556	0	32568	32692	38266	
8557	0	32568	32680	38280	
8558	0	32572	32696	38296	
8559	0	32570	32693	38284	
8560	0	32564	32700	38288	
8561	0	32572	32672	38336	
8562	0	32564	32688	38276	
8563	0	32566	32672	38288	
8564	0	32568	32668	38288	
8565	0	32572	32684	38268	
8566	0	32565	32672	38276	
8567	0	32564	32696	38264	
8568	0	32568	32656	38264	
8569	0	32572	32688	38264	
8570	0	32568	32672	38261	
8571	0	32568	32660	38296	
8572	0	32568	32668	38301	
8573	0	32564	32680	38288	
8574	0	32564	32672	38284	
8575	0	32568	32685	38296	
8576	0	32564	32674	38308	
8577	0	32576	32688	38284	
8578	0	32568	32676	38284	
8579	0	32577	32684	38288	
8580	0	32568	32669	38292	
8581	0	32577	32668	38308	
8582	0	32576	32664	38292	
8583	0	32580	32700	38304	
8584	0	32581	32664	38304	
8585	0	32576	32692	38293	
8586	0	32584	32664	38304	
8587	0	32584	32700	38280	
8588	0	32588	32700	38280	
8589	0	32580	32680	38304	
8590	0	32584	32668	38300	
8591	0	32585	32681	38308	
8592	0	32588	32672	38340	
8593	0	32588	32681	38296	
8594	0	32592	32685	38260	
8595	0	32596	32673	38292	
8596	0	32592	32684	38260	
8597	0	32596	32692	38288	
8598	0	32596	32688	38272	
8599	0	32600	32680	38294	
8600	0	32596	32676	38308	
8601	0	32602	32676	38276	
8602	0	32600	32677	38276	
8603	0	32604	32680	38264	
8604	0	32598	32672	38288	
8605	0	32604	32657	38292	
8606	0	32601	32672	38304	
8607	0	32604	32676	38268	
8608	0	32604	32677	38276	
8609	0	32604	32672	38304	
8610	0	32596	32672	38248	
8611	0	32600	32676	38288	
8612	0	32608	32676	38288	
8613	0	32600	32672	38268	
8614	0	32600	32676	38301	
8615	0	32604	32668	38284	
8616	0	32604	32664	38340	
8617	0	32608	32657	38320	
8618	0	32600	32669	38300	
8619	0	32594	32648	38328	
8620	0	32576	32672	38316	
8621	0	32594	32680	38308	
8622	0	32592	32672	38296	
8623	0	32600	32680	38296	
8624	0	32600	32688	38280	
8625	0	32596	32660	38272	
8626	0	32596	32668	38288	
8627	0	32592	32672	38260	
8628	0	32592	32668	38300	
8629	0	32596	32672	38296	
8630	0	32592	32673	38312	
8631	0	32580	32677	38280	
8632	0	32585	32680	38308	
8633	0	32584	32668	38288	
8634	0	32584	32668	38320	
8635	0	32584	32684	38292	
8636	0	32584	32672	38288	
8637	0	32580	32660	38296	
8638	0	32576	32669	38276	
8639	0	32584	32684	38292	
8640	0	32580	32672	38292	
8641	0	32576	32680	38305	
8642	0	32576	32672	38304	
8643	0	32572	32664	38292	
8644	0	32572	32656	38302	
8645	0	32576	32684	38265	
8646	0	32576	32680	38264	
8647	0	32564	32669	38276	
8648	0	32565	32680	38276	
8649	0	32564	32672	38296	
8650	0	32557	32680	38277	
8651	0	32568	32688	38304	
8652	0	32560	32676	38312	
8653	0	32560	32672	38332	
8654	0	32556	32672	38280	
8655	0	32556	32660	38300	
8656	0	32557	32664	38326	
8657	0	32564	32700	38288	
8658	0	32556	32697	38304	
8659	0	32552	32700	38308	
8660	0	32552	32694	38304	
8661	0	32554	32689	38284	
8662	0	32544	32674	38272	
8663	0	32544	32696	38272	
8664	0	32540	32668	38312	
8665	0	32540	32673	38284	
8666	0	32544	32680	38272	
8667	0	32544	32688	38264	
8668	0	32540	32700	38269	
8669	0	32536	32660	38296	
8670	0	32536	32656	38284	
8671	0	32530	32664	38284	
8672	0	32536	32676	38288	
8673	0	32544	32672	38288	
8674	0	32530	32674	38268	
8675	0	32532	32656	38296	
8676	0	32536	32664	38276	
8677	0	32528	32664	38320	
8678	0	32532	32673	38352	
8679	0	32524	32668	38316	
8680	0	32528	32676	38284	
8681	0	32528	32680	38304	
8682	0	32528	32674	38312	
8683	0	32521	32660	38288	
8684	0	32530	32664	38292	
8685	0	32521	32688	38264	
8686	0	32521	32685	38268	
8687	0	32516	32676	38292	
8688	0	32528	32688	38268	
8689	0	32524	32668	38269	
8690	0	32513	32676	38308	
8691	0	32520	32669	38292	
8692	0	32512	32664	38304	
8693	0	32520	32676	38260	
8694	0	32516	32664	38288	
8695	0	32516	32652	38324	
8696	0	32520	32672	38280	
8697	0	32520	32672	38300	
8698	0	32520	32676	38304	
8699	0	32516	32668	38276	
8700	0	32524	32644	38284	
8701	0	32528	32668	38292	
8702	0	32526	32672	38264	
8703	0	32532	32656	38272	
8704	0	32524	32668	38284	
8705	0	32520	32670	38288	
8706	0	32532	32664	38276	
8707	0	32532	32660	38308	
8708	0	32528	32656	38292	
8709	0	32532	32673	38293	
8710	0	32532	32650	38304	
8711	0	32540	32681	38260	
8712	0	32536	32644	38288	
8713	0	32548	32672	38272	
8714	0	32544	32692	38296	
8715	0	32548	32673	38284	
8716	0	32546	32656	38320	
8717	0	32556	32661	38284	
8718	0	32560	32648	38308	
8719	0	32564	32701	38272	
8720	0	32552	32682	38274	
8721	0	32560	32664	38300	
8722	0	32556	32704	38293	
8723	0	32568	32672	38324	
8724	0	32560	32656	38281	
8725	0	32562	32668	38268	
8726	0	32568	32680	38272	
8727	0	32572	32672	38312	
8728	0	32572	32652	38280	
8729	0	32576	32672	38264	
8730	0	32572	32680	38296	
8731	0	32576	32660	38272	
8732	0	32576	32676	38260	
8733	0	32576	32648	38300	
8734	0	32580	32664	38288	
8735	0	32584	32680	38264	
8736	0	32580	32646	38272	
8737	0	32589	32664	38296	
8738	0	32588	32672	38272	
8739	0	32584	32644	38284	
8740	0	32588	32672	38285	
8741	0	32584	32661	38280	
8742	0	32593	32633	38301	
8743	0	32596	32637	38286	
8744	0	32596	32652	38268	
8745	0	32596	32654	38300	
8746	0	32594	32660	38288	
8747	0	32598	32656	38272	
8748	0	32608	32640	38296	
8749	0	32604	32676	38269	
8750	0	32596	32649	38288	
8751	0	32608	32636	38285	
8752	0	32598	32658	38288	
8753	0	32607	32660	38284	
8754	0	32608	32660	38288	
8755	0	32609	32665	38284	
8756	0	32612	32652	38272	
8757	0	32612	32652	38280	
8758	0	32612	32660	38260	
8759	0	32612	32640	38300	
8760	0	32616	32652	38260	
8761	0	32624	32664	38280	
8762	0	32624	32672	38280	
8763	0	32628	32668	38277	
8764	0	32628	32648	38292	
8765	0	32632	32648	38248	
8766	0	32636	32664	38292	
8767	0	32636	32648	38264	
8768	0	32640	32676	38264	
8769	0	32640	32664	38292	
8770	0	32640	32672	38280	
8771	0	32648	32664	38301	
8772	0	32652	32654	38308	
8773	0	32656	32680	38340	
8774	0	32656	32672	38292	
8775	0	32662	32677	38300	
8776	0	32668	32660	38285	
8777	0	32672	32656	38292	
8778	0	32666	32660	38272	
8779	0	32672	32676	38280	
8780	0	32680	32672	38272	
8781	0	32680	32672	38300	
8782	0	32680	32668	38316	
8783	0	32696	32654	38292	
8784	0	32688	32665	38276	
8785	0	32692	32664	38285	
8786	0	32696	32660	38296	
8787	0	32696	32668	38304	
8788	0	32692	32678	38300	
8789	0	32700	32668	38272	
8790	0	32704	32660	38272	
8791	0	32716	32668	38297	
8792	0	32716	32672	38272	
8793	0	32720	32656	38312	
8794	0	32716	32652	38304	
8795	0	32720	32636	38277	
8796	0	32725	32672	38288	
8797	0	32720	32669	38284	
8798	0	32728	32688	38280	
8799	0	32732	32656	38288	
8800	0	32736	32656	38292	
8801	0	32736	32660	38273	
8802	0	32736	32680	38264	
8803	0	32740	32661	38256	
8804	0	32744	32660	38296	
8805	0	32752	32657	38296	
8806	0	32744	32660	38316	
8807	0	32748	32644	38284	
8808	0	32756	32664	38300	
8809	0	32756	32660	38336	
8810	0	32752	32688	38269	
8811	0	32765	32700	38300	
8812	0	32760	32661	38304	
8813	0	32768	32680	38309	
8814	0	32760	32700	38336	
8815	0	32768	32660	38328	
8816	0	32760	32700	38308	
8817	0	32772	32644	38273	
8818	0	32777	32648	38296	
8819	0	32774	32668	38293	
8820	0	32776	32672	38280	
8821	0	32784	32641	38304	
8822	0	32784	32656	38282	
8823	0	32784	32656	38292	
8824	0	32792	32672	38268	
8825	0	32784	32644	38276	
8826	0	32796	32652	38233	
8827	0	32796	32668	38272	
8828	0	32796	32696	38296	
8829	0	32804	32652	38336	
8830	0	32805	32650	38308	
8831	0	32804	32684	38253	
8832	0	32808	32640	38280	
8833	0	32816	32676	38292	
8834	0	32816	32656	38276	
8835	0	32812	32656	38284	
8836	0	32824	32652	38280	
8837	0	32828	32656	38284	
8838	0	32820	32641	38248	
8839	0	32824	32662	38282	
8840	0	32832	32672	38312	
8841	0	32832	32673	38292	
8842	0	32840	32665	38296	
8843	0	32841	32680	38296	
8844	0	32840	32664	38316	
8845	0	32848	32656	38288	
8846	0	32848	32700	38308	
8847	0	32852	32724	38316	
8848	0	32852	32688	38318	
8849	0	32856	32672	38312	
8850	0	32864	32665	38280	
8851	0	32864	32700	38304	
8852	0	32864	32704	38320	
8853	0	32872	32668	38297	
8854	0	32869	32668	38320	
8855	0	32872	32672	38292	
8856	0	32869	32688	38324	
8857	0	32880	32724	38273	
8858	0	32872	32680	38328	
8859	0	32876	32680	38288	
8860	0	32876	32676	38292	
8861	0	32880	32696	38304	
8862	0	32876	32693	38280	
8863	0	32876	32681	38280	
8864	0	32884	32664	38280	
8865	0	32892	32672	38280	
8866	0	32881	32684	38332	
8867	0	32880	32692	38308	
8868	0	32888	32684	38316	
8869	0	32888	32700	38312	
8870	0	32884	32668	38336	
8871	0	32884	32700	38296	
8872	0	32885	32702	38316	
8873	0	32884	32680	38320	
8874	0	32884	32704	38292	
8875	0	32884	32690	38300	
8876	0	32880	32704	38308	
8877	0	32880	32700	38308	
8878	0	32888	32696	38316	
8879	0	32880	32712	38301	
8880	0	32880	32696	38286	
8881	0	32876	32704	38313	
8882	0	32876	32676	38301	
8883	0	32884	32672	38304	
8884	0	32872	32692	38304	
8885	0	32868	32668	38296	
8886	0	32868	32669	38312	
8887	0	32868	32676	38276	
8888	0	32864	32664	38292	
8889	0	32868	32684	38268	
8890	0	32864	32700	38300	
8891	0	32856	32696	38304	
8892	0	32860	32704	38268	
8893	0	32856	32700	38272	
8894	0	32856	32704	38312	
8895	0	32857	32688	38335	
8896	0	32857	32684	38276	
8897	0	32858	32692	38292	
8898	0	32853	32676	38320	
8899	0	32852	32676	38300	
8900	0	32860	32664	38316	
8901	0	32852	32688	38312	
8902	0	32856	32706	38316	
8903	0	32852	32688	38296	
8904	0	32853	32684	38296	
8905	0	32844	32692	38282	
8906	0	32848	32700	38292	
8907	0	32848	32704	38280	
8908	0	32870	32702	38260	
8909	0	32848	32700	38288	
8910	0	32852	32672	38320	
8911	0	32848	32696	38261	
8912	0	32848	32704	38316	
8913	0	32850	32716	38280	
8914	0	32852	32680	38284	
8915	0	32852	32700	38280	
8916	0	32864	32696	38308	
8917	0	32860	32712	38284	
8918	0	32864	32708	38264	
8919	0	32856	32709	38292	
8920	0	32864	32708	38284	
8921	0	32864	32713	38288	
8922	0	32868	32700	38296	
8923	0	32864	32688	38296	
8924	0	32872	32696	38284	
8925	0	32864	32700	38288	
8926	0	32868	32708	38284	
8927	0	32872	32700	38296	
8928	0	32872	32696	38300	
8929	0	32872	32684	38300	
8930	0	32872	32676	38272	
8931	0	32876	32704	38304	
8932	0	32880	32712	38293	
8933	0	32886	32704	38277	
8934	0	32880	32704	38288	
8935	0	32877	32696	38304	
8936	0	32884	32704	38280	
8937	0	32888	32696	38300	
8938	0	32896	32704	38292	
8939	0	32896	32704	38324	
8940	0	32888	32704	38312	
8941	0	32896	32684	38304	
8942	0	32904	32696	38316	
8943	0	32900	32688	38288	
8944	0	32904	32692	38304	
8945	0	32908	32676	38296	
8946	0	32908	32689	38284	
8947	0	32905	32676	38304	
8948	0	32888	32712	38264	
8949	0	32920	32664	38304	
8950	0	32916	32708	38308	
8951	0	32924	32708	38272	
8952	0	32925	32712	38300	
8953	0	32924	32708	38288	
8954	0	32928	32704	38320	
8955	0	32932	32688	38304	
8956	0	32928	32696	38304	
8957	0	32928	32704	38284	
8958	0	32936	32712	38296	
8959	0	32936	32720	38284	
8960	0	32937	32708	38288	
8961	0	32932	32709	38288	
8962	0	32940	32720	38316	
8963	0	32940	32729	38272	
8964	0	32944	32696	38308	
8965	0	32944	32700	38296	
8966	0	32952	32720	38308	
8967	0	32952	32700	38324	
8968	0	32960	32688	38272	
8969	0	32952	32708	38316	
8970	0	32960	32684	38283	
8971	0	32956	32676	38276	
8972	0	32956	32692	38288	
8973	0	32956	32672	38296	
8974	0	32960	32697	38274	
8975	0	32960	32696	38304	
8976	0	32964	32672	38304	
8977	0	32960	32684	38292	
8978	0	32964	32690	38300	
8979	0	32956	32677	38300	
8980	0	32956	32692	38292	
8981	0	32964	32692	38316	
8982	0	32960	32696	38288	
8983	0	32960	32696	38320	
8984	0	32960	32696	38280	
8985	0	32972	32708	38312	
8986	0	32964	32720	38316	
8987	0	32976	32700	38317	
8988	0	32968	32688	38316	
8989	0	32970	32676	38296	
8990	0	32968	32684	38276	
8991	0	32969	32708	38308	
8992	0	32969	32684	38272	
8993	0	32972	32685	38305	
8994	0	32972	32680	38280	
8995	0	32968	32684	38296	
8996	0	32972	32704	38284	
8997	0	32968	32688	38292	
8998	0	32976	32708	38316	
8999	0	32976	32704	38312	
9000	0	32976	32712	38284	
9001	0	32972	32688	38328	
9002	0	32976	32668	38301	
9003	0	32980	32668	38340	
9004	0	32977	32696	38282	
9005	0	32980	32684	38304	
9006	0	32988	32700	38296	
9007	0	32988	32696	38304	
9008	0	32984	32696	38322	
9009	0	32997	32688	38300	
9010	0	32996	32702	38292	
9011	0	33000	32698	38300	
9012	0	32998	32693	38284	
9013	0	33004	32672	38312	
9014	0	33004	32688	38297	
9015	0	33000	32696	38304	
9016	0	33008	32688	38324	
9017	0	33004	32692	38320	
9018	0	33000	32696	38316	
9019	0	33016	32680	38296	
9020	0	33012	32684	38336	
9021	0	33012	32676	38308	
9022	0	33020	32688	38313	
9023	0	33017	32700	38260	
9024	0	33024	32708	38300	
9025	0	33024	32676	38304	
9026	0	33028	32672	38293	
9027	0	33032	32688	38324	
9028	0	33028	32696	38300	
9029	0	33036	32704	38304	
9030	0	33041	32708	38277	
9031	0	33036	32692	38296	
9032	0	33038	32688	38292	
9033	0	33044	32681	38308	
9034	0	33048	32721	38304	
9035	0	33053	32708	38288	
9036	0	33056	32692	38300	
9037	0	33060	32688	38268	
9038	0	33052	32704	38284	
9039	0	33060	32720	38296	
9040	0	33064	32724	38280	
9041	0	33064	32686	38304	
9042	0	33076	32697	38316	
9043	0	33065	32688	38320	
9044	0	33072	32677	38308	
9045	0	33072	32686	38328	
9046	0	33080	32708	38312	
9047	0	33080	32696	38296	
9048	0	33080	32705	38292	
9049	0	33084	32708	38316	
9050	0	33088	32704	38284	
9051	0	33088	32708	38304	
9052	0	33089	32694	38320	
9053	0	33096	32688	38312	
9054	0	33092	32676	38344	
9055	0	33100	32692	38292	
9056	0	33104	32696	38317	
9057	0	33108	32688	38312	
9058	0	33104	32692	38304	
9059	0	33108	32668	38296	
9060	0	33108	32720	38320	
9061	0	33112	32697	38328	
9062	0	33120	32708	38296	
9063	0	33116	32680	38320	
9064	0	33124	32700	38276	
9065	0	33124	32694	38300	
9066	0	33128	32680	38312	
9067	0	33124	32700	38296	
9068	0	33136	32696	38304	
9069	0	33132	32704	38288	
9070	0	33136	32696	38296	
9071	0	33137	32672	38293	
9072	0	33134	32696	38268	
9073	0	33140	32684	38316	
9074	0	33144	32700	38312	
9075	0	33144	32708	38312	
9076	0	33156	32700	38320	
9077	0	33152	32717	38284	
9078	0	33153	32706	38312	
9079	0	33152	32688	38288	
9080	0	33156	32681	38308	
9081	0	33156	32672	38312	
9082	0	33160	32700	38300	
9083	0	33168	32716	38300	
9084	0	33168	32712	38300	
9085	0	33172	32704	38280	
9086	0	33176	32720	38336	
9087	0	33176	32720	38304	
9088	0	33176	32712	38276	
9089	0	33176	32701	38292	
9090	0	33178	32700	38300	
9091	0	33184	32716	38286	
9092	0	33188	32712	38292	
9093	0	33184	32708	38264	
9094	0	33180	32705	38268	
9095	0	33185	32741	38296	
9096	0	33192	32712	38292	
9097	0	33192	32736	38264	
9098	0	33188	32705	38292	
9099	0	33186	32712	38272	
9100	0	33192	32720	38296	
9101	0	33188	32728	38300	
9102	0	33192	32716	38292	
9103	0	33188	32724	38280	
9104	0	33192	32708	38304	
9105	0	33188	32709	38288	
9106	0	33184	32724	38272	
9107	0	33188	32716	38284	
9108	0	33188	32720	38300	
9109	0	33184	32733	38313	
9110	0	33184	32712	38276	
9111	0	33184	32701	38316	
9112	0	33180	32710	38292	
9113	0	33180	32728	38260	
9114	0	33180	32716	38260	
9115	0	33176	32705	38252	
9116	0	33168	32680	38269	
9117	0	33172	32704	38289	
9118	0	33168	32680	38268	
9119	0	33168	32680	38280	
9120	0	33172	32708	38288	
9121	0	33160	32684	38284	
9122	0	33153	32696	38296	
9123	0	33152	32692	38292	
9124	0	33149	32686	38308	
9125	0	33136	32712	38304	
9126	0	33140	32712	38300	
9127	0	33128	32717	38301	
9128	0	33136	32680	38312	
9129	0	33128	32672	38292	
9130	0	33119	32704	38296	
9131	0	33124	32693	38300	
9132	0	33120	32712	38304	
9133	0	33114	32712	38292	
9134	0	33108	32724	38256	
9135	0	33105	32696	38320	
9136	0	33096	32681	38304	
9137	0	33100	32716	38276	
9138	0	33088	32716	38300	
9139	0	33092	32688	38328	
9140	0	33080	32696	38312	
9141	0	33074	32713	38292	
9142	0	33068	32704	38316	
9143	0	33064	32700	38312	
9144	0	33064	32676	38320	
9145	0	33056	32672	38300	
9146	0	33056	32716	38313	
9147	0	33044	32700	38328	
9148	0	33032	32696	38310	
9149	0	33032	32666	38264	
9150	0	33024	32656	38240	
9151	0	33020	32672	38300	
9152	0	33008	32722	38288	
9153	0	33008	32700	38280	
9154	0	33000	32676	38336	
9155	0	32996	32700	38308	
9156	0	32984	32712	38292	
9157	0	32984	32710	38337	
9158	0	32976	32704	38320	
9159	0	32968	32688	38336	
9160	0	32964	32720	38336	
9161	0	32956	32720	38352	
9162	0	32948	32716	38316	
9163	0	32940	32704	38336	
9164	0	32932	32700	38304	
9165	0	32929	32724	38316	
9166	0	32920	32721	38332	
9167	0	32917	32676	38332	
9168	0	32912	32702	38304	
9169	0	32900	32690	38272	
9170	0	32896	32688	38308	
9171	0	32889	32712	38336	
9172	0	32881	32712	38328	
9173	0	32880	32696	38348	
9174	0	32864	32684	38276	
9175	0	32856	32692	38284	
9176	0	32852	32704	38272	
9177	0	32841	32689	38264	
9178	0	32832	32684	38248	
9179	0	32826	32676	38256	
9180	0	32820	32676	38252	
9181	0	32812	32688	38268	
9182	0	32800	32676	38320	
9183	0	32796	32688	38288	
9184	0	32788	32676	38308	
9185	0	32788	32708	38281	
9186	0	32772	32688	38336	
9187	0	32764	32724	38292	
9188	0	32756	32700	38320	
9189	0	32752	32712	38304	
9190	0	32744	32754	38316	
9191	0	32740	32712	38248	
9192	0	32728	32704	38320	
9193	0	32720	32692	38312	
9194	0	32724	32700	38308	
9195	0	32704	32704	38268	
9196	0	32696	32672	38228	
9197	0	32692	32685	38240	
9198	0	32692	32680	38268	
9199	0	32688	32692	38240	
9200	0	32680	32672	38272	
9201	0	32672	32692	38257	
9202	0	32672	32708	38272	
9203	0	32664	32708	38297	
9204	0	32662	32668	38316	
9205	0	32652	32692	38312	
9206	0	32660	32696	38312	
9207	0	32660	32716	38320	
9208	0	32648	32708	38316	
9209	0	32648	32680	38356	
9210	0	32648	32728	38400	
9211	0	32640	32789	38432	
9212	0	32636	32800	38364	
9213	0	32630	32720	38342	
9214	0	32644	32704	38320	
9215	0	32637	32704	38309	
9216	0	32640	32720	38356	
9217	0	32640	32740	38336	
9218	0	32645	32760	38320	
9219	0	32644	32720	38328	
9220	0	32648	32700	38300	
9221	0	32656	32704	38368	
9222	0	32660	32720	38352	
9223	0	32664	32688	38352	
9224	0	32660	32696	38288	
9225	0	32661	32709	38304	
9226	0	32664	32685	38316	
9227	0	32672	32706	38324	
9228	0	32676	32692	38304	
9229	0	32684	32680	38288	
9230	0	32696	32668	38348	
9231	0	32696	32700	38286	
9232	0	32712	32689	38284	
9233	0	32716	32680	38296	
9234	0	32724	32740	38292	
9235	0	32740	32712	38292	
9236	0	32740	32716	38304	
9237	0	32744	32692	38312	
9238	0	32748	32712	38308	
9239	0	32760	32732	38338	
9240	0	32772	32732	38364	
9241	0	32780	32716	38336	
9242	0	32796	32673	38345	
9243	0	32796	32668	38324	
9244	0	32804	32672	38328	
9245	0	32816	32664	38308	
9246	0	32816	32680	38296	
9247	0	32834	32656	38292	
9248	0	32836	32656	38312	
9249	0	32848	32644	38276	
9250	0	32861	32688	38273	
9251	0	32868	32708	38304	
9252	0	32872	32684	38300	
9253	0	32888	32720	38360	
9254	0	32896	32840	38496	
9255	0	32900	32856	38536	
9256	0	32912	32800	38549	
9257	0	32920	32752	38592	
9258	0	32924	32800	38700	
9259	0	32944	32924	38788	
9260	0	32940	32932	38908	
9261	0	32952	32865	39048	
9262	0	32960	32768	38968	
9263	0	32964	32752	39148	
9264	0	32980	32826	39564	
9265	0	32984	32896	40784	
9266	0	32996	32976	40508	
9267	0	33004	32888	40896	
9268	0	33016	32840	41056	
9269	0	33020	32788	40724	
9270	0	33028	32712	40586	
9271	0	33036	32572	40184	
9272	0	33049	32417	40196	
9273	0	33052	32389	40028	
9274	0	33064	32504	39717	
9275	0	33064	32016	38412	
9276	0	33080	31992	36468	
9277	0	33076	32204	35950	
9278	0	33089	32540	37572	
9279	0	33096	33292	38208	
9280	0	33108	33176	38752	
9281	0	33112	33080	39301	
9282	0	33120	33028	38988	
9283	0	33132	32488	38204	
9284	0	33136	32045	38157	
9285	0	33140	32204	38288	
9286	0	33152	32352	38444	
9287	0	33156	32541	39240	
9288	0	33172	32820	39728	
9289	0	33177	32884	39644	
9290	0	33188	32772	39161	
9291	0	33196	32585	38738	
9292	0	33208	32456	38232	
9293	0	33213	32300	37908	
9294	0	33226	32048	38104	
9295	0	33232	31992	39008	
9296	0	33252	32160	39456	
9297	0	33256	32164	39272	
9298	0	33280	32192	39028	
9299	0	33285	32264	38729	
9300	0	33296	32320	38240	
9301	0	33313	32444	37600	
9302	0	33325	32708	37072	
9303	0	33340	33184	36888	
9304	0	33360	33396	36696	
9305	0	33376	33572	36600	
9306	0	33384	33700	36440	
9307	0	33408	33884	36284	
9308	0	33424	33976	36048	
9309	0	33452	33760	35924	
9310	0	33464	33517	35796	
9311	0	33488	33540	36000	
9312	0	33508	33520	36224	
9313	0	33528	33556	36601	
9314	0	33549	33580	37108	
9315	0	33573	33621	37484	
9316	0	33592	33645	37856	
9317	0	33628	33644	38080	
9318	0	33648	33616	38240	
9319	0	33676	33556	38273	
9320	0	33700	33500	38265	
9321	0	33720	33388	38209	
9322	0	33756	33324	38180	
9323	0	33800	33284	38148	
9324	0	33824	33232	38096	
9325	0	33852	33152	38068	
9326	0	33884	33164	38080	
9327	0	33916	33176	38116	
9328	0	33944	33240	38168	
9329	0	33972	33240	38208	
9330	0	34012	33244	38208	
9331	0	34048	33340	38328	
9332	0	34078	33320	38380	
9333	0	34116	33384	38464	
9334	0	34160	33396	38596	
9335	0	34184	33456	38648	
9336	0	34232	33445	38624	
9337	0	34272	33452	38680	
9338	0	34304	33464	38700	
9339	0	34349	33456	38696	
9340	0	34396	33432	38688	
9341	0	34428	33428	38724	
9342	0	34464	33456	38752	
9343	0	34508	33456	38765	
9344	0	34549	33448	38776	
9345	0	34596	33472	38772	
9346	0	34633	33516	38756	
9347	0	34684	33536	38752	
9348	0	34716	33572	38724	
9349	0	34760	33608	38740	
9350	0	34816	33620	38782	
9351	0	34852	33672	38800	
9352	0	34900	33712	38816	
9353	0	34944	33722	38920	
9354	0	34988	33756	38944	
9355	0	35032	33777	38940	
9356	0	35076	33828	39004	
9357	0	35120	33860	39028	
9358	0	35172	33840	39040	
9359	0	35216	33864	39032	
9360	0	35268	33856	39044	
9361	0	35308	33900	39072	
9362	0	35356	33876	39072	
9363	0	35400	33880	39124	
9364	0	35453	33872	39172	
9365	0	35505	33876	39252	
9366	0	35544	33824	39317	
9367	0	35601	33864	39333	
9368	0	35648	33812	39416	
9369	0	35692	33796	39368	
9370	0	35740	33728	39352	
9371	0	35784	33720	39312	
9372	0	35832	33644	39325	
9373	0	35884	33621	39264	
9374	0	35932	33573	39276	
9375	0	35980	33540	39264	
9376	0	36025	33458	39220	
9377	0	36077	33448	39249	
9378	0	36128	33361	39205	
9379	0	36184	33320	39096	
9380	0	36232	33344	38804	
9381	0	36276	33248	39100	
9382	0	36324	33377	39076	
9383	0	36376	33388	38964	
9384	0	36420	33376	38904	
9385	0	36476	33360	38828	
9386	0	36524	33312	38844	
9387	0	36576	33124	38824	
9388	0	36632	33057	38852	
9389	0	36677	33020	38904	
9390	0	36728	32976	39004	
9391	0	36778	32992	39124	
9392	0	36836	32836	39080	
9393	0	36892	32724	39000	
9394	0	36936	32716	38944	
9395	0	36988	32644	38812	
9396	0	37046	32472	38716	
9397	0	37096	32480	38708	
9398	0	37152	32448	38612	
9399	0	37212	32316	38388	
9400	0	37260	32240	38380	
9401	0	37312	32177	38096	
9402	0	37368	32064	37968	
9403	0	37432	31908	38000	
9404	0	37480	31846	37920	
9405	0	37536	31816	37976	
9406	0	37596	31712	38028	
9407	0	37648	31616	37832	
9408	0	37696	31484	37976	
9409	0	37764	31368	37928	
9410	0	37816	31308	37669	
9411	0	37873	31113	37992	
9412	0	37932	31076	37804	
9413	0	37984	30964	37712	
9414	0	38044	30920	37416	
9415	0	38096	30885	37152	
9416	0	38160	30820	37064	
9417	0	38216	30748	36932	
9418	0	38276	30684	36824	
9419	0	38332	30628	36812	
9420	0	38392	30597	36796	
9421	0	38448	30529	36813	
9422	0	38505	30393	36992	
9423	0	38560	30488	36677	
9424	0	38616	30432	36616	
9425	0	38676	30424	36402	
9426	0	38732	30464	36120	
9427	0	38792	30300	36064	
9428	0	38852	30176	36032	
9429	0	38912	30132	35796	
9430	0	38960	30088	35837	
9431	0	39020	29816	36245	
9432	0	39076	29820	36360	
9433	0	39128	29752	36640	
9434	0	39200	29744	36876	
9435	0	39240	29808	36916	
9436	0	39300	30712	38464	
9437	0	39353	34104	50336	
9438	0	39408	44580	37488	
9439	0	39464	41928	39396	
9440	0	39520	41020	46088	
9441	0	39576	38464	41040	
9442	0	39628	36784	38924	
9443	0	39684	37312	36164	
9444	0	39736	37252	35320	
9445	0	39788	35248	37196	
9446	0	39844	32580	39856	
9447	0	39896	30732	41872	
9448	0	39940	30612	42349	
9449	0	39996	31274	41520	
9450	0	40044	31720	40640	
9451	0	40100	31780	40260	
9452	0	40144	31720	40232	
9453	0	40192	31860	40224	
9454	0	40252	31968	39937	
9455	0	40300	32032	39672	
9456	0	40360	32000	39688	
9457	0	40396	32096	39540	
9458	0	40440	32224	39140	
9459	0	40488	32318	38949	
9460	0	40536	32382	39092	
9461	0	40572	32436	39180	
9462	0	40620	32388	39208	
9463	0	40672	32445	39148	
9464	0	40716	32312	39161	
9465	0	40756	32192	38988	
9466	0	40792	32128	38808	
9467	0	40844	32416	38626	
9468	0	40876	31892	38624	
9469	0	40928	31977	38680	
9470	0	40960	31756	38804	
9471	0	40996	31428	38808	
9472	0	41048	31224	38628	
9473	0	41072	31608	38460	
9474	0	41120	31228	38496	
9475	0	41152	31676	38392	
9476	0	41180	31765	38349	
9477	0	41220	31645	38168	
9478	0	41256	31637	38152	
9479	0	41296	31872	38292	
9480	0	41312	32257	38464	
9481	0	41360	32240	38432	
9482	0	41392	32125	38344	
9483	0	41432	32157	38296	
9484	0	41456	32188	38380	
9485	0	41480	32288	38424	
9486	0	41516	32336	38400	
9487	0	41552	32288	38350	
9488	0	41576	32237	38340	
9489	0	41612	32216	38368	
9490	0	41644	32216	38440	
9491	0	41672	32216	38373	
9492	0	41696	32236	38372	
9493	0	41728	32200	38385	
9494	0	41764	32196	38412	
9495	0	41784	32228	38416	
9496	0	41816	32252	38384	
9497	0	41848	32268	38476	
9498	0	41868	32260	38421	
9499	0	41892	32264	38393	
9500	0	41924	32296	38396	
9501	0	41944	32304	38412	
9502	0	41972	32304	38393	
9503	0	41996	32288	38392	
9504	0	42016	32282	38357	
9505	0	42048	32309	38392	
9506	0	42064	32320	38344	
9507	0	42092	32304	38352	
9508	0	42120	32248	38280	
9509	0	42136	32224	38281	
9510	0	42156	32232	38324	
9511	0	42184	32248	38320	
9512	0	42196	32269	38316	
9513	0	42228	32269	38332	
9514	0	42244	32268	38329	
9515	0	42264	32248	38320	
9516	0	42281	32241	38360	
9517	0	42304	32250	38368	
9518	0	42312	32257	38376	
9519	0	42336	32280	38372	
9520	0	42348	32276	38352	
9521	0	42368	32308	38376	
9522	0	42380	32401	38412	
9523	0	42392	32352	38416	
9524	0	42397	32320	38390	
9525	0	42424	32277	38332	
9526	0	42432	32220	38336	
9527	0	42436	32205	38344	
9528	0	42448	32252	38352	
9529	0	42448	32252	38372	
9530	0	42457	32220	38332	
9531	0	42464	32248	38356	
9532	0	42472	32196	38316	
9533	0	42472	32220	38360	
9534	0	42476	32253	38392	
9535	0	42472	32288	38420	
9536	0	42476	32272	38405	
9537	0	42476	32272	38416	
9538	0	42464	32288	38400	
9539	0	42464	32304	38412	
9540	0	42456	32324	38476	
9541	0	42445	32244	38421	
9542	0	42448	32220	38428	
9543	0	42432	32204	38420	
9544	0	42416	32200	38368	
9545	0	42412	32180	38352	
9546	0	42388	32164	38328	
9547	0	42376	32160	38341	
9548	0	42352	32164	38372	
9549	0	42336	32148	38380	
9550	0	42312	32116	38380	
9551	0	42296	32161	38337	
9552	0	42268	32176	38380	
9553	0	42240	32200	38440	
9554	0	42208	32185	38476	
9555	0	42184	32208	38464	
9556	0	42144	32193	38484	
9557	0	42116	32176	38496	
9558	0	42088	32137	38492	
9559	0	42044	32172	38396	
9560	0	42008	32044	38476	
9561	0	41956	32056	38480	
9562	0	41928	32184	38509	
9563	0	41876	31944	38624	
9564	0	41828	31964	38648	
9565	0	41788	31904	38760	
9566	0	41728	31884	38780	
9567	0	41684	31916	38832	
9568	0	41632	31904	38824	
9569	0	41568	31932	38905	
9570	0	41520	31913	38944	
9571	0	41468	31840	38913	
9572	0	41396	31920	38940	
9573	0	41340	31896	38886	
9574	0	41288	31936	38900	
9575	0	41224	31972	38976	
9576	0	41152	31932	39008	
9577	0	41096	31865	38948	
9578	0	41024	31908	38836	
9579	0	40960	31992	39121	
9580	0	40888	31912	39072	
9581	0	40820	31792	39040	
9582	0	40744	31664	39004	
9583	0	40674	31624	39232	
9584	0	40604	31632	39388	
9585	0	40532	31681	39384	
9586	0	40456	31624	39400	
9587	0	40376	31492	39488	
9588	0	40312	31405	39468	
9589	0	40232	31356	39384	
9590	0	40148	31290	39520	
9591	0	40076	31352	39488	
9592	0	40004	31440	39548	
9593	0	39912	31434	39696	
9594	0	39848	31348	39640	
9595	0	39760	31200	39530	
9596	0	39684	31344	39360	
9597	0	39600	31556	39824	
9598	0	39524	31596	40156	
9599	0	39436	31568	40280	
9600	0	39360	31452	40553	
9601	0	39280	31508	40836	
9602	0	39197	31416	40988	
9603	0	39116	30900	41228	
9604	0	39040	31292	40900	
9605	0	38960	31520	41128	
9606	0	38876	31480	41028	
9607	0	38796	31636	41104	
9608	0	38712	31776	41560	
9609	0	38624	31620	41520	
9610	0	38548	31676	41784	
9611	0	38465	31552	41700	
9612	0	38376	31608	41908	
9613	0	38296	31393	41868	
9614	0	38220	31100	42449	
9615	0	38136	30829	42876	
9616	0	38048	30608	43740	
9617	0	37972	29860	44064	
9618	0	37892	29888	44472	
9619	0	37804	29496	45056	
9620	0	37728	28744	45848	
9621	0	37645	29404	45384	
9622	0	37568	29733	44076	
9623	0	37480	30109	44140	
9624	0	37396	29828	44776	
9625	0	37316	29772	44384	
9626	0	37228	30064	44364	
9627	0	37148	30577	45081	
9628	0	37068	31596	45796	
9629	0	36976	32013	46628	
9630	0	36892	32549	46816	
9631	0	36812	33124	46724	
9632	0	36732	33720	46548	
9633	0	36652	33364	45905	
9634	0	36560	31218	44844	
9635	0	36476	27728	41808	
9636	0	36397	29280	40920	
9637	0	36304	30152	40797	
9638	0	36220	30252	38664	
9639	0	36136	30852	39036	
9640	0	36048	33132	37772	
9641	0	35960	34772	35864	
9642	0	35872	35136	35860	
9643	0	35796	35016	35620	
9644	0	35708	35201	35680	
9645	0	35617	35388	36044	
9646	0	35532	35472	36178	
9647	0	35444	35544	36554	
9648	0	35360	35428	35684	
9649	0	35277	35352	34984	
9650	0	35188	35320	34720	
9651	0	35100	35288	34452	
9652	0	35016	35272	34656	
9653	0	34928	35208	34624	
9654	0	34840	35156	34505	
9655	0	34756	35072	34784	
9656	0	34660	34941	34424	
9657	0	34573	34864	34420	
9658	0	34492	34752	34600	
9659	0	34400	34644	34564	
9660	0	34305	34564	34932	
9661	0	34216	34428	35189	
9662	0	34136	34272	34832	
9663	0	34040	34200	35288	
9664	0	33956	34152	35540	
9665	0	33864	34068	35624	
9666	0	33776	33916	35760	
9667	0	33688	33892	36160	
9668	0	33608	33808	36612	
9669	0	33512	33620	37024	
9670	0	33420	33580	37290	
9671	0	33332	33384	37492	
9672	0	33248	33208	37756	
9673	0	33156	32936	38048	
9674	0	33076	32724	38460	
9675	0	32968	32496	38908	
9676	0	32884	32534	39476	
9677	0	32796	32260	40164	
9678	0	32704	32424	40840	
9679	0	32612	32388	41520	
9680	0	32528	32320	42312	
9681	0	32441	32044	42816	
9682	0	32348	31780	43372	
9683	0	32268	31280	43800	
9684	0	32180	30636	44304	
9685	0	32088	29960	44512	
9686	0	32000	29032	44656	
9687	0	31904	28429	44724	
9688	0	31824	27949	44940	
9689	0	31732	27601	45160	
9690	0	31650	27390	45568	
9691	0	31569	27092	46133	
9692	0	31476	26832	46349	
9693	0	31396	26570	46280	
9694	0	31312	26369	46104	
9695	0	31220	26248	46060	
9696	0	31137	26216	46064	
9697	0	31052	26196	46317	
9698	0	30964	26196	46536	
9699	0	30884	25896	46512	
9700	0	30800	25728	46304	
9701	0	30713	25648	45400	
9702	0	30632	25938	43424	
9703	0	30552	26249	40708	
9704	0	30464	26102	39488	
9705	0	30384	25657	39852	
9706	0	30309	24584	40924	
9707	0	30228	23509	42476	
9708	0	30145	22802	43512	
9709	0	30068	22288	43328	
9710	0	29989	21984	42512	
9711	0	29908	21916	40924	
9712	0	29824	21936	39232	
9713	0	29761	21962	37509	
9714	0	29681	22005	36164	
9715	0	29606	22056	35388	
9716	0	29528	22256	35084	
9717	0	29460	22554	35137	
9718	0	29384	22940	35408	
9719	0	29314	23410	35792	
9720	0	29240	23868	36220	
9721	0	29164	24364	36628	
9722	0	29097	24828	37004	
9723	0	29028	25344	37396	
9724	0	28964	25780	37785	
9725	0	28890	26224	38196	
9726	0	28824	26676	38528	
9727	0	28760	27100	38848	
9728	0	28700	32192	49956	
9729	0	28628	27000	54408	
9730	0	28560	37640	31648	
9731	0	28504	36364	27608	
9732	0	28440	39081	40704	
9733	0	28376	40082	35196	
9734	0	28320	40064	34488	
9735	0	28256	36268	37208	
9736	0	28201	35881	37229	
9737	0	28144	34684	37828	
9738	0	28088	32268	40288	
9739	0	28033	30468	44444	
9740	0	27980	28984	46500	
9741	0	27924	28540	47716	
9742	0	27864	28728	45912	
9743	0	27816	29584	42800	
9744	0	27760	29652	40668	
9745	0	27712	30103	39708	
9746	0	27664	29988	39756	
9747	0	27620	30020	39400	
9748	0	27564	29896	38572	
9749	0	27524	30505	37896	
9750	0	27468	30980	37604	
9751	0	27428	31200	37656	
9752	0	27372	31828	38316	
9753	0	27332	31038	38420	
9754	0	27292	29216	38432	
9755	0	27250	29264	38572	
9756	0	27208	31541	38388	
9757	0	27172	32560	38416	
9758	0	27128	32168	38432	
9759	0	27086	31864	38442	
9760	0	27048	31761	38600	
9761	0	27002	31712	38720	
9762	0	26965	32180	38464	
9763	0	26932	32364	38157	
9764	0	26893	32365	38216	
9765	0	26852	32344	38292	
9766	0	26828	32376	38201	
9767	0	26792	32464	38088	
9768	0	26757	32480	38072	
9769	0	26721	32504	38156	
9770	0	26688	32517	38248	
9771	0	26656	32509	38244	
9772	0	26620	32548	38216	
9773	0	26589	32552	38192	
9774	0	26560	32493	38232	
9775	0	26520	32532	38244	
9776	0	26489	32552	38164	
9777	0	26456	32500	38172	
9778	0	26432	32480	38144	
9779	0	26400	32545	38200	
9780	0	26361	32472	38137	
9781	0	26336	32528	38224	
9782	0	26304	32498	38152	
9783	0	26268	32440	38128	
9784	0	26240	32476	38168	
9785	0	26212	32473	38232	
9786	0	26180	32432	38204	
9787	0	26149	32380	38272	
9788	0	26117	32432	38236	
9789	0	26078	32456	38264	
9790	0	26048	32448	38204	
9791	0	26013	32477	38200	
9792	0	25985	32496	38220	
9793	0	25948	32493	38168	
9794	0	25920	32484	38204	
9795	0	25888	32500	38172	
9796	0	25849	32532	38140	
9797	0	25816	32517	38120	
9798	0	25778	32576	38128	
9799	0	25740	32452	38181	
9800	0	25709	32500	38148	
9801	0	25676	32528	38152	
9802	0	25640	32448	38096	
9803	0	25604	32456	38140	
9804	0	25573	32464	38152	
9805	0	25536	32414	38108	
9806	0	25496	32358	38204	
9807	0	25464	32344	38220	
9808	0	25408	32416	38092	
9809	0	25388	32276	38244	
9810	0	25352	32292	38192	
9811	0	25317	32349	38069	
9812	0	25280	32256	38176	
9813	0	25249	32356	38072	
9814	0	25216	32288	38256	
9815	0	25176	32356	38120	
9816	0	25144	32368	38112	
9817	0	25112	32320	38240	
9818	0	25080	32308	38156	
9819	0	25040	32320	38168	
9820	0	25016	32312	38304	
9821	0	24980	32320	38272	
9822	0	24946	32296	38336	
9823	0	24920	32352	38217	
9824	0	24892	32320	38440	
9825	0	24866	32344	38464	
9826	0	24828	32268	38540	
9827	0	24801	32225	38604	
9828	0	24780	32256	38628	
9829	0	24754	32236	38816	
9830	0	24733	32228	38724	
9831	0	24714	32228	38700	
9832	0	24684	32144	38752	
9833	0	24664	32228	38864	
9834	0	24648	32224	38846	
9835	0	24634	32200	38816	
9836	0	24620	32072	38688	
9837	0	24608	32021	38456	
9838	0	24596	32292	38624	
9839	0	24580	32369	38596	
9840	0	24565	32332	38596	
9841	0	24556	32272	38800	
9842	0	24552	32358	38816	
9843	0	24549	32420	38832	
9844	0	24540	32481	38984	
9845	0	24541	32480	39132	
9846	0	24544	32536	39176	
9847	0	24540	32288	39220	
9848	0	24548	32192	39449	
9849	0	24558	32169	39240	
9850	0	24560	32080	39088	
9851	0	24576	31964	39148	
9852	0	24593	31996	39472	
9853	0	24608	31980	39557	
9854	0	24620	31864	39664	
9855	0	24644	31792	39776	
9856	0	24664	31968	39988	
9857	0	24684	31880	40164	
9858	0	24712	31904	40156	
9859	0	24740	31728	40265	
9860	0	24764	31508	40416	
9861	0	24804	32008	40384	
9862	0	24840	31968	40728	
9863	0	24869	31916	41352	
9864	0	24916	31832	41332	
9865	0	24960	31781	41108	
9866	0	25000	31744	41624	
9867	0	25048	31792	41720	
9868	0	25092	31848	42064	
9869	0	25136	31920	42100	
9870	0	25196	31736	41908	
9871	0	25244	31716	42141	
9872	0	25304	31841	42928	
9873	0	25368	32057	43332	
9874	0	25432	31829	43080	
9875	0	25488	31288	43356	
9876	0	25556	30540	43592	
9877	0	25620	30594	43808	
9878	0	25692	30412	43012	
9879	0	25761	29796	43456	
9880	0	25836	28828	45360	
9881	0	25908	29280	46136	
9882	0	25984	30396	45696	
9883	0	26056	32116	44624	
9884	0	26140	31044	45916	
9885	0	26221	30100	46704	
9886	0	26300	29520	46756	
9887	0	26380	29868	46732	
9888	0	26468	31524	46864	
9889	0	26556	32305	46404	
9890	0	26636	32480	46008	
9891	0	26732	33144	46212	
9892	0	26820	34384	46548	
9893	0	26904	35402	46316	
9894	0	27000	35972	46976	
9895	0	27089	36932	47536	
9896	0	27184	36872	46496	
9897	0	27277	34184	41488	
9898	0	27368	33804	35900	
9899	0	27460	30152	35156	
9900	0	27560	31684	37312	
9901	0	27656	34901	34956	
9902	0	27752	35196	31920	
9903	0	27837	34389	32872	
9904	0	27936	34912	34548	
9905	0	28032	35196	35288	
9906	0	28128	35412	35744	
9907	0	28224	35592	35520	
9908	0	28320	35632	35948	
9909	0	28416	35360	35556	
9910	0	28516	35020	35013	
9911	0	28608	34768	34776	
9912	0	28708	34592	34800	
9913	0	28800	34456	34980	
9914	0	28896	34308	35100	
9915	0	28984	34196	35236	
9916	0	29084	34096	35404	
9917	0	29182	34029	35400	
9918	0	29268	34057	35644	
9919	0	29364	34040	35592	
9920	0	29460	34056	35604	
9921	0	29552	34121	35876	
9922	0	29636	34144	35588	
9923	0	29732	34356	36288	
9924	0	29820	34420	36364	
9925	0	29904	34481	36380	
9926	0	29992	34508	36520	
9927	0	30072	34573	36904	
9928	0	30161	34548	37156	
9929	0	30245	34520	37544	
9930	0	30328	34405	37596	
9931	0	30404	34336	38028	
9932	0	30488	34204	38824	
9933	0	30560	33941	39404	
9934	0	30644	33712	39932	
9935	0	30724	33472	40626	
9936	0	30792	33140	41064	
9937	0	30865	32808	41768	
9938	0	30937	32440	42136	
9939	0	31009	32404	43144	
9940	0	31072	32308	44104	
9941	0	31136	32092	44608	
9942	0	31204	31808	45460	
9943	0	31260	31353	46112	
9944	0	31328	30312	46372	
9945	0	31392	29278	46748	
9946	0	31448	28412	46732	
9947	0	31506	27788	46832	
9948	0	31560	27362	47276	
9949	0	31616	27032	47824	
9950	0	31660	26796	48204	
9951	0	31708	26525	48592	
9952	0	31760	26204	48778	
9953	0	31805	25752	49192	
9954	0	31849	25368	48712	
9955	0	31888	25032	48700	
9956	0	31930	24660	48328	
9957	0	31972	24309	47292	
9958	0	32000	24076	46893	
9959	0	32040	23944	46320	
9960	0	32072	23916	45860	
9961	0	32109	23968	45328	
9962	0	32140	24060	44432	
9963	0	32160	24529	41832	
9964	0	32192	24132	39212	
9965	0	32220	22000	38869	
9966	0	32244	20454	40048	
9967	0	32266	19488	40664	
9968	0	32288	18828	40488	
9969	0	32308	18537	39824	
9970	0	32332	18628	38900	
9971	0	32344	18760	38240	
9972	0	32364	19573	36820	
9973	0	32376	20100	36304	
9974	0	32392	20093	36544	
9975	0	32412	20772	36025	
9976	0	32420	21048	36288	
9977	0	32432	21308	36820	
9978	0	32440	21696	37120	
9979	0	32445	22192	37356	
9980	0	32452	22728	37608	
9981	0	32464	26548	40064	
9982	0	32473	25082	51376	
9983	0	32480	23260	43541	
9984	0	32492	26516	31484	
9985	0	32484	26028	33912	
9986	0	32496	28452	34092	
9987	0	32500	34384	31400	
9988	0	32500	39300	35704	
9989	0	32496	38860	38560	
9990	0	32500	34628	44736	
9991	0	32512	31304	49480	
9992	0	32508	28920	49944	
9993	0	32512	28688	48032	
9994	0	32510	27633	44716	
9995	0	32504	26365	41944	
9996	0	32512	24664	41516	
9997	0	32516	23852	40172	
9998	0	32512	24280	38532	
9999	0	32505	27652	36824	
10000	0	32512	31761	36744	
10001	0	32508	35160	37280	
10002	0	32504	34668	38304	
10003	0	32508	32324	38413	
10004	0	32504	30344	38137	
10005	0	32500	31217	37784	
10006	0	32496	32042	38224	
10007	0	32504	32074	38767	
10008	0	32500	32520	38752	
10009	0	32496	31912	38810	
10010	0	32494	32012	38552	
10011	0	32497	32493	38260	
10012	0	32484	32532	38056	
10013	0	32492	32512	37836	
10014	0	32488	32576	37800	
10015	0	32480	32588	38032	
10016	0	32480	32608	38204	
10017	0	32480	32728	38253	
10018	0	32472	32640	38449	
10019	0	32468	32736	38312	
10020	0	32462	32868	38152	
10021	0	32452	32688	38300	
10022	0	32456	32680	38244	
10023	0	32456	32850	38109	
10024	0	32448	32588	38476	
10025	0	32440	32836	38560	
10026	0	32436	32540	38460	
10027	0	32428	32828	38109	
10028	0	32420	32584	38300	
10029	0	32416	32628	38356	
10030	0	32412	32812	38192	
10031	0	32396	32424	38393	
10032	0	32384	32504	38188	
10033	0	32376	32440	38212	
10034	0	32364	32380	38296	
10035	0	32357	32288	38296	
10036	0	32340	32568	38068	
10037	0	32336	32560	38304	
10038	0	32314	32530	38264	
10039	0	32300	32460	38336	
10040	0	32285	32428	38452	
10041	0	32272	32532	38252	
10042	0	32260	32449	38300	
10043	0	32249	32450	38152	
10044	0	32224	32540	38153	
10045	0	32204	32525	38188	
10046	0	32192	32464	38356	
10047	0	32172	32508	38313	
10048	0	32152	32404	38280	
10049	0	32132	32404	38396	
10050	0	32116	32377	38556	
10051	0	32100	32356	38596	
10052	0	32072	32268	38503	
10053	0	32060	32340	38452	
10054	0	32032	32364	38464	
10055	0	32008	32344	38436	
10056	0	31985	32312	38492	
10057	0	31968	32300	38484	
10058	0	31944	32320	38301	
10059	0	31924	32378	38381	
10060	0	31900	32416	38525	
10061	0	31872	32400	38468	
10062	0	31861	32352	38496	
10063	0	31828	32332	38408	
10064	0	31808	32352	38380	
10065	0	31788	32336	38300	
10066	0	31762	32324	38452	
10067	0	31744	32280	38464	
10068	0	31720	32180	38412	
10069	0	31696	32176	38424	
10070	0	31676	32192	38392	
10071	0	31656	32164	38464	
10072	0	31629	32208	38412	
10073	0	31606	32188	38500	
10074	0	31592	32202	38465	
10075	0	31568	32225	38444	
10076	0	31552	32172	38548	
10077	0	31528	32192	38572	
10078	0	31509	32128	38500	
10079	0	31492	32121	38476	
10080	0	31460	32160	38502	
10081	0	31456	32132	38612	
10082	0	31428	32112	38660	
10083	0	31412	32016	38597	
10084	0	31392	31944	38476	
10085	0	31380	31861	38464	
10086	0	31368	31904	38400	
10087	0	31348	31888	38552	
10088	0	31336	31869	38508	
10089	0	31316	31794	38484	
10090	0	31300	31756	38500	
10091	0	31288	31916	38476	
10092	0	31272	31702	38512	
10093	0	31252	31912	38412	
10094	0	31232	31928	38504	
10095	0	31232	31784	38516	
10096	0	31215	31817	38416	
10097	0	31201	31808	38768	
10098	0	31196	31837	38760	
10099	0	31176	31672	38752	
10100	0	31168	31744	38988	
10101	0	31160	32104	39144	
10102	0	31144	31848	39189	
10103	0	31124	31668	39096	
10104	0	31120	31660	39208	
10105	0	31108	31824	39596	
10106	0	31104	31688	39808	
10107	0	31104	31408	39552	
10108	0	31080	31204	39024	
10109	0	31080	31516	39088	
10110	0	31072	31504	39456	
10111	0	31064	31440	39608	
10112	0	31056	31484	39584	
10113	0	31052	31348	39608	
10114	0	31040	31696	39556	
10115	0	31032	31684	39852	
10116	0	31037	31628	39956	
10117	0	31028	31900	39796	
10118	0	31020	31992	39968	
10119	0	31012	31756	40312	
10120	0	31008	32012	40440	
10121	0	31005	31668	40644	
10122	0	31008	31600	40932	
10123	0	30996	31436	41028	
10124	0	30996	31412	41152	
10125	0	30992	31476	41136	
10126	0	30992	31292	41212	
10127	0	30984	31016	41320	
10128	0	30981	30749	41136	
10129	0	30980	30500	40626	
10130	0	30976	30109	40732	
10131	0	30980	29580	41408	
10132	0	30969	29498	41988	
10133	0	30972	30396	42104	
10134	0	30968	30912	41684	
10135	0	30966	30640	41824	
10136	0	30972	30292	41832	
10137	0	30961	29376	42450	
10138	0	30953	28960	44024	
10139	0	30952	28728	44792	
10140	0	30948	27770	45936	
10141	0	30944	26660	45556	
10142	0	30944	25132	44240	
10143	0	30936	23412	42964	
10144	0	30933	21441	41600	
10145	0	30928	18529	41748	
10146	0	30932	15180	40020	
10147	0	30928	16756	39648	
10148	0	30924	17556	40012	
10149	0	30912	18369	40005	
10150	0	30912	19416	39940	
10151	0	30908	20092	39864	
10152	0	30908	20288	39692	
10153	0	30900	20834	39592	
10154	0	30905	21560	39432	
10155	0	30892	21740	38692	
10156	0	30896	22124	38388	
10157	0	30900	22474	38244	
10158	0	30884	22916	38024	
10159	0	30876	23668	38128	
10160	0	30876	24180	38228	
10161	0	30878	24836	37838	
10162	0	30868	25668	37544	
10163	0	30868	26649	37888	
10164	0	30868	27513	37669	
10165	0	30856	28512	37700	
10166	0	30852	29834	37708	
10167	0	30852	31252	37842	
10168	0	30848	32532	37708	
10169	0	30848	33592	38116	
10170	0	30840	34536	37804	
10171	0	30832	35212	37605	
10172	0	30829	35877	37000	
10173	0	30826	36325	36756	
10174	0	30816	36620	36240	
10175	0	30812	36992	35320	
10176	0	30793	37252	34856	
10177	0	30805	37537	34228	
10178	0	30784	37644	33792	
10179	0	30784	37704	33268	
10180	0	30769	37640	32848	
10181	0	30760	37656	32392	
10182	0	30752	37644	32132	
10183	0	30744	37428	31912	
10184	0	30728	37280	31952	
10185	0	30728	37140	31908	
10186	0	30700	37000	32188	
10187	0	30688	36880	32180	
10188	0	30673	36692	32480	
10189	0	30660	36568	32640	
10190	0	30650	36361	32980	
10191	0	30628	36020	33316	
10192	0	30613	35724	33532	
10193	0	30592	35413	33700	
10194	0	30580	35200	33778	
10195	0	30552	34896	33916	
10196	0	30532	34720	34020	
10197	0	30508	34360	34124	
10198	0	30496	34089	34020	
10199	0	30472	33653	34173	
10200	0	30444	33213	34520	
10201	0	30424	32492	35052	
10202	0	30400	31560	35268	
10203	0	30376	31236	35493	
10204	0	30344	30669	35544	
10205	0	30316	30244	35060	
10206	0	30292	29552	35886	
10207	0	30272	28580	37028	
10208	0	30236	27785	37408	
10209	0	30212	27452	37776	
10210	0	30176	27421	38048	
10211	0	30149	27428	38204	
10212	0	30120	27256	38124	
10213	0	30092	26984	37952	
10214	0	30064	26569	37668	
10215	0	30028	25968	37404	
10216	0	30008	25268	37368	
10217	0	29968	24428	37709	
10218	0	29940	23716	38416	
10219	0	29905	22700	38956	
10220	0	29876	21872	39368	
10221	0	29856	21128	39672	
10222	0	29816	20488	40204	
10223	0	29788	20104	40448	
10224	0	29760	19925	40704	
10225	0	29728	19968	40696	
10226	0	29700	20224	40408	
10227	0	29676	20721	40245	
10228	0	29640	21284	40012	
10229	0	29609	21912	39688	
10230	0	29584	22537	39264	
10231	0	29556	23224	38856	
10232	0	29524	23890	38389	
10233	0	29504	24534	37936	
10234	0	29468	25120	37444	
10235	0	29448	25648	36976	
10236	0	29408	26244	36724	
10237	0	29380	26816	36588	
10238	0	29356	27228	36576	
10239	0	29336	27588	36520	
10240	0	29310	27980	36340	
10241	0	29285	28576	36108	
10242	0	29253	29260	35808	
10243	0	29232	34860	49108	
10244	0	29208	17776	51392	
10245	0	29180	24192	28836	
10246	0	29156	23332	36176	
10247	0	29132	34668	36184	
10248	0	29109	40664	34996	
10249	0	29086	36648	40712	
10250	0	29064	31996	41360	
10251	0	29044	31897	39500	
10252	0	29016	32232	37920	
10253	0	28992	31961	38712	
10254	0	28972	31796	38932	
10255	0	28952	31984	39172	
10256	0	28920	31936	38508	
10257	0	28904	31836	37756	
10258	0	28892	31717	37476	
10259	0	28868	32212	37904	
10260	0	28849	31600	38312	
10261	0	28828	33004	38628	
10262	0	28812	31893	38520	
10263	0	28800	32512	38192	
10264	0	28769	32160	38060	
10265	0	28756	31864	38044	
10266	0	28744	32384	38224	
10267	0	28720	32000	38501	
10268	0	28708	31702	38540	
10269	0	28693	32064	38396	
10270	0	28684	31856	38432	
10271	0	28669	32084	38430	
10272	0	28648	32468	38452	
10273	0	28639	32028	38564	
10274	0	28624	32260	38376	
10275	0	28612	32256	38264	
10276	0	28608	32785	38264	
10277	0	28596	32052	38440	
10278	0	28580	32264	38468	
10279	0	28577	32848	38264	
10280	0	28560	32076	38388	
10281	0	28548	32160	38336	
10282	0	28536	32209	38356	
10283	0	28536	32808	38204	
10284	0	28524	31968	38504	
10285	0	28516	32141	38436	
10286	0	28508	32232	38412	
10287	0	28504	32200	38352	
10288	0	28496	32189	38340	
10289	0	28490	32188	38424	
10290	0	28485	32252	38440	
10291	0	28476	32312	38456	
10292	0	28472	32348	38516	
10293	0	28468	32244	38468	
10294	0	28456	32228	38456	
10295	0	28456	32332	38588	
10296	0	28448	32356	38592	
10297	0	28443	32388	38560	
10298	0	28436	32312	38589	
10299	0	28430	32340	38460	
10300	0	28437	32196	38532	
10301	0	28432	32208	38484	
10302	0	28425	32120	38301	
10303	0	28428	32072	38368	
10304	0	28420	32088	38268	
10305	0	28417	32045	38328	
10306	0	28424	32072	38520	
10307	0	28416	32060	38632	
10308	0	28416	32180	38752	
10309	0	28410	32148	38652	
10310	0	28412	32161	38540	
10311	0	28416	32164	38436	
10312	0	28413	32090	38400	
10313	0	28412	32108	38404	
10314	0	28412	32030	38221	
10315	0	28405	32040	38028	
10316	0	28410	31888	37804	
10317	0	28416	31981	37784	
10318	0	28409	32052	37968	
10319	0	28412	31984	37776	
10320	0	28416	32036	37936	
10321	0	28416	32004	37852	
10322	0	28420	31856	37812	
10323	0	28420	31952	38156	
10324	0	28424	32060	38164	
10325	0	28420	32138	37936	
10326	0	28424	31908	38052	
10327	0	28420	31760	38548	
10328	0	28424	31989	37930	
10329	0	28428	31904	37836	
10330	0	28428	31889	37728	
10331	0	28436	31933	37840	
10332	0	28432	31968	38016	
10333	0	28441	31896	38433	
10334	0	28444	31936	38400	
10335	0	28448	32336	37796	
10336	0	28457	31936	38152	
10337	0	28456	32056	38516	
10338	0	28461	32008	38456	
10339	0	28464	31912	38648	
10340	0	28472	32040	38488	
10341	0	28480	32160	38088	
10342	0	28488	31904	38460	
10343	0	28496	31996	39024	
10344	0	28500	32116	38808	
10345	0	28513	32289	38261	
10346	0	28517	31908	38560	
10347	0	28532	31712	39224	
10348	0	28540	32416	38510	
10349	0	28548	31976	38716	
10350	0	28564	32057	38968	
10351	0	28580	31980	38812	
10352	0	28592	31668	38788	
10353	0	28608	32109	38612	
10354	0	28620	31880	38804	
10355	0	28641	31837	38744	
10356	0	28656	31776	38624	
10357	0	28680	31844	38532	
10358	0	28704	31772	38424	
10359	0	28720	31888	38348	
10360	0	28740	31684	38740	
10361	0	28756	31872	38512	
10362	0	28786	31828	38488	
10363	0	28816	31784	38484	
10364	0	28836	31760	38668	
10365	0	28872	31776	38628	
10366	0	28900	31792	38676	
10367	0	28928	31832	38880	
10368	0	28956	31664	38944	
10369	0	28988	31520	38764	
10370	0	29016	31436	38432	
10371	0	29044	31520	38624	
10372	0	29088	31504	38848	
10373	0	29118	31476	38784	
10374	0	29152	31469	38976	
10375	0	29196	31420	38948	
10376	0	29228	31336	39244	
10377	0	29270	31296	39460	
10378	0	29312	31272	39524	
10379	0	29348	31292	39792	
10380	0	29392	31261	39776	
10381	0	29433	31252	39144	
10382	0	29480	31400	38860	
10383	0	29524	31624	39132	
10384	0	29568	31734	39808	
10385	0	29620	31480	40424	
10386	0	29664	31300	40624	
10387	0	29712	31092	40548	
10388	0	29760	30956	40664	
10389	0	29814	31048	40960	
10390	0	29872	31380	41160	
10391	0	29924	31372	40904	
10392	0	29976	31220	40884	
10393	0	30028	31028	41128	
10394	0	30080	30793	41884	
10395	0	30137	30330	41720	
10396	0	30200	29856	41360	
10397	0	30256	29224	41616	
10398	0	30308	27806	41116	
10399	0	30373	26888	41104	
10400	0	30432	26792	41808	
10401	0	30500	26748	42744	
10402	0	30564	26720	43136	
10403	0	30628	25404	46848	
10404	0	30692	25268	48096	
10405	0	30760	24448	48296	
10406	0	30828	23128	48048	
10407	0	30890	22604	47516	
10408	0	30965	22792	45888	
10409	0	31036	20278	42188	
10410	0	31106	14393	37972	
10411	0	31176	15105	36040	
10412	0	31252	15676	36508	
10413	0	31321	16764	36436	
10414	0	31394	17784	36044	
10415	0	31464	18337	36236	
10416	0	31548	18972	36408	
10417	0	31616	19465	36789	
10418	0	31696	20130	37352	
10419	0	31781	20588	37608	
10420	0	31844	21044	38356	
10421	0	31929	21560	38360	
10422	0	32008	22596	38464	
10423	0	32080	23424	38200	
10424	0	32160	24274	38332	
10425	0	32232	25168	38432	
10426	0	32344	25792	37608	
10427	0	32400	26658	37404	
10428	0	32480	27221	36893	
10429	0	32560	27784	36136	
10430	0	32641	28640	35820	
10431	0	32716	29512	35300	
10432	0	32796	31216	36117	
10433	0	32880	32864	36004	
10434	0	32960	34165	35864	
10435	0	33060	34460	35504	
10436	0	33128	35727	36056	
10437	0	33196	36400	37240	
10438	0	33284	36460	38224	
10439	0	33352	36832	38188	
10440	0	33452	36868	37772	
10441	0	33536	36960	36608	
10442	0	33585	37708	35344	
10443	0	33640	37232	34456	
10444	0	33700	37392	33752	
10445	0	33800	36956	33490	
10446	0	33853	36588	32736	
10447	0	33892	37104	32620	
10448	0	33948	37080	32228	
10449	0	34016	37024	31844	
10450	0	34068	36993	31744	
10451	0	34172	36968	31864	
10452	0	34192	37240	31352	
10453	0	34252	37480	32314	
10454	0	34308	37236	31268	
10455	0	34380	38704	31176	
10456	0	34496	36828	33517	
10457	0	34456	36472	32112	
10458	0	34516	36712	32040	
10459	0	34572	36596	32700	
10460	0	34604	36428	32544	
10461	0	34648	36008	32372	
10462	0	34696	36036	32668	
10463	0	34736	35512	33224	
10464	0	34788	35548	32752	
10465	0	34824	35472	32464	
10466	0	34860	35244	32416	
10467	0	34885	35008	32397	
10468	0	34924	34724	32624	
10469	0	34984	34632	31834	
10470	0	34986	34228	33089	
10471	0	34996	33536	34740	
10472	0	35044	33564	34216	
10473	0	35080	32480	36381	
10474	0	35100	32748	34576	
10475	0	35124	32184	34752	
10476	0	35148	31616	34928	
10477	0	35168	31068	35096	
10478	0	35176	30600	35300	
10479	0	35208	30156	36057	
10480	0	35216	29774	36280	
10481	0	35248	29364	35304	
10482	0	35248	28448	37976	
10483	0	35248	28094	36925	
10484	0	35276	27108	38448	
10485	0	35274	26213	38856	
10486	0	35304	25176	35920	
10487	0	35284	24752	37888	
10488	0	35284	24077	38008	
10489	0	35272	23380	39276	
10490	0	35288	23256	38272	
10491	0	35288	22364	40936	
10492	0	35290	22732	38312	
10493	0	35292	22553	38384	
10494	0	35288	22540	38592	
10495	0	35272	22537	38556	
10496	0	35280	22052	40632	
10497	0	35272	22208	39300	
10498	0	35301	22268	40753	
10499	0	35244	22800	39708	
10500	0	35240	22956	40136	
10501	0	35216	23572	41088	
10502	0	35213	24960	39788	
10503	0	35192	25452	37044	
10504	0	35188	26148	36956	
10505	0	35165	27032	35324	
10506	0	35148	28312	34592	
10507	0	35132	35221	52192	
10508	0	35108	18585	55292	
10509	0	35092	18601	55264	
10510	0	35072	17682	44332	
10511	0	35048	31744	40105	
10512	0	35024	39600	32164	
10513	0	35004	37764	36288	
10514	0	34980	33072	39244	
10515	0	34956	31072	42712	
10516	0	34941	32376	39449	
10517	0	34928	31936	41524	
10518	0	34877	31836	39704	
10519	0	34864	31176	37548	
10520	0	34852	31132	39984	
10521	0	34820	31708	38496	
10522	0	34776	31816	38980	
10523	0	34740	31904	38172	
10524	0	34728	31596	38272	
10525	0	34692	31728	38996	
10526	0	34668	32381	38404	
10527	0	34636	31564	38180	
10528	0	34604	31292	38008	
10529	0	34576	31512	38024	
10530	0	34545	31841	38140	
10531	0	34520	32076	38716	
10532	0	34496	31876	38388	
10533	0	34460	32092	38380	
10534	0	34436	31940	38504	
10535	0	34400	32220	38408	
10536	0	34376	32004	38569	
10537	0	34352	32196	38356	
10538	0	34322	32252	38345	
10539	0	34284	31536	38628	
10540	0	34268	31952	38292	
10541	0	34240	32092	38372	
10542	0	34204	31812	38248	
10543	0	34184	32216	38308	
10544	0	34160	31812	38316	
10545	0	34136	31910	38233	
10546	0	34112	32128	38365	
10547	0	34096	31796	38156	
10548	0	34042	32152	38328	
10549	0	34020	32144	38312	
10550	0	33992	32132	38340	
10551	0	33948	31776	38257	
10552	0	33940	32176	38360	
10553	0	33888	31712	38240	
10554	0	33884	32220	38356	
10555	0	33864	32180	38316	
10556	0	33828	32144	38320	
10557	0	33804	32200	38288	
10558	0	33772	32208	38388	
10559	0	33756	32298	38428	
10560	0	33716	32192	38344	
10561	0	33692	32204	38296	
10562	0	33669	32256	38284	
10563	0	33645	32268	38312	
10564	0	33616	32184	38256	
10565	0	33584	32188	38208	
10566	0	33556	32156	38072	
10567	0	33532	32168	38157	
10568	0	33500	32140	38204	
10569	0	33468	32220	38176	
10570	0	33436	32184	38108	
10571	0	33408	32248	38300	
10572	0	33380	32220	38208	
10573	0	33348	32320	38340	
10574	0	33312	32348	38308	
10575	0	33276	32392	38344	
10576	0	33248	32524	38372	
10577	0	33216	32568	38500	
10578	0	33184	32585	38424	
10579	0	33140	32528	38400	
10580	0	33108	32520	38300	
10581	0	33072	32441	38208	
10582	0	33044	32364	38284	
10583	0	32992	32412	38192	
10584	0	32964	32328	38174	
10585	0	32932	32344	38112	
10586	0	32884	32468	38196	
10587	0	32852	32472	38208	
10588	0	32800	32384	38216	
10589	0	32756	32372	38241	
10590	0	32720	32416	38360	
10591	0	32684	32368	38260	
10592	0	32636	32380	38352	
10593	0	32588	32585	38416	
10594	0	32541	32524	38376	
10595	0	32505	32608	38353	
10596	0	32464	32709	38376	
10597	0	32404	32548	38396	
10598	0	32360	32400	38344	
10599	0	32316	32996	38284	
10600	0	32272	32584	38360	
10601	0	32220	32768	38396	
10602	0	32168	32780	38380	
10603	0	32121	32628	38236	
10604	0	32084	32536	38312	
10605	0	32020	31988	38264	
10606	0	31977	32712	38284	
10607	0	31928	32624	38288	
10608	0	31884	32641	38353	
10609	0	31822	32600	38364	
10610	0	31780	32556	38332	
10611	0	31733	32572	38396	
10612	0	31676	32640	38388	
10613	0	31624	32636	38393	
10614	0	31580	32604	38420	
10615	0	31520	32548	38356	
10616	0	31472	32512	38372	
10617	0	31428	32489	38336	
10618	0	31369	32541	38341	
10619	0	31324	32560	38388	
10620	0	31272	32644	38368	
10621	0	31220	32636	38484	
10622	0	31172	32660	38644	
10623	0	31112	32544	38568	
10624	0	31064	32556	38684	
10625	0	31016	32656	38944	
10626	0	30964	32673	39064	
10627	0	30916	32528	39032	
10628	0	30856	32382	38856	
10629	0	30824	32284	38916	
10630	0	30780	32344	38740	
10631	0	30724	32400	38944	
10632	0	30672	32432	38820	
10633	0	30628	32328	38781	
10634	0	30581	32384	38977	
10635	0	30536	32584	39208	
10636	0	30488	33260	40800	
10637	0	30440	33160	40249	
10638	0	30392	32512	39592	
10639	0	30344	32324	39924	
10640	0	30312	32288	40000	
10641	0	30268	32368	39504	
10642	0	30224	32134	39496	
10643	0	30184	32188	39752	
10644	0	30137	32456	39980	
10645	0	30092	32448	39828	
10646	0	30056	32308	40008	
10647	0	30016	32180	40088	
10648	0	29976	32340	40477	
10649	0	29932	32184	40672	
10650	0	29896	32156	40952	
10651	0	29860	32348	41480	
10652	0	29821	32369	41576	
10653	0	29792	32232	41408	
10654	0	29752	32080	41404	
10655	0	29720	32096	40564	
10656	0	29684	32432	40809	
10657	0	29648	32944	42568	
10658	0	29616	33148	43536	
10659	0	29588	32876	43024	
10660	0	29560	32712	42264	
10661	0	29524	31752	42392	
10662	0	29496	30656	42816	
10663	0	29464	30144	42408	
10664	0	29436	28040	42640	
10665	0	29408	25976	42952	
10666	0	29380	23720	40184	
10667	0	29356	22289	38732	
10668	0	29340	23006	41006	
10669	0	29316	23676	42708	
10670	0	29296	23088	44089	
10671	0	29276	21980	43664	
10672	0	29256	20432	43880	
10673	0	29240	19414	44152	
10674	0	29216	15386	42208	
10675	0	29196	14428	41180	
10676	0	29176	15396	41176	
10677	0	29164	16392	40544	
10678	0	29152	17448	40064	
10679	0	29137	18412	39708	
10680	0	29120	19569	39436	
10681	0	29112	20392	39204	
10682	0	29100	21028	39580	
10683	0	29092	21844	39192	
10684	0	29080	22500	39194	
10685	0	29068	22936	39180	
10686	0	29068	23488	39101	
10687	0	29060	24012	38869	
10688	0	29060	24778	38885	
10689	0	29052	25402	38748	
10690	0	29056	26004	38168	
10691	0	29048	26465	37972	
10692	0	29048	27428	38216	
10693	0	29036	28412	38225	
10694	0	29040	29433	38316	
10695	0	29041	30368	38288	
10696	0	29040	31172	38565	
10697	0	29044	31920	38348	
10698	0	29048	32628	38200	
10699	0	29044	33244	37984	
10700	0	29052	33772	37753	
10701	0	29050	34236	37372	
10702	0	29049	34716	37272	
10703	0	29060	35072	36996	
10704	0	29064	35352	36876	
10705	0	29064	35628	36376	
10706	0	29062	35796	35893	
10707	0	29072	36024	35668	
10708	0	29068	36197	35288	
10709	0	29068	36301	34986	
10710	0	29076	36357	34784	
10711	0	29076	36420	34480	
10712	0	29076	36484	34208	
10713	0	29080	36484	33992	
10714	0	29080	36528	33704	
10715	0	29080	36480	33432	
10716	0	29084	36476	33092	
10717	0	29076	36481	32669	
10718	0	29076	36464	32324	
10719	0	29069	36529	32156	
10720	0	29065	36564	31892	
10721	0	29064	36532	31736	
10722	0	29052	36533	31616	
10723	0	29049	36540	31512	
10724	0	29048	36484	31545	
10725	0	29037	36448	31617	
10726	0	29036	36304	31620	
10727	0	29020	36228	31737	
10728	0	29008	36100	31824	
10729	0	29002	36012	31892	
10730	0	28996	35906	32080	
10731	0	28976	35800	32160	
10732	0	28964	35704	32240	
10733	0	28952	35612	32420	
10734	0	28936	35552	32689	
10735	0	28920	35500	32920	
10736	0	28896	35408	33216	
10737	0	28884	35294	33544	
10738	0	28864	35060	33664	
10739	0	28852	34784	33932	
10740	0	28836	34500	34192	
10741	0	28808	34132	34454	
10742	0	28788	33693	34824	
10743	0	28773	33204	35172	
10744	0	28757	32712	35556	
10745	0	28725	32236	35868	
10746	0	28712	31760	36224	
10747	0	28684	31396	36605	
10748	0	28672	30992	36976	
10749	0	28645	30572	37236	
10750	0	28628	30092	37500	
10751	0	28604	29616	37944	
10752	0	28588	29040	38160	
10753	0	28572	28408	38360	
10754	0	28552	27876	38748	
10755	0	28537	27124	39112	
10756	0	28517	26360	39528	
10757	0	28508	25594	39956	
10758	0	28480	24866	40352	
10759	0	28480	24064	40260	
10760	0	28464	23368	40184	
10761	0	28452	22660	39849	
10762	0	28442	22048	39596	
10763	0	28432	21560	39364	
10764	0	28420	21392	39592	
10765	0	28424	21156	39412	
10766	0	28417	21268	38996	
10767	0	28416	21592	38548	
10768	0	28408	22148	37852	
10769	0	28412	22944	36780	
10770	0	28416	23988	35716	
10771	0	28416	19504	54284	
10772	0	28428	26520	27596	
10773	0	28436	15072	49896	
10774	0	28444	16936	34356	
10775	0	28457	32368	44928	
10776	0	28468	33600	32892	
10777	0	28481	38684	36388	
10778	0	28504	34196	37956	
10779	0	28518	32768	37940	
10780	0	28538	32192	39028	
10781	0	28564	31860	38560	
10782	0	28586	32976	39128	
10783	0	28620	32789	38880	
10784	0	28640	32704	37848	
10785	0	28680	31852	37376	
10786	0	28716	31136	37532	
10787	0	28744	31972	38036	
10788	0	28792	31348	38524	
10789	0	28824	31900	38412	
10790	0	28868	32164	38192	
10791	0	28908	32188	38065	
10792	0	28956	32240	37985	
10793	0	29012	31924	38144	
10794	0	29056	32102	38201	
10795	0	29108	32104	38300	
10796	0	29164	32112	38332	
10797	0	29210	32068	38348	
10798	0	29272	32128	38312	
10799	0	29328	32144	38344	
10800	0	29389	32240	38416	
10801	0	29452	32264	38528	
10802	0	29512	32320	38446	
10803	0	29584	32180	38488	
10804	0	29648	32304	38400	
10805	0	29712	32168	38436	
10806	0	29780	32244	38380	
10807	0	29856	32148	38452	
10808	0	29924	32170	38356	
10809	0	29992	32228	38344	
10810	0	30061	32233	38324	
10811	0	30136	32404	38300	
10812	0	30208	32024	38432	
10813	0	30288	32172	38304	
10814	0	30360	32192	38324	
10815	0	30437	32212	38340	
10816	0	30516	32244	38284	
10817	0	30596	32248	38296	
10818	0	30672	32224	38280	
10819	0	30744	32240	38304	
10820	0	30825	32252	38308	
10821	0	30908	32276	38336	
10822	0	30986	32272	38304	
10823	0	31064	32280	38308	
10824	0	31136	32256	38300	
10825	0	31216	32248	38328	
10826	0	31296	32256	38280	
10827	0	31376	32224	38284	
10828	0	31452	32208	38293	
10829	0	31536	32245	38272	
10830	0	31612	32312	38304	
10831	0	31692	32260	38308	
10832	0	31772	32272	38232	
10833	0	31848	32309	38220	
10834	0	31924	32264	38236	
10835	0	31994	32288	38300	
10836	0	32076	32364	38248	
10837	0	32153	32428	38284	
10838	0	32225	32408	38368	
10839	0	32300	32336	38416	
10840	0	32368	32280	38360	
10841	0	32456	32298	38316	
10842	0	32524	32308	38236	
10843	0	32592	32348	38288	
10844	0	32668	32308	38304	
10845	0	32728	32264	38341	
10846	0	32805	32336	38300	
10847	0	32876	32429	38272	
10848	0	32945	32525	38236	
10849	0	33008	32484	38216	
10850	0	33072	32424	38286	
10851	0	33148	32376	38169	
10852	0	33208	32384	38208	
10853	0	33268	32424	38212	
10854	0	33330	32396	38173	
10855	0	33404	32372	38248	
10856	0	33452	32352	38245	
10857	0	33516	32376	38228	
10858	0	33569	32384	38200	
10859	0	33640	32392	38208	
10860	0	33692	32384	38240	
10861	0	33740	32368	38272	
10862	0	33798	32342	38292	
10863	0	33856	32314	38320	
10864	0	33905	32344	38284	
10865	0	33952	32308	38273	
10866	0	34008	32316	38261	
10867	0	34052	32324	38284	
10868	0	34104	32252	38284	
10869	0	34145	32312	38304	
10870	0	34196	32384	38248	
10871	0	34236	32332	38236	
10872	0	34284	32297	38256	
10873	0	34332	32292	38305	
10874	0	34368	32332	38316	
10875	0	34416	32329	38292	
10876	0	34452	32320	38345	
10877	0	34492	32304	38352	
10878	0	34529	32284	38312	
10879	0	34564	32288	38304	
10880	0	34608	32304	38280	
10881	0	34644	32296	38268	
10882	0	34676	32288	38232	
10883	0	34708	32272	38256	
10884	0	34744	32312	38296	
10885	0	34776	32357	38300	
10886	0	34808	32388	38320	
10887	0	34832	32348	38384	
10888	0	34868	32341	38408	
10889	0	34892	32336	38400	
10890	0	34932	32356	38368	
10891	0	34956	32376	38408	
10892	0	34992	32297	38352	
10893	0	35016	32300	38348	
10894	0	35040	32268	38316	
10895	0	35072	32213	38308	
10896	0	35104	32364	38428	
10897	0	35124	32476	38540	
10898	0	35148	32444	38504	
10899	0	35180	32312	38464	
10900	0	35196	32072	38380	
10901	0	35216	32050	38456	
10902	0	35244	32064	38425	
10903	0	35272	32024	38604	
10904	0	35284	32024	38688	
10905	0	35316	32141	38720	
10906	0	35336	32340	38624	
10907	0	35360	32404	38532	
10908	0	35384	32292	38560	
10909	0	35400	32296	38840	
10910	0	35420	32257	38644	
10911	0	35444	32560	38940	
10912	0	35464	32440	39008	
10913	0	35489	32660	39680	
10914	0	35504	32504	39788	
10915	0	35528	32608	40040	
10916	0	35544	32336	40128	
10917	0	35570	31932	39948	
10918	0	35592	31532	39532	
10919	0	35604	33920	42772	
10920	0	35616	33556	42152	
10921	0	35637	31728	39740	
10922	0	35656	32044	40428	
10923	0	35680	32349	41289	
10924	0	35692	32448	41528	
10925	0	35716	32456	41900	
10926	0	35732	32024	41824	
10927	0	35744	31888	41252	
10928	0	35764	32188	41372	
10929	0	35780	32636	42252	
10930	0	35792	32201	42196	
10931	0	35804	32352	41628	
10932	0	35824	32724	41701	
10933	0	35840	32937	42117	
10934	0	35852	33008	41912	
10935	0	35868	32588	41128	
10936	0	35884	32712	40884	
10937	0	35893	32096	41096	
10938	0	35908	31876	41308	
10939	0	35920	31297	41992	
10940	0	35936	31868	42520	
10941	0	35956	31080	41516	
10942	0	35964	29617	41872	
10943	0	35968	28780	40900	
10944	0	35984	27868	40028	
10945	0	35996	27004	43300	
10946	0	36005	25940	45104	
10947	0	36016	24560	46024	
10948	0	36032	23659	45708	
10949	0	36036	23196	46356	
10950	0	36040	23041	46321	
10951	0	36056	20796	44328	
10952	0	36072	16460	41324	
10953	0	36072	15184	40236	
10954	0	36089	14773	39460	
10955	0	36096	16074	39345	
10956	0	36104	17604	39264	
10957	0	36108	18908	38988	
10958	0	36116	19521	38980	
10959	0	36128	19956	38792	
10960	0	36132	20364	39000	
10961	0	36136	20726	39068	
10962	0	36156	21132	39944	
10963	0	36160	21724	40250	
10964	0	36168	22564	40464	
10965	0	36172	23476	40496	
10966	0	36124	24685	40384	
10967	0	36176	25873	40376	
10968	0	36172	27012	40109	
10969	0	36188	28328	40376	
10970	0	36188	29569	40324	
10971	0	36192	30656	39944	
10972	0	36192	31944	39548	
10973	0	36188	33120	38992	
10974	0	36196	34112	38404	
10975	0	36198	35028	37892	
10976	0	36196	35776	37744	
10977	0	36196	36336	37504	
10978	0	36192	36672	37336	
10979	0	36189	36928	37678	
10980	0	36186	36996	36944	
10981	0	36184	37024	36524	
10982	0	36172	36984	35700	
10983	0	36161	36840	34884	
10984	0	36160	36684	33976	
10985	0	36152	36574	33256	
10986	0	36136	36388	32764	
10987	0	36129	36225	32392	
10988	0	36124	36120	32232	
10989	0	36097	36068	32012	
10990	0	36088	36004	31972	
10991	0	36076	36000	31856	
10992	0	36056	36016	31796	
10993	0	36040	35988	31745	
10994	0	36024	35977	31740	
10995	0	36004	35948	31720	
10996	0	35976	35904	31824	
10997	0	35960	35876	31894	
10998	0	35936	35832	31992	
10999	0	35912	35812	32224	
11000	0	35880	35900	32576	
11001	0	35852	36012	32968	
11002	0	35824	36056	33388	
11003	0	35792	36052	33692	
11004	0	35768	35960	33724	
11005	0	35732	35808	33596	
11006	0	35695	35604	33364	
11007	0	35668	35412	33128	
11008	0	35632	35232	32896	
11009	0	35600	35077	32752	
11010	0	35557	34964	32760	
11011	0	35529	34817	32833	
11012	0	35492	34640	32996	
11013	0	35456	34433	33324	
11014	0	35416	34168	33760	
11015	0	35368	33800	34164	
11016	0	35334	33484	34560	
11017	0	35300	33192	34984	
11018	0	35256	32940	35308	
11019	0	35216	32712	35544	
11020	0	35172	32484	35700	
11021	0	35136	32188	35812	
11022	0	35088	31792	36136	
11023	0	35048	31257	36452	
11024	0	35008	30665	36644	
11025	0	34976	30159	36941	
11026	0	34920	29616	37088	
11027	0	34884	29060	37200	
11028	0	34840	28500	37476	
11029	0	34800	27808	37868	
11030	0	34757	27220	38148	
11031	0	34713	26476	38577	
11032	0	34676	25820	39156	
11033	0	34624	25212	39892	
11034	0	34588	24597	40208	
11035	0	34548	23922	40284	
11036	0	34496	23389	39900	
11037	0	34464	22884	39508	
11038	0	34424	22492	39156	
11039	0	34384	22133	39024	
11040	0	34348	21890	39032	
11041	0	34304	21692	39124	
11042	0	34264	21692	39280	
11043	0	34220	21912	39513	
11044	0	34184	22330	39508	
11045	0	34144	22856	39520	
11046	0	34116	23544	38944	
11047	0	34064	24340	38356	
11048	0	34024	25316	37345	
11049	0	33986	26337	36276	
11050	0	33952	27606	34936	
11051	0	33908	30480	40116	
11052	0	33876	17620	55248	
11053	0	33836	26022	34236	
11054	0	33796	22772	39132	
11055	0	33760	25064	47420	
11056	0	33720	20208	41320	
11057	0	33680	34624	33794	
11058	0	33644	38565	30952	
11059	0	33616	33508	37409	
11060	0	33572	29192	39784	
11061	0	33536	32600	40768	
11062	0	33501	33296	39444	
11063	0	33468	31889	38304	
11064	0	33436	32144	37576	
11065	0	33392	31204	37740	
11066	0	33356	31037	38300	
11067	0	33320	31720	38548	
11068	0	33288	32220	38436	
11069	0	33248	32176	38316	
11070	0	33216	32732	38228	
11071	0	33177	32804	38344	
11072	0	33148	32705	38212	
11073	0	33104	31512	38272	
11074	0	33080	32401	38260	
11075	0	33041	31876	38392	
11076	0	33004	32208	38336	
11077	0	32977	32216	38384	
11078	0	32934	32248	38432	
11079	0	32904	32201	38482	
11080	0	32876	32209	38428	
11081	0	32848	32372	38404	
11082	0	32808	32364	38406	
11083	0	32772	32124	38412	
11084	0	32736	32616	38296	
11085	0	32712	32001	38441	
11086	0	32680	32224	38380	
11087	0	32644	32300	38336	
11088	0	32620	32364	38372	
11089	0	32586	32080	38392	
11090	0	32548	32208	38345	
11091	0	32520	32248	38336	
11092	0	32492	32268	38372	
11093	0	32456	32320	38386	
11094	0	32420	32361	38348	
11095	0	32396	32320	38292	
11096	0	32365	32324	38320	
11097	0	32332	32306	38384	
11098	0	32300	32304	38361	
11099	0	32265	32316	38392	
11100	0	32232	32357	38388	
11101	0	32208	32360	38448	
11102	0	32180	32336	38408	
11103	0	32144	32368	38400	
11104	0	32120	32348	38408	
11105	0	32092	32344	38352	
11106	0	32060	32348	38324	
11107	0	32036	32400	38428	
11108	0	32000	32404	38480	
11109	0	31969	32377	38393	
11110	0	31944	32360	38360	
11111	0	31913	32360	38304	
11112	0	31892	32356	38292	
11113	0	31860	32432	38312	
11114	0	31832	32392	38328	
11115	0	31800	32320	38252	
11116	0	31780	32268	38172	
11117	0	31748	32260	38160	
11118	0	31724	32284	38208	
11119	0	31693	32300	38208	
11120	0	31668	32320	38248	
11121	0	31640	32376	38276	
11122	0	31616	32384	38248	
11123	0	31584	32357	38256	
11124	0	31564	32356	38252	
11125	0	31540	32353	38240	
11126	0	31516	32393	38264	
11127	0	31492	32372	38265	
11128	0	31468	32372	38244	
11129	0	31440	32400	38184	
11130	0	31420	32380	38220	
11131	0	31392	32434	38196	
11132	0	31372	32472	38224	
11133	0	31344	32500	38208	
11134	0	31325	32544	38240	
11135	0	31304	32524	38240	
11136	0	31284	32504	38324	
11137	0	31264	32472	38324	
11138	0	31244	32492	38332	
11139	0	31220	32517	38372	
11140	0	31200	32445	38320	
11141	0	31172	32452	38300	
11142	0	31161	32474	38288	
11143	0	31136	32488	38292	
11144	0	31121	32484	38293	
11145	0	31101	32480	38336	
11146	0	31082	32400	38340	
11147	0	31069	32512	38320	
11148	0	31040	32712	38376	
11149	0	31032	32404	38324	
11150	0	31012	32852	38384	
11151	0	30992	32808	38408	
11152	0	30976	32704	38381	
11153	0	30965	32613	38396	
11154	0	30948	32608	38420	
11155	0	30936	32600	38352	
11156	0	30924	32584	38352	
11157	0	30909	32572	38316	
11158	0	30896	32546	38342	
11159	0	30884	32524	38304	
11160	0	30873	32520	38292	
11161	0	30856	32476	38300	
11162	0	30853	32004	38344	
11163	0	30838	32829	38276	
11164	0	30836	32597	38324	
11165	0	30828	32541	38320	
11166	0	30825	32473	38312	
11167	0	30812	32696	38328	
11168	0	30812	32640	38316	
11169	0	30805	32548	38300	
11170	0	30800	32533	38284	
11171	0	30797	32522	38304	
11172	0	30804	32504	38268	
11173	0	30798	32504	38320	
11174	0	30796	32564	38428	
11175	0	30800	32604	38328	
11176	0	30812	32544	38352	
11177	0	30812	32516	38352	
11178	0	30816	32580	38380	
11179	0	30830	32630	38380	
11180	0	30828	32636	38464	
11181	0	30848	32556	38456	
11182	0	30848	32544	38428	
11183	0	30856	32580	38480	
11184	0	30884	32584	38665	
11185	0	30892	32516	38844	
11186	0	30909	32584	39020	
11187	0	30924	32700	39388	
11188	0	30936	32656	39533	
11189	0	30956	32476	39220	
11190	0	30984	32332	39200	
11191	0	31000	32245	39104	
11192	0	31024	32300	39116	
11193	0	31045	32429	39228	
11194	0	31076	32485	39204	
11195	0	31100	32376	39280	
11196	0	31128	33314	41072	
11197	0	31156	33228	40988	
11198	0	31188	32877	40352	
11199	0	31216	32720	40912	
11200	0	31252	32428	40572	
11201	0	31288	32368	40096	
11202	0	31318	32540	40208	
11203	0	31357	32716	40448	
11204	0	31388	32636	40608	
11205	0	31420	32448	41012	
11206	0	31472	32232	41584	
11207	0	31504	32148	41320	
11208	0	31546	32314	40889	
11209	0	31588	32288	41248	
11210	0	31626	32032	40976	
11211	0	31668	32252	40400	
11212	0	31716	32478	40944	
11213	0	31760	32781	41288	
11214	0	31808	33224	42020	
11215	0	31852	33068	42200	
11216	0	31908	32601	42060	
11217	0	31952	32453	41744	
11218	0	32004	31676	42160	
11219	0	32052	31540	43168	
11220	0	32104	30540	43344	
11221	0	32153	29764	42628	
11222	0	32208	27512	40860	
11223	0	32256	26160	39712	
11224	0	32312	24089	38716	
11225	0	32372	23744	41024	
11226	0	32428	24642	42125	
11227	0	32484	25664	43468	
11228	0	32540	25388	43984	
11229	0	32596	24704	44084	
11230	0	32652	23782	44068	
11231	0	32708	22869	44048	
11232	0	32768	20136	42456	
11233	0	32830	17925	39852	
11234	0	32888	18338	39472	
11235	0	32952	18790	39072	
11236	0	33012	19554	38469	
11237	0	33076	20628	38424	
11238	0	33136	21289	38404	
11239	0	33200	21948	38285	
11240	0	33264	22596	38376	
11241	0	33328	23157	38420	
11242	0	33392	23652	38484	
11243	0	33460	24148	38693	
11244	0	33524	24472	38821	
11245	0	33592	24920	38972	
11246	0	33650	25144	38840	
11247	0	33720	25500	38636	
11248	0	33784	25865	38165	
11249	0	33848	26436	37872	
11250	0	33912	26885	37488	
11251	0	33980	27376	37128	
11252	0	34040	27856	36908	
11253	0	34112	28192	36504	
11254	0	34176	28660	36524	
11255	0	34236	28992	36360	
11256	0	34297	29476	36313	
11257	0	34364	29896	36448	
11258	0	34428	30324	36336	
11259	0	34492	30832	36384	
11260	0	34548	31284	36457	
11261	0	34604	31808	36480	
11262	0	34668	32276	36473	
11263	0	34728	32696	36448	
11264	0	34788	33038	36492	
11265	0	34848	33304	36440	
11266	0	34900	33620	36380	
11267	0	34960	33834	36320	
11268	0	35012	34084	36057	
11269	0	35064	34344	35408	
11270	0	35116	34464	35412	
11271	0	35168	34644	35420	
11272	0	35232	34816	35052	
11273	0	35276	35041	34588	
11274	0	35332	35156	34464	
11275	0	35376	35280	34336	
11276	0	35420	35309	34196	
11277	0	35468	35340	33872	
11278	0	35509	35392	33482	
11279	0	35552	35452	33344	
11280	0	35596	35476	33438	
11281	0	35644	35533	33424	
11282	0	35660	35600	33320	
11283	0	35724	35624	33260	
11284	0	35761	35680	33096	
11285	0	35804	35677	33148	
11286	0	35840	35744	33032	
11287	0	35876	35737	32884	
11288	0	35912	35732	32720	
11289	0	35944	35672	32728	
11290	0	35976	35604	32577	
11291	0	36016	35600	32609	
11292	0	36044	35628	32548	
11293	0	36068	35492	32656	
11294	0	36104	35472	32688	
11295	0	36128	35429	32809	
11296	0	36164	35368	33064	
11297	0	36192	35300	33244	
11298	0	36216	35204	33476	
11299	0	36252	35104	33724	
11300	0	36268	34984	33888	
11301	0	36292	34776	34066	
11302	0	36324	34484	34252	
11303	0	36344	34016	34380	
11304	0	36376	33376	34628	
11305	0	36400	32760	34968	
11306	0	36416	32088	35500	
11307	0	36436	31424	35820	
11308	0	36460	30864	36144	
11309	0	36484	30368	36352	
11310	0	36512	29977	36708	
11311	0	36520	29340	36712	
11312	0	36548	28860	36960	
11313	0	36568	28436	37209	
11314	0	36584	28120	37644	
11315	0	36604	27649	38157	
11316	0	36624	27360	38260	
11317	0	36648	27016	38415	
11318	0	36664	26836	38784	
11319	0	36680	26306	38720	
11320	0	36696	25797	38772	
11321	0	36712	25368	38713	
11322	0	36736	24984	38721	
11323	0	36748	24508	38468	
11324	0	36764	24064	38160	
11325	0	36781	23817	37960	
11326	0	36792	23616	37856	
11327	0	36816	23504	37912	
11328	0	36832	23408	37812	
11329	0	36848	23316	37537	
11330	0	36860	23396	37540	
11331	0	36884	23703	37056	
11332	0	36892	24252	36536	
11333	0	36912	24996	35824	
11334	0	36918	25944	35096	
11335	0	36944	27044	54764	
11336	0	36956	30218	35728	
11337	0	36972	17677	40424	
11338	0	36984	26685	49745	
11339	0	37000	25912	35041	
11340	0	37012	31568	32760	
11341	0	37020	35740	32028	
11342	0	37024	37560	38140	
11343	0	37044	37504	41852	
11344	0	37056	35840	42968	
11345	0	37072	34040	41668	
11346	0	37080	32250	37948	
11347	0	37096	29160	36200	
11348	0	37096	29824	35592	
11349	0	37112	30668	36864	
11350	0	37120	30676	38680	
11351	0	37120	30596	39404	
11352	0	37136	31677	38568	
11353	0	37148	31908	37940	
11354	0	37156	32292	37928	
11355	0	37160	32570	37948	
11356	0	37156	32774	37816	
11357	0	37168	31610	37972	
11358	0	37168	31648	38028	
11359	0	37172	31736	38121	
11360	0	37176	31772	38184	
11361	0	37180	31853	38176	
11362	0	37180	31924	38288	
11363	0	37184	32008	38424	
11364	0	37176	32068	38552	
11365	0	37184	32116	38500	
11366	0	37184	31952	38480	
11367	0	37172	31946	38480	
11368	0	37172	31936	38480	
11369	0	37164	31994	38421	
11370	0	37160	31988	38464	
11371	0	37148	31976	38466	
11372	0	37140	31992	38472	
11373	0	37124	31984	38424	
11374	0	37124	31969	38376	
11375	0	37108	31936	38364	
11376	0	37096	31944	38364	
11377	0	37080	31924	38336	
11378	0	37076	31916	38300	
11379	0	37052	31952	38329	
11380	0	37040	31932	38328	
11381	0	37024	31964	38332	
11382	0	37009	32001	38348	
11383	0	36988	32013	38361	
11384	0	36960	32072	38388	
11385	0	36944	32113	38404	
11386	0	36924	32126	38452	
11387	0	36896	32088	38400	
11388	0	36876	32060	38328	
11389	0	36856	32064	38284	
11390	0	36828	32088	38264	
11391	0	36808	32092	38320	
11392	0	36784	32092	38320	
11393	0	36752	32080	38284	
11394	0	36724	32056	38264	
11395	0	36700	32016	38208	
11396	0	36676	31972	38225	
11397	0	36636	31980	38272	
11398	0	36608	31984	38272	
11399	0	36584	31936	38249	
11400	0	36544	31928	38260	
11401	0	36512	31876	38242	
11402	0	36480	31884	38236	
11403	0	36441	31952	38300	
11404	0	36412	31904	38208	
11405	0	36388	31968	38276	
11406	0	36348	32032	38304	
11407	0	36304	31996	38228	
11408	0	36264	32032	38400	
11409	0	36228	31992	38240	
11410	0	36196	32020	38264	
11411	0	36152	31928	38272	
11412	0	36112	31912	38200	
11413	0	36072	31913	38136	
11414	0	36024	31912	38168	
11415	0	35993	31918	38160	
11416	0	35940	31921	38132	
11417	0	35896	31880	38156	
11418	0	35856	31836	38164	
11419	0	35804	31888	38132	
11420	0	35756	31896	38096	
11421	0	35716	31944	38132	
11422	0	35656	32008	38192	
11423	0	35608	32004	38204	
11424	0	35556	32016	38228	
11425	0	35500	32028	38200	
11426	0	35448	32024	38253	
11427	0	35396	32020	38316	
11428	0	35340	32004	38280	
11429	0	35284	32092	38208	
11430	0	35220	32108	38192	
11431	0	35168	32089	38112	
11432	0	35108	32140	38176	
11433	0	35048	32128	38244	
11434	0	34980	32108	38220	
11435	0	34916	32112	38236	
11436	0	34864	32092	38224	
11437	0	34796	32137	38244	
11438	0	34724	32084	38180	
11439	0	34660	32064	38184	
11440	0	34600	32145	38256	
11441	0	34524	32109	38305	
11442	0	34452	32132	38388	
11443	0	34384	32224	38448	
11444	0	34312	32060	38320	
11445	0	34236	32128	38264	
11446	0	34157	32116	38208	
11447	0	34084	32148	38252	
11448	0	34016	32076	38169	
11449	0	33948	32097	38276	
11450	0	33860	32104	38300	
11451	0	33788	32237	38405	
11452	0	33704	32333	38472	
11453	0	33628	32292	38473	
11454	0	33548	32210	38332	
11455	0	33472	32208	38328	
11456	0	33396	32224	38220	
11457	0	33316	32236	38265	
11458	0	33234	32224	38280	
11459	0	33152	32208	38316	
11460	0	33080	32184	38376	
11461	0	33000	32268	38464	
11462	0	32917	32216	38504	
11463	0	32840	32148	38457	
11464	0	32764	32232	38540	
11465	0	32680	32204	38592	
11466	0	32604	32068	38504	
11467	0	32536	31872	38560	
11468	0	32448	32012	38560	
11469	0	32376	32257	38688	
11470	0	32296	32205	38736	
11471	0	32226	32264	38900	
11472	0	32145	32288	38992	
11473	0	32065	32120	38876	
11474	0	32004	32126	38832	
11475	0	31924	32204	39040	
11476	0	31856	32160	38992	
11477	0	31784	32196	39212	
11478	0	31716	32128	39436	
11479	0	31640	32156	39592	
11480	0	31572	32202	39882	
11481	0	31501	32198	40132	
11482	0	31432	32000	40272	
11483	0	31364	31868	40436	
11484	0	31300	32084	40732	
11485	0	31232	32020	40872	
11486	0	31169	31948	41136	
11487	0	31104	31936	40748	
11488	0	31036	31988	40692	
11489	0	30980	31976	40616	
11490	0	30924	31984	40504	
11491	0	30853	32141	40696	
11492	0	30801	32224	41036	
11493	0	30740	32356	41576	
11494	0	30681	32568	41938	
11495	0	30624	32484	42372	
11496	0	30564	32248	42552	
11497	0	30510	31784	42652	
11498	0	30456	31708	43024	
11499	0	30404	31876	43416	
11500	0	30349	31684	44232	
11501	0	30296	31200	44388	
11502	0	30244	31092	45056	
11503	0	30200	30908	45392	
11504	0	30145	30312	47288	
11505	0	30096	30068	49856	
11506	0	30052	31392	49344	
11507	0	30008	31464	48020	
11508	0	29956	30352	48392	
11509	0	29912	29904	49836	
11510	0	29864	31032	49264	
11511	0	29824	30937	48112	
11512	0	29788	31588	47936	
11513	0	29741	32336	48188	
11514	0	29704	33304	47760	
11515	0	29664	33436	46776	
11516	0	29628	32496	45952	
11517	0	29588	32648	46048	
11518	0	29560	33684	45648	
11519	0	29524	34568	44420	
11520	0	29492	34752	41408	
11521	0	29456	30084	36393	
11522	0	29424	29504	33788	
11523	0	29400	30429	33208	
11524	0	29368	25364	30754	
11525	0	29348	31288	29385	
11526	0	29318	32148	32148	
11527	0	29300	32464	36548	
11528	0	29272	32664	39320	
11529	0	29244	33168	40304	
11530	0	29220	33560	39600	
11531	0	29208	33692	38432	
11532	0	29188	33544	37012	
11533	0	29178	33108	35676	
11534	0	29158	32528	34512	
11535	0	29144	32034	33353	
11536	0	29132	31812	31968	
11537	0	29121	31932	31032	
11538	0	29104	32006	30272	
11539	0	29104	32136	29760	
11540	0	29088	32468	29852	
11541	0	29084	32496	29756	
11542	0	29084	32665	30000	
11543	0	29076	32912	30488	
11544	0	29072	33197	30920	
11545	0	29073	33500	31553	
11546	0	29068	33788	32072	
11547	0	29086	34048	32756	
11548	0	29072	34272	33420	
11549	0	29080	34596	33988	
11550	0	29084	34808	34352	
11551	0	29084	34936	34705	
11552	0	29096	34968	35000	
11553	0	29100	34928	35104	
11554	0	29104	34872	34956	
11555	0	29120	34752	34692	
11556	0	29128	34640	34373	
11557	0	29148	34468	34049	
11558	0	29160	34308	33748	
11559	0	29180	34176	33588	
11560	0	29188	34068	33496	
11561	0	29212	33965	33469	
11562	0	29232	33892	33584	
11563	0	29244	33800	33820	
11564	0	29276	33776	34156	
11565	0	29292	33641	34596	
11566	0	29316	33520	34972	
11567	0	29372	33000	35060	
11568	0	29380	33336	35476	
11569	0	29404	33300	35724	
11570	0	29428	33140	36016	
11571	0	29464	32980	36476	
11572	0	29496	33184	37020	
11573	0	29536	33472	37832	
11574	0	29568	33520	37948	
11575	0	29608	33476	38357	
11576	0	29644	33324	38545	
11577	0	29680	33004	38964	
11578	0	29720	32548	39444	
11579	0	29760	32028	40068	
11580	0	29816	31468	40560	
11581	0	29852	31032	41060	
11582	0	29889	30700	41464	
11583	0	29933	30329	41884	
11584	0	29984	29856	42144	
11585	0	30032	29240	41768	
11586	0	30081	29024	40804	
11587	0	30128	28524	40768	
11588	0	30188	27802	43260	
11589	0	30240	28580	43500	
11590	0	30284	28413	44928	
11591	0	30336	28136	45916	
11592	0	30392	28073	45820	
11593	0	30456	28004	45484	
11594	0	30512	27553	44580	
11595	0	30576	27129	43736	
11596	0	30628	26828	42604	
11597	0	30696	26536	41644	
11598	0	30752	26254	40888	
11599	0	30820	26000	40640	
11600	0	30881	25757	40960	
11601	0	30952	25536	41256	
11602	0	31012	25456	41241	
11603	0	31076	25545	40948	
11604	0	31152	25640	40608	
11605	0	31216	25736	40224	
11606	0	31284	25764	39752	
11607	0	31356	25792	39156	
11608	0	31428	25912	38496	
11609	0	31496	27506	51972	
11610	0	31572	14338	55252	
11611	0	31648	17852	36708	
11612	0	31716	18176	33533	
11613	0	31784	22492	33673	
11614	0	31872	32240	36172	
11615	0	31940	39184	41712	
11616	0	32020	41416	45341	
11617	0	32100	39524	42260	
11618	0	32164	36176	38612	
11619	0	32240	35452	37136	
11620	0	32320	35472	37172	
11621	0	32396	35420	38921	
11622	0	32468	34140	39612	
11623	0	32552	30956	39292	
11624	0	32636	29729	39544	
11625	0	32724	29362	41220	
11626	0	32792	30326	41720	
11627	0	32864	29192	41536	
11628	0	32948	28705	41852	
11629	0	33024	25944	39292	
11630	0	33106	19264	35448	
11631	0	33184	22340	35780	
11632	0	33256	32032	38952	
11633	0	33344	34272	40872	
11634	0	33416	33132	38297	
11635	0	33496	31484	37148	
11636	0	33572	30572	37844	
11637	0	33648	31625	38628	
11638	0	33728	32468	38720	
11639	0	33800	32368	38276	
11640	0	33872	32116	38144	
11641	0	33948	32076	38364	
11642	0	34020	32192	38528	
11643	0	34100	32348	38436	
11644	0	34168	32360	38360	
11645	0	34240	32340	38433	
11646	0	34316	32293	38496	
11647	0	34384	32356	38449	
11648	0	34450	32402	38480	
11649	0	34520	32432	38456	
11650	0	34592	32448	38476	
11651	0	34652	32444	38472	
11652	0	34716	32432	38516	
11653	0	34772	32428	38484	
11654	0	34860	32272	38256	
11655	0	34912	32188	38400	
11656	0	34977	32224	38524	
11657	0	35032	32220	38472	
11658	0	35088	32240	38464	
11659	0	35144	32269	38384	
11660	0	35200	32284	38464	
11661	0	35256	32288	38429	
11662	0	35312	32249	38456	
11663	0	35360	32112	38476	
11664	0	35408	32300	38444	
11665	0	35464	31856	38517	
11666	0	35512	32461	38456	
11667	0	35561	31992	38536	
11668	0	35600	32580	38392	
11669	0	35641	32172	38504	
11670	0	35684	32252	38456	
11671	0	35734	32584	38368	
11672	0	35768	31776	38536	
11673	0	35808	31984	38488	
11674	0	35844	32216	38372	
11675	0	35876	31832	38456	
11676	0	35916	32196	38384	
11677	0	35948	32229	38356	
11678	0	35988	31836	38445	
11679	0	36012	32256	38344	
11680	0	36048	32384	38404	
11681	0	36072	32460	38477	
11682	0	36104	32189	38556	
11683	0	36128	32768	38400	
11684	0	36148	32320	38388	
11685	0	36176	32596	38272	
11686	0	36200	31916	38464	
11687	0	36220	32408	38380	
11688	0	36240	31628	38632	
11689	0	36260	32524	38404	
11690	0	36273	32312	38424	
11691	0	36288	32192	38408	
11692	0	36308	32125	38357	
11693	0	36320	32048	38388	
11694	0	36341	32024	38308	
11695	0	36352	31977	38328	
11696	0	36352	31892	38296	
11697	0	36380	31872	38320	
11698	0	36384	32080	38336	
11699	0	36396	32064	38352	
11700	0	36400	32076	38368	
11701	0	36408	32072	38356	
11702	0	36408	32016	38361	
11703	0	36420	31988	38336	
11704	0	36424	31980	38348	
11705	0	36424	31984	38376	
11706	0	36428	31992	38316	
11707	0	36436	31976	38340	
11708	0	36440	31932	38404	
11709	0	36440	31944	38476	
11710	0	36437	31940	38476	
11711	0	36436	31904	38452	
11712	0	36440	31928	38524	
11713	0	36440	31869	38644	
11714	0	36440	31889	38864	
11715	0	36436	31796	38640	
11716	0	36432	31776	38628	
11717	0	36440	31785	38628	
11718	0	36436	31768	38624	
11719	0	36436	31805	38616	
11720	0	36432	31832	38696	
11721	0	36420	31710	38605	
11722	0	36424	31720	38633	
11723	0	36416	31780	38704	
11724	0	36416	31788	38780	
11725	0	36412	31896	39088	
11726	0	36416	31808	39004	
11727	0	36408	31624	38928	
11728	0	36404	31597	39197	
11729	0	36396	31832	39168	
11730	0	36392	31932	39468	
11731	0	36384	31784	39756	
11732	0	36384	31700	39792	
11733	0	36376	31792	39720	
11734	0	36368	31661	39608	
11735	0	36364	31564	39776	
11736	0	36352	31512	40152	
11737	0	36348	31492	40048	
11738	0	36340	31456	40172	
11739	0	36328	31468	40192	
11740	0	36316	31348	40380	
11741	0	36316	31604	40604	
11742	0	36296	31433	40696	
11743	0	36292	31596	40800	
11744	0	36284	31628	41144	
11745	0	36268	31576	41572	
11746	0	36248	31889	41852	
11747	0	36240	31896	42136	
11748	0	36224	31666	42568	
11749	0	36213	31597	42800	
11750	0	36196	31804	42806	
11751	0	36184	31688	42816	
11752	0	36172	31492	43144	
11753	0	36156	31528	43856	
11754	0	36132	31284	44400	
11755	0	36124	31168	44088	
11756	0	36096	30692	43545	
11757	0	36084	30568	44448	
11758	0	36052	30768	45668	
11759	0	36048	29892	46512	
11760	0	36020	29340	48165	
11761	0	35996	30496	46580	
11762	0	35972	31080	45988	
11763	0	35960	30400	46565	
11764	0	35928	30188	47576	
11765	0	35912	30332	47144	
11766	0	35884	31052	45652	
11767	0	35860	32084	45352	
11768	0	35832	33106	46064	
11769	0	35808	33260	46240	
11770	0	35780	33388	46316	
11771	0	35756	33984	45940	
11772	0	35728	34288	45588	
11773	0	35708	34612	45644	
11774	0	35680	34496	44348	
11775	0	35644	32374	40384	
11776	0	35620	29024	35584	
11777	0	35584	30216	34128	
11778	0	35560	26448	32404	
11779	0	35544	31700	31436	
11780	0	35509	34192	30884	
11781	0	35480	34600	34296	
11782	0	35452	34976	38008	
11783	0	35428	35372	40372	
11784	0	35392	35880	40564	
11785	0	35368	36160	40201	
11786	0	35338	36192	39008	
11787	0	35304	35984	37676	
11788	0	35276	35728	36020	
11789	0	35250	35508	34798	
11790	0	35220	35300	33660	
11791	0	35189	35104	32720	
11792	0	35164	34944	32140	
11793	0	35132	34784	31852	
11794	0	35101	34576	31436	
11795	0	35080	34388	31317	
11796	0	35048	34208	31540	
11797	0	35012	34192	31920	
11798	0	34988	34314	32604	
11799	0	34960	34472	33356	
11800	0	34928	34553	34024	
11801	0	34892	34684	34612	
11802	0	34856	34832	35100	
11803	0	34833	34944	35584	
11804	0	34796	35001	36108	
11805	0	34772	35028	36540	
11806	0	34744	35040	36820	
11807	0	34708	35048	37020	
11808	0	34684	35021	37072	
11809	0	34652	34968	37052	
11810	0	34616	34896	36920	
11811	0	34592	34748	36816	
11812	0	34560	34664	36808	
11813	0	34520	34528	36800	
11814	0	34496	34380	36804	
11815	0	34464	34368	37304	
11816	0	34436	34204	37565	
11817	0	34408	33960	38060	
11818	0	34372	33745	38528	
11819	0	34352	33484	39076	
11820	0	34316	33204	39732	
11821	0	34284	32900	40416	
11822	0	34252	32612	41048	
11823	0	34228	32404	41768	
11824	0	34204	32157	42168	
11825	0	34168	31865	42852	
11826	0	34140	31416	43276	
11827	0	34108	30736	43392	
11828	0	34080	30000	43636	
11829	0	34048	29322	43944	
11830	0	34032	28700	44328	
11831	0	34000	28329	45040	
11832	0	33980	28104	45740	
11833	0	33944	27876	46292	
11834	0	33916	27608	46577	
11835	0	33888	27160	46352	
11836	0	33868	26556	45856	
11837	0	33840	25928	45696	
11838	0	33813	25632	45320	
11839	0	33792	25288	44680	
11840	0	33768	24936	43984	
11841	0	33740	24696	43441	
11842	0	33708	24308	42952	
11843	0	33696	23918	42168	
11844	0	33668	23682	41312	
11845	0	33640	23380	40264	
11846	0	33612	23060	39360	
11847	0	33596	22785	38360	
11848	0	33572	22656	37716	
11849	0	33552	22664	37153	
11850	0	33528	22688	36964	
11851	0	33508	22808	36856	
11852	0	33472	22901	36772	
11853	0	33460	22912	36673	
11854	0	33440	22842	36512	
11855	0	33428	22788	36288	
11856	0	33396	24036	37156	
11857	0	33380	21146	50000	
11858	0	33364	17873	45016	
11859	0	33344	20412	33189	
11860	0	33324	17817	33768	
11861	0	33305	20868	33617	
11862	0	33289	31324	31156	
11863	0	33272	37936	36546	
11864	0	33244	40024	42912	
11865	0	33226	40720	44708	
11866	0	33212	35100	42672	
11867	0	33196	34928	39809	
11868	0	33180	31976	37445	
11869	0	33164	30952	40268	
11870	0	33140	29464	42472	
11871	0	33124	28312	43516	
11872	0	33108	27808	42261	
11873	0	33092	27365	40701	
11874	0	33072	27724	39752	
11875	0	33056	27808	39672	
11876	0	33042	28424	39888	
11877	0	33024	28588	39744	
11878	0	33008	28512	39308	
11879	0	32992	28026	38464	
11880	0	32976	28496	38225	
11881	0	32960	30528	38568	
11882	0	32941	32792	38764	
11883	0	32929	31984	38516	
11884	0	32908	31304	38180	
11885	0	32900	30472	38216	
11886	0	32880	32000	38468	
11887	0	32864	31760	38552	
11888	0	32840	32068	38401	
11889	0	32828	32068	38364	
11890	0	32812	32137	38392	
11891	0	32784	32296	38428	
11892	0	32764	32404	38428	
11893	0	32752	32460	38424	
11894	0	32732	32440	38384	
11895	0	32720	32417	38344	
11896	0	32698	32404	38380	
11897	0	32673	32472	38392	
11898	0	32655	32504	38436	
11899	0	32628	32568	38472	
11900	0	32612	32548	38484	
11901	0	32588	32512	38476	
11902	0	32569	32436	38429	
11903	0	32546	32420	38448	
11904	0	32520	32424	38456	
11905	0	32504	32465	38474	
11906	0	32480	32460	38436	
11907	0	32448	32421	38464	
11908	0	32424	32396	38456	
11909	0	32402	32362	38436	
11910	0	32372	32384	38433	
11911	0	32344	32376	38416	
11912	0	32320	32396	38432	
11913	0	32284	32448	38420	
11914	0	32268	32428	38456	
11915	0	32236	32456	38488	
11916	0	32208	32454	38444	
11917	0	32172	32480	38480	
11918	0	32136	32528	38452	
11919	0	32112	32520	38396	
11920	0	32080	32392	38328	
11921	0	32040	32390	38320	
11922	0	32008	32440	38322	
11923	0	31980	32488	38332	
11924	0	31940	32504	38360	
11925	0	31912	32468	38372	
11926	0	31872	32424	38328	
11927	0	31832	32388	38312	
11928	0	31800	32416	38364	
11929	0	31762	32452	38388	
11930	0	31721	32436	38396	
11931	0	31676	32388	38376	
11932	0	31640	32397	38364	
11933	0	31596	32424	38372	
11934	0	31553	32456	38368	
11935	0	31520	32421	38384	
11936	0	31464	32480	38420	
11937	0	31424	32460	38460	
11938	0	31380	32389	38384	
11939	0	31336	32361	38344	
11940	0	31292	32352	38324	
11941	0	31244	32337	38328	
11942	0	31196	32364	38372	
11943	0	31156	32360	38364	
11944	0	31102	32320	38384	
11945	0	31060	32300	38388	
11946	0	31008	32300	38412	
11947	0	30960	32372	38445	
11948	0	30913	32288	38452	
11949	0	30870	32308	38480	
11950	0	30816	32300	38556	
11951	0	30772	32273	38636	
11952	0	30717	32236	38636	
11953	0	30672	32248	38696	
11954	0	30628	32304	38816	
11955	0	30580	32300	38764	
11956	0	30528	32272	38632	
11957	0	30488	32196	38672	
11958	0	30436	32160	38604	
11959	0	30392	32200	38604	
11960	0	30340	32160	38592	
11961	0	30296	32128	38648	
11962	0	30252	32156	38646	
11963	0	30208	32164	38620	
11964	0	30160	32144	38620	
11965	0	30124	32132	38509	
11966	0	30088	32157	38504	
11967	0	30044	32124	38564	
11968	0	30000	32133	38624	
11969	0	29960	32020	38560	
11970	0	29925	32120	38632	
11971	0	29888	32292	39008	
11972	0	29848	32289	38948	
11973	0	29820	32088	38884	
11974	0	29784	32048	38840	
11975	0	29754	32000	38784	
11976	0	29728	31913	38736	
11977	0	29692	31868	38714	
11978	0	29664	31837	38740	
11979	0	29636	31840	38816	
11980	0	29612	31916	38884	
11981	0	29588	31808	38940	
11982	0	29560	31760	38880	
11983	0	29537	31728	38776	
11984	0	29521	31696	38776	
11985	0	29505	31664	38864	
11986	0	29488	31624	39004	
11987	0	29469	31588	39080	
11988	0	29457	31502	39025	
11989	0	29444	31432	38972	
11990	0	29433	31436	38904	
11991	0	29425	31552	39048	
11992	0	29412	31408	39124	
11993	0	29408	31284	39200	
11994	0	29408	31286	39061	
11995	0	29408	31272	39436	
11996	0	29402	31444	39304	
11997	0	29400	31272	39448	
11998	0	29400	31277	39233	
11999	0	29408	31200	39312	
12000	0	29416	31280	39232	
12001	0	29420	31296	39464	
12002	0	29428	31204	39660	
12003	0	29440	31196	39940	
12004	0	29456	31280	40064	
12005	0	29460	31308	39972	
12006	0	29472	31612	40180	
12007	0	29492	31632	40712	
12008	0	29512	31484	40384	
12009	0	29529	31164	39940	
12010	0	29548	31128	39824	
12011	0	29564	31160	40400	
12012	0	29596	31384	41128	
12013	0	29616	31088	41520	
12014	0	29640	30672	41588	
12015	0	29668	30512	42020	
12016	0	29705	30269	42480	
12017	0	29736	30273	42624	
12018	0	29761	30412	42525	
12019	0	29796	30188	42372	
12020	0	29834	29356	42224	
12021	0	29868	28492	41736	
12022	0	29908	28640	40980	
12023	0	29940	27869	41328	
12024	0	29976	27576	41344	
12025	0	30016	27357	43388	
12026	0	30060	27385	44396	
12027	0	30100	27836	45072	
12028	0	30148	28304	45328	
12029	0	30188	28820	45644	
12030	0	30240	28845	46112	
12031	0	30284	27752	46732	
12032	0	30336	27536	47776	
12033	0	30380	26988	46804	
12034	0	30433	24105	44252	
12035	0	30480	17002	39009	
12036	0	30532	18601	38264	
12037	0	30592	21208	38864	
12038	0	30636	21988	37744	
12039	0	30692	23134	37040	
12040	0	30752	23348	37024	
12041	0	30798	23478	36264	
12042	0	30856	24188	35564	
12043	0	30916	24756	35424	
12044	0	30980	25138	35554	
12045	0	31036	25244	35876	
12046	0	31088	25280	35660	
12047	0	31149	25500	35764	
12048	0	31220	25681	35951	
12049	0	31277	25988	36128	
12050	0	31344	26352	36288	
12051	0	31408	26568	36524	
12052	0	31476	26665	36428	
12053	0	31540	26816	36224	
12054	0	31600	26988	36296	
12055	0	31664	27212	35477	
12056	0	31736	27481	35000	
12057	0	31802	27930	34576	
12058	0	31872	28372	34040	
12059	0	31940	28980	33820	
12060	0	32004	29648	33673	
12061	0	32076	30396	33660	
12062	0	32144	31056	33780	
12063	0	32216	31664	33609	
12064	0	32292	32220	33580	
12065	0	32360	32568	33884	
12066	0	32424	33020	33984	
12067	0	32500	33372	34084	
12068	0	32560	33629	33896	
12069	0	32640	33797	33876	
12070	0	32696	33996	33632	
12071	0	32768	34152	33248	
12072	0	32844	34184	33245	
12073	0	32908	34224	32808	
12074	0	32976	34264	32430	
12075	0	33045	34292	32121	
12076	0	33108	34292	31924	
12077	0	33181	34308	31716	
12078	0	33248	34369	31728	
12079	0	33312	34484	31772	
12080	0	33372	34600	31764	
12081	0	33440	34640	31956	
12082	0	33497	34692	32141	
12083	0	33560	34748	32276	
12084	0	33621	34740	32480	
12085	0	33681	34693	32608	
12086	0	33728	34584	32760	
12087	0	33800	34552	32840	
12088	0	33856	34408	32789	
12089	0	33912	34188	32768	
12090	0	33960	33910	32768	
12091	0	34016	33684	32856	
12092	0	34064	33472	32986	
12093	0	34124	33304	33120	
12094	0	34176	33076	33284	
12095	0	34224	32809	33429	
12096	0	34264	32532	33556	
12097	0	34320	32004	33604	
12098	0	34361	31188	33656	
12099	0	34412	30204	33704	
12100	0	34457	29325	33830	
12101	0	34492	28624	34040	
12102	0	34536	28008	34304	
12103	0	34580	27434	34556	
12104	0	34624	27012	34844	
12105	0	34660	26717	35160	
12106	0	34708	26584	35309	
12107	0	34740	26464	35320	
12108	0	34776	26308	35424	
12109	0	34816	26116	35492	
12110	0	34856	25930	35512	
12111	0	34892	25704	35572	
12112	0	34928	25562	35492	
12113	0	34960	25448	35485	
12114	0	34988	25312	35492	
12115	0	35028	25072	35524	
12116	0	35060	24820	35689	
12117	0	35096	24488	35904	
12118	0	35124	24182	36289	
12119	0	35168	23876	36680	
12120	0	35184	23680	36964	
12121	0	35209	23517	37100	
12122	0	35244	23484	37184	
12123	0	35280	23608	37140	
12124	0	35308	23860	36840	
12125	0	35340	24264	36448	
12126	0	35368	24876	35868	
12127	0	35400	25688	35208	
12128	0	35428	26746	34549	
12129	0	35456	17544	55084	
12130	0	35480	38112	30664	
12131	0	35520	21932	39932	
12132	0	35548	28396	53776	
12133	0	35568	30452	46704	
12134	0	35605	29560	39708	
12135	0	35636	30016	34852	
12136	0	35660	28624	34348	
12137	0	35684	28152	35684	
12138	0	35720	30860	37436	
12139	0	35744	32360	37964	
12140	0	35768	32348	40004	
12141	0	35796	32208	38504	
12142	0	35833	31568	37996	
12143	0	35864	30800	37620	
12144	0	35884	30673	38013	
12145	0	35912	30692	38464	
12146	0	35936	31684	38264	
12147	0	35972	31893	38120	
12148	0	36000	31780	38216	
12149	0	36020	31908	38296	
12150	0	36048	31860	38232	
12151	0	36096	31268	38264	
12152	0	36120	31320	38148	
12153	0	36136	31348	38157	
12154	0	36172	31257	38256	
12155	0	36196	31552	38156	
12156	0	36224	31664	38176	
12157	0	36252	31816	38382	
12158	0	36276	31929	38624	
12159	0	36304	32036	38656	
12160	0	36332	32054	38572	
12161	0	36356	32868	38064	
12162	0	36376	31536	38400	
12163	0	36404	31565	38280	
12164	0	36432	31628	38236	
12165	0	36456	31440	38341	
12166	0	36480	31629	38382	
12167	0	36508	32048	38302	
12168	0	36520	31574	38372	
12169	0	36548	31660	38272	
12170	0	36564	31680	38228	
12171	0	36580	31696	38220	
12172	0	36616	31640	38332	
12173	0	36632	31640	38304	
12174	0	36644	31628	38284	
12175	0	36657	31600	38300	
12176	0	36676	31621	38320	
12177	0	36689	31676	38344	
12178	0	36709	31712	38400	
12179	0	36720	31708	38304	
12180	0	36736	31704	38316	
12181	0	36741	31664	38244	
12182	0	36752	31664	38236	
12183	0	36760	31676	38248	
12184	0	36764	31684	38272	
12185	0	36776	31664	38264	
12186	0	36776	31664	38256	
12187	0	36780	31588	38260	
12188	0	36780	31556	38288	
12189	0	36780	31536	38244	
12190	0	36784	31572	38105	
12191	0	36784	31588	38092	
12192	0	36772	31552	38048	
12193	0	36772	31544	38112	
12194	0	36756	31512	38096	
12195	0	36748	31568	38140	
12196	0	36740	31592	38220	
12197	0	36728	31608	38220	
12198	0	36708	31604	38224	
12199	0	36696	31576	38212	
12200	0	36680	31548	38168	
12201	0	36658	31568	38213	
12202	0	36636	31616	38202	
12203	0	36612	31620	38144	
12204	0	36584	31616	38196	
12205	0	36556	31600	38072	
12206	0	36536	31580	37980	
12207	0	36496	31560	38068	
12208	0	36472	31601	38060	
12209	0	36440	31568	38010	
12210	0	36404	31652	38028	
12211	0	36369	31736	38116	
12212	0	36324	31800	38205	
12213	0	36288	31752	38294	
12214	0	36248	31688	38328	
12215	0	36208	31681	38324	
12216	0	36172	31692	38276	
12217	0	36128	31776	38273	
12218	0	36076	31848	38336	
12219	0	36032	31873	38374	
12220	0	35981	31812	38292	
12221	0	35928	31776	38288	
12222	0	35872	31774	38312	
12223	0	35828	31836	38412	
12224	0	35772	31816	38404	
12225	0	35720	31752	38350	
12226	0	35664	31544	38168	
12227	0	35616	31832	38220	
12228	0	35552	31768	38080	
12229	0	35500	31948	38196	
12230	0	35436	32100	38332	
12231	0	35392	31913	38232	
12232	0	35328	32440	38328	
12233	0	35256	31513	38036	
12234	0	35200	31996	38312	
12235	0	35132	32049	38404	
12236	0	35076	31808	38489	
12237	0	35012	31832	38684	
12238	0	34944	31812	38804	
12239	0	34884	31928	38868	
12240	0	34816	32116	38752	
12241	0	34744	32100	38728	
12242	0	34684	31844	38632	
12243	0	34612	31860	38528	
12244	0	34537	31992	38636	
12245	0	34476	31888	38616	
12246	0	34412	31869	38512	
12247	0	34336	32016	38708	
12248	0	34268	31916	38476	
12249	0	34200	31700	38649	
12250	0	34132	31756	38784	
12251	0	34052	31745	38840	
12252	0	33989	32036	39476	
12253	0	33916	31809	39392	
12254	0	33844	31696	39256	
12255	0	33772	32024	39568	
12256	0	33704	32128	39652	
12257	0	33636	31968	39584	
12258	0	33568	32672	40716	
12259	0	33488	32556	40464	
12260	0	33409	31812	39456	
12261	0	33352	31468	39040	
12262	0	33284	31685	39573	
12263	0	33212	31844	40008	
12264	0	33144	31704	40172	
12265	0	33076	31576	40444	
12266	0	33009	31793	40205	
12267	0	32940	31852	39980	
12268	0	32872	31792	39984	
12269	0	32809	32048	39600	
12270	0	32736	31946	39724	
12271	0	32676	31881	40452	
12272	0	32608	31825	40628	
12273	0	32540	31780	40576	
12274	0	32484	31920	40276	
12275	0	32417	32036	40600	
12276	0	32348	32160	41372	
12277	0	32296	32216	41812	
12278	0	32234	32100	41930	
12279	0	32184	31912	41512	
12280	0	32112	31589	41228	
12281	0	32060	30964	41584	
12282	0	32009	30652	41565	
12283	0	31952	29969	41036	
12284	0	31900	29484	40914	
12285	0	31844	29132	42408	
12286	0	31800	30044	42384	
12287	0	31748	29253	40192	
12288	0	31688	28452	39732	
12289	0	31640	27502	41200	
12290	0	31596	26089	43392	
12291	0	31548	24528	44396	
12292	0	31504	22880	45272	
12293	0	31456	22212	44872	
12294	0	31412	21284	44440	
12295	0	31373	19780	43912	
12296	0	31328	16248	41740	
12297	0	31296	13929	40184	
12298	0	31252	14870	40252	
12299	0	31209	15540	39580	
12300	0	31176	17029	38696	
12301	0	31140	18301	38472	
12302	0	31108	19088	38536	
12303	0	31068	19736	38525	
12304	0	31037	20608	38876	
12305	0	31008	21168	39212	
12306	0	30972	21836	39728	
12307	0	30948	22609	40064	
12308	0	30912	23368	40024	
12309	0	30892	24153	40077	
12310	0	30852	24984	40032	
12311	0	30832	25906	39868	
12312	0	30808	26805	39824	
12313	0	30776	27630	39868	
12314	0	30760	28460	39688	
12315	0	30740	29408	39328	
12316	0	30715	30488	39040	
12317	0	30688	31572	38672	
12318	0	30660	32224	38012	
12319	0	30648	32756	37900	
12320	0	30625	33336	37492	
12321	0	30602	33924	37028	
12322	0	30585	34348	36757	
12323	0	30556	34840	36292	
12324	0	30528	35288	35792	
12325	0	30512	35528	35520	
12326	0	30496	35668	35592	
12327	0	30468	35860	35316	
12328	0	30448	35932	35212	
12329	0	30420	36112	34960	
12330	0	30400	36224	34864	
12331	0	30380	36372	34212	
12332	0	30364	36388	33844	
12333	0	30340	36420	33340	
12334	0	30308	36440	32992	
12335	0	30288	36500	32788	
12336	0	30268	36616	32548	
12337	0	30244	36744	32416	
12338	0	30216	36808	32304	
12339	0	30192	36824	32208	
12340	0	30164	36804	32092	
12341	0	30140	36813	31984	
12342	0	30112	36772	31892	
12343	0	30077	36712	31856	
12344	0	30053	36600	31820	
12345	0	30021	36512	31744	
12346	0	29992	36420	31672	
12347	0	29964	36260	31604	
12348	0	29928	36108	31564	
12349	0	29900	35948	31518	
12350	0	29864	35772	31520	
12351	0	29824	35564	31640	
12352	0	29788	35444	31952	
12353	0	29752	35352	32424	
12354	0	29712	35252	32892	
12355	0	29676	35128	33310	
12356	0	29633	35032	33600	
12357	0	29600	34856	33844	
12358	0	29560	34572	33950	
12359	0	29516	34217	33928	
12360	0	29476	33732	33942	
12361	0	29428	33116	33988	
12362	0	29388	32400	34032	
12363	0	29344	31552	34148	
12364	0	29301	30708	34500	
12365	0	29256	29876	34996	
12366	0	29212	29276	35440	
12367	0	29165	28948	35812	
12368	0	29128	28692	36308	
12369	0	29072	28384	36748	
12370	0	29036	28032	37036	
12371	0	28992	27576	37336	
12372	0	28952	27004	37636	
12373	0	28905	26356	37860	
12374	0	28864	25772	38104	
12375	0	28816	25208	38329	
12376	0	28778	24676	38488	
12377	0	28736	24268	38548	
12378	0	28693	23932	38568	
12379	0	28648	23553	38552	
12380	0	28608	23200	38696	
12381	0	28568	22893	38688	
12382	0	28536	22565	38736	
12383	0	28496	22257	38624	
12384	0	28460	22097	38464	
12385	0	28436	22041	38064	
12386	0	28392	22331	37908	
12387	0	28356	22768	37448	
12388	0	28332	23317	36789	
12389	0	28304	24065	35984	
12390	0	28280	25124	34808	
12391	0	28260	26769	34248	
12392	0	28229	22180	54840	
12393	0	28212	35364	21588	
12394	0	28188	17136	45968	
12395	0	28172	20684	48996	
12396	0	28160	28952	41920	
12397	0	28144	34154	33720	
12398	0	28132	41288	30268	
12399	0	28112	41028	31908	
12400	0	28120	22210	49684	
12401	0	28108	29892	40124	
12402	0	28112	34232	40320	
12403	0	28106	31976	38380	
12404	0	28104	30824	37376	
12405	0	28112	29976	37072	
12406	0	28120	30101	38013	
12407	0	28125	31792	38348	
12408	0	28140	32184	38212	
12409	0	28148	32105	38300	
12410	0	28160	32377	38372	
12411	0	28180	31712	38276	
12412	0	28200	32652	37952	
12413	0	28224	31444	37952	
12414	0	28252	31672	37952	
12415	0	28284	31833	38116	
12416	0	28304	32060	38220	
12417	0	28341	32241	38244	
12418	0	28376	31916	38372	
12419	0	28404	31936	38400	
12420	0	28453	31984	38424	
12421	0	28488	32052	38372	
12422	0	28532	32136	38348	
12423	0	28576	32040	38385	
12424	0	28628	32064	38416	
12425	0	28668	32121	38472	
12426	0	28716	32104	38408	
12427	0	28772	32116	38380	
12428	0	28830	32113	38316	
12429	0	28881	32088	38292	
12430	0	28940	32016	38304	
12431	0	28992	32007	38237	
12432	0	29056	32000	38264	
12433	0	29116	32004	38240	
12434	0	29180	32020	38248	
12435	0	29233	32064	38256	
12436	0	29309	32060	38232	
12437	0	29364	32028	38244	
12438	0	29433	32025	38248	
12439	0	29504	32016	38280	
12440	0	29572	32024	38240	
12441	0	29636	32040	38260	
12442	0	29704	32044	38244	
12443	0	29776	32032	38260	
12444	0	29848	32056	38264	
12445	0	29921	32097	38312	
12446	0	29996	32132	38340	
12447	0	30060	32173	38249	
12448	0	30136	32133	38208	
12449	0	30208	32072	38192	
12450	0	30276	32052	38136	
12451	0	30348	32084	38088	
12452	0	30416	32089	38112	
12453	0	30496	32080	38117	
12454	0	30564	32032	38232	
12455	0	30637	32064	38192	
12456	0	30708	32080	38228	
12457	0	30784	32012	38284	
12458	0	30853	32044	38232	
12459	0	30924	32025	38248	
12460	0	30997	31992	38252	
12461	0	31064	31985	38240	
12462	0	31128	32000	38200	
12463	0	31196	32060	38140	
12464	0	31272	32009	38076	
12465	0	31332	32028	38172	
12466	0	31396	32080	38156	
12467	0	31460	32092	38220	
12468	0	31524	32032	38244	
12469	0	31588	32012	38164	
12470	0	31649	32033	38144	
12471	0	31708	32136	38192	
12472	0	31772	32122	38248	
12473	0	31824	32048	38220	
12474	0	31880	32020	38232	
12475	0	31932	32044	38192	
12476	0	31989	32028	38208	
12477	0	32048	32052	38152	
12478	0	32100	32076	38128	
12479	0	32148	32076	38168	
12480	0	32201	32112	38236	
12481	0	32252	32116	38216	
12482	0	32298	32113	38252	
12483	0	32348	32120	38344	
12484	0	32384	32077	38366	
12485	0	32432	32068	38320	
12486	0	32476	32048	38264	
12487	0	32520	32052	38260	
12488	0	32560	32028	38280	
12489	0	32604	32012	38312	
12490	0	32640	32020	38348	
12491	0	32688	32016	38320	
12492	0	32716	31960	38220	
12493	0	32760	32020	38236	
12494	0	32796	32060	38324	
12495	0	32840	32021	38336	
12496	0	32868	31984	38414	
12497	0	32900	32016	38348	
12498	0	32944	31992	38280	
12499	0	32968	31905	38224	
12500	0	33004	31916	38252	
12501	0	33040	32045	38316	
12502	0	33068	31966	38308	
12503	0	33104	31876	38168	
12504	0	33132	31936	38264	
12505	0	33168	32020	38316	
12506	0	33196	32108	38372	
12507	0	33216	32040	38392	
12508	0	33248	32016	38368	
12509	0	33284	31964	38472	
12510	0	33312	32028	38684	
12511	0	33345	31864	38868	
12512	0	33372	31759	38824	
12513	0	33398	31828	38772	
12514	0	33424	31688	38544	
12515	0	33460	31704	38544	
12516	0	33496	31884	38476	
12517	0	33520	31828	38348	
12518	0	33544	31728	38328	
12519	0	33572	31676	38432	
12520	0	33608	31692	38368	
12521	0	33632	31720	38444	
12522	0	33660	31600	38656	
12523	0	33684	31632	38496	
12524	0	33714	31680	38840	
12525	0	33764	30396	39808	
12526	0	33776	32973	37188	
12527	0	33809	31688	38348	
12528	0	33840	31604	39688	
12529	0	33872	31808	39433	
12530	0	33900	31592	38680	
12531	0	33929	31584	39696	
12532	0	33964	31588	40020	
12533	0	34000	31716	39968	
12534	0	34032	32216	40168	
12535	0	34064	32284	40456	
12536	0	34096	32608	40656	
12537	0	34136	31884	40940	
12538	0	34172	31808	40805	
12539	0	34204	31840	41324	
12540	0	34244	31972	41812	
12541	0	34272	32024	41846	
12542	0	34308	32092	41733	
12543	0	34348	32048	41356	
12544	0	34389	31893	40680	
12545	0	34424	31732	40444	
12546	0	34464	31736	41028	
12547	0	34500	31868	41504	
12548	0	34540	31636	41452	
12549	0	34584	30932	41256	
12550	0	34620	31312	41776	
12551	0	34652	31280	41900	
12552	0	34700	30764	41364	
12553	0	34740	29956	41072	
12554	0	34784	28728	41132	
12555	0	34828	27940	41936	
12556	0	34872	29333	43336	
12557	0	34912	29434	44392	
12558	0	34956	28932	46096	
12559	0	34996	28392	47316	
12560	0	35044	27757	46920	
12561	0	35088	27128	45496	
12562	0	35128	25938	44624	
12563	0	35176	25280	44208	
12564	0	35224	24340	43796	
12565	0	35264	19040	41608	
12566	0	35308	16501	39100	
12567	0	35356	17172	38708	
12568	0	35392	18453	39332	
12569	0	35440	19940	39360	
12570	0	35476	20745	39592	
12571	0	35528	21452	40349	
12572	0	35576	22092	41240	
12573	0	35613	22431	42088	
12574	0	35660	23056	42548	
12575	0	35700	23588	42376	
12576	0	35742	24320	41980	
12577	0	35785	24872	41448	
12578	0	35828	25464	40976	
12579	0	35868	26064	40504	
12580	0	35908	26854	39985	
12581	0	35944	27573	39632	
12582	0	35984	28325	39416	
12583	0	36020	29108	39268	
12584	0	36064	29880	38776	
12585	0	36092	30572	38164	
12586	0	36124	31364	37673	
12587	0	36164	32320	37516	
12588	0	36196	33172	37260	
12589	0	36228	33952	37284	
12590	0	36252	34580	37452	
12591	0	36280	35056	37300	
12592	0	36304	35476	37152	
12593	0	36332	35768	36732	
12594	0	36356	35960	36312	
12595	0	36378	36120	36044	
12596	0	36404	36256	35588	
12597	0	36421	36324	35184	
12598	0	36432	36376	34560	
12599	0	36456	36436	34236	
12600	0	36468	36528	33808	
12601	0	36488	36548	33353	
12602	0	36500	36560	33204	
12603	0	36500	36596	32936	
12604	0	36512	36652	32764	
12605	0	36524	36704	32720	
12606	0	36528	36736	32680	
12607	0	36532	36800	32613	
12608	0	36524	36844	32708	
12609	0	36528	36840	32792	
12610	0	36520	36812	32848	
12611	0	36520	36720	32845	
12612	0	36512	36640	32837	
12613	0	36512	36537	32740	
12614	0	36500	36393	32644	
12615	0	36476	36244	32596	
12616	0	36472	36104	32628	
12617	0	36460	35908	32684	
12618	0	36440	35764	32669	
12619	0	36420	35617	32704	
12620	0	36408	35484	32720	
12621	0	36380	35296	32748	
12622	0	36353	35092	32816	
12623	0	36328	34884	33032	
12624	0	36304	34636	33151	
12625	0	36281	34360	33256	
12626	0	36252	34112	33344	
12627	0	36216	33828	33392	
12628	0	36180	33565	33588	
12629	0	36144	33256	33920	
12630	0	36116	32772	34312	
12631	0	36072	32080	34632	
12632	0	36040	31252	35028	
12633	0	36004	30424	35557	
12634	0	35960	29704	36064	
12635	0	35916	29085	36444	
12636	0	35872	28586	36812	
12637	0	35824	28240	37044	
12638	0	35788	27952	37180	
12639	0	35740	27557	37292	
12640	0	35688	27128	37300	
12641	0	35644	26604	37356	
12642	0	35596	26045	37472	
12643	0	35548	25560	37613	
12644	0	35501	25152	37680	
12645	0	35444	24792	37720	
12646	0	35392	24421	37632	
12647	0	35337	24073	37536	
12648	0	35284	23648	37464	
12649	0	35228	23260	37404	
12650	0	35180	22845	37572	
12651	0	35124	22572	37752	
12652	0	35072	22276	37776	
12653	0	35012	22116	37736	
12654	0	34960	22145	37856	
12655	0	34904	22340	37992	
12656	0	34852	22792	37904	
12657	0	34792	23609	37464	
12658	0	34732	24625	36737	
12659	0	34676	25732	36148	
12660	0	34624	27048	35122	
12661	0	34572	23624	46488	
12662	0	34512	14413	53176	
12663	0	34456	36112	33212	
12664	0	34396	24902	45488	
12665	0	34340	38236	51904	
12666	0	34278	30680	42368	
12667	0	34224	30069	37896	
12668	0	34168	32096	34592	
12669	0	34108	35500	34052	
12670	0	34056	37809	35378	
12671	0	34000	39032	36932	
12672	0	33948	34269	38600	
12673	0	33900	19362	42928	
12674	0	33836	27074	37722	
12675	0	33784	31704	35092	
12676	0	33725	27700	37096	
12677	0	33673	28152	38816	
12678	0	33620	31216	37792	
12679	0	33572	31648	38561	
12680	0	33519	32776	38408	
12681	0	33464	32840	38308	
12682	0	33420	31964	38165	
12683	0	33364	31828	37728	
12684	0	33308	31616	37841	
12685	0	33256	31512	38165	
12686	0	33216	31704	38284	
12687	0	33161	31896	38264	
12688	0	33109	32036	38312	
12689	0	33064	32112	38412	
12690	0	33016	32201	38385	
12691	0	32968	32192	38420	
12692	0	32920	32108	38352	
12693	0	32864	32033	38320	
12694	0	32820	32029	38324	
12695	0	32768	32009	38336	
12696	0	32721	32036	38285	
12697	0	32672	32025	38268	
12698	0	32624	32016	38293	
12699	0	32584	32028	38304	
12700	0	32532	32020	38340	
12701	0	32492	32048	38360	
12702	0	32440	32048	38332	
12703	0	32400	32020	38252	
12704	0	32352	31984	38232	
12705	0	32304	31992	38248	
12706	0	32260	32016	38276	
12707	0	32205	32061	38236	
12708	0	32164	32096	38241	
12709	0	32120	32140	38300	
12710	0	32074	32152	38312	
12711	0	32022	32132	38252	
12712	0	31984	32080	38256	
12713	0	31944	32072	38216	
12714	0	31896	32088	38228	
12715	0	31848	32092	38230	
12716	0	31804	32085	38202	
12717	0	31760	32142	38180	
12718	0	31720	32180	38208	
12719	0	31672	32161	38244	
12720	0	31628	32152	38208	
12721	0	31584	32160	38144	
12722	0	31544	32117	38180	
12723	0	31496	32136	38121	
12724	0	31448	32113	38036	
12725	0	31400	32170	38124	
12726	0	31356	32216	38180	
12727	0	31312	32192	38180	
12728	0	31268	32172	38136	
12729	0	31229	32144	38140	
12730	0	31184	32192	38204	
12731	0	31136	32124	38188	
12732	0	31093	32120	38136	
12733	0	31044	32120	38176	
12734	0	30992	32204	38100	
12735	0	30945	32212	38108	
12736	0	30904	32352	38200	
12737	0	30853	32336	38204	
12738	0	30808	32420	38200	
12739	0	30764	32408	38224	
12740	0	30708	32384	38264	
12741	0	30657	32376	38160	
12742	0	30624	32420	38172	
12743	0	30572	32361	38188	
12744	0	30524	32289	38121	
12745	0	30472	32284	38104	
12746	0	30424	32205	38160	
12747	0	30372	32388	38208	
12748	0	30328	32401	38212	
12749	0	30272	32380	38204	
12750	0	30224	32328	38176	
12751	0	30173	32340	38196	
12752	0	30120	32240	38152	
12753	0	30072	32632	38264	
12754	0	30018	32564	38328	
12755	0	29969	32508	38352	
12756	0	29916	32436	38324	
12757	0	29868	32492	38316	
12758	0	29816	32468	38337	
12759	0	29764	32500	38365	
12760	0	29712	32536	38308	
12761	0	29664	32456	38268	
12762	0	29612	32396	38272	
12763	0	29564	32397	38300	
12764	0	29512	32400	38264	
12765	0	29458	32161	38260	
12766	0	29416	32820	38076	
12767	0	29360	32508	38112	
12768	0	29312	32432	38204	
12769	0	29260	32412	38244	
12770	0	29217	32305	38204	
12771	0	29168	32517	38176	
12772	0	29120	32492	38196	
12773	0	29068	32396	38172	
12774	0	29028	32433	38225	
12775	0	28984	32480	38248	
12776	0	28938	32485	38256	
12777	0	28892	32396	38224	
12778	0	28850	32292	38200	
12779	0	28808	32289	38236	
12780	0	28770	32416	38356	
12781	0	28728	32488	38400	
12782	0	28684	32424	38357	
12783	0	28648	32332	38304	
12784	0	28612	32360	38204	
12785	0	28573	32396	38132	
12786	0	28536	32416	38176	
12787	0	28504	32404	38272	
12788	0	28468	32452	38316	
12789	0	28436	32508	38304	
12790	0	28402	32444	38324	
12791	0	28380	32412	38332	
12792	0	28348	32436	38364	
12793	0	28321	32464	38608	
12794	0	28292	32636	38804	
12795	0	28266	32364	39168	
12796	0	28256	31900	40088	
12797	0	28224	32102	40012	
12798	0	28212	32272	40293	
12799	0	28192	32144	39948	
12800	0	28172	32192	40352	
12801	0	28160	32016	40124	
12802	0	28144	32160	40244	
12803	0	28136	32096	40608	
12804	0	28116	32796	40220	
12805	0	28116	32824	40608	
12806	0	28116	32720	41076	
12807	0	28101	32097	40380	
12808	0	28108	32196	39781	
12809	0	28098	32316	40520	
12810	0	28112	32092	40912	
12811	0	28116	31988	41148	
12812	0	28120	31980	41248	
12813	0	28124	32265	41572	
12814	0	28140	32336	41288	
12815	0	28160	32224	40993	
12816	0	28174	32317	40836	
12817	0	28188	32212	40648	
12818	0	28208	32225	40220	
12819	0	28232	32080	40240	
12820	0	28256	32056	40320	
12821	0	28276	32288	40776	
12822	0	28316	32020	40888	
12823	0	28340	31648	41716	
12824	0	28377	31568	42504	
12825	0	28416	31164	41924	
12826	0	28460	29685	40628	
12827	0	28496	28536	41064	
12828	0	28536	28268	40776	
12829	0	28584	27777	41352	
12830	0	28630	27725	43072	
12831	0	28684	26880	44948	
12832	0	28740	25808	45732	
12833	0	28797	24956	45724	
12834	0	28848	24796	45236	
12835	0	28914	23938	45376	
12836	0	28972	22833	44928	
12837	0	29040	19296	42192	
12838	0	29100	16233	39264	
12839	0	29176	17528	38448	
12840	0	29244	18744	37900	
12841	0	29316	19672	37952	
12842	0	29392	20241	38052	
12843	0	29461	20720	38501	
12844	0	29536	21176	38848	
12845	0	29616	21992	39468	
12846	0	29696	22448	39542	
12847	0	29800	23192	39964	
12848	0	29864	23793	40196	
12849	0	29948	24292	40036	
12850	0	30024	24792	39500	
12851	0	30112	25384	39180	
12852	0	30200	26061	38752	
12853	0	30292	26781	38408	
12854	0	30376	27484	38032	
12855	0	30472	28305	37761	
12856	0	30568	29236	37448	
12857	0	30656	30144	37224	
12858	0	30748	30924	36896	
12859	0	30840	31744	36649	
12860	0	30932	32408	36400	
12861	0	31028	32800	36376	
12862	0	31124	33248	36356	
12863	0	31220	33624	36301	
12864	0	31304	33996	36385	
12865	0	31404	34260	36428	
12866	0	31496	34528	36501	
12867	0	31584	34717	36448	
12868	0	31680	34856	36168	
12869	0	31772	34912	35884	
12870	0	31868	34952	35373	
12871	0	31960	34972	34968	
12872	0	32044	35012	34468	
12873	0	32144	35080	34048	
12874	0	32228	35148	33623	
12875	0	32320	35240	33344	
12876	0	32408	35320	33328	
12877	0	32493	35428	33257	
12878	0	32584	35516	33264	
12879	0	32668	35640	33272	
12880	0	32756	35644	33382	
12881	0	32832	35724	33372	
12882	0	32924	35844	33248	
12883	0	33004	35897	33320	
12884	0	33081	35924	33352	
12885	0	33164	35928	33284	
12886	0	33244	35873	33216	
12887	0	33312	35872	33088	
12888	0	33392	35872	32932	
12889	0	33472	35764	33016	
12890	0	33548	35704	33048	
12891	0	33612	35640	33096	
12892	0	33684	35556	33104	
12893	0	33760	35480	33180	
12894	0	33824	35349	33260	
12895	0	33900	35265	33340	
12896	0	33960	35146	33456	
12897	0	34017	34991	33588	
12898	0	34088	34856	33780	
12899	0	34148	34704	34040	
12900	0	34212	34464	34348	
12901	0	34264	34234	34673	
12902	0	34328	33884	34848	
12903	0	34384	33528	35024	
12904	0	34440	33004	35120	
12905	0	34496	32468	35232	
12906	0	34556	31760	35368	
12907	0	34605	31084	35552	
12908	0	34656	30508	35872	
12909	0	34701	29920	36148	
12910	0	34760	29440	36396	
12911	0	34805	28986	36724	
12912	0	34856	28569	37120	
12913	0	34904	28132	37680	
12914	0	34932	27761	38144	
12915	0	34992	27458	38348	
12916	0	35040	27092	38424	
12917	0	35092	26676	38448	
12918	0	35124	26128	38364	
12919	0	35172	25684	38340	
12920	0	35216	25162	38308	
12921	0	35256	24765	38528	
12922	0	35296	24292	38440	
12923	0	35340	23828	38212	
12924	0	35380	23581	37944	
12925	0	35412	23374	37740	
12926	0	35464	23130	37424	
12927	0	35500	22888	37104	
12928	0	35536	22804	36952	
12929	0	35573	22820	36732	
12930	0	35628	23036	36337	
12931	0	35652	23377	35804	
12932	0	35688	24044	35260	
12933	0	35725	13616	55096	
12934	0	35764	27856	25716	
12935	0	35800	27672	37848	
12936	0	35840	21524	50612	
12937	0	35876	23460	38928	
12938	0	35912	33257	37684	
12939	0	35948	36441	30340	
12940	0	35988	33918	40436	
12941	0	36016	31076	39191	
12942	0	36052	32292	39540	
12943	0	36096	32748	38588	
12944	0	36128	31792	38756	
12945	0	36160	33444	39004	
12946	0	36200	32584	38600	
12947	0	36244	31804	37968	
12948	0	36272	31136	37664	
12949	0	36304	31468	37716	
12950	0	36344	31624	37648	
12951	0	36376	31772	37556	
12952	0	36416	31069	37904	
12953	0	36444	31004	38052	
12954	0	36488	31336	38112	
12955	0	36524	31125	38260	
12956	0	36560	31436	38273	
12957	0	36592	31436	38176	
12958	0	36636	31624	38144	
12959	0	36665	31776	38204	
12960	0	36700	31673	38521	
12961	0	36736	31808	38540	
12962	0	36772	31888	38532	
12963	0	36796	31756	38528	
12964	0	36832	31780	38432	
12965	0	36868	31744	38340	
12966	0	36889	31666	38300	
12967	0	36928	31648	38344	
12968	0	36956	31944	38308	
12969	0	36984	31658	38405	
12970	0	37016	31764	38340	
12971	0	37044	31396	38396	
12972	0	37072	31528	38376	
12973	0	37104	31677	38308	
12974	0	37128	31524	38324	
12975	0	37152	31605	38364	
12976	0	37184	31624	38296	
12977	0	37208	31620	38304	
12978	0	37216	31744	38344	
12979	0	37248	31509	38420	
12980	0	37260	31556	38368	
12981	0	37292	31561	38264	
12982	0	37304	31524	38200	
12983	0	37320	31520	38220	
12984	0	37332	31556	38296	
12985	0	37348	31592	38280	
12986	0	37364	31616	38220	
12987	0	37376	31656	38110	
12988	0	37384	31628	38116	
12989	0	37392	31632	38196	
12990	0	37400	31656	38240	
12991	0	37416	31648	38153	
12992	0	37416	31644	38072	
12993	0	37417	31612	38000	
12994	0	37408	31600	37968	
12995	0	37412	31548	37980	
12996	0	37420	31564	37964	
12997	0	37416	31538	38028	
12998	0	37412	31536	38100	
12999	0	37409	31504	38160	
13000	0	37400	31529	38216	
13001	0	37384	31576	38128	
13002	0	37384	31613	38216	
13003	0	37368	31608	38169	
13004	0	37352	31605	38140	
13005	0	37344	31628	38136	
13006	0	37324	31616	38132	
13007	0	37304	31608	38056	
13008	0	37288	31589	38088	
13009	0	37260	31620	38133	
13010	0	37240	31680	38209	
13011	0	37220	31604	38188	
13012	0	37188	31596	38112	
13013	0	37168	31632	38100	
13014	0	37136	31656	38164	
13015	0	37104	31680	38236	
13016	0	37068	31689	38213	
13017	0	37044	31664	38220	
13018	0	37000	31696	38193	
13019	0	36964	31717	38168	
13020	0	36930	31680	38140	
13021	0	36896	31652	38148	
13022	0	36872	31716	38208	
13023	0	36808	31744	38232	
13024	0	36768	31662	38188	
13025	0	36732	31680	38184	
13026	0	36680	31649	38128	
13027	0	36640	31616	38101	
13028	0	36584	31628	38080	
13029	0	36544	31636	38180	
13030	0	36494	31704	38328	
13031	0	36440	31820	38337	
13032	0	36396	31816	38332	
13033	0	36348	31857	38360	
13034	0	36288	31936	38376	
13035	0	36244	31868	38328	
13036	0	36180	31796	38240	
13037	0	36124	31752	38196	
13038	0	36065	31730	38200	
13039	0	36016	31712	38200	
13040	0	35956	31712	38173	
13041	0	35896	31712	38144	
13042	0	35836	31784	38188	
13043	0	35776	31784	38232	
13044	0	35716	31744	38256	
13045	0	35652	31692	38232	
13046	0	35592	31896	38288	
13047	0	35528	31852	38266	
13048	0	35472	31768	38332	
13049	0	35404	31652	38328	
13050	0	35344	31856	38428	
13051	0	35284	31932	38624	
13052	0	35216	31900	38852	
13053	0	35160	31812	38744	
13054	0	35088	31942	38192	
13055	0	35028	31884	39028	
13056	0	34961	31948	38792	
13057	0	34908	31992	38884	
13058	0	34836	31784	38940	
13059	0	34764	31712	38784	
13060	0	34708	31614	38532	
13061	0	34644	31748	39532	
13062	0	34580	31529	39268	
13063	0	34508	31812	39520	
13064	0	34453	31841	39409	
13065	0	34384	32352	39204	
13066	0	34324	32012	39256	
13067	0	34252	31589	39565	
13068	0	34196	32244	40024	
13069	0	34124	32660	41172	
13070	0	34072	32224	40580	
13071	0	34000	31580	39576	
13072	0	33940	31841	39528	
13073	0	33880	31684	40024	
13074	0	33816	31840	40144	
13075	0	33756	31824	40312	
13076	0	33701	31501	40384	
13077	0	33636	31920	40056	
13078	0	33580	32229	39932	
13079	0	33516	32380	40512	
13080	0	33460	32148	41163	
13081	0	33396	31628	41836	
13082	0	33344	31332	41224	
13083	0	33284	31444	41088	
13084	0	33224	32032	41952	
13085	0	33168	32161	42008	
13086	0	33112	31908	41824	
13087	0	33064	31480	41604	
13088	0	33008	31460	41948	
13089	0	32952	31552	42368	
13090	0	32896	31565	42264	
13091	0	32842	30880	41232	
13092	0	32792	30168	41081	
13093	0	32740	29244	40912	
13094	0	32688	28084	41488	
13095	0	32640	28253	41592	
13096	0	32593	28068	41288	
13097	0	32553	28768	41864	
13098	0	32500	28732	44816	
13099	0	32452	28132	45336	
13100	0	32404	26948	45128	
13101	0	32368	25372	44136	
13102	0	32324	24820	43788	
13103	0	32284	24504	44165	
13104	0	32244	24116	43780	
13105	0	32201	21160	41200	
13106	0	32164	18178	38732	
13107	0	32128	17880	37952	
13108	0	32088	17248	37524	
13109	0	32056	17090	37768	
13110	0	32021	17360	38020	
13111	0	31984	17824	37768	
13112	0	31952	18460	37824	
13113	0	31932	19084	37812	
13114	0	31900	19769	37960	
13115	0	31872	20428	38112	
13116	0	31844	21172	38372	
13117	0	31828	21976	38668	
13118	0	31792	22842	38928	
13119	0	31776	23608	39308	
13120	0	31748	24485	39488	
13121	0	31724	25400	39848	
13122	0	31712	26362	39816	
13123	0	31692	27294	39644	
13124	0	31672	28145	39340	
13125	0	31664	29041	38796	
13126	0	31649	30069	38232	
13127	0	31632	31032	37932	
13128	0	31616	31880	37589	
13129	0	31600	32736	37704	
13130	0	31592	33472	38052	
13131	0	31580	34132	38124	
13132	0	31572	34824	38224	
13133	0	31552	35388	38004	
13134	0	31540	35924	37516	
13135	0	31536	36340	36964	
13136	0	31528	36554	36416	
13137	0	31516	36660	35608	
13138	0	31512	36705	35233	
13139	0	31496	36776	34549	
13140	0	31488	36740	34076	
13141	0	31476	36748	33724	
13142	0	31468	36740	33444	
13143	0	31456	36728	33353	
13144	0	31448	36760	33281	
13145	0	31440	36820	33217	
13146	0	31424	36836	33120	
13147	0	31424	36800	32968	
13148	0	31404	36724	32892	
13149	0	31400	36693	32844	
13150	0	31376	36628	32800	
13151	0	31372	36656	32900	
13152	0	31356	36684	33005	
13153	0	31344	36744	33178	
13154	0	31324	36737	33268	
13155	0	31309	36680	33192	
13156	0	31288	36556	33072	
13157	0	31284	36432	32872	
13158	0	31257	36333	32760	
13159	0	31240	36240	32668	
13160	0	31224	36124	32660	
13161	0	31204	36032	32664	
13162	0	31176	35912	32784	
13163	0	31148	35716	32812	
13164	0	31128	35504	32896	
13165	0	31112	35288	33028	
13166	0	31084	35052	33184	
13167	0	31060	34760	33263	
13168	0	31036	34452	33410	
13169	0	31008	34080	33520	
13170	0	30988	33624	33812	
13171	0	30960	33097	33940	
13172	0	30940	32816	33368	
13173	0	30904	31868	33036	
13174	0	30884	32072	33933	
13175	0	30893	31988	35344	
13176	0	30824	30964	35768	
13177	0	30796	29904	37133	
13178	0	30776	28796	37924	
13179	0	30773	27872	38944	
13180	0	30720	27100	39556	
13181	0	30696	26369	39436	
13182	0	30666	25592	39152	
13183	0	30644	24976	38688	
13184	0	30616	24472	38148	
13185	0	30596	23964	37884	
13186	0	30564	23429	37504	
13187	0	30536	22641	37277	
13188	0	30508	21760	37036	
13189	0	30488	20908	37184	
13190	0	30476	20338	37748	
13191	0	30448	20060	38308	
13192	0	30425	20048	38724	
13193	0	30404	20241	38733	
13194	0	30388	20840	36480	
13195	0	30364	20900	39013	
13196	0	30352	21044	37956	
13197	0	30336	21772	37512	
13198	0	30313	22409	37136	
13199	0	30300	23200	36544	
13200	0	30292	24169	36052	
13201	0	30284	34404	42696	
13202	0	30276	17277	40640	
13203	0	30260	42760	40892	
13204	0	30252	20168	54532	
13205	0	30248	27261	49296	
13206	0	30244	23037	36462	
13207	0	30240	25324	33896	
13208	0	30240	28680	34280	
13209	0	30240	35188	36964	
13210	0	30244	37700	38832	
13211	0	30246	37548	40148	
13212	0	30256	36004	40448	
13213	0	30264	34072	39280	
13214	0	30264	31680	38380	
13215	0	30276	26977	37044	
13216	0	30292	27424	36732	
13217	0	30300	29893	37228	
13218	0	30316	31016	38572	
13219	0	30336	30632	39088	
13220	0	30352	32232	38756	
13221	0	30372	33080	38300	
13222	0	30396	32568	38044	
13223	0	30416	32061	37940	
13224	0	30445	31776	37876	
13225	0	30468	31800	38032	
13226	0	30496	31800	38236	
13227	0	30532	32056	38289	
13228	0	30564	32312	38440	
13229	0	30596	32488	38460	
13230	0	30624	32572	38412	
13231	0	30664	32504	38364	
13232	0	30692	32408	38304	
13233	0	30736	32268	38284	
13234	0	30772	32225	38320	
13235	0	30812	32236	38360	
13236	0	30856	32300	38384	
13237	0	30888	32320	38429	
13238	0	30932	32320	38376	
13239	0	30984	32188	38388	
13240	0	31020	32140	38372	
13241	0	31068	32176	38348	
13242	0	31112	32116	38352	
13243	0	31160	32140	38340	
13244	0	31204	32168	38392	
13245	0	31257	32216	38404	
13246	0	31312	32240	38384	
13247	0	31348	32192	38368	
13248	0	31408	32224	38380	
13249	0	31460	32277	38416	
13250	0	31512	32292	38460	
13251	0	31560	32332	38396	
13252	0	31620	32340	38376	
13253	0	31676	32352	38408	
13254	0	31716	32328	38444	
13255	0	31780	32314	38404	
13256	0	31832	32320	38372	
13257	0	31892	32220	38344	
13258	0	31946	32192	38305	
13259	0	32004	32180	38248	
13260	0	32064	32152	38284	
13261	0	32097	32142	38272	
13262	0	32170	32136	38192	
13263	0	32228	32040	38264	
13264	0	32288	32074	38240	
13265	0	32348	32022	38236	
13266	0	32404	32058	38236	
13267	0	32456	32088	38336	
13268	0	32520	32060	38216	
13269	0	32572	32084	38312	
13270	0	32628	32024	38380	
13271	0	32684	32013	38280	
13272	0	32740	31988	38289	
13273	0	32796	31952	38244	
13274	0	32848	31945	38212	
13275	0	32896	31916	38268	
13276	0	32952	31969	38328	
13277	0	33004	31976	38208	
13278	0	33053	31932	38060	
13279	0	33097	31936	38060	
13280	0	33144	31965	38048	
13281	0	33200	31892	38040	
13282	0	33244	31796	37968	
13283	0	33288	31736	38072	
13284	0	33328	31677	38040	
13285	0	33380	31696	38264	
13286	0	33416	31792	38244	
13287	0	33448	31844	38184	
13288	0	33488	31972	38196	
13289	0	33536	31988	38108	
13290	0	33568	31981	37960	
13291	0	33600	31968	37984	
13292	0	33632	31985	38132	
13293	0	33660	31980	38240	
13294	0	33692	32008	38305	
13295	0	33720	31988	38312	
13296	0	33748	31906	38260	
13297	0	33776	31932	38304	
13298	0	33805	31872	38296	
13299	0	33824	31910	38420	
13300	0	33848	31960	38440	
13301	0	33868	31912	38385	
13302	0	33889	31941	38413	
13303	0	33912	31922	38444	
13304	0	33924	31904	38496	
13305	0	33944	31864	38380	
13306	0	33952	31776	38356	
13307	0	33969	31680	38308	
13308	0	33985	31692	38404	
13309	0	33992	31688	38353	
13310	0	34016	31656	38364	
13311	0	34020	31585	38392	
13312	0	34032	31552	38448	
13313	0	34040	31680	38484	
13314	0	34048	31768	38316	
13315	0	34060	31868	38332	
13316	0	34068	31753	38444	
13317	0	34072	31636	38332	
13318	0	34084	31548	38336	
13319	0	34088	31650	38424	
13320	0	34092	31704	38668	
13321	0	34100	31620	38756	
13322	0	34100	31576	38640	
13323	0	34112	31544	38548	
13324	0	34112	31632	38476	
13325	0	34116	31616	38548	
13326	0	34128	31477	38600	
13327	0	34128	31568	38556	
13328	0	34136	31572	38620	
13329	0	34136	31568	38712	
13330	0	34136	31480	38748	
13331	0	34140	31412	38728	
13332	0	34144	31292	38932	
13333	0	34149	31316	38848	
13334	0	34156	31148	38636	
13335	0	34156	31036	38752	
13336	0	34156	31308	38900	
13337	0	34164	31229	38728	
13338	0	34164	31173	38860	
13339	0	34168	31040	38828	
13340	0	34176	30968	38793	
13341	0	34172	30996	38892	
13342	0	34172	31020	38876	
13343	0	34180	30873	38920	
13344	0	34181	30904	38920	
13345	0	34184	30904	38920	
13346	0	34192	30690	38820	
13347	0	34196	30636	38716	
13348	0	34192	30826	38776	
13349	0	34192	30613	38916	
13350	0	34188	30684	39008	
13351	0	34196	30729	39392	
13352	0	34193	30665	39808	
13353	0	34196	30900	40052	
13354	0	34192	30681	40388	
13355	0	34188	30872	40514	
13356	0	34196	30740	40784	
13357	0	34192	30513	41260	
13358	0	34184	30376	41436	
13359	0	34176	30132	41604	
13360	0	34180	30220	41620	
13361	0	34176	30281	41912	
13362	0	34168	30652	42000	
13363	0	34160	30832	42164	
13364	0	34156	30852	42368	
13365	0	34148	31320	42552	
13366	0	34132	31544	42832	
13367	0	34128	31316	42848	
13368	0	34113	30956	43104	
13369	0	34112	30356	43588	
13370	0	34088	30164	44045	
13371	0	34076	29148	44224	
13372	0	34072	28289	43716	
13373	0	34052	29044	43844	
13374	0	34036	29512	44156	
13375	0	34016	28448	44444	
13376	0	34000	27944	46428	
13377	0	33976	29128	46860	
13378	0	33956	30972	46601	
13379	0	33929	31892	46172	
13380	0	33916	32768	46784	
13381	0	33880	32866	47136	
13382	0	33856	32248	47832	
13383	0	33832	32721	47544	
13384	0	33808	33530	47072	
13385	0	33784	34213	46752	
13386	0	33748	34524	46028	
13387	0	33716	33444	43712	
13388	0	33692	29016	39429	
13389	0	33657	30080	39296	
13390	0	33628	29677	37520	
13391	0	33600	24697	33588	
13392	0	33560	30568	31904	
13393	0	33524	34588	31705	
13394	0	33496	35008	36004	
13395	0	33461	35188	39736	
13396	0	33432	35504	41420	
13397	0	33400	35824	41900	
13398	0	33364	36040	41324	
13399	0	33332	36116	39632	
13400	0	33300	35965	37572	
13401	0	33260	35820	35872	
13402	0	33224	35422	34120	
13403	0	33196	35004	33196	
13404	0	33177	34541	32200	
13405	0	33132	34044	31616	
13406	0	33096	33642	31220	
13407	0	33060	33484	30897	
13408	0	33040	33377	30714	
13409	0	33000	33316	30860	
13410	0	32964	33244	31329	
13411	0	32940	33224	31936	
13412	0	32908	33344	32704	
13413	0	32876	33532	33396	
13414	0	32856	33852	33956	
13415	0	32816	34108	34396	
13416	0	32797	34336	34764	
13417	0	32765	34484	35017	
13418	0	32737	34592	35116	
13419	0	32712	34640	35132	
13420	0	32680	34636	35096	
13421	0	32660	34632	35105	
13422	0	32644	34516	35060	
13423	0	32608	34416	35244	
13424	0	32580	34240	35524	
13425	0	32568	34084	35760	
13426	0	32541	34044	36368	
13427	0	32520	34048	37152	
13428	0	32492	33872	37896	
13429	0	32468	33636	38600	
13430	0	32449	33360	39260	
13431	0	32428	33020	39992	
13432	0	32404	32577	40549	
13433	0	32384	32032	41248	
13434	0	32360	31340	41528	
13435	0	32345	30743	42064	
13436	0	32320	30184	42528	
13437	0	32304	29589	42892	
13438	0	32284	29010	43108	
13439	0	32256	28481	43240	
13440	0	32236	28068	43360	
13441	0	32221	27716	43680	
13442	0	32196	27456	44096	
13443	0	32177	27440	44716	
13444	0	32157	27456	45160	
13445	0	32132	27457	45440	
13446	0	32116	27428	45404	
13447	0	32096	27340	45148	
13448	0	32077	27240	44552	
13449	0	32056	27192	44020	
13450	0	32036	27220	43488	
13451	0	32020	27252	43200	
13452	0	31996	27428	43264	
13453	0	31980	27604	43284	
13454	0	31956	27698	43088	
13455	0	31940	27680	42820	
13456	0	31916	27472	42432	
13457	0	31896	27106	41772	
13458	0	31876	26776	41168	
13459	0	31856	26524	40240	
13460	0	31837	26349	39336	
13461	0	31816	26350	38468	
13462	0	31792	26372	37812	
13463	0	31760	26496	37569	
13464	0	31748	26600	37572	
13465	0	31717	26636	37604	
13466	0	31712	26788	37532	
13467	0	31688	26812	37612	
13468	0	31664	26938	37536	
13469	0	31648	27036	37472	
13470	0	31632	27037	37468	
13471	0	31604	27108	37284	
13472	0	31584	27104	37068	
13473	0	31556	27132	36770	
13474	0	31544	27172	36317	
13475	0	31520	27240	35990	
13476	0	31497	27252	35816	
13477	0	31480	31132	47040	
13478	0	31456	20208	53716	
13479	0	31436	22536	39876	
13480	0	31412	23745	30928	
13481	0	31393	30077	32388	
13482	0	31369	36636	35293	
13483	0	31348	41432	39364	
13484	0	31340	41528	42740	
13485	0	31320	39796	42408	
13486	0	31288	38192	39372	
13487	0	31276	36308	37284	
13488	0	31248	33792	37792	
13489	0	31236	30020	40816	
13490	0	31216	27740	42828	
13491	0	31200	27304	41720	
13492	0	31176	27104	41088	
13493	0	31168	27768	40748	
13494	0	31144	28516	40864	
13495	0	31125	28892	40500	
13496	0	31108	29184	40032	
13497	0	31096	28792	39664	
13498	0	31072	28244	38976	
13499	0	31056	27312	37704	
13500	0	31037	28028	37640	
13501	0	31024	31164	38189	
13502	0	31008	32940	39100	
13503	0	31000	31880	38680	
13504	0	30976	30724	37908	
13505	0	30960	31060	38000	
13506	0	30948	31840	38484	
13507	0	30936	32181	38697	
13508	0	30920	32176	38540	
13509	0	30896	32148	38412	
13510	0	30896	32264	38420	
13511	0	30878	32400	38389	
13512	0	30868	32445	38360	
13513	0	30860	32464	38388	
13514	0	30848	32493	38464	
13515	0	30828	32544	38500	
13516	0	30820	32552	38524	
13517	0	30820	32556	38509	
13518	0	30804	32560	38524	
13519	0	30792	32520	38508	
13520	0	30777	32536	38512	
13521	0	30776	32434	38465	
13522	0	30764	32416	38556	
13523	0	30752	32400	38496	
13524	0	30740	32376	38569	
13525	0	30741	32408	38578	
13526	0	30732	32352	38548	
13527	0	30728	32364	38520	
13528	0	30720	32376	38496	
13529	0	30712	32381	38532	
13530	0	30712	32396	38500	
13531	0	30704	32420	38524	
13532	0	30696	32464	38518	
13533	0	30692	32521	38584	
13534	0	30684	32608	38656	
13535	0	30680	32564	38620	
13536	0	30672	32496	38525	
13537	0	30668	32476	38408	
13538	0	30664	32448	38332	
13539	0	30652	32408	38356	
13540	0	30645	32440	38436	
13541	0	30649	32404	38433	
13542	0	30640	32464	38424	
13543	0	30632	32424	38452	
13544	0	30628	32444	38444	
13545	0	30628	32288	38556	
13546	0	30616	32452	38505	
13547	0	30612	32512	38540	
13548	0	30600	32488	38588	
13549	0	30585	32464	38524	
13550	0	30576	32736	38460	
13551	0	30572	32452	38596	
13552	0	30557	32524	38464	
13553	0	30548	32424	38501	
13554	0	30532	32416	38534	
13555	0	30520	32512	38508	
13556	0	30509	32545	38501	
13557	0	30496	32336	38548	
13558	0	30477	32324	38417	
13559	0	30460	32416	38344	
13560	0	30440	32434	38436	
13561	0	30426	32484	38296	
13562	0	30408	32368	38336	
13563	0	30392	32416	38492	
13564	0	30368	32388	38572	
13565	0	30348	32461	38504	
13566	0	30324	32384	38464	
13567	0	30304	32316	38458	
13568	0	30284	32312	38417	
13569	0	30256	32329	38328	
13570	0	30236	32320	38360	
13571	0	30212	32322	38316	
13572	0	30188	32308	38373	
13573	0	30161	32276	38360	
13574	0	30132	32244	38441	
13575	0	30108	32272	38528	
13576	0	30084	32212	38456	
13577	0	30060	32184	38425	
13578	0	30028	32224	38524	
13579	0	30000	32228	38640	
13580	0	29978	32236	38668	
13581	0	29948	32216	38732	
13582	0	29928	32160	38668	
13583	0	29900	32108	38584	
13584	0	29872	32052	38632	
13585	0	29845	32088	38720	
13586	0	29820	32076	38565	
13587	0	29796	32104	38632	
13588	0	29768	32012	38676	
13589	0	29752	31920	38836	
13590	0	29724	31940	38812	
13591	0	29704	31980	38920	
13592	0	29676	31992	39104	
13593	0	29660	31884	38984	
13594	0	29636	31772	38844	
13595	0	29613	31836	38740	
13596	0	29589	31872	38704	
13597	0	29581	31832	38740	
13598	0	29564	31840	38780	
13599	0	29548	31832	38800	
13600	0	29536	31796	39004	
13601	0	29520	31780	39232	
13602	0	29520	31672	39136	
13603	0	29500	31626	38956	
13604	0	29496	31680	38912	
13605	0	29488	31601	39016	
13606	0	29484	31545	39180	
13607	0	29476	31637	39296	
13608	0	29490	31696	39257	
13609	0	29473	31677	39424	
13610	0	29476	31616	39848	
13611	0	29480	31268	40024	
13612	0	29480	31412	40224	
13613	0	29490	31524	40472	
13614	0	29496	31568	40844	
13615	0	29504	31488	40828	
13616	0	29512	31464	40512	
13617	0	29528	31592	40348	
13618	0	29544	31440	40616	
13619	0	29556	31384	40692	
13620	0	29572	31452	40840	
13621	0	29588	31440	41280	
13622	0	29612	31748	41576	
13623	0	29632	31490	41884	
13624	0	29654	31284	42024	
13625	0	29676	31149	41892	
13626	0	29701	31124	42024	
13627	0	29737	31001	42488	
13628	0	29756	30797	42576	
13629	0	29786	30642	42988	
13630	0	29824	30192	43472	
13631	0	29852	29640	42932	
13632	0	29888	29108	42112	
13633	0	29920	28308	42228	
13634	0	29960	29384	43684	
13635	0	29996	30332	44164	
13636	0	30032	30364	44608	
13637	0	30072	28972	45368	
13638	0	30116	29912	45384	
13639	0	30148	30320	44340	
13640	0	30196	30848	43616	
13641	0	30240	31737	43416	
13642	0	30292	32285	42840	
13643	0	30336	32640	42080	
13644	0	30377	32897	41876	
13645	0	30424	32825	42432	
13646	0	30468	32764	43228	
13647	0	30514	32860	43409	
13648	0	30561	33212	43008	
13649	0	30612	33752	41313	
13650	0	30660	34116	39436	
13651	0	30716	33348	36224	
13652	0	30760	30952	31809	
13653	0	30812	29056	31106	
13654	0	30864	31088	34188	
13655	0	30912	31854	32205	
13656	0	30972	32748	34104	
13657	0	31020	34584	35972	
13658	0	31072	35296	37865	
13659	0	31128	35704	39564	
13660	0	31176	36360	40428	
13661	0	31240	36852	40512	
13662	0	31292	37064	40028	
13663	0	31337	36882	39392	
13664	0	31400	36404	38144	
13665	0	31448	36096	36800	
13666	0	31504	35616	35808	
13667	0	31568	35320	34776	
13668	0	31624	35096	34112	
13669	0	31676	34808	33609	
13670	0	31724	34500	33226	
13671	0	31792	34116	33036	
13672	0	31840	33576	32973	
13673	0	31896	33120	33088	
13674	0	31952	32872	33322	
13675	0	32008	32828	33644	
13676	0	32065	32865	34088	
13677	0	32112	32876	34712	
13678	0	32172	32848	35396	
13679	0	32224	32868	36136	
13680	0	32284	32936	36644	
13681	0	32332	33048	36900	
13682	0	32388	33124	37098	
13683	0	32440	33184	37060	
13684	0	32496	33200	36988	
13685	0	32552	33136	37016	
13686	0	32609	33064	36996	
13687	0	32660	33036	37092	
13688	0	32708	32956	37212	
13689	0	32760	32856	37404	
13690	0	32816	32732	37616	
13691	0	32868	32460	38012	
13692	0	32920	32336	38536	
13693	0	32977	32040	38872	
13694	0	33020	31616	39172	
13695	0	33074	31344	40145	
13696	0	33132	30748	40196	
13697	0	33184	30353	40108	
13698	0	33228	29780	40268	
13699	0	33276	29288	40176	
13700	0	33332	28944	40284	
13701	0	33376	28644	40721	
13702	0	33432	28464	40992	
13703	0	33472	28256	41232	
13704	0	33528	28136	41908	
13705	0	33576	28020	42496	
13706	0	33624	27833	41984	
13707	0	33668	27542	42452	
13708	0	33720	27217	42208	
13709	0	33764	26920	41944	
13710	0	33808	26566	41957	
13711	0	33856	26261	41688	
13712	0	33900	25980	41472	
13713	0	33948	25744	41104	
13714	0	33992	25585	40728	
13715	0	34036	25504	40036	
13716	0	34078	25416	39492	
13717	0	34129	25356	39020	
13718	0	34172	25316	38712	
13719	0	34205	25252	38368	
13720	0	34256	25180	38092	
13721	0	34292	25108	37620	
13722	0	34340	25168	37368	
13723	0	34384	25305	37341	
13724	0	34420	25616	37460	
13725	0	34460	26000	37704	
13726	0	34497	26420	37877	
13727	0	34537	26896	37756	
13728	0	34573	27340	43545	
13729	0	34620	25920	42104	
13730	0	34648	26652	36896	
13731	0	34692	27552	34152	
13732	0	34728	26308	35624	
13733	0	34764	25636	36537	
13734	0	34800	26089	35472	
13735	0	34836	26089	35308	
13736	0	34872	28138	35040	
13737	0	34908	35572	33328	
13738	0	34944	36276	36464	
13739	0	34980	34824	41512	
13740	0	35008	34448	42212	
13741	0	35040	30556	41952	
13742	0	35077	29300	40616	
13743	0	35108	27516	39177	
13744	0	35136	25048	38896	
13745	0	35176	24932	38136	
13746	0	35200	27108	38189	
13747	0	35236	31004	38752	
13748	0	35260	33648	39124	
13749	0	35284	33704	38520	
13750	0	35316	33612	37800	
13751	0	35340	32380	37888	
13752	0	35380	33316	38904	
13753	0	35404	31912	38968	
13754	0	35425	31572	38700	
13755	0	35460	32680	38608	
13756	0	35480	32560	38852	
13757	0	35504	31621	38692	
13758	0	35528	31636	38636	
13759	0	35560	32044	38490	
13760	0	35572	31760	38380	
13761	0	35600	32064	38448	
13762	0	35624	32204	38432	
13763	0	35644	32301	38372	
13764	0	35660	32480	38436	
13765	0	35684	32676	38468	
13766	0	35700	32044	38344	
13767	0	35720	32316	38344	
13768	0	35740	32404	38337	
13769	0	35752	32440	38376	
13770	0	35768	32412	38428	
13771	0	35776	32424	38388	
13772	0	35792	32440	38412	
13773	0	35804	32436	38384	
13774	0	35816	32452	38388	
13775	0	35824	32468	38360	
13776	0	35833	32448	38376	
13777	0	35840	32396	38440	
13778	0	35849	32396	38468	
13779	0	35856	32401	38488	
13780	0	35864	32376	38476	
13781	0	35864	32408	38472	
13782	0	35864	32416	38480	
13783	0	35860	32425	38492	
13784	0	35856	32460	38468	
13785	0	35860	32444	38456	
13786	0	35852	32460	38484	
13787	0	35848	32524	38472	
13788	0	35840	32500	38444	
13789	0	35824	32493	38436	
13790	0	35812	32512	38396	
13791	0	35808	32484	38416	
13792	0	35797	32468	38416	
13793	0	35776	32436	38416	
13794	0	35760	32432	38360	
13795	0	35756	32460	38358	
13796	0	35740	32492	38372	
13797	0	35716	32460	38380	
13798	0	35696	32456	38372	
13799	0	35676	32508	38384	
13800	0	35652	32504	38388	
13801	0	35632	32497	38384	
13802	0	35604	32480	38368	
13803	0	35576	32452	38352	
13804	0	35553	32456	38384	
13805	0	35524	32468	38368	
13806	0	35496	32476	38348	
13807	0	35464	32465	38384	
13808	0	35437	32452	38396	
13809	0	35404	32480	38400	
13810	0	35369	32512	38416	
13811	0	35328	32504	38420	
13812	0	35312	32512	38361	
13813	0	35276	32485	38352	
13814	0	35228	32557	38329	
13815	0	35196	32532	38368	
13816	0	35164	32556	38388	
13817	0	35128	32564	38380	
13818	0	35082	32521	38400	
13819	0	35048	32498	38388	
13820	0	35008	32532	38404	
13821	0	34976	32488	38400	
13822	0	34936	32556	38381	
13823	0	34892	32552	38368	
13824	0	34856	32516	38372	
13825	0	34808	32568	38368	
13826	0	34772	32556	38400	
13827	0	34728	32544	38400	
13828	0	34688	32592	38376	
13829	0	34652	32596	38408	
13830	0	34604	32584	38412	
13831	0	34560	32584	38400	
13832	0	34524	32568	38392	
13833	0	34484	32592	38400	
13834	0	34444	32620	38372	
13835	0	34404	32608	38368	
13836	0	34360	32596	38376	
13837	0	34312	32584	38364	
13838	0	34272	32592	38348	
13839	0	34228	32552	38368	
13840	0	34188	32600	38368	
13841	0	34148	32605	38388	
13842	0	34104	32596	38396	
13843	0	34064	32612	38428	
13844	0	34016	32596	38492	
13845	0	33972	32668	38468	
13846	0	33928	32576	38484	
13847	0	33892	32528	38468	
13848	0	33848	32432	38516	
13849	0	33804	32208	38497	
13850	0	33760	31912	38576	
13851	0	33720	32144	38352	
13852	0	33684	32308	38368	
13853	0	33632	32748	38400	
13854	0	33594	33232	38304	
13855	0	33552	32701	38496	
13856	0	33508	33200	38368	
13857	0	33465	33376	38336	
13858	0	33432	33116	38420	
13859	0	33381	32736	38528	
13860	0	33348	33004	38440	
13861	0	33301	33008	38404	
13862	0	33260	32840	38408	
13863	0	33220	32820	38404	
13864	0	33172	32654	38476	
13865	0	33124	33064	38232	
13866	0	33096	32904	38336	
13867	0	33044	32801	38264	
13868	0	33012	32808	38324	
13869	0	32968	32716	38408	
13870	0	32920	32638	38444	
13871	0	32876	32860	38088	
13872	0	32841	32920	38268	
13873	0	32808	32845	38376	
13874	0	32756	32800	38440	
13875	0	32716	32740	38416	
13876	0	32664	32960	38280	
13877	0	32630	32893	38420	
13878	0	32584	32864	38484	
13879	0	32548	32897	38464	
13880	0	32500	32506	38660	
13881	0	32456	33064	38144	
13882	0	32420	32848	38336	
13883	0	32374	32800	38364	
13884	0	32332	32692	38440	
13885	0	32288	32988	38132	
13886	0	32252	32884	38252	
13887	0	32212	32620	38336	
13888	0	32172	32772	38376	
13889	0	32128	32864	38400	
13890	0	32088	33005	38220	
13891	0	32044	32860	38288	
13892	0	32004	32800	38304	
13893	0	31968	32812	38324	
13894	0	31928	32796	38368	
13895	0	31882	32800	38328	
13896	0	31840	32812	38300	
13897	0	31808	32812	38316	
13898	0	31764	32800	38320	
13899	0	31712	32792	38352	
13900	0	31676	32793	38380	
13901	0	31632	32808	38368	
13902	0	31596	32828	38368	
13903	0	31558	32792	38376	
13904	0	31516	32792	38352	
13905	0	31468	32796	38336	
13906	0	31436	32797	38384	
13907	0	31396	32809	38328	
13908	0	31360	32800	38360	
13909	0	31316	32756	38324	
13910	0	31276	32732	38324	
13911	0	31240	32760	38292	
13912	0	31204	32736	38336	
13913	0	31164	32768	38328	
13914	0	31124	32748	38364	
13915	0	31088	32720	38336	
13916	0	31052	32740	38348	
13917	0	31009	32776	38360	
13918	0	30980	32809	38348	
13919	0	30940	32800	38412	
13920	0	30900	32812	38425	
13921	0	30872	32780	38400	
13922	0	30833	32760	38344	
13923	0	30797	32692	38321	
13924	0	30761	32756	38396	
13925	0	30732	32744	38328	
13926	0	30701	32744	38284	
13927	0	30656	32752	38352	
13928	0	30632	32721	38332	
13929	0	30600	32712	38288	
13930	0	30560	32725	38280	
13931	0	30537	32716	38300	
13932	0	30504	32730	38300	
13933	0	30476	32728	38300	
13934	0	30432	32705	38305	
13935	0	30416	32728	38344	
13936	0	30384	32760	38392	
13937	0	30349	32776	38360	
13938	0	30321	32772	38428	
13939	0	30302	32744	38388	
13940	0	30272	32728	38344	
13941	0	30244	32684	38372	
13942	0	30216	32672	38332	
13943	0	30192	32648	38324	
13944	0	30168	32640	38328	
13945	0	30148	32656	38280	
13946	0	30124	32640	38224	
13947	0	30100	32656	38248	
13948	0	30076	32616	38256	
13949	0	30052	32612	38288	
13950	0	30040	32641	38232	
13951	0	30016	32616	38196	
13952	0	29996	32628	38220	
13953	0	29980	32628	38292	
13954	0	29964	32636	38344	
13955	0	29945	32636	38338	
13956	0	29929	32632	38329	
13957	0	29920	32656	38336	
13958	0	29896	32620	38328	
13959	0	29888	32641	38316	
13960	0	29873	32644	38329	
13961	0	29861	32632	38304	
13962	0	29856	32624	38292	
13963	0	29844	32638	38316	
13964	0	29841	32628	38308	
13965	0	29828	32612	38298	
13966	0	29820	32640	38288	
13967	0	29812	32628	38280	
13968	0	29808	32621	38300	
13969	0	29804	32644	38292	
13970	0	29796	32660	38272	
13971	0	29796	32640	38288	
13972	0	29804	32644	38284	
13973	0	29800	32653	38288	
13974	0	29804	32644	38292	
13975	0	29805	32628	38268	
13976	0	29804	32630	38248	
13977	0	29813	32665	38280	
13978	0	29814	32656	38296	
13979	0	29821	32632	38372	
13980	0	29828	32648	38320	
13981	0	29840	32660	38308	
13982	0	29840	32648	38316	
13983	0	29860	32644	38296	
13984	0	29865	32628	38304	
13985	0	29876	32628	38340	
13986	0	29896	32636	38316	
13987	0	29905	32640	38328	
13988	0	29920	32653	38312	
13989	0	29932	32640	38308	
13990	0	29952	32660	38292	
13991	0	29968	32644	38280	
13992	0	29992	32632	38308	
13993	0	30010	32644	38301	
13994	0	30032	32665	38324	
13995	0	30044	32668	38328	
13996	0	30076	32680	38336	
13997	0	30098	32654	38324	
13998	0	30132	32660	38316	
13999	0	30153	32648	38300	
14000	0	30184	32652	38316	
14001	0	30209	32668	38320	
14002	0	30240	32668	38304	
14003	0	30276	32652	38292	
14004	0	30300	32668	38296	
14005	0	30340	32668	38276	
14006	0	30368	32661	38278	
14007	0	30400	32684	38308	
14008	0	30436	32668	38308	
14009	0	30476	32657	38328	
14010	0	30512	32700	38316	
14011	0	30540	32676	38308	
14012	0	30588	32692	38304	
14013	0	30621	32684	38350	
14014	0	30660	32712	38357	
14015	0	30704	32716	38336	
14016	0	30741	32692	38320	
14017	0	30788	32700	38316	
14018	0	30824	32700	38320	
14019	0	30873	32709	38312	
14020	0	30920	32692	38280	
14021	0	30960	32692	38292	
14022	0	31004	32701	38309	
14023	0	31052	32712	38320	
14024	0	31104	32704	38332	
14025	0	31148	32700	38316	
14026	0	31192	32722	38316	
14027	0	31252	32724	38296	
14028	0	31296	32724	38384	
14029	0	31345	32722	38336	
14030	0	31396	32716	38352	
14031	0	31444	32721	38313	
14032	0	31492	32708	38341	
14033	0	31556	32704	38324	
14034	0	31616	32712	38333	
14035	0	31664	32740	38336	
14036	0	31712	32714	38356	
14037	0	31776	32728	38364	
14038	0	31824	32718	38324	
14039	0	31884	32716	38336	
14040	0	31944	32728	38336	
14041	0	32004	32732	38316	
14042	0	32056	32700	38372	
14043	0	32100	32728	38336	
14044	0	32168	32740	38372	
14045	0	32228	32741	38356	
14046	0	32288	32748	38336	
14047	0	32345	32740	38300	
14048	0	32404	32720	38324	
14049	0	32464	32736	38320	
14050	0	32528	32740	38328	
14051	0	32584	32728	38320	
14052	0	32645	32728	38304	
14053	0	32708	32744	38313	
14054	0	32768	32740	38360	
14055	0	32832	32736	38316	
14056	0	32889	32736	38304	
14057	0	32953	32752	38384	
14058	0	33008	32768	38384	
14059	0	33072	32764	38380	
14060	0	33136	32748	38356	
14061	0	33196	32737	38336	
14062	0	33252	32776	38352	
14063	0	33320	32745	38324	
14064	0	33376	32730	38340	
14065	0	33444	32752	38312	
14066	0	33508	32732	38328	
14067	0	33564	32720	38312	
14068	0	33616	32740	38296	
14069	0	33684	32720	38372	
14070	0	33736	32732	38316	
14071	0	33797	32744	38316	
14072	0	33856	32744	38313	
14073	0	33912	32748	38336	
14074	0	33972	32708	38324	
14075	0	34032	32724	38336	
14076	0	34084	32736	38324	
14077	0	34144	32712	38328	
14078	0	34204	32732	38336	
14079	0	34260	32716	38344	
14080	0	34308	32720	38340	
14081	0	34364	32676	38344	
14082	0	34420	32712	38328	
14083	0	34472	32712	38336	
14084	0	34524	32708	38348	
14085	0	34572	32704	38304	
14086	0	34628	32688	38320	
14087	0	34676	32733	38324	
14088	0	34728	32684	38352	
14089	0	34784	32728	38354	
14090	0	34824	32696	38376	
14091	0	34872	32680	38372	
14092	0	34916	32672	38368	
14093	0	34964	32669	38316	
14094	0	35012	32680	38336	
14095	0	35056	32689	38340	
14096	0	35100	32704	38369	
14097	0	35136	32676	38372	
14098	0	35180	32676	38336	
14099	0	35232	32690	38336	
14100	0	35276	32732	38332	
14101	0	35316	32744	38368	
14102	0	35356	32680	38364	
14103	0	35396	32644	38352	
14104	0	35432	32668	38344	
14105	0	35472	32704	38330	
14106	0	35516	32716	38304	
14107	0	35552	32714	38328	
14108	0	35588	32660	38320	
14109	0	35628	32720	38357	
14110	0	35656	32620	38336	
14111	0	35693	32608	38344	
14112	0	35728	32852	38368	
14113	0	35760	32892	38336	
14114	0	35796	32680	38372	
14115	0	35824	32588	38416	
14116	0	35868	32712	38380	
14117	0	35900	32856	38344	
14118	0	35924	32700	38320	
14119	0	35964	32664	38336	
14120	0	35996	32346	38336	
14121	0	36024	33124	38372	
14122	0	36052	32792	38340	
14123	0	36080	32560	38304	
14124	0	36112	32660	38328	
14125	0	36140	32508	38204	
14126	0	36164	32794	38316	
14127	0	36196	33148	38377	
14128	0	36228	32976	38600	
14129	0	36252	33028	38596	
14130	0	36276	33052	38512	
14131	0	36304	32836	38372	
14132	0	36324	32620	38268	
14133	0	36356	32552	38216	
14134	0	36376	32648	38284	
14135	0	36401	32690	38348	
14136	0	36424	32680	38368	
14137	0	36448	32596	38348	
14138	0	36468	32574	38248	
14139	0	36500	32601	38256	
14140	0	36512	32640	38312	
14141	0	36544	32712	38293	
14142	0	36560	32640	38224	
14143	0	36576	32645	38245	
14144	0	36600	32730	38320	
14145	0	36616	32750	38328	
14146	0	36640	32748	38384	
14147	0	36665	32776	38421	
14148	0	36676	32724	38404	
14149	0	36692	32745	38428	
14150	0	36712	32804	38392	
14151	0	36724	32768	38348	
14152	0	36740	32724	38420	
14153	0	36753	32760	38436	
14154	0	36776	32724	38400	
14155	0	36792	32668	38324	
14156	0	36804	32684	38269	
14157	0	36796	32712	38372	
14158	0	36828	32536	38404	
14159	0	36845	32636	38401	
14160	0	36856	32588	38381	
14161	0	36864	32529	38464	
14162	0	36880	32508	38536	
14163	0	36892	32576	38496	
14164	0	36900	32512	38496	
14165	0	36900	32552	38432	
14166	0	36908	32629	38424	
14167	0	36920	32638	38448	
14168	0	36924	32688	38540	
14169	0	36936	32572	38448	
14170	0	36932	32574	38504	
14171	0	36948	32516	38300	
14172	0	36944	32504	38392	
14173	0	36956	32652	38612	
14174	0	36964	32572	38440	
14175	0	36956	32512	38352	
14176	0	36972	32396	38396	
14177	0	36956	32480	38444	
14178	0	36968	32504	38276	
14179	0	36968	32484	38496	
14180	0	36968	32580	38456	
14181	0	36961	32524	38484	
14182	0	36964	32520	38457	
14183	0	36953	32568	38384	
14184	0	36956	32620	38516	
14185	0	36952	32604	38469	
14186	0	36948	32505	38456	
14187	0	36940	32564	38492	
14188	0	36940	32525	38360	
14189	0	36928	32676	38480	
14190	0	36916	32644	38592	
14191	0	36912	32500	38528	
14192	0	36904	32548	38284	
14193	0	36892	32604	38324	
14194	0	36880	32524	38396	
14195	0	36876	32616	38417	
14196	0	36864	32488	38364	
14197	0	36849	32720	38480	
14198	0	36840	32698	38498	
14199	0	36828	32520	38500	
14200	0	36812	32640	38336	
14201	0	36800	32688	38492	
14202	0	36788	32504	38296	
14203	0	36772	32672	38444	
14204	0	36748	32544	38480	
14205	0	36736	32556	38420	
14206	0	36720	32552	38560	
14207	0	36696	32575	38384	
14208	0	36672	32584	38452	
14209	0	36652	32748	38300	
14210	0	36640	32748	38540	
14211	0	36616	32228	38517	
14212	0	36592	32493	38404	
14213	0	36568	32596	38496	
14214	0	36552	32620	38460	
14215	0	36516	32561	38380	
14216	0	36496	32584	38264	
14217	0	36472	32464	38244	
14218	0	36440	32600	38288	
14219	0	36432	32544	38332	
14220	0	36396	32364	38352	
14221	0	36372	32672	38312	
14222	0	36340	32520	38384	
14223	0	36316	32584	38388	
14224	0	36288	32636	38468	
14225	0	36268	32640	38496	
14226	0	36232	32636	38536	
14227	0	36208	32620	38548	
14228	0	36184	32620	38572	
14229	0	36152	32521	38388	
14230	0	36124	32377	38560	
14231	0	36096	32520	38712	
14232	0	36060	32552	38549	
14233	0	36032	32157	38536	
14234	0	36004	32489	38461	
14235	0	35977	32664	38648	
14236	0	35948	32596	38712	
14237	0	35908	32441	38508	
14238	0	35880	32521	38484	
14239	0	35848	32532	38420	
14240	0	35820	32576	38508	
14241	0	35784	32569	38356	
14242	0	35760	32616	38406	
14243	0	35720	32752	38348	
14244	0	35696	32692	38388	
14245	0	35661	32676	38360	
14246	0	35632	32644	38308	
14247	0	35600	32716	38289	
14248	0	35576	32748	38300	
14249	0	35540	32744	38296	
14250	0	35510	32704	38284	
14251	0	35476	32732	38304	
14252	0	35456	32916	38372	
14253	0	35416	33016	38324	
14254	0	35380	32428	38060	
14255	0	35352	32880	38524	
14256	0	35321	32996	38604	
14257	0	35292	32632	38533	
14258	0	35236	32680	38496	
14259	0	35228	32740	38436	
14260	0	35196	32684	38456	
14261	0	35168	32676	38488	
14262	0	35136	32708	38504	
14263	0	35104	32704	38456	
14264	0	35068	32632	38468	
14265	0	35036	32528	38424	
14266	0	35004	32804	38444	
14267	0	34976	32908	38456	
14268	0	34940	32810	38409	
14269	0	34912	32512	38368	
14270	0	34880	32816	38388	
14271	0	34848	32916	38453	
14272	0	34816	32824	38545	
14273	0	34784	32848	38528	
14274	0	34756	32812	38420	
14275	0	34720	32672	38420	
14276	0	34688	32632	38368	
14277	0	34660	33185	38360	
14278	0	34632	32976	39000	
14279	0	34592	32718	38316	
14280	0	34564	32504	38276	
14281	0	34536	32917	38304	
14282	0	34504	32921	38476	
14283	0	34476	32752	38508	
14284	0	34440	32756	38389	
14285	0	34416	32784	38400	
14286	0	34392	32804	38392	
14287	0	34360	32784	38416	
14288	0	34316	32584	38492	
14289	0	34292	32820	38209	
14290	0	34260	33320	38456	
14291	0	34228	33045	38752	
14292	0	34201	32688	38732	
14293	0	34172	32912	38480	
14294	0	34141	33044	38540	
14295	0	34112	32826	38560	
14296	0	34068	32784	38528	
14297	0	34052	32844	38497	
14298	0	34016	32844	38437	
14299	0	33993	32840	38425	
14300	0	33956	32836	38464	
14301	0	33928	32832	38456	
14302	0	33904	32837	38396	
14303	0	33872	32840	38389	
14304	0	33840	32848	38416	
14305	0	33816	32844	38404	
14306	0	33780	32888	38400	
14307	0	33752	32925	38408	
14308	0	33720	32916	38456	
14309	0	33697	32872	38464	
14310	0	33664	32896	38492	
14311	0	33640	32888	38504	
14312	0	33604	32896	38488	
14313	0	33580	32884	38516	
14314	0	33548	32932	38461	
14315	0	33524	32892	38468	
14316	0	33496	32857	38464	
14317	0	33464	32852	38445	
14318	0	33437	32848	38428	
14319	0	33408	32877	38409	
14320	0	33376	32865	38448	
14321	0	33348	32868	38432	
14322	0	33316	32872	38416	
14323	0	33285	32876	38444	
14324	0	33260	32864	38424	
14325	0	33232	32900	38448	
14326	0	33204	32912	38476	
14327	0	33176	32884	38473	
14328	0	33140	32864	38472	
14329	0	33120	32852	38424	
14330	0	33084	32868	38456	
14331	0	33056	32904	38441	
14332	0	33028	32912	38448	
14333	0	33000	32864	38456	
14334	0	32964	32856	38452	
14335	0	32932	32856	38460	
14336	0	32904	32860	38444	
14337	0	32876	32908	38453	
14338	0	32844	32888	38436	
14339	0	32812	32873	38489	
14340	0	32784	32880	38480	
14341	0	32752	32868	38472	
14342	0	32724	32884	38456	
14343	0	32692	32892	38492	
14344	0	32669	32936	38488	
14345	0	32636	32916	38480	
14346	0	32604	32872	38464	
14347	0	32576	32888	38428	
14348	0	32544	32884	38456	
14349	0	32512	32888	38464	
14350	0	32485	32916	38472	
14351	0	32456	32876	38464	
14352	0	32430	32864	38428	
14353	0	32400	32884	38396	
14354	0	32368	32860	38409	
14355	0	32336	32868	38440	
14356	0	32308	32896	38444	
14357	0	32284	32866	38420	
14358	0	32240	32848	38432	
14359	0	32220	32864	38400	
14360	0	32193	32865	38432	
14361	0	32164	32860	38428	
14362	0	32128	32852	38456	
14363	0	32104	32876	38464	
14364	0	32080	32908	38432	
14365	0	32052	32872	38428	
14366	0	32032	32889	38424	
14367	0	32006	32892	38436	
14368	0	31976	32852	38468	
14369	0	31948	32864	38452	
14370	0	31928	32888	38448	
14371	0	31904	32840	38412	
14372	0	31876	32864	38396	
14373	0	31860	32844	38436	
14374	0	31828	32860	38416	
14375	0	31812	32856	38440	
14376	0	31780	32848	38432	
14377	0	31760	32872	38392	
14378	0	31736	32877	38432	
14379	0	31712	32876	38468	
14380	0	31696	32860	38468	
14381	0	31680	32856	38464	
14382	0	31657	32860	38432	
14383	0	31640	32842	38500	
14384	0	31612	32856	38416	
14385	0	31598	32852	38424	
14386	0	31576	32864	38432	
14387	0	31556	32856	38428	
14388	0	31533	32876	38384	
14389	0	31524	32876	38408	
14390	0	31508	32896	38404	
14391	0	31484	32884	38400	
14392	0	31474	32852	38456	
14393	0	31456	32846	38433	
14394	0	31444	32853	38404	
14395	0	31432	32888	38424	
14396	0	31412	32880	38428	
14397	0	31396	32868	38424	
14398	0	31385	32868	38440	
14399	0	31376	32857	38452	
14400	0	31364	32864	38464	
14401	0	31349	32894	38452	
14402	0	31344	32892	38504	
14403	0	31324	32900	38428	
14404	0	31316	32856	38428	
14405	0	31308	32832	38432	
14406	0	31296	32840	38416	
14407	0	31284	32853	38408	
14408	0	31276	32857	38368	
14409	0	31264	32846	38380	
14410	0	31260	32856	38396	
14411	0	31240	32864	38424	
14412	0	31240	32844	38372	
14413	0	31228	32856	38376	
14414	0	31214	32845	38409	
14415	0	31208	32857	38404	
14416	0	31204	32876	38400	
14417	0	31200	32889	38436	
14418	0	31188	32864	38424	
14419	0	31176	32852	38445	
14420	0	31164	32848	38436	
14421	0	31160	32852	38440	
14422	0	31156	32868	38432	
14423	0	31148	32864	38440	
14424	0	31144	32876	38444	
14425	0	31133	32848	38420	
14426	0	31132	32856	38412	
14427	0	31116	32880	38408	
14428	0	31117	32860	38404	
14429	0	31104	32836	38420	
14430	0	31100	32852	38380	
14431	0	31096	32864	38388	
14432	0	31088	32844	38384	
14433	0	31080	32848	38400	
14434	0	31072	32844	38384	
14435	0	31064	32856	38384	
14436	0	31060	32840	38417	
14437	0	31056	32856	38425	
14438	0	31048	32872	38416	
14439	0	31040	32860	38416	
14440	0	31025	32880	38432	
14441	0	31024	32856	38436	
14442	0	31012	32864	38448	
14443	0	31008	32864	38448	
14444	0	31000	32880	38420	
14445	0	30992	32872	38460	
14446	0	30988	32852	38452	
14447	0	30976	32844	38452	
14448	0	30961	32869	38412	
14449	0	30960	32868	38432	
14450	0	30956	32880	38465	
14451	0	30944	32892	38408	
14452	0	30932	32848	38432	
14453	0	30920	32841	38420	
14454	0	30912	32864	38420	
14455	0	30904	32864	38404	
14456	0	30896	32856	38392	
14457	0	30880	32880	38432	
14458	0	30878	32852	38424	
14459	0	30868	32858	38428	
14460	0	30852	32872	38420	
14461	0	30840	32856	38452	
14462	0	30832	32836	38445	
14463	0	30824	32876	38408	
14464	0	30812	32872	38408	
14465	0	30800	32868	38412	
14466	0	30784	32868	38432	
14467	0	30772	32861	38440	
14468	0	30768	32848	38400	
14469	0	30748	32854	38408	
14470	0	30736	32864	38404	
14471	0	30728	32852	38440	
14472	0	30708	32828	38424	
14473	0	30692	32852	38400	
14474	0	30682	32840	38393	
14475	0	30664	32840	38386	
14476	0	30656	32820	38408	
14477	0	30644	32848	38412	
14478	0	30624	32865	38424	
14479	0	30604	32852	38404	
14480	0	30596	32844	38412	
14481	0	30580	32856	38429	
14482	0	30568	32864	38420	
14483	0	30556	32888	38420	
14484	0	30536	32848	38444	
14485	0	30521	32844	38429	
14486	0	30508	32842	38401	
14487	0	30492	32852	38392	
14488	0	30476	32836	38368	
14489	0	30464	32824	38373	
14490	0	30445	32856	38404	
14491	0	30432	32840	38388	
14492	0	30412	32836	38388	
14493	0	30396	32848	38373	
14494	0	30384	32852	38380	
14495	0	30364	32836	38388	
14496	0	30344	32872	38412	
14497	0	30332	32836	38424	
14498	0	30312	32832	38389	
14499	0	30300	32848	38416	
14500	0	30288	32836	38432	
14501	0	30276	32856	38436	
14502	0	30253	32852	38432	
14503	0	30244	32844	38436	
14504	0	30228	32856	38396	
14505	0	30208	32845	38420	
14506	0	30192	32824	38384	
14507	0	30180	32834	38388	
14508	0	30172	32816	38432	
14509	0	30148	32828	38400	
14510	0	30132	32796	38424	
14511	0	30120	32832	38404	
14512	0	30104	32848	38393	
14513	0	30092	32836	38384	
14514	0	30076	32817	38412	
14515	0	30061	32808	38396	
14516	0	30048	32832	38372	
14517	0	30036	32820	38412	
14518	0	30018	32844	38432	
14519	0	30010	32824	38440	
14520	0	29988	32828	38432	
14521	0	29980	32837	38420	
14522	0	29968	32808	38404	
14523	0	29956	32832	38364	
14524	0	29936	32832	38432	
14525	0	29924	32820	38400	
14526	0	29908	32832	38408	
14527	0	29890	32386	38472	
14528	0	29888	33020	38372	
14529	0	29876	32948	38577	
14530	0	29864	32816	38405	
14531	0	29844	32860	38384	
14532	0	29836	32869	38424	
14533	0	29820	32832	38400	
14534	0	29804	32804	38424	
14535	0	29791	32836	38416	
14536	0	29780	32846	38392	
14537	0	29760	32812	38400	
14538	0	29756	32828	38416	
14539	0	29744	32848	38404	
14540	0	29728	32872	38413	
14541	0	29714	32864	38432	
14542	0	29700	32884	38412	
14543	0	29689	32893	38424	
14544	0	29676	32872	38416	
14545	0	29664	32836	38432	
14546	0	29652	32848	38436	
14547	0	29636	32844	38464	
14548	0	29617	32868	38412	
14549	0	29601	32856	38404	
14550	0	29600	32828	38449	
14551	0	29580	32840	38452	
14552	0	29573	32848	38428	
14553	0	29560	32841	38428	
14554	0	29548	32832	38436	
14555	0	29532	32824	38413	
14556	0	29520	32840	38412	
14557	0	29508	32852	38420	
14558	0	29496	32868	38416	
14559	0	29484	32892	38392	
14560	0	29473	32860	38400	
14561	0	29464	32840	38412	
14562	0	29456	32821	38412	
14563	0	29436	32844	38392	
14564	0	29424	32836	38424	
14565	0	29412	32842	38428	
14566	0	29402	32828	38452	
14567	0	29396	32842	38414	
14568	0	29376	32840	38424	
14569	0	29370	32832	38393	
14570	0	29356	32856	38408	
14571	0	29344	32824	38412	
14572	0	29340	32840	38428	
14573	0	29324	32848	38448	
14574	0	29316	32852	38421	
14575	0	29308	32856	38416	
14576	0	29296	32856	38416	
14577	0	29288	32836	38440	
14578	0	29276	32848	38416	
14579	0	29272	32852	38440	
14580	0	29260	32861	38388	
14581	0	29249	32872	38417	
14582	0	29240	32840	38412	
14583	0	29232	32820	38416	
14584	0	29224	32820	38408	
14585	0	29216	32828	38422	
14586	0	29216	32828	38444	
14587	0	29208	32816	38420	
14588	0	29189	32832	38424	
14589	0	29184	32852	38421	
14590	0	29178	32852	38444	
14591	0	29172	32832	38432	
14592	0	29161	32818	38432	
14593	0	29157	32828	38424	
14594	0	29156	32834	38432	
14595	0	29148	32852	38408	
14596	0	29148	32860	38432	
14597	0	29140	32824	38440	
14598	0	29141	32825	38385	
14599	0	29128	32828	38400	
14600	0	29129	32832	38404	
14601	0	29128	32818	38384	
14602	0	29122	32825	38385	
14603	0	29108	32832	38364	
14604	0	29124	32840	38380	
14605	0	29120	32832	38396	
14606	0	29124	32812	38384	
14607	0	29124	32832	38400	
14608	0	29116	32832	38420	
14609	0	29112	32840	38412	
14610	0	29116	32824	38408	
14611	0	29124	32808	38432	
14612	0	29120	32821	38420	
14613	0	29124	32840	38404	
14614	0	29126	32836	38456	
14615	0	29128	32844	38396	
14616	0	29128	32837	38440	
14617	0	29136	32804	38416	
14618	0	29132	32824	38400	
14619	0	29132	32832	38412	
14620	0	29145	32820	38420	
14621	0	29145	32832	38412	
14622	0	29144	32824	38416	
14623	0	29148	32828	38432	
14624	0	29156	32824	38420	
14625	0	29160	32817	38440	
14626	0	29164	32848	38396	
14627	0	29168	32841	38432	
14628	0	29172	32832	38368	
14629	0	29184	32844	38408	
14630	0	29180	32828	38421	
14631	0	29190	32837	38416	
14632	0	29200	32840	38380	
14633	0	29204	32748	38472	
14634	0	29220	33064	38108	
14635	0	29217	33076	38084	
14636	0	29228	32828	38588	
14637	0	29232	32785	38372	
14638	0	29241	32896	38336	
14639	0	29252	32857	38424	
14640	0	29264	32832	38412	
14641	0	29260	32840	38356	
14642	0	29276	32872	38388	
14643	0	29281	32841	38416	
14644	0	29292	32868	38412	
14645	0	29304	32864	38428	
14646	0	29308	32844	38420	
14647	0	29322	32852	38432	
14648	0	29329	32845	38396	
14649	0	29333	32860	38420	
14650	0	29340	32844	38420	
14651	0	29352	32844	38400	
14652	0	29360	32852	38400	
14653	0	29376	32844	38400	
14654	0	29385	32856	38376	
14655	0	29388	32856	38385	
14656	0	29402	32824	38356	
14657	0	29410	32874	38460	
14658	0	29420	32856	38412	
14659	0	29432	32856	38404	
14660	0	29441	32844	38392	
14661	0	29448	32853	38432	
14662	0	29458	32845	38408	
14663	0	29480	32858	38412	
14664	0	29498	32836	38436	
14665	0	29492	32820	38408	
14666	0	29508	32832	38416	
14667	0	29516	32840	38396	
14668	0	29520	32840	38424	
14669	0	29540	32836	38420	
14670	0	29552	32821	38412	
14671	0	29556	32852	38428	
14672	0	29568	32841	38424	
14673	0	29580	32842	38397	
14674	0	29584	32842	38392	
14675	0	29604	32836	38400	
14676	0	29608	32846	38408	
14677	0	29628	32844	38420	
14678	0	29632	32856	38376	
14679	0	29644	32840	38400	
14680	0	29660	32845	38440	
14681	0	29672	32857	38416	
14682	0	29680	32844	38428	
14683	0	29693	32869	38393	
14684	0	29704	32856	38425	
14685	0	29725	32852	38380	
14686	0	29736	32868	38452	
14687	0	29753	32864	38408	
14688	0	29772	32848	38416	
14689	0	29782	32860	38412	
14690	0	29800	32856	38416	
14691	0	29812	32848	38388	
14692	0	29828	32868	38380	
14693	0	29845	32860	38396	
14694	0	29860	32860	38368	
14695	0	29882	32848	38392	
14696	0	29900	32876	38404	
14697	0	29920	32848	38412	
14698	0	29944	32856	38384	
14699	0	29956	32864	38393	
14700	0	29980	32880	38392	
14701	0	30004	32512	38448	
14702	0	30021	32908	38540	
14703	0	30044	33060	38280	
14704	0	30068	32920	38648	
14705	0	30084	32801	38441	
14706	0	30112	32892	38216	
14707	0	30144	32869	38400	
14708	0	30161	32820	38456	
14709	0	30184	32880	38336	
14710	0	30212	32892	38372	
14711	0	30236	32884	38367	
14712	0	30272	32864	38420	
14713	0	30292	32877	38404	
14714	0	30320	32864	38376	
14715	0	30344	32856	38416	
14716	0	30380	32864	38392	
14717	0	30404	32849	38400	
14718	0	30436	32864	38376	
14719	0	30468	32884	38385	
14720	0	30492	32864	38412	
14721	0	30520	32884	38416	
14722	0	30560	32864	38440	
14723	0	30584	32869	38413	
14724	0	30616	32860	38436	
14725	0	30636	32877	38433	
14726	0	30688	32860	38412	
14727	0	30716	32888	38416	
14728	0	30752	32872	38424	
14729	0	30780	32868	38456	
14730	0	30820	32880	38414	
14731	0	30848	32892	38420	
14732	0	30884	32860	38420	
14733	0	30918	32860	38436	
14734	0	30948	32864	38408	
14735	0	30988	32873	38388	
14736	0	31024	32872	38404	
14737	0	31056	32884	38404	
14738	0	31096	32872	38404	
14739	0	31128	32852	38380	
14740	0	31164	32848	38392	
14741	0	31200	32884	38432	
14742	0	31234	32882	38424	
14743	0	31276	32884	38432	
14744	0	31312	32868	38456	
14745	0	31340	32860	38416	
14746	0	31380	32868	38405	
14747	0	31408	32884	38373	
14748	0	31446	32876	38377	
14749	0	31480	32876	38368	
14750	0	31520	32868	38356	
14751	0	31552	32888	38368	
14752	0	31585	32858	38392	
14753	0	31616	32868	38400	
14754	0	31648	32892	38412	
14755	0	31680	32880	38384	
14756	0	31712	32885	38400	
14757	0	31745	32880	38424	
14758	0	31785	32889	38448	
14759	0	31808	32884	38436	
14760	0	31840	32896	38396	
14761	0	31872	32872	38424	
14762	0	31900	32872	38400	
14763	0	31929	32920	38368	
14764	0	31956	32877	38380	
14765	0	31984	32884	38388	
14766	0	32016	32884	38429	
14767	0	32040	32876	38376	
14768	0	32064	32872	38380	
14769	0	32084	32888	38380	
14770	0	32112	32884	38404	
14771	0	32136	32865	38420	
14772	0	32164	32880	38392	
14773	0	32180	32878	38384	
14774	0	32204	32892	38404	
14775	0	32224	32884	38436	
14776	0	32244	32869	38356	
14777	0	32264	32912	38384	
14778	0	32280	32876	38400	
14779	0	32304	32912	38417	
14780	0	32320	32880	38404	
14781	0	32340	32876	38432	
14782	0	32356	32877	38382	
14783	0	32364	32844	38412	
14784	0	32380	32860	38412	
14785	0	32400	32854	38377	
14786	0	32404	32872	38376	
14787	0	32420	32864	38420	
14788	0	32424	32884	38400	
14789	0	32440	32872	38388	
14790	0	32448	32868	38412	
14791	0	32460	32872	38432	
14792	0	32472	32880	38389	
14793	0	32480	32864	38380	
14794	0	32492	32880	38404	
14795	0	32496	32864	38388	
14796	0	32500	32872	38408	
14797	0	32516	32800	38388	
14798	0	32520	32772	38320	
14799	0	32520	33012	38080	
14800	0	32528	33120	38338	
14801	0	32536	32876	38588	
14802	0	32540	32852	38384	
14803	0	32549	32928	38272	
14804	0	32548	32908	38368	
14805	0	32560	32864	38444	
14806	0	32560	32908	38376	
14807	0	32568	32896	38416	
14808	0	32568	32896	38404	
14809	0	32576	32844	38424	
14810	0	32572	32876	38408	
14811	0	32576	32880	38393	
14812	0	32580	32880	38376	
14813	0	32584	32872	38408	
14814	0	32585	32868	38372	
14815	0	32584	32900	38382	
14816	0	32588	32908	38408	
14817	0	32596	32916	38376	
14818	0	32596	32877	38376	
14819	0	32600	32872	38376	
14820	0	32596	32892	38356	
14821	0	32600	32852	38380	
14822	0	32608	32896	38392	
14823	0	32604	32896	38396	
14824	0	32604	32872	38364	
14825	0	32616	32904	38356	
14826	0	32608	32884	38368	
14827	0	32612	32888	38364	
14828	0	32617	32864	38372	
14829	0	32621	32876	38356	
14830	0	32622	32870	38372	
14831	0	32624	32888	38368	
14832	0	32621	32880	38388	
14833	0	32628	32904	38404	
14834	0	32628	32904	38400	
14835	0	32632	32884	38420	
14836	0	32636	32888	38364	
14837	0	32634	32876	38356	
14838	0	32632	32896	38400	
14839	0	32633	32912	38400	
14840	0	32633	32876	38412	
14841	0	32632	32900	38400	
14842	0	32636	32860	38412	
14843	0	32636	32888	38384	
14844	0	32644	32885	38404	
14845	0	32641	32884	38429	
14846	0	32640	32890	38392	
14847	0	32648	32896	38404	
14848	0	32652	32880	38372	
14849	0	32648	32856	38384	
14850	0	32653	32854	38380	
14851	0	32652	32872	38389	
14852	0	32652	32888	38392	
14853	0	32656	32880	38412	
14854	0	32656	32888	38400	
14855	0	32668	32872	38408	
14856	0	32664	32888	38416	
14857	0	32672	32864	38380	
14858	0	32670	32876	38428	
14859	0	32670	32888	38424	
14860	0	32673	32892	38424	
14861	0	32676	32909	38392	
14862	0	32681	32904	38428	
14863	0	32696	32864	38380	
14864	0	32692	32856	38412	
14865	0	32700	32860	38432	
14866	0	32708	32852	38384	
14867	0	32704	32884	38364	
14868	0	32712	32868	38356	
14869	0	32716	32860	38348	
14870	0	32720	32852	38400	
14871	0	32724	32876	38352	
14872	0	32728	32880	38376	
14873	0	32732	32892	38400	
14874	0	32732	32888	38364	
14875	0	32740	32901	38404	
14876	0	32740	32904	38388	
14877	0	32740	32888	38428	
14878	0	32756	32900	38400	
14879	0	32748	32896	38392	
14880	0	32752	32894	38376	
14881	0	32768	32868	38412	
14882	0	32762	32888	38412	
14883	0	32772	32872	38372	
14884	0	32776	32880	38369	
14885	0	32777	32872	38380	
14886	0	32776	32864	38372	
14887	0	32789	32876	38360	
14888	0	32780	32880	38356	
14889	0	32793	32881	38352	
14890	0	32792	32884	38372	
14891	0	32793	32877	38372	
14892	0	32797	32892	38376	
14893	0	32797	32872	38416	
14894	0	32800	32884	38368	
14895	0	32796	32886	38356	
14896	0	32796	32864	38384	
14897	0	32800	32840	38396	
14898	0	32800	32856	38372	
14899	0	32808	32872	38372	
14900	0	32804	32892	38388	
14901	0	32812	32872	38372	
14902	0	32812	32876	38348	
14903	0	32812	32884	38359	
14904	0	32812	32900	38384	
14905	0	32817	32877	38385	
14906	0	32821	32865	38376	
14907	0	32824	32880	38368	
14908	0	32828	32897	38392	
14909	0	32832	32912	38392	
14910	0	32842	32898	38396	
14911	0	32836	32892	38424	
14912	0	32840	32856	38380	
14913	0	32860	32876	38332	
14914	0	32864	32905	38388	
14915	0	32869	32880	38368	
14916	0	32880	32870	38380	
14917	0	32892	32892	38368	
14918	0	32900	32896	38400	
14919	0	32904	32892	38388	
14920	0	32920	32848	38368	
14921	0	32928	32858	38353	
14922	0	32948	32860	38376	
14923	0	32960	32844	38392	
14924	0	32972	32844	38386	
14925	0	32992	32856	38380	
14926	0	33008	32873	38344	
14927	0	33024	32860	38368	
14928	0	33044	32865	38360	
14929	0	33064	32888	38408	
14930	0	33084	32848	38388	
14931	0	33116	32848	38400	
14932	0	33133	32872	38368	
14933	0	33156	32876	38368	
14934	0	33188	32884	38364	
14935	0	33208	32888	38340	
14936	0	33240	32872	38392	
14937	0	33268	32864	38392	
14938	0	33296	32880	38400	
14939	0	33328	32868	38380	
14940	0	33357	32877	38392	
14941	0	33396	32873	38396	
14942	0	33425	32844	38380	
14943	0	33456	32868	38409	
14944	0	33496	32869	38388	
14945	0	33536	32848	38376	
14946	0	33576	32888	38384	
14947	0	33620	32884	38404	
14948	0	33652	32884	38412	
14949	0	33700	32868	38385	
14950	0	33740	32868	38404	
14951	0	33788	32852	38408	
14952	0	33830	32872	38381	
14953	0	33880	32864	38408	
14954	0	33932	32864	38408	
14955	0	33969	32872	38404	
14956	0	34025	32876	38420	
14957	0	34076	32872	38392	
14958	0	34120	32848	38417	
14959	0	34176	32848	38416	
14960	0	34228	32860	38392	
14961	0	34276	32881	38396	
14962	0	34336	32824	38424	
14963	0	34389	32856	38436	
14964	0	34444	32836	38436	
14965	0	34500	32852	38384	
14966	0	34552	32864	38381	
14967	0	34612	32824	38388	
14968	0	34668	32844	38432	
14969	0	34736	32856	38412	
14970	0	34788	32874	38464	
14971	0	34844	32808	38396	
14972	0	34896	32832	38388	
14973	0	34964	32824	38405	
14974	0	35024	32824	38400	
14975	0	35088	32824	38412	
14976	0	35144	32817	38388	
14977	0	35204	32812	38400	
14978	0	35266	32824	38420	
14979	0	35328	32810	38428	
14980	0	35392	32834	38400	
14981	0	35448	32816	38397	
14982	0	35516	32772	38368	
14983	0	35576	32776	38368	
14984	0	35632	32764	38380	
14985	0	35692	32752	38396	
14986	0	35760	32768	38384	
14987	0	35812	32760	38385	
14988	0	35864	32736	38372	
14989	0	35932	32724	38400	
14990	0	36004	32728	38360	
14991	0	36064	32736	38352	
14992	0	36116	32736	38372	
14993	0	36184	32733	38356	
14994	0	36244	32708	38348	
14995	0	36300	32726	38360	
14996	0	36364	32720	38373	
14997	0	36416	32712	38396	
14998	0	36484	32702	38408	
14999	0	36544	32692	38389	
15000	0	36600	32684	38400	
15001	0	36656	32668	38396	
15002	0	36720	32657	38376	
15003	0	36772	32640	38376	
15004	0	36836	32674	38364	
15005	0	36896	32632	38372	
15006	0	36956	32624	38392	
15007	0	37008	32616	38368	
15008	0	37072	32616	38364	
15009	0	37124	32585	38368	
15010	0	37176	32640	38364	
15011	0	37232	32625	38380	
15012	0	37296	32612	38372	
15013	0	37345	32640	38348	
15014	0	37404	32592	38384	
15015	0	37458	32553	38392	
15016	0	37513	32565	38316	
15017	0	37568	32572	38373	
15018	0	37624	32604	38357	
15019	0	37680	32580	38364	
15020	0	37732	32568	38360	
15021	0	37788	32572	38376	
15022	0	37838	32580	38364	
15023	0	37892	32532	38380	
15024	0	37952	32520	38384	
15025	0	38006	32532	38384	
15026	0	38048	32536	38380	
15027	0	38112	32537	38357	
15028	0	38152	32540	38364	
15029	0	38208	32548	38400	
15030	0	38268	32544	38392	
15031	0	38320	32556	38389	
15032	0	38364	32520	38380	
15033	0	38424	32497	38358	
15034	0	38476	32480	38340	
15035	0	38524	32492	38380	
15036	0	38568	32488	38352	
15037	0	38628	32484	38352	
15038	0	38676	32496	38344	
15039	0	38728	32460	38352	
15040	0	38776	32484	38341	
15041	0	38828	32488	38388	
15042	0	38876	32492	38344	
15043	0	38916	32492	38360	
15044	0	38964	32472	38380	
15045	0	39016	32448	38368	
15046	0	39064	32444	38345	
15047	0	39104	32473	38348	
15048	0	39156	32480	38372	
15049	0	39196	32480	38383	
15050	0	39248	32487	38388	
15051	0	39296	32472	38404	
15052	0	39336	32444	38376	
15053	0	39388	32460	38364	
15054	0	39424	32452	38365	
15055	0	39472	32440	38376	
15056	0	39520	32445	38368	
15057	0	39564	32460	38369	
15058	0	39612	32452	38424	
15059	0	39656	32476	38432	
15060	0	39697	32472	38404	
15061	0	39736	32480	38376	
15062	0	39770	32452	38352	
15063	0	39820	32460	38388	
15064	0	39856	32481	38380	
15065	0	39908	32476	38420	
15066	0	39944	32476	38376	
15067	0	39988	32464	38389	
15068	0	40032	32476	38392	
15069	0	40064	32488	38388	
15070	0	40096	32464	38388	
15071	0	40144	32456	38412	
15072	0	40180	32440	38389	
15073	0	40216	32455	38392	
15074	0	40256	32462	38368	
15075	0	40292	32472	38372	
15076	0	40328	32464	38376	
15077	0	40364	32456	38388	
15078	0	40400	32477	38376	
15079	0	40440	32464	38376	
15080	0	40476	32464	38380	
15081	0	40500	32476	38413	
15082	0	40532	32476	38364	
15083	0	40572	32468	38400	
15084	0	40608	32469	38392	
15085	0	40640	32488	38412	
15086	0	40672	32465	38400	
15087	0	40704	32464	38360	
15088	0	40732	32452	38400	
15089	0	40768	32448	38380	
15090	0	40796	32468	38368	
15091	0	40824	32456	38372	
15092	0	40856	32476	38388	
15093	0	40880	32460	38373	
15094	0	40904	32468	38368	
15095	0	40936	32448	38364	
15096	0	40965	32452	38370	
15097	0	41008	32456	38400	
15098	0	41020	32468	38384	
15099	0	41048	32464	38384	
15100	0	41068	32432	38373	
15101	0	41088	32452	38356	
15102	0	41120	32448	38400	
15103	0	41136	32456	38380	
15104	0	41156	32460	38372	
15105	0	41184	32464	38392	
15106	0	41200	32460	38396	
15107	0	41228	32476	38368	
15108	0	41248	32472	38385	
15109	0	41268	32454	38372	
15110	0	41288	32464	38372	
15111	0	41300	32464	38392	
15112	0	41320	32468	38412	
15113	0	41332	32448	38360	
15114	0	41352	32452	38380	
15115	0	41372	32452	38388	
15116	0	41380	32452	38393	
15117	0	41400	32448	38388	
15118	0	41413	32440	38380	
15119	0	41424	32444	38384	
15120	0	41432	32441	38368	
15121	0	41444	32452	38413	
15122	0	41460	32468	38380	
15123	0	41464	32445	38400	
15124	0	41472	32444	38408	
15125	0	41484	32438	38396	
15126	0	41488	32456	38380	
15127	0	41496	32428	38404	
15128	0	41492	32430	38372	
15129	0	41500	32434	38360	
15130	0	41512	32444	38384	
15131	0	41508	32432	38364	
15132	0	41512	32444	38372	
15133	0	41508	32465	38344	
15134	0	41512	32456	38388	
15135	0	41516	32452	38368	
15136	0	41512	32440	38400	
15137	0	41512	32444	38400	
15138	0	41504	32436	38412	
15139	0	41492	32444	38400	
15140	0	41488	32456	38373	
15141	0	41492	32448	38392	
15142	0	41476	32428	38368	
15143	0	41464	32444	38336	
15144	0	41464	32428	38368	
15145	0	41448	32420	38372	
15146	0	41444	32428	38368	
15147	0	41432	32432	38381	
15148	0	41412	32456	38364	
15149	0	41400	32444	38356	
15150	0	41388	32420	38388	
15151	0	41372	32420	38365	
15152	0	41356	32416	38384	
15153	0	41340	32444	38348	
15154	0	41324	32448	38392	
15155	0	41304	32434	38384	
15156	0	41280	32428	38380	
15157	0	41257	32424	38384	
15158	0	41241	32413	38364	
15159	0	41220	32424	38380	
15160	0	41186	32448	38365	
15161	0	41168	32440	38376	
15162	0	41140	32432	38400	
15163	0	41113	32436	38368	
15164	0	41080	32420	38376	
15165	0	41048	32424	38364	
15166	0	41024	32424	38364	
15167	0	41000	32428	38380	
15168	0	40976	32428	38344	
15169	0	40932	32448	38360	
15170	0	40904	32425	38372	
15171	0	40864	32417	38356	
15172	0	40832	32420	38368	
15173	0	40796	32432	38356	
15174	0	40760	32420	38380	
15175	0	40716	32400	38356	
15176	0	40684	32420	38372	
15177	0	40632	32428	38348	
15178	0	40596	32428	38340	
15179	0	40560	32432	38364	
15180	0	40512	32416	38372	
15181	0	40464	32440	38364	
15182	0	40420	32436	38368	
15183	0	40368	32428	38404	
15184	0	40324	32404	38348	
15185	0	40284	32416	38360	
15186	0	40228	32421	38312	
15187	0	40176	32416	38360	
15188	0	40124	32452	38360	
15189	0	40080	32420	38364	
15190	0	40028	32416	38376	
15191	0	39976	32424	38348	
15192	0	39924	32424	38368	
15193	0	39860	32432	38389	
15194	0	39814	32436	38376	
15195	0	39756	32428	38384	
15196	0	39697	32432	38404	
15197	0	39640	32436	38368	
15198	0	39576	32433	38349	
15199	0	39524	32420	38364	
15200	0	39472	32428	38372	
15201	0	39408	32432	38361	
15202	0	39344	32434	38392	
15203	0	39284	32420	38396	
15204	0	39228	32428	38396	
15205	0	39160	32420	38381	
15206	0	39100	32428	38368	
15207	0	39044	32428	38372	
15208	0	38976	32416	38380	
15209	0	38912	32425	38376	
15210	0	38852	32448	38360	
15211	0	38776	32444	38352	
15212	0	38720	32436	38408	
15213	0	38660	32445	38380	
15214	0	38592	32433	38384	
15215	0	38528	32436	38356	
15216	0	38464	32432	38352	
15217	0	38400	32448	38368	
15218	0	38332	32460	38372	
15219	0	38256	32476	38329	
15220	0	38200	32480	38372	
15221	0	38132	32460	38348	
15222	0	38060	32480	38404	
15223	0	37988	32472	38376	
15224	0	37928	32468	38356	
15225	0	37856	32496	38380	
15226	0	37796	32492	38380	
15227	0	37728	32484	38336	
15228	0	37660	32512	38368	
15229	0	37588	32513	38360	
15230	0	37516	32530	38344	
15231	0	37456	32525	38388	
15232	0	37381	32512	38388	
15233	0	37316	32560	38400	
15234	0	37252	32584	38368	
15235	0	37185	32596	38336	
15236	0	37104	32556	38352	
15237	0	37036	32548	38364	
15238	0	36976	32548	38364	
15239	0	36900	32544	38352	
15240	0	36836	32576	38364	
15241	0	36764	32568	38368	
15242	0	36692	32568	38372	
15243	0	36628	32560	38364	
15244	0	36552	32577	38317	
15245	0	36484	32576	38352	
15246	0	36416	32584	38352	
15247	0	36344	32644	38364	
15248	0	36280	32644	38344	
15249	0	36208	32629	38352	
15250	0	36132	32649	38368	
15251	0	36064	32640	38392	
15252	0	35997	32656	38364	
15253	0	35928	32640	38376	
15254	0	35848	32660	38392	
15255	0	35792	32684	38368	
15256	0	35704	32668	38376	
15257	0	35644	32694	38356	
15258	0	35573	32676	38340	
15259	0	35500	32664	38372	
15260	0	35432	32664	38368	
15261	0	35364	32680	38336	
15262	0	35292	32704	38360	
15263	0	35224	32720	38368	
15264	0	35156	32724	38360	
15265	0	35084	32706	38340	
15266	0	35008	32744	38356	
15267	0	34940	32720	38345	
15268	0	34866	32728	38356	
15269	0	34796	32752	38372	
15270	0	34728	32752	38400	
15271	0	34656	32744	38385	
15272	0	34598	32728	38356	
15273	0	34508	32744	38352	
15274	0	34448	32732	38336	
15275	0	34384	32740	38352	
15276	0	34312	32728	38352	
15277	0	34236	32752	38344	
15278	0	34176	32744	38344	
15279	0	34100	32732	38356	
15280	0	34032	32732	38340	
15281	0	33965	32732	38360	
15282	0	33896	32736	38376	
15283	0	33828	32760	38360	
15284	0	33760	32760	38384	
15285	0	33696	32769	38360	
15286	0	33620	32780	38376	
15287	0	33557	32772	38368	
15288	0	33480	32768	38360	
15289	0	33424	32768	38360	
15290	0	33360	32781	38384	
15291	0	33292	32752	38368	
15292	0	33232	32768	38364	
15293	0	33168	32772	38356	
15294	0	33093	32736	38340	
15295	0	33032	32744	38344	
15296	0	32964	32740	38337	
15297	0	32908	32756	38353	
15298	0	32848	32746	38348	
15299	0	32784	32772	38360	
15300	0	32724	32810	38360	
15301	0	32660	32789	38388	
15302	0	32600	32780	38368	
15303	0	32534	32772	38364	
15304	0	32480	32776	38372	
15305	0	32420	32762	38344	
15306	0	32364	32772	38360	
15307	0	32300	32778	38385	
15308	0	32241	32780	38360	
15309	0	32186	32776	38376	
15310	0	32136	32796	38376	
15311	0	32072	32800	38396	
15312	0	32024	32774	38398	
15313	0	31968	32776	38353	
15314	0	31908	32799	38344	
15315	0	31864	32773	38352	
15316	0	31808	32764	38361	
15317	0	31753	32776	38372	
15318	0	31700	32768	38364	
15319	0	31652	32756	38344	
15320	0	31600	32768	38377	
15321	0	31544	32768	38364	
15322	0	31500	32784	38360	
15323	0	31448	32784	38356	
15324	0	31396	32776	38360	
15325	0	31350	32752	38360	
15326	0	31304	32772	38356	
15327	0	31256	32778	38336	
15328	0	31204	32764	38352	
15329	0	31161	32784	38357	
15330	0	31124	32749	38356	
15331	0	31072	32793	38372	
15332	0	31028	32784	38360	
15333	0	30980	32800	38372	
15334	0	30936	32782	38360	
15335	0	30889	32780	38368	
15336	0	30848	32768	38376	
15337	0	30812	32756	38372	
15338	0	30768	32749	38340	
15339	0	30724	32772	38384	
15340	0	30680	32760	38372	
15341	0	30636	32764	38368	
15342	0	30600	32756	38344	
15343	0	30560	32768	38365	
15344	0	30520	32780	38372	
15345	0	30480	32748	38340	
15346	0	30436	32768	38404	
15347	0	30400	32784	38376	
15348	0	30361	32754	38348	
15349	0	30320	32744	38365	
15350	0	30284	32756	38360	
15351	0	30248	32768	38380	
15352	0	30208	32772	38409	
15353	0	30168	32768	38364	
15354	0	30124	32751	38353	
15355	0	30100	32736	38324	
15356	0	30060	32740	38336	
15357	0	30024	32732	38364	
15358	0	29988	32752	38356	
15359	0	29956	32754	38340	
15360	0	29916	32725	38352	
15361	0	29888	32756	38332	
15362	0	29852	32744	38352	
15363	0	29812	32756	38368	
15364	0	29772	32756	38380	
15365	0	29740	32736	38349	
15366	0	29708	32756	38372	
15367	0	29672	32730	38352	
15368	0	29636	32728	38352	
15369	0	29608	32740	38356	
15370	0	29576	32728	38377	
15371	0	29541	32748	38388	
15372	0	29508	32764	38352	
15373	0	29480	32722	38383	
15374	0	29445	32744	38312	
15375	0	29416	32730	38333	
15376	0	29384	32736	38384	
15377	0	29348	32736	38388	
15378	0	29324	32728	38344	
15379	0	29288	32730	38336	
15380	0	29264	32724	38340	
15381	0	29232	32745	38344	
15382	0	29204	32761	38356	
15383	0	29180	32720	38388	
15384	0	29148	32722	38420	
15385	0	29112	32732	38364	
15386	0	29092	32748	38332	
15387	0	29064	32744	38340	
15388	0	29032	32724	38365	
15389	0	29008	32708	38336	
15390	0	28986	32724	38356	
15391	0	28952	32732	38330	
15392	0	28929	32724	38317	
15393	0	28904	32704	38356	
15394	0	28880	32708	38348	
15395	0	28853	32736	38332	
15396	0	28824	32704	38336	
15397	0	28800	32748	38372	
15398	0	28781	32721	38364	
15399	0	28756	32757	38365	
15400	0	28732	32720	38360	
15401	0	28712	32724	38308	
15402	0	28688	32712	38372	
15403	0	28669	32748	38356	
15404	0	28645	32708	38346	
15405	0	28624	32709	38360	
15406	0	28604	32720	38356	
15407	0	28576	32732	38356	
15408	0	28561	32732	38305	
15409	0	28537	32736	38364	
15410	0	28520	32722	38356	
15411	0	28505	32706	38324	
15412	0	28484	32692	38380	
15413	0	28464	32720	38336	
15414	0	28448	32728	38348	
15415	0	28424	32732	38321	
15416	0	28405	32716	38324	
15417	0	28380	32708	38345	
15418	0	28376	32700	38352	
15419	0	28348	32712	38356	
15420	0	28334	32736	38336	
15421	0	28308	32704	38372	
15422	0	28296	32744	38336	
15423	0	28284	32736	38360	
15424	0	28260	32716	38360	
15425	0	28248	32714	38328	
15426	0	28236	32688	38368	
15427	0	28212	32720	38340	
15428	0	28196	32732	38348	
15429	0	28180	32736	38312	
15430	0	28164	32720	38356	
15431	0	28156	32708	38329	
15432	0	28136	32680	38348	
15433	0	28124	32704	38328	
15434	0	28109	32700	38336	
15435	0	28092	32700	38340	
15436	0	28080	32712	38346	
15437	0	28064	32732	38344	
15438	0	28052	32720	38344	
15439	0	28036	32732	38369	
15440	0	28012	32720	38360	
15441	0	28012	32708	38357	
15442	0	28000	32692	38376	
15443	0	27984	32704	38352	
15444	0	27968	32720	38388	
15445	0	27960	32704	38308	
15446	0	27944	32708	38372	
15447	0	27934	32685	38368	
15448	0	27914	32668	38368	
15449	0	27904	32672	38344	
15450	0	27892	32665	38340	
15451	0	27884	32681	38332	
15452	0	27864	32690	38344	
15453	0	27852	32704	38296	
15454	0	27840	32688	38348	
15455	0	27829	32704	38336	
15456	0	27820	32712	38352	
15457	0	27804	32704	38376	
15458	0	27796	32706	38340	
15459	0	27784	32716	38364	
15460	0	27770	32720	38348	
15461	0	27756	32704	38340	
15462	0	27752	32716	38352	
15463	0	27732	32733	38344	
15464	0	27716	32716	38344	
15465	0	27712	32705	38336	
15466	0	27700	32698	38345	
15467	0	27688	32688	38360	
15468	0	27676	32696	38316	
15469	0	27676	32690	38336	
15470	0	27656	32700	38344	
15471	0	27648	32676	38340	
15472	0	27640	32688	38376	
15473	0	27628	32697	38348	
15474	0	27616	32688	38340	
15475	0	27608	32712	38352	
15476	0	27608	32712	38368	
15477	0	27600	32724	38348	
15478	0	27585	32692	38344	
15479	0	27578	32682	38348	
15480	0	27572	32701	38340	
15481	0	27564	32680	38368	
15482	0	27556	32676	38384	
15483	0	27552	32712	38328	
15484	0	27540	32669	38344	
15485	0	27532	32677	38356	
15486	0	27536	32697	38372	
15487	0	27520	32684	38372	
15488	0	27516	32696	38336	
15489	0	27519	32709	38324	
15490	0	27512	32692	38344	
15491	0	27506	32708	38344	
15492	0	27500	32720	38390	
15493	0	27492	32716	38377	
15494	0	27489	32696	38364	
15495	0	27492	32696	38368	
15496	0	27490	32704	38340	
15497	0	27501	32692	38320	
15498	0	27488	32706	38348	
15499	0	27488	32700	38332	
15500	0	27480	32692	38352	
15501	0	27480	32680	38344	
15502	0	27480	32680	38388	
15503	0	27480	32681	38340	
15504	0	27481	32704	38356	
15505	0	27484	32702	38348	
15506	0	27480	32689	38320	
15507	0	27484	32672	38368	
15508	0	27477	32728	38364	
15509	0	27488	32672	38376	
15510	0	27484	32729	38348	
15511	0	27484	32692	38333	
15512	0	27488	32684	38360	
15513	0	27488	32692	38352	
15514	0	27488	32680	38380	
15515	0	27496	32696	38340	
15516	0	27496	32688	38336	
15517	0	27500	32696	38320	
15518	0	27508	32676	38320	
15519	0	27516	32704	38308	
15520	0	27516	32684	38336	
15521	0	27516	32712	38336	
15522	0	27520	32704	38352	
15523	0	27536	32712	38328	
15524	0	27532	32697	38356	
15525	0	27544	32681	38368	
15526	0	27552	32688	38396	
15527	0	27556	32692	38332	
15528	0	27556	32684	38392	
15529	0	27564	32700	38344	
15530	0	27572	32684	38384	
15531	0	27580	32712	38344	
15532	0	27582	32685	38328	
15533	0	27585	32656	38344	
15534	0	27592	32685	38356	
15535	0	27600	32688	38336	
15536	0	27604	32680	38312	
15537	0	27612	32704	38312	
15538	0	27621	32700	38336	
15539	0	27632	32700	38328	
15540	0	27636	32712	38336	
15541	0	27652	32672	38348	
15542	0	27656	32712	38356	
15543	0	27664	32708	38336	
15544	0	27668	32704	38376	
15545	0	27684	32716	38336	
15546	0	27688	32696	38332	
15547	0	27700	32681	38368	
15548	0	27706	32668	38336	
15549	0	27716	32700	38360	
15550	0	27724	32680	38356	
15551	0	27736	32680	38352	
15552	0	27748	32680	38356	
15553	0	27753	32692	38368	
15554	0	27768	32692	38336	
15555	0	27780	32712	38344	
15556	0	27784	32684	38348	
15557	0	27796	32716	38340	
15558	0	27810	32720	38328	
15559	0	27816	32704	38364	
15560	0	27828	32696	38356	
15561	0	27837	32696	38336	
15562	0	27856	32696	38360	
15563	0	27864	32688	38320	
15564	0	27872	32680	38352	
15565	0	27884	32697	38332	
15566	0	27896	32688	38332	
15567	0	27905	32704	38336	
15568	0	27924	32688	38356	
15569	0	27936	32696	38340	
15570	0	27945	32684	38344	
15571	0	27960	32664	38345	
15572	0	27968	32700	38352	
15573	0	27982	32684	38336	
15574	0	27996	32704	38336	
15575	0	28004	32684	38364	
15576	0	28020	32696	38356	
15577	0	28028	32688	38353	
15578	0	28040	32716	38324	
15579	0	28064	32692	38352	
15580	0	28068	32692	38336	
15581	0	28084	32712	38350	
15582	0	28092	32712	38348	
15583	0	28108	32708	38341	
15584	0	28121	32708	38328	
15585	0	28136	32676	38352	
15586	0	28144	32704	38336	
15587	0	28156	32686	38348	
15588	0	28168	32714	38332	
15589	0	28176	32704	38356	
15590	0	28192	32716	38336	
15591	0	28205	32740	38348	
15592	0	28216	32724	38346	
15593	0	28224	32712	38328	
15594	0	28248	32704	38336	
15595	0	28252	32720	38332	
15596	0	28265	32692	38348	
15597	0	28280	32684	38348	
15598	0	28292	32692	38340	
15599	0	28292	32700	38340	
15600	0	28316	32712	38352	
15601	0	28320	32716	38308	
15602	0	28336	32720	38328	
15603	0	28352	32712	38320	
15604	0	28357	32709	38324	
15605	0	28376	32680	38328	
15606	0	28384	32692	38336	
15607	0	28392	32712	38300	
15608	0	28408	32700	38332	
15609	0	28416	32704	38336	
15610	0	28424	32713	38341	
15611	0	28436	32696	38324	
15612	0	28452	32697	38308	
15613	0	28460	32736	38324	
15614	0	28464	32732	38308	
15615	0	28488	32696	38332	
15616	0	28500	32696	38348	
15617	0	28505	32720	38320	
15618	0	28517	32704	38316	
15619	0	28524	32700	38324	
15620	0	28540	32716	38308	
15621	0	28544	32716	38320	
15622	0	28556	32720	38324	
15623	0	28564	32712	38304	
15624	0	28576	32704	38328	
15625	0	28585	32736	38292	
15626	0	28596	32712	38350	
15627	0	28601	32712	38364	
15628	0	28620	32696	38328	
15629	0	28632	32704	38344	
15630	0	28640	32690	38364	
15631	0	28645	32704	38332	
15632	0	28656	32697	38324	
15633	0	28668	32692	38345	
15634	0	28676	32728	38353	
15635	0	28684	32732	38348	
15636	0	28700	32720	38352	
15637	0	28708	32698	38332	
15638	0	28720	32724	38344	
15639	0	28728	32724	38332	
15640	0	28741	32684	38348	
15641	0	28746	32712	38336	
15642	0	28764	32716	38308	
15643	0	28772	32708	38336	
15644	0	28780	32717	38340	
15645	0	28788	32708	38336	
15646	0	28800	32712	38352	
15647	0	28808	32720	38360	
15648	0	28817	32716	38332	
15649	0	28832	32692	38304	
15650	0	28844	32708	38324	
15651	0	28856	32704	38360	
15652	0	28868	32712	38372	
15653	0	28880	32724	38312	
15654	0	28892	32732	38352	
15655	0	28904	32720	38336	
15656	0	28920	32713	38340	
15657	0	28924	32704	38328	
15658	0	28936	32708	38316	
15659	0	28953	32700	38356	
15660	0	28964	32704	38348	
15661	0	28976	32737	38328	
15662	0	28996	32732	38316	
15663	0	29012	32704	38352	
15664	0	29024	32716	38364	
15665	0	29029	32696	38336	
15666	0	29048	32716	38328	
15667	0	29060	32714	38340	
15668	0	29072	32706	38352	
15669	0	29088	32708	38328	
15670	0	29100	32704	38348	
15671	0	29118	32712	38336	
15672	0	29128	32688	38352	
15673	0	29141	32696	38280	
15674	0	29156	32704	38314	
15675	0	29172	32696	38336	
15676	0	29188	32672	38336	
15677	0	29208	32688	38360	
15678	0	29224	32704	38348	
15679	0	29229	32724	38312	
15680	0	29253	32676	38308	
15681	0	29264	32700	38300	
15682	0	29272	32704	38336	
15683	0	29292	32708	38324	
15684	0	29312	32692	38304	
15685	0	29332	32688	38340	
15686	0	29348	32692	38332	
15687	0	29360	32696	38312	
15688	0	29376	32721	38320	
15689	0	29390	32720	38320	
15690	0	29408	32701	38304	
15691	0	29421	32704	38297	
15692	0	29441	32676	38316	
15693	0	29456	32704	38301	
15694	0	29472	32696	38320	
15695	0	29488	32699	38336	
15696	0	29504	32704	38312	
15697	0	29516	32696	38320	
15698	0	29532	32701	38324	
15699	0	29552	32712	38332	
15700	0	29565	32712	38320	
15701	0	29590	32716	38341	
15702	0	29596	32712	38357	
15703	0	29612	32684	38352	
15704	0	29632	32709	38336	
15705	0	29652	32720	38336	
15706	0	29664	32736	38348	
15707	0	29668	32732	38344	
15708	0	29696	32712	38372	
15709	0	29712	32732	38344	
15710	0	29728	32708	38348	
15711	0	29741	32724	38328	
15712	0	29760	32716	38320	
15713	0	29776	32716	38304	
15714	0	29788	32725	38316	
15715	0	29812	32724	38316	
15716	0	29822	32702	38324	
15717	0	29840	32693	38364	
15718	0	29860	32709	38340	
15719	0	29880	32722	38320	
15720	0	29889	32729	38328	
15721	0	29904	32752	38376	
15722	0	29924	32740	38372	
15723	0	29944	32716	38364	
15724	0	29960	32736	38324	
15725	0	29980	32728	38332	
15726	0	30002	32720	38324	
15727	0	30016	32708	38332	
15728	0	30036	32708	38332	
15729	0	30056	32684	38324	
15730	0	30076	32712	38312	
15731	0	30096	32736	38336	
15732	0	30112	32704	38348	
15733	0	30129	32728	38328	
15734	0	30160	32716	38312	
15735	0	30178	32708	38332	
15736	0	30212	32744	38336	
15737	0	30228	32740	38336	
15738	0	30244	32744	38360	
15739	0	30276	32760	38360	
15740	0	30300	32764	38352	
15741	0	30320	32741	38324	
15742	0	30344	32744	38352	
15743	0	30369	32720	38300	
15744	0	30396	32724	38337	
15745	0	30424	32721	38313	
15746	0	30440	32716	38324	
15747	0	30472	32704	38310	
15748	0	30512	32720	38312	
15749	0	30536	32754	38292	
15750	0	30560	32744	38332	
15751	0	30596	32756	38340	
15752	0	30616	32729	38372	
15753	0	30649	32768	38364	
15754	0	30680	32744	38368	
15755	0	30710	32736	38368	
15756	0	30752	32724	38328	
15757	0	30776	32756	38352	
15758	0	30812	32756	38333	
15759	0	30848	32732	38352	
15760	0	30884	32720	38348	
15761	0	30917	32756	38340	
15762	0	30948	32744	38349	
15763	0	30990	32740	38304	
15764	0	31020	32744	38324	
15765	0	31060	32772	38356	
15766	0	31096	32772	38340	
15767	0	31140	32761	38332	
15768	0	31188	32776	38356	
15769	0	31216	32788	38372	
15770	0	31264	32774	38376	
15771	0	31304	32764	38360	
15772	0	31348	32792	38364	
15773	0	31384	32796	38332	
15774	0	31432	32776	38384	
15775	0	31476	32760	38360	
15776	0	31516	32756	38336	
15777	0	31560	32761	38296	
15778	0	31609	32732	38336	
15779	0	31653	32748	38316	
15780	0	31704	32772	38368	
15781	0	31748	32784	38368	
15782	0	31796	32752	38336	
15783	0	31845	32752	38336	
15784	0	31896	32772	38344	
15785	0	31937	32776	38344	
15786	0	31993	32800	38340	
15787	0	32040	32784	38352	
15788	0	32096	32761	38344	
15789	0	32149	32760	38373	
15790	0	32200	32752	38352	
15791	0	32248	32764	38320	
15792	0	32296	32748	38328	
15793	0	32353	32736	38329	
15794	0	32405	32760	38292	
15795	0	32456	32750	38328	
15796	0	32516	32760	38352	
15797	0	32569	32748	38336	
15798	0	32624	32736	38336	
15799	0	32673	32776	38341	
15800	0	32741	32770	38360	
15801	0	32789	32760	38340	
15802	0	32848	32746	38353	
15803	0	32897	32768	38368	
15804	0	32952	32768	38378	
15805	0	33012	32784	38404	
15806	0	33068	32756	38373	
15807	0	33120	32744	38352	
15808	0	33180	32744	38312	
15809	0	33232	32760	38329	
15810	0	33292	32728	38384	
15811	0	33352	32740	38324	
15812	0	33400	32724	38304	
15813	0	33464	32753	38308	
15814	0	33516	32756	38340	
15815	0	33568	32748	38332	
15816	0	33628	32740	38302	
15817	0	33688	32724	38340	
15818	0	33748	32728	38340	
15819	0	33804	32720	38332	
15820	0	33856	32732	38340	
15821	0	33912	32744	38314	
15822	0	33964	32756	38324	
15823	0	34025	32768	38357	
15824	0	34077	32772	38361	
15825	0	34140	32764	38376	
15826	0	34188	32740	38352	
15827	0	34241	32760	38368	
15828	0	34304	32740	38344	
15829	0	34360	32700	38356	
15830	0	34412	32713	38332	
15831	0	34472	32736	38352	
15832	0	34528	32714	38368	
15833	0	34584	32716	38336	
15834	0	34632	32672	38312	
15835	0	34689	32689	38288	
15836	0	34748	32680	38337	
15837	0	34796	32684	38316	
15838	0	34852	32660	38340	
15839	0	34904	32677	38360	
15840	0	34964	32712	38332	
15841	0	35016	32688	38340	
15842	0	35068	32656	38336	
15843	0	35120	32668	38360	
15844	0	35172	32692	38328	
15845	0	35232	32696	38356	
15846	0	35280	32696	38332	
15847	0	35332	32648	38312	
15848	0	35386	32648	38316	
15849	0	35440	32660	38324	
15850	0	35492	32644	38308	
15851	0	35548	32656	38336	
15852	0	35600	32658	38348	
15853	0	35656	32656	38348	
15854	0	35700	32641	38328	
15855	0	35756	32608	38320	
15856	0	35804	32620	38340	
15857	0	35860	32601	38332	
15858	0	35904	32584	38336	
15859	0	35964	32612	38328	
15860	0	36008	32601	38364	
15861	0	36060	32608	38361	
15862	0	36116	32580	38322	
15863	0	36160	32596	38336	
15864	0	36204	32608	38392	
15865	0	36260	32632	38372	
15866	0	36308	32594	38384	
15867	0	36357	32548	38340	
15868	0	36412	32548	38345	
15869	0	36456	32552	38338	
15870	0	36504	32544	38336	
15871	0	36552	32540	38332	
15872	0	36600	32520	38292	
15873	0	36652	32532	38300	
15874	0	36700	32512	38320	
15875	0	36744	32508	38312	
15876	0	36792	32517	38360	
15877	0	36840	32521	38320	
15878	0	36896	32495	38344	
15879	0	36936	32508	38344	
15880	0	36978	32504	38372	
15881	0	37028	32504	38372	
15882	0	37076	32476	38345	
15883	0	37112	32480	38332	
15884	0	37168	32516	38320	
15885	0	37208	32528	38305	
15886	0	37256	32508	38332	
15887	0	37296	32488	38364	
15888	0	37336	32492	38320	
15889	0	37384	32448	38320	
15890	0	37436	32464	38320	
15891	0	37468	32441	38328	
15892	0	37508	32444	38328	
15893	0	37552	32468	38296	
15894	0	37604	32432	38348	
15895	0	37644	32440	38296	
15896	0	37681	32456	38356	
15897	0	37728	32472	38348	
15898	0	37764	32468	38360	
15899	0	37808	32436	38368	
15900	0	37848	32448	38336	
15901	0	37884	32444	38344	
15902	0	37924	32424	38328	
15903	0	37964	32420	38344	
15904	0	38000	32408	38364	
15905	0	38048	32409	38312	
15906	0	38081	32400	38364	
15907	0	38120	32404	38344	
15908	0	38148	32404	38352	
15909	0	38192	32429	38344	
15910	0	38232	32421	38324	
15911	0	38272	32424	38356	
15912	0	38312	32416	38324	
15913	0	38344	32420	38320	
15914	0	38376	32404	38368	
15915	0	38412	32400	38320	
15916	0	38448	32372	38340	
15917	0	38480	32384	38341	
15918	0	38524	32398	38304	
15919	0	38556	32380	38336	
15920	0	38592	32388	38344	
15921	0	38620	32388	38324	
15922	0	38663	32372	38320	
15923	0	38684	32380	38356	
15924	0	38724	32392	38348	
15925	0	38756	32400	38336	
15926	0	38784	32400	38356	
15927	0	38812	32396	38340	
15928	0	38848	32400	38332	
15929	0	38880	32392	38364	
15930	0	38908	32408	38368	
15931	0	38936	32400	38364	
15932	0	38965	32384	38364	
15933	0	39000	32368	38352	
15934	0	39032	32384	38348	
15935	0	39056	32384	38336	
15936	0	39086	32396	38340	
15937	0	39116	32376	38361	
15938	0	39144	32352	38360	
15939	0	39168	32364	38364	
15940	0	39200	32372	38332	
15941	0	39220	32396	38365	
15942	0	39248	32380	38368	
15943	0	39273	32389	38324	
15944	0	39305	32384	38324	
15945	0	39328	32396	38360	
15946	0	39356	32396	38349	
15947	0	39368	32392	38340	
15948	0	39401	32420	38356	
15949	0	39432	32385	38304	
15950	0	39452	32376	38357	
15951	0	39472	32368	38372	
15952	0	39496	32380	38330	
15953	0	39513	32361	38312	
15954	0	39540	32353	38352	
15955	0	39560	32392	38357	
15956	0	39584	32392	38368	
15957	0	39600	32392	38320	
15958	0	39624	32384	38316	
15959	0	39636	32372	38344	
15960	0	39660	32364	38346	
15961	0	39680	32385	38316	
15962	0	39696	32384	38313	
15963	0	39716	32384	38312	
15964	0	39736	32373	38313	
15965	0	39748	32352	38336	
15966	0	39772	32376	38348	
15967	0	39792	32388	38352	
15968	0	39796	32384	38360	
15969	0	39812	32372	38336	
15970	0	39832	32396	38328	
15971	0	39844	32372	38340	
15972	0	39860	32381	38336	
15973	0	39872	32396	38318	
15974	0	39884	32378	38353	
15975	0	39892	32384	38340	
15976	0	39908	32384	38372	
15977	0	39916	32394	38352	
15978	0	39936	32388	38360	
15979	0	39940	32396	38328	
15980	0	39952	32400	38360	
15981	0	39964	32401	38368	
15982	0	39972	32364	38364	
15983	0	39980	32369	38292	
15984	0	39984	32384	38348	
15985	0	39996	32368	38336	
15986	0	40004	32370	38332	
15987	0	40004	32372	38340	
15988	0	40012	32357	38340	
15989	0	40009	32376	38328	
15990	0	40020	32373	38324	
15991	0	40028	32372	38356	
15992	0	40028	32360	38329	
15993	0	40032	32364	38312	
15994	0	40032	32389	38344	
15995	0	40036	32384	38364	
15996	0	40028	32380	38340	
15997	0	40036	32392	38340	
15998	0	40028	32384	38344	
15999	0	40028	32400	38349	
16000	0	40024	32396	38324	
16001	0	40020	32384	38364	
16002	0	40016	32448	38348	
16003	0	40012	32328	38268	
16004	0	40008	32385	38416	
16005	0	40004	32372	38360	
16006	0	39996	32396	38308	
16007	0	39984	32361	38356	
16008	0	39984	32396	38352	
16009	0	39968	32376	38324	
16010	0	39960	32380	38344	
16011	0	39952	32372	38356	
16012	0	39936	32380	38368	
16013	0	39929	32388	38360	
16014	0	39916	32380	38376	
16015	0	39912	32376	38380	
16016	0	39900	32365	38360	
16017	0	39876	32384	38352	
16018	0	39864	32388	38336	
16019	0	39848	32380	38364	
16020	0	39828	32397	38372	
16021	0	39808	32380	38352	
16022	0	39796	32384	38345	
16023	0	39780	32368	38350	
16024	0	39760	32377	38356	
16025	0	39748	32376	38348	
16026	0	39720	32352	38316	
16027	0	39708	32380	38352	
16028	0	39684	32384	38364	
16029	0	39660	32364	38325	
16030	0	39636	32387	38352	
16031	0	39628	32385	38348	
16032	0	39592	32376	38368	
16033	0	39568	32385	38365	
16034	0	39544	32396	38356	
16035	0	39524	32385	38324	
16036	0	39496	32368	38345	
16037	0	39472	32380	38385	
16038	0	39448	32376	38360	
16039	0	39420	32377	38333	
16040	0	39384	32408	38320	
16041	0	39364	32392	38292	
16042	0	39324	32380	38328	
16043	0	39300	32369	38332	
16044	0	39276	32364	38320	
16045	0	39248	32388	38308	
16046	0	39212	32388	38332	
16047	0	39184	32388	38332	
16048	0	39144	32384	38336	
16049	0	39112	32380	38356	
16050	0	39076	32396	38368	
16051	0	39052	32392	38348	
16052	0	39016	32372	38356	
16053	0	38984	32377	38348	
16054	0	38944	32412	38320	
16055	0	38912	32360	38352	
16056	0	38864	32404	38316	
16057	0	38832	32406	38328	
16058	0	38796	32394	38356	
16059	0	38756	32412	38344	
16060	0	38732	32408	38372	
16061	0	38696	32400	38356	
16062	0	38648	32404	38388	
16063	0	38628	32400	38368	
16064	0	38573	32408	38364	
16065	0	38532	32408	38336	
16066	0	38492	32400	38340	
16067	0	38456	32416	38364	
16068	0	38408	32388	38352	
16069	0	38368	32396	38341	
16070	0	38328	32420	38316	
16071	0	38292	32416	38336	
16072	0	38248	32420	38360	
16073	0	38201	32404	38340	
16074	0	38160	32428	38324	
16075	0	38120	32432	38332	
16076	0	38068	32428	38328	
16077	0	38028	32412	38336	
16078	0	37988	32441	38324	
16079	0	37940	32430	38332	
16080	0	37892	32424	38332	
16081	0	37852	32456	38352	
16082	0	37809	32449	38356	
16083	0	37760	32456	38368	
16084	0	37720	32484	38356	
16085	0	37676	32488	38373	
16086	0	37632	32464	38380	
16087	0	37576	32460	38344	
16088	0	37540	32464	38368	
16089	0	37485	32484	38380	
16090	0	37444	32488	38336	
16091	0	37396	32484	38336	
16092	0	37352	32528	38332	
16093	0	37309	32508	38348	
16094	0	37260	32528	38324	
16095	0	37216	32520	38320	
16096	0	37164	32520	38320	
16097	0	37112	32480	38320	
16098	0	37072	32488	38308	
16099	0	37020	32476	38312	
16100	0	36976	32485	38384	
16101	0	36928	32524	38328	
16102	0	36872	32512	38344	
16103	0	36825	32564	38368	
16104	0	36776	32580	38356	
16105	0	36720	32568	38360	
16106	0	36684	32556	38350	
16107	0	36636	32540	38364	
16108	0	36584	32545	38324	
16109	0	36532	32540	38312	
16110	0	36484	32556	38364	
16111	0	36436	32560	38324	
16112	0	36384	32565	38324	
16113	0	36333	32588	38368	
16114	0	36296	32596	38336	
16115	0	36240	32600	38348	
16116	0	36192	32616	38353	
16117	0	36144	32616	38340	
16118	0	36096	32612	38348	
16119	0	36040	32596	38336	
16120	0	36004	32596	38340	
16121	0	35941	32580	38380	
16122	0	35894	32608	38336	
16123	0	35840	32608	38360	
16124	0	35800	32660	38324	
16125	0	35753	32644	38344	
16126	0	35704	32648	38344	
16127	0	35648	32672	38320	
16128	0	35608	32644	38360	
16129	0	35552	32677	38348	
16130	0	35508	32676	38320	
16131	0	35456	32692	38360	
16132	0	35408	32649	38329	
16133	0	35364	32668	38348	
16134	0	35308	32704	38348	
16135	0	35268	32688	38368	
16136	0	35212	32705	38336	
16137	0	35172	32708	38332	
16138	0	35116	32704	38348	
16139	0	35068	32676	38333	
16140	0	35016	32696	38360	
16141	0	34973	32692	38364	
16142	0	34924	32688	38341	
16143	0	34880	32712	38317	
16144	0	34828	32696	38336	
16145	0	34784	32702	38336	
16146	0	34720	32736	38336	
16147	0	34688	32729	38356	
16148	0	34640	32732	38308	
16149	0	34584	32736	38360	
16150	0	34536	32736	38352	
16151	0	34496	32704	38372	
16152	0	34448	32720	38344	
16153	0	34397	32728	38336	
16154	0	34348	32752	38312	
16155	0	34298	32744	38352	
16156	0	34248	32760	38336	
16157	0	34200	32752	38324	
16158	0	34149	32752	38360	
16159	0	34108	32740	38332	
16160	0	34056	32760	38344	
16161	0	34004	32756	38332	
16162	0	33958	32756	38300	
16163	0	33908	32736	38344	
16164	0	33879	32760	38321	
16165	0	33816	32769	38360	
16166	0	33760	32780	38332	
16167	0	33720	32768	38352	
16168	0	33664	32768	38356	
16169	0	33620	32784	38380	
16170	0	33568	32753	38356	
16171	0	33520	32761	38372	
16172	0	33476	32788	38361	
16173	0	33420	32769	38324	
16174	0	33376	32772	38344	
16175	0	33320	32776	38364	
16176	0	33270	32768	38337	
16177	0	33220	32776	38344	
16178	0	33173	32756	38360	
16179	0	33120	32764	38368	
16180	0	33072	32756	38352	
16181	0	33020	32760	38340	
16182	0	32972	32748	38348	
16183	0	32924	32760	38356	
16184	0	32880	32773	38360	
16185	0	32828	32780	38340	
16186	0	32768	32785	38368	
16187	0	32728	32764	38372	
16188	0	32676	32776	38352	
16189	0	32620	32772	38357	
16190	0	32572	32785	38348	
16191	0	32528	32744	38352	
16192	0	32476	32768	38328	
16193	0	32416	32776	38348	
16194	0	32368	32780	38356	
16195	0	32313	32769	38380	
16196	0	32265	32788	38349	
16197	0	32216	32772	38389	
16198	0	32168	32788	38316	
16199	0	32116	32768	38368	
16200	0	32064	32784	38372	
16201	0	32016	32812	38340	
16202	0	31964	32784	38390	
16203	0	31912	32800	38360	
16204	0	31864	32776	38356	
16205	0	31812	32768	38336	
16206	0	31770	32796	38340	
16207	0	31712	32764	38357	
16208	0	31668	32768	38340	
16209	0	31614	32780	38360	
16210	0	31564	32764	38328	
16211	0	31516	32764	38324	
16212	0	31464	32786	38328	
16213	0	31420	32778	38344	
16214	0	31372	32776	38316	
16215	0	31324	32756	38348	
16216	0	31272	32760	38320	
16217	0	31232	32757	38352	
16218	0	31172	32772	38356	
16219	0	31128	32784	38332	
16220	0	31088	32788	38364	
16221	0	31032	32780	38372	
16222	0	30986	32772	38368	
16223	0	30944	32757	38364	
16224	0	30896	32764	38364	
16225	0	30852	32768	38336	
16226	0	30808	32772	38328	
16227	0	30761	32756	38332	
16228	0	30709	32752	38372	
16229	0	30664	32756	38364	
16230	0	30624	32744	38352	
16231	0	30580	32760	38340	
16232	0	30528	32758	38352	
16233	0	30484	32750	38348	
16234	0	30440	32744	38341	
16235	0	30393	32800	38336	
16236	0	30352	32768	38336	
16237	0	30312	32756	38340	
16238	0	30268	32736	38348	
16239	0	30220	32773	38348	
16240	0	30176	32752	38336	
16241	0	30136	32745	38364	
16242	0	30096	32756	38356	
16243	0	30052	32766	38372	
16244	0	30008	32740	38348	
16245	0	29968	32732	38368	
16246	0	29924	32764	38348	
16247	0	29884	32736	38340	
16248	0	29836	32741	38312	
16249	0	29800	32753	38328	
16250	0	29764	32736	38352	
16251	0	29724	32736	38360	
16252	0	29680	32749	38341	
16253	0	29641	32736	38336	
16254	0	29600	32740	38340	
16255	0	29560	32736	38361	
16256	0	29521	32744	38348	
16257	0	29484	32728	38324	
16258	0	29436	32732	38336	
16259	0	29400	32760	38320	
16260	0	29360	32740	38329	
16261	0	29328	32757	38348	
16262	0	29280	32752	38372	
16263	0	29244	32756	38400	
16264	0	29212	32704	38312	
16265	0	29180	32728	38320	
16266	0	29136	32716	38364	
16267	0	29088	32720	38304	
16268	0	29052	32704	38296	
16269	0	29020	32736	38312	
16270	0	28984	32704	38336	
16271	0	28948	32720	38336	
16272	0	28908	32756	38344	
16273	0	28880	32724	38332	
16274	0	28840	32714	38356	
16275	0	28804	32720	38314	
16276	0	28768	32712	38364	
16277	0	28736	32716	38356	
16278	0	28700	32696	38348	
16279	0	28658	32704	38348	
16280	0	28625	32716	38340	
16281	0	28596	32720	38324	
16282	0	28556	32708	38332	
16283	0	28524	32708	38344	
16284	0	28492	32704	38346	
16285	0	28460	32712	38358	
16286	0	28428	32716	38320	
16287	0	28388	32712	38348	
16288	0	28364	32704	38344	
16289	0	28332	32720	38344	
16290	0	28300	32704	38312	
16291	0	28272	32716	38316	
16292	0	28244	32720	38340	
16293	0	28208	32688	38352	
16294	0	28180	32696	38356	
16295	0	28152	32696	38336	
16296	0	28124	32700	38348	
16297	0	28096	32720	38336	
16298	0	28072	32680	38388	
16299	0	28044	32704	38357	
16300	0	28016	32704	38376	
16301	0	28000	32716	38348	
16302	0	27968	32712	38360	
16303	0	27940	32696	38364	
16304	0	27916	32712	38329	
16305	0	27892	32712	38336	
16306	0	27868	32694	38352	
16307	0	27848	32712	38336	
16308	0	27828	32696	38348	
16309	0	27800	32697	38344	
16310	0	27780	32684	38336	
16311	0	27757	32696	38324	
16312	0	27744	32690	38332	
16313	0	27720	32704	38316	
16314	0	27692	32700	38328	
16315	0	27680	32716	38344	
16316	0	27660	32712	38337	
16317	0	27636	32704	38360	
16318	0	27622	32712	38360	
16319	0	27604	32696	38364	
16320	0	27584	32700	38344	
16321	0	27576	32688	38336	
16322	0	27552	32708	38316	
16323	0	27532	32692	38364	
16324	0	27522	32676	38344	
16325	0	27504	32676	38368	
16326	0	27492	32700	38356	
16327	0	27472	32666	38360	
16328	0	27461	32681	38360	
16329	0	27448	32692	38345	
16330	0	27434	32692	38304	
16331	0	27420	32696	38301	
16332	0	27412	32673	38350	
16333	0	27396	32704	38336	
16334	0	27380	32704	38348	
16335	0	27365	32697	38340	
16336	0	27364	32704	38348	
16337	0	27344	32692	38333	
16338	0	27336	32688	38356	
16339	0	27326	32692	38340	
16340	0	27308	32688	38344	
16341	0	27300	32693	38332	
16342	0	27288	32688	38348	
16343	0	27281	32672	38360	
16344	0	27268	32696	38340	
16345	0	27261	32684	38296	
16346	0	27256	32688	38328	
16347	0	27244	32696	38328	
16348	0	27220	32704	38352	
16349	0	27220	32684	38364	
16350	0	27220	32673	38384	
16351	0	27204	32649	38368	
16352	0	27192	32720	38320	
16353	0	27192	32708	38320	
16354	0	27176	32692	38336	
16355	0	27164	32680	38364	
16356	0	27162	32668	38356	
16357	0	27154	32672	38344	
16358	0	27146	32673	38360	
16359	0	27136	32672	38360	
16360	0	27128	32672	38360	
16361	0	27117	32688	38332	
16362	0	27108	32660	38340	
16363	0	27100	32676	38352	
16364	0	27090	32696	38324	
16365	0	27088	32696	38304	
16366	0	27072	32694	38364	
16367	0	27080	32680	38348	
16368	0	27068	32680	38344	
16369	0	27060	32660	38340	
16370	0	27052	32684	38332	
16371	0	27052	32672	38332	
16372	0	27040	32672	38313	
16373	0	27032	32684	38344	
16374	0	27032	32680	38316	
16375	0	27024	32684	38312	
16376	0	27008	32684	38344	
16377	0	27006	32708	38352	
16378	0	27008	32708	38344	
16379	0	27008	32668	38356	
16380	0	27000	32681	38344	
16381	0	26996	32660	38380	
16382	0	26988	32680	38364	
16383	0	26984	32680	38328	
16384	0	26977	32672	38336	
16385	0	26976	32714	38329	
16386	0	26980	32664	38352	
16387	0	26972	32692	38316	
16388	0	26976	32664	38368	
16389	0	26966	32672	38336	
16390	0	26968	32672	38316	
16391	0	26964	32696	38317	
16392	0	26956	32700	38364	
16393	0	26956	32680	38345	
16394	0	26960	32704	38376	
16395	0	26960	32676	38372	
16396	0	26960	32704	38368	
16397	0	26954	32692	38352	
16398	0	26948	32692	38329	
16399	0	26949	32676	38340	
16400	0	26948	32692	38361	
16401	0	26952	32692	38356	
16402	0	26956	32669	38336	
16403	0	26948	32668	38348	
16404	0	26952	32701	38380	
16405	0	26957	32657	38328	
16406	0	26957	32689	38372	
16407	0	26964	32677	38316	
16408	0	26964	32688	38364	
16409	0	26964	32677	38368	
16410	0	26968	32685	38328	
16411	0	26964	32684	38340	
16412	0	26968	32696	38324	
16413	0	26968	32688	38312	
16414	0	26972	32696	38352	
16415	0	26980	32676	38372	
16416	0	26982	32676	38344	
16417	0	26980	32660	38336	
16418	0	26992	32676	38356	
16419	0	26993	32692	38320	
16420	0	27000	32696	38300	
16421	0	27000	32712	38328	
16422	0	27012	32688	38345	
16423	0	27016	32717	38353	
16424	0	27014	32672	38360	
16425	0	27021	32688	38344	
16426	0	27028	32684	38336	
16427	0	27032	32701	38332	
16428	0	27040	32700	38328	
16429	0	27041	32700	38348	
16430	0	27048	32672	38316	
16431	0	27055	32700	38352	
16432	0	27065	32700	38308	
16433	0	27069	32704	38328	
16434	0	27072	32672	38340	
16435	0	27084	32672	38336	
16436	0	27088	32657	38352	
16437	0	27092	32684	38324	
16438	0	27100	32700	38340	
16439	0	27116	32688	38356	
16440	0	27116	32704	38368	
16441	0	27124	32696	38364	
16442	0	27128	32688	38372	
16443	0	27144	32688	38348	
16444	0	27144	32712	38352	
16445	0	27153	32712	38368	
16446	0	27168	32716	38348	
16447	0	27172	32706	38340	
16448	0	27176	32672	38357	
16449	0	27193	32680	38356	
16450	0	27192	32680	38364	
16451	0	27208	32696	38332	
16452	0	27208	32677	38318	
16453	0	27224	32676	38352	
16454	0	27232	32697	38348	
16455	0	27244	32689	38304	
16456	0	27252	32704	38348	
16457	0	27264	32676	38368	
16458	0	27276	32700	38360	
16459	0	27276	32688	38336	
16460	0	27288	32690	38356	
16461	0	27300	32717	38344	
16462	0	27309	32696	38352	
16463	0	27324	32705	38364	
16464	0	27328	32697	38316	
16465	0	27340	32704	38376	
16466	0	27352	32698	38360	
16467	0	27357	32680	38352	
16468	0	27380	32677	38348	
16469	0	27389	32692	38336	
16470	0	27408	32673	38336	
16471	0	27414	32700	38336	
16472	0	27424	32720	38328	
16473	0	27436	32684	38368	
16474	0	27444	32705	38336	
16475	0	27464	32688	38368	
16476	0	27468	32700	38344	
16477	0	27490	32700	38356	
16478	0	27501	32716	38336	
16479	0	27517	32692	38352	
16480	0	27524	32696	38348	
16481	0	27536	32672	38348	
16482	0	27552	32696	38320	
16483	0	27572	32704	38320	
16484	0	27584	32700	38330	
16485	0	27598	32692	38332	
16486	0	27616	32700	38312	
16487	0	27628	32696	38336	
16488	0	27648	32716	38344	
16489	0	27660	32682	38344	
16490	0	27680	32704	38328	
16491	0	27692	32720	38368	
16492	0	27708	32728	38340	
16493	0	27724	32720	38328	
16494	0	27736	32712	38348	
16495	0	27758	32728	38336	
16496	0	27760	32700	38320	
16497	0	27788	32708	38332	
16498	0	27804	32712	38328	
16499	0	27820	32684	38340	
16500	0	27836	32700	38332	
16501	0	27852	32712	38352	
16502	0	27872	32704	38352	
16503	0	27892	32704	38381	
16504	0	27900	32704	38346	
16505	0	27916	32704	38340	
16506	0	27936	32720	38336	
16507	0	27952	32724	38348	
16508	0	27965	32724	38348	
16509	0	27984	32704	38336	
16510	0	28000	32712	38356	
16511	0	28012	32708	38356	
16512	0	28032	32692	38344	
16513	0	28052	32716	38352	
16514	0	28064	32708	38317	
16515	0	28078	32704	38312	
16516	0	28096	32724	38312	
16517	0	28113	32728	38340	
16518	0	28132	32716	38340	
16519	0	28145	32712	38332	
16520	0	28160	32692	38348	
16521	0	28184	32736	38344	
16522	0	28200	32721	38312	
16523	0	28208	32724	38344	
16524	0	28236	32712	38336	
16525	0	28252	32720	38372	
16526	0	28268	32732	38348	
16527	0	28284	32736	38308	
16528	0	28304	32728	38308	
16529	0	28320	32750	38336	
16530	0	28336	32724	38368	
16531	0	28353	32700	38336	
16532	0	28372	32720	38340	
16533	0	28384	32744	38336	
16534	0	28404	32736	38344	
16535	0	28424	32692	38356	
16536	0	28440	32700	38344	
16537	0	28460	32736	38318	
16538	0	28480	32740	38336	
16539	0	28497	32712	38364	
16540	0	28512	32708	38324	
16541	0	28528	32724	38336	
16542	0	28552	32712	38304	
16543	0	28560	32741	38324	
16544	0	28581	32709	38345	
16545	0	28608	32712	38332	
16546	0	28624	32716	38332	
16547	0	28640	32705	38332	
16548	0	28652	32712	38345	
16549	0	28673	32732	38344	
16550	0	28700	32716	38336	
16551	0	28716	32724	38304	
16552	0	28733	32720	38348	
16553	0	28760	32724	38380	
16554	0	28768	32736	38336	
16555	0	28788	32712	38324	
16556	0	28808	32732	38353	
16557	0	28833	32736	38320	
16558	0	28844	32748	38324	
16559	0	28856	32736	38340	
16560	0	28884	32740	38360	
16561	0	28900	32728	38332	
16562	0	28920	32728	38304	
16563	0	28940	32704	38344	
16564	0	28956	32736	38312	
16565	0	28977	32712	38328	
16566	0	28996	32734	38332	
16567	0	29016	32732	38344	
16568	0	29030	32724	38352	
16569	0	29048	32708	38348	
16570	0	29065	32716	38324	
16571	0	29088	32728	38312	
16572	0	29096	32720	38316	
16573	0	29120	32708	38324	
16574	0	29136	32716	38300	
16575	0	29152	32736	38320	
16576	0	29172	32720	38356	
16577	0	29196	32740	38348	
16578	0	29209	32736	38348	
16579	0	29224	32753	38364	
16580	0	29250	32760	38348	
16581	0	29260	32721	38336	
16582	0	29280	32744	38320	
16583	0	29304	32736	38312	
16584	0	29317	32732	38348	
16585	0	29333	32737	38272	
16586	0	29352	32728	38332	
16587	0	29368	32748	38316	
16588	0	29393	32724	38332	
16589	0	29404	32720	38333	
16590	0	29421	32712	38368	
16591	0	29442	32713	38340	
16592	0	29464	32728	38352	
16593	0	29474	32724	38340	
16594	0	29496	32732	38324	
16595	0	29516	32720	38330	
16596	0	29528	32736	38356	
16597	0	29544	32737	38368	
16598	0	29561	32749	38316	
16599	0	29576	32737	38340	
16600	0	29600	32728	38348	
16601	0	29609	32716	38364	
16602	0	29632	32720	38337	
16603	0	29648	32726	38336	
16604	0	29670	32744	38336	
16605	0	29680	32736	38301	
16606	0	29700	32745	38336	
16607	0	29720	32760	38336	
16608	0	29737	32736	38348	
16609	0	29760	32745	38316	
16610	0	29764	32744	38368	
16611	0	29784	32740	38368	
16612	0	29804	32741	38324	
16613	0	29824	32752	38348	
16614	0	29836	32750	38336	
16615	0	29857	32721	38356	
16616	0	29872	32744	38364	
16617	0	29892	32736	38360	
16618	0	29912	32768	38328	
16619	0	29920	32748	38336	
16620	0	29941	32728	38360	
16621	0	29960	32736	38340	
16622	0	29984	32746	38326	
16623	0	29992	32738	38348	
16624	0	30010	32738	38312	
16625	0	30032	32752	38338	
16626	0	30045	32764	38308	
16627	0	30060	32745	38320	
16628	0	30081	32746	38360	
16629	0	30092	32744	38364	
16630	0	30112	32760	38332	
16631	0	30128	32737	38324	
16632	0	30140	32756	38348	
16633	0	30160	32749	38356	
16634	0	30176	32760	38360	
16635	0	30192	32744	38345	
16636	0	30212	32749	38336	
16637	0	30232	32732	38352	
16638	0	30244	32737	38328	
16639	0	30264	32756	38336	
16640	0	30276	32760	38316	
16641	0	30292	32748	38328	
16642	0	30304	32736	38340	
16643	0	30316	32749	38308	
16644	0	30332	32748	38332	
16645	0	30348	32788	38340	
16646	0	30368	32744	38344	
16647	0	30384	32744	38336	
16648	0	30384	32736	38344	
16649	0	30420	32738	38336	
16650	0	30432	32746	38324	
16651	0	30448	32768	38356	
16652	0	30457	32764	38344	
16653	0	30476	32733	38340	
16654	0	30490	32748	38344	
16655	0	30514	32749	38324	
16656	0	30524	32762	38336	
16657	0	30538	32732	38344	
16658	0	30556	32756	38312	
16659	0	30576	32728	38300	
16660	0	30589	32752	38348	
16661	0	30600	32756	38308	
16662	0	30613	32760	38336	
16663	0	30636	32736	38364	
16664	0	30649	32772	38344	
16665	0	30664	32740	38328	
16666	0	30676	32749	38336	
16667	0	30696	32756	38348	
16668	0	30708	32748	38360	
16669	0	30728	32772	38337	
16670	0	30740	32744	38348	
16671	0	30756	32736	38344	
16672	0	30776	32728	38333	
16673	0	30784	32740	38348	
16674	0	30808	32740	38322	
16675	0	30824	32752	38348	
16676	0	30837	32756	38344	
16677	0	30856	32756	38344	
16678	0	30868	32781	38344	
16679	0	30892	32736	38332	
16680	0	30904	32744	38356	
16681	0	30916	32736	38364	
16682	0	30936	32752	38337	
16683	0	30960	32792	38336	
16684	0	30972	32761	38324	
16685	0	30992	32718	38352	
16686	0	31008	32730	38340	
16687	0	31016	32732	38320	
16688	0	31040	32744	38322	
16689	0	31060	32733	38360	
16690	0	31072	32728	38304	
16691	0	31088	32736	38336	
16692	0	31112	32744	38336	
16693	0	31132	32752	38320	
16694	0	31144	32724	38308	
16695	0	31168	32744	38372	
16696	0	31184	32728	38312	
16697	0	31202	32752	38356	
16698	0	31220	32749	38336	
16699	0	31236	32737	38312	
16700	0	31260	32744	38288	
16701	0	31284	32749	38336	
16702	0	31300	32725	38312	
16703	0	31320	32728	38336	
16704	0	31336	32732	38300	
16705	0	31360	32745	38336	
16706	0	31384	32736	38328	
16707	0	31408	32760	38324	
16708	0	31424	32732	38320	
16709	0	31448	32727	38348	
16710	0	31468	32748	38340	
16711	0	31488	32756	38353	
16712	0	31512	32729	38348	
16713	0	31546	32752	38352	
16714	0	31564	32748	38376	
16715	0	31584	32736	38357	
16716	0	31600	32732	38368	
16717	0	31636	32740	38328	
16718	0	31656	32741	38332	
16719	0	31681	32744	38308	
16720	0	31708	32732	38320	
16721	0	31737	32736	38332	
16722	0	31760	32712	38368	
16723	0	31788	32736	38308	
16724	0	31816	32732	38316	
16725	0	31841	32720	38328	
16726	0	31876	32736	38341	
16727	0	31900	32721	38336	
16728	0	31928	32716	38316	
16729	0	31962	32736	38336	
16730	0	31992	32776	38336	
16731	0	32024	32732	38336	
16732	0	32056	32724	38324	
16733	0	32084	32724	38352	
16734	0	32124	32730	38352	
16735	0	32152	32713	38365	
16736	0	32192	32720	38344	
16737	0	32220	32720	38328	
16738	0	32256	32716	38350	
16739	0	32292	32721	38349	
16740	0	32336	32721	38336	
16741	0	32368	32732	38352	
16742	0	32409	32720	38360	
16743	0	32448	32716	38328	
16744	0	32488	32720	38320	
16745	0	32521	32729	38344	
16746	0	32556	32724	38348	
16747	0	32592	32736	38340	
16748	0	32648	32716	38340	
16749	0	32672	32720	38344	
16750	0	32720	32712	38317	
16751	0	32768	32688	38332	
16752	0	32808	32684	38336	
16753	0	32848	32692	38352	
16754	0	32896	32705	38328	
16755	0	32940	32684	38336	
16756	0	32984	32672	38348	
16757	0	33024	32700	38320	
16758	0	33068	32700	38352	
16759	0	33121	32684	38344	
16760	0	33164	32688	38336	
16761	0	33204	32713	38296	
16762	0	33253	32700	38348	
16763	0	33304	32736	38360	
16764	0	33348	32704	38341	
16765	0	33400	32716	38332	
16766	0	33448	32684	38316	
16767	0	33496	32696	38340	
16768	0	33544	32696	38336	
16769	0	33590	32700	38324	
16770	0	33636	32720	38312	
16771	0	33688	32708	38344	
16772	0	33732	32684	38336	
16773	0	33788	32700	38320	
16774	0	33844	32680	38328	
16775	0	33888	32688	38344	
16776	0	33936	32684	38357	
16777	0	33992	32672	38360	
16778	0	34036	32672	38328	
16779	0	34080	32696	38344	
16780	0	34136	32700	38332	
16781	0	34180	32696	38328	
16782	0	34236	32680	38356	
16783	0	34285	32688	38352	
16784	0	34341	32668	38317	
16785	0	34385	32660	38328	
16786	0	34440	32660	38330	
16787	0	34492	32636	38320	
16788	0	34540	32620	38346	
16789	0	34592	32648	38336	
16790	0	34640	32668	38328	
16791	0	34696	32645	38364	
16792	0	34736	32644	38368	
16793	0	34792	32660	38344	
16794	0	34840	32640	38332	
16795	0	34892	32624	38352	
16796	0	34936	32652	38325	
16797	0	34988	32645	38340	
16798	0	35040	32625	38344	
16799	0	35096	32648	38340	
16800	0	35144	32632	38360	
16801	0	35196	32654	38380	
16802	0	35240	32665	38357	
16803	0	35284	32617	38348	
16804	0	35337	32589	38320	
16805	0	35392	32580	38340	
16806	0	35432	32580	38336	
16807	0	35484	32588	38340	
16808	0	35536	32588	38336	
16809	0	35584	32572	38352	
16810	0	35640	32588	38332	
16811	0	35680	32576	38348	
16812	0	35720	32592	38344	
16813	0	35768	32580	38344	
16814	0	35816	32608	38312	
16815	0	35861	32564	38356	
16816	0	35912	32556	38372	
16817	0	35948	32540	38344	
16818	0	36000	32536	38328	
16819	0	36036	32545	38316	
16820	0	36084	32568	38332	
16821	0	36128	32544	38360	
16822	0	36176	32525	38356	
16823	0	36220	32553	38320	
16824	0	36264	32548	38340	
16825	0	36304	32525	38348	
16826	0	36352	32489	38312	
16827	0	36388	32492	38324	
16828	0	36432	32496	38325	
16829	0	36472	32512	38292	
16830	0	36512	32505	38320	
16831	0	36556	32504	38352	
16832	0	36600	32544	38344	
16833	0	36636	32512	38344	
16834	0	36676	32520	38348	
16835	0	36720	32513	38344	
16836	0	36760	32500	38352	
16837	0	36794	32532	38333	
16838	0	36832	32492	38340	
16839	0	36868	32452	38352	
16840	0	36912	32437	38348	
16841	0	36952	32448	38320	
16842	0	36993	32441	38352	
16843	0	37024	32440	38313	
16844	0	37064	32444	38332	
16845	0	37100	32448	38328	
16846	0	37140	32432	38336	
16847	0	37172	32442	38336	
16848	0	37216	32448	38340	
16849	0	37244	32469	38320	
16850	0	37284	32420	38324	
16851	0	37316	32500	38332	
16852	0	37352	32508	38376	
16853	0	37392	32448	38380	
16854	0	37413	32433	38361	
16855	0	37450	32416	38360	
16856	0	37484	32424	38332	
16857	0	37520	32440	38336	
16858	0	37552	32432	38348	
16859	0	37580	32428	38348	
16860	0	37620	32424	38364	
16861	0	37656	32417	38344	
16862	0	37680	32452	38328	
16863	0	37724	32448	38308	
16864	0	37752	32432	38332	
16865	0	37780	32412	38344	
16866	0	37812	32420	38312	
16867	0	37840	32416	38348	
16868	0	37868	32436	38312	
16869	0	37912	32400	38360	
16870	0	37932	32376	38353	
16871	0	37973	32380	38356	
16872	0	38000	32384	38344	
16873	0	38032	32385	38312	
16874	0	38056	32388	38344	
16875	0	38088	32392	38324	
16876	0	38116	32389	38340	
16877	0	38148	32376	38324	
16878	0	38176	32384	38328	
16879	0	38200	32384	38300	
16880	0	38232	32369	38348	
16881	0	38268	32372	38364	
16882	0	38292	32361	38336	
16883	0	38316	32368	38316	
16884	0	38352	32380	38312	
16885	0	38372	32384	38332	
16886	0	38404	32360	38336	
16887	0	38424	32352	38340	
16888	0	38448	32364	38361	
16889	0	38484	32364	38360	
16890	0	38500	32372	38320	
16891	0	38524	32368	38336	
16892	0	38552	32364	38360	
16893	0	38573	32364	38344	
16894	0	38600	32356	38336	
16895	0	38624	32381	38360	
16896	0	38652	32344	38344	
16897	0	38664	32344	38328	
16898	0	38696	32332	38320	
16899	0	38712	32324	38320	
16900	0	38732	32344	38316	
16901	0	38764	32344	38288	
16902	0	38772	32332	38320	
16903	0	38796	32344	38320	
16904	0	38816	32364	38344	
16905	0	38832	32360	38308	
16906	0	38852	32336	38332	
16907	0	38873	32340	38312	
16908	0	38892	32332	38352	
16909	0	38905	32352	38324	
16910	0	38924	32336	38288	
16911	0	38936	32324	38356	
16912	0	38960	32332	38352	
16913	0	38976	32333	38344	
16914	0	39000	32324	38280	
16915	0	39008	32332	38306	
16916	0	39024	32328	38316	
16917	0	39036	32336	38324	
16918	0	39056	32320	38352	
16919	0	39060	32349	38328	
16920	0	39076	32348	38320	
16921	0	39096	32348	38344	
16922	0	39104	32320	38344	
16923	0	39124	32344	38336	
16924	0	39136	32352	38372	
16925	0	39148	32352	38336	
16926	0	39148	32340	38356	
16927	0	39176	32352	38376	
16928	0	39176	32348	38384	
16929	0	39188	32357	38344	
16930	0	39216	32320	38336	
16931	0	39212	32340	38337	
16932	0	39224	32348	38308	
16933	0	39240	32332	38361	
16934	0	39252	32348	38312	
16935	0	39256	32344	38380	
16936	0	39264	32348	38324	
16937	0	39273	32336	38336	
16938	0	39280	32352	38336	
16939	0	39288	32320	38336	
16940	0	39296	32336	38336	
16941	0	39312	32356	38360	
16942	0	39320	32325	38356	
16943	0	39328	32349	38336	
16944	0	39336	32350	38360	
16945	0	39344	32356	38320	
16946	0	39348	32344	38352	
16947	0	39356	32356	38320	
16948	0	39360	32351	38329	
16949	0	39368	32352	38320	
16950	0	39376	32336	38317	
16951	0	39384	32324	38336	
16952	0	39388	32340	38336	
16953	0	39388	32352	38324	
16954	0	39400	32340	38348	
16955	0	39400	32340	38360	
16956	0	39408	32352	38356	
16957	0	39416	32352	38364	
16958	0	39420	32328	38352	
16959	0	39424	32332	38364	
16960	0	39436	32320	38360	
16961	0	39436	32332	38352	
16962	0	39444	32324	38357	
16963	0	39444	32330	38328	
16964	0	39448	32324	38348	
16965	0	39444	32328	38336	
16966	0	39460	32324	38352	
16967	0	39464	32312	38348	
16968	0	39460	32336	38352	
16969	0	39468	32344	38336	
16970	0	39468	32308	38336	
16971	0	39472	32344	38328	
16972	0	39488	32324	38294	
16973	0	39476	32336	38328	
16974	0	39480	32340	38357	
16975	0	39480	32344	38360	
16976	0	39480	32360	38400	
16977	0	39480	32316	38356	
16978	0	39482	32305	38304	
16979	0	39484	32328	38300	
16980	0	39480	32356	38332	
16981	0	39484	32304	38360	
16982	0	39477	32312	38356	
16983	0	39480	32336	38358	
16984	0	39476	32336	38360	
16985	0	39476	32320	38324	
16986	0	39472	32332	38312	
16987	0	39468	32348	38348	
16988	0	39468	32372	38336	
16989	0	39466	32320	38304	
16990	0	39456	32320	38344	
16991	0	39460	32338	38364	
16992	0	39456	32316	38336	
16993	0	39452	32332	38333	
16994	0	39440	32334	38376	
16995	0	39436	32344	38320	
16996	0	39428	32324	38312	
16997	0	39428	32324	38320	
16998	0	39424	32324	38312	
16999	0	39412	32330	38332	
17000	0	39404	32340	38345	
17001	0	39396	32320	38336	
17002	0	39392	32332	38348	
17003	0	39392	32316	38336	
17004	0	39372	32316	38352	
17005	0	39376	32321	38336	
17006	0	39356	32312	38344	
17007	0	39346	32328	38312	
17008	0	39340	32322	38324	
17009	0	39340	32332	38344	
17010	0	39325	32336	38356	
17011	0	39312	32340	38317	
17012	0	39304	32332	38336	
17013	0	39296	32333	38320	
17014	0	39280	32332	38312	
17015	0	39276	32325	38336	
17016	0	39264	32332	38320	
17017	0	39257	32333	38340	
17018	0	39236	32344	38344	
17019	0	39232	32332	38332	
17020	0	39224	32324	38344	
17021	0	39208	32345	38361	
17022	0	39196	32320	38356	
17023	0	39188	32332	38364	
17024	0	39168	32320	38332	
17025	0	39156	32329	38324	
17026	0	39148	32316	38346	
17027	0	39140	32308	38360	
17028	0	39120	32308	38320	
17029	0	39116	32300	38284	
17030	0	39104	32300	38328	
17031	0	39084	32293	38324	
17032	0	39078	32332	38324	
17033	0	39072	32328	38340	
17034	0	39056	32284	38320	
17035	0	39032	32312	38264	
17036	0	39028	32322	38276	
17037	0	39012	32308	38313	
17038	0	39004	32312	38304	
17039	0	38980	32317	38336	
17040	0	38968	32340	38320	
17041	0	38960	32348	38320	
17042	0	38944	32328	38400	
17043	0	38928	32312	38320	
17044	0	38916	32288	38328	
17045	0	38896	32350	38372	
17046	0	38884	32348	38393	
17047	0	38872	32332	38352	
17048	0	38852	32340	38296	
17049	0	38848	32340	38332	
17050	0	38828	32344	38332	
17051	0	38812	32320	38316	
17052	0	38808	32308	38328	
17053	0	38780	32317	38296	
17054	0	38768	32320	38324	
17055	0	38752	32293	38288	
17056	0	38736	32292	38308	
17057	0	38724	32284	38312	
17058	0	38696	32300	38280	
17059	0	38692	32289	38316	
17060	0	38680	32320	38320	
17061	0	38660	32336	38312	
17062	0	38652	32320	38320	
17063	0	38629	32336	38348	
17064	0	38604	32320	38357	
17065	0	38588	32317	38357	
17066	0	38569	32316	38316	
17067	0	38560	32308	38332	
17068	0	38544	32301	38328	
17069	0	38528	32332	38320	
17070	0	38501	32336	38320	
17071	0	38492	32320	38340	
17072	0	38468	32328	38308	
17073	0	38452	32324	38328	
17074	0	38432	32344	38320	
17075	0	38412	32336	38320	
17076	0	38396	32340	38324	
17077	0	38376	32360	38320	
17078	0	38356	32344	38333	
17079	0	38337	32360	38306	
17080	0	38312	32352	38344	
17081	0	38296	32336	38336	
17082	0	38272	32336	38368	
17083	0	38252	32356	38352	
17084	0	38232	32358	38348	
17085	0	38208	32320	38336	
17086	0	38184	32308	38324	
17087	0	38156	32340	38320	
17088	0	38144	32352	38312	
17089	0	38116	32328	38344	
17090	0	38104	32344	38340	
17091	0	38076	32348	38300	
17092	0	38060	32360	38320	
17093	0	38024	32341	38365	
17094	0	38004	32357	38313	
17095	0	37984	32352	38300	
17096	0	37968	32348	38304	
17097	0	37932	32316	38344	
17098	0	37912	32352	38368	
17099	0	37884	32392	38336	
17100	0	37856	32357	38322	
17101	0	37829	32372	38336	
17102	0	37805	32384	38336	
17103	0	37780	32380	38336	
17104	0	37748	32386	38336	
17105	0	37720	32392	38336	
17106	0	37704	32384	38316	
17107	0	37668	32392	38304	
17108	0	37632	32404	38336	
17109	0	37616	32412	38324	
17110	0	37584	32408	38332	
17111	0	37560	32392	38368	
17112	0	37528	32412	38356	
17113	0	37496	32389	38352	
17114	0	37468	32392	38337	
17115	0	37445	32376	38360	
17116	0	37408	32400	38296	
17117	0	37384	32388	38344	
17118	0	37352	32448	38320	
17119	0	37317	32420	38336	
17120	0	37280	32424	38336	
17121	0	37252	32434	38308	
17122	0	37228	32441	38336	
17123	0	37192	32432	38328	
17124	0	37164	32428	38328	
17125	0	37132	32416	38328	
17126	0	37096	32400	38332	
17127	0	37064	32388	38324	
17128	0	37032	32464	38336	
17129	0	37004	32448	38356	
17130	0	36968	32416	38364	
17131	0	36932	32388	38348	
17132	0	36896	32432	38336	
17133	0	36868	32440	38336	
17134	0	36820	32468	38337	
17135	0	36800	32456	38336	
17136	0	36764	32456	38316	
17137	0	36720	32476	38328	
17138	0	36685	32465	38340	
17139	0	36656	32452	38332	
17140	0	36616	32436	38373	
17141	0	36576	32476	38340	
17142	0	36540	32500	38344	
17143	0	36512	32488	38324	
17144	0	36468	32485	38328	
17145	0	36432	32498	38308	
17146	0	36396	32469	38336	
17147	0	36352	32484	38340	
17148	0	36312	32533	38292	
17149	0	36272	32540	38328	
17150	0	36232	32552	38312	
17151	0	36192	32549	38292	
17152	0	36152	32552	38308	
17153	0	36108	32538	38320	
17154	0	36069	32536	38332	
17155	0	36032	32552	38336	
17156	0	35984	32544	38301	
17157	0	35941	32529	38344	
17158	0	35904	32568	38308	
17159	0	35852	32556	38336	
17160	0	35808	32584	38348	
17161	0	35756	32601	38348	
17162	0	35716	32616	38336	
17163	0	35668	32616	38348	
17164	0	35616	32592	38368	
17165	0	35581	32604	38336	
17166	0	35528	32604	38344	
17167	0	35493	32605	38312	
17168	0	35440	32600	38356	
17169	0	35388	32632	38336	
17170	0	35340	32608	38340	
17171	0	35292	32608	38344	
17172	0	35244	32629	38304	
17173	0	35192	32625	38336	
17174	0	35137	32656	38316	
17175	0	35084	32641	38304	
17176	0	35037	32612	38308	
17177	0	34988	32632	38325	
17178	0	34936	32621	38336	
17179	0	34880	32640	38332	
17180	0	34828	32656	38304	
17181	0	34780	32704	38348	
17182	0	34724	32708	38328	
17183	0	34672	32696	38364	
17184	0	34624	32700	38364	
17185	0	34564	32680	38352	
17186	0	34520	32682	38348	
17187	0	34460	32700	38352	
17188	0	34408	32708	38352	
17189	0	34352	32680	38324	
17190	0	34296	32684	38348	
17191	0	34236	32704	38344	
17192	0	34188	32692	38325	
17193	0	34136	32680	38344	
17194	0	34080	32676	38316	
17195	0	34028	32681	38320	
17196	0	33964	32680	38324	
17197	0	33916	32677	38336	
17198	0	33860	32688	38360	
17199	0	33812	32692	38316	
17200	0	33752	32712	38320	
17201	0	33696	32713	38341	
17202	0	33638	32724	38364	
17203	0	33588	32712	38344	
17204	0	33536	32720	38340	
17205	0	33480	32741	38344	
17206	0	33424	32750	38344	
17207	0	33373	32721	38360	
17208	0	33324	32704	38352	
17209	0	33264	32748	38364	
17210	0	33216	32748	38364	
17211	0	33160	32716	38348	
17212	0	33104	32700	38340	
17213	0	33057	32692	38356	
17214	0	33008	32696	38336	
17215	0	32952	32704	38341	
17216	0	32893	32692	38312	
17217	0	32840	32724	38312	
17218	0	32796	32716	38346	
17219	0	32736	32733	38332	
17220	0	32684	32724	38336	
17221	0	32640	32728	38372	
17222	0	32592	32712	38364	
17223	0	32544	32740	38308	
17224	0	32492	32724	38368	
17225	0	32436	32736	38380	
17226	0	32386	32728	38320	
17227	0	32340	32714	38336	
17228	0	32288	32748	38329	
17229	0	32236	32712	38316	
17230	0	32188	32736	38312	
17231	0	32142	32740	38308	
17232	0	32093	32740	38341	
17233	0	32044	32728	38328	
17234	0	31992	32720	38312	
17235	0	31944	32760	38324	
17236	0	31904	32724	38356	
17237	0	31852	32712	38328	
17238	0	31812	32756	38336	
17239	0	31764	32757	38364	
17240	0	31716	32745	38392	
17241	0	31672	32752	38361	
17242	0	31624	32728	38364	
17243	0	31573	32728	38320	
17244	0	31528	32736	38316	
17245	0	31489	32725	38340	
17246	0	31436	32724	38352	
17247	0	31392	32716	38328	
17248	0	31352	32708	38337	
17249	0	31302	32728	38364	
17250	0	31260	32698	38348	
17251	0	31212	32712	38324	
17252	0	31172	32708	38328	
17253	0	31124	32724	38340	
17254	0	31088	32708	38344	
17255	0	31036	32705	38340	
17256	0	30988	32720	38332	
17257	0	30945	32716	38352	
17258	0	30906	32716	38357	
17259	0	30861	32736	38340	
17260	0	30816	32749	38316	
17261	0	30784	32708	38328	
17262	0	30732	32728	38340	
17263	0	30688	32733	38324	
17264	0	30644	32712	38336	
17265	0	30608	32692	38328	
17266	0	30564	32677	38328	
17267	0	30520	32689	38336	
17268	0	30480	32692	38304	
17269	0	30436	32700	38308	
17270	0	30388	32720	38268	
17271	0	30345	32712	38352	
17272	0	30304	32713	38328	
17273	0	30260	32704	38356	
17274	0	30228	32736	38312	
17275	0	30180	32704	38334	
17276	0	30144	32712	38364	
17277	0	30100	32732	38344	
17278	0	30068	32716	38332	
17279	0	30016	32676	38316	
17280	0	29976	32704	38332	
17281	0	29944	32700	38340	
17282	0	29892	32716	38336	
17283	0	29853	32676	38320	
17284	0	29812	32704	38316	
17285	0	29776	32688	38312	
17286	0	29740	32700	38320	
17287	0	29689	32680	38320	
17288	0	29656	32693	38296	
17289	0	29620	32684	38312	
17290	0	29582	32664	38328	
17291	0	29544	32664	38337	
17292	0	29504	32684	38316	
17293	0	29472	32706	38324	
17294	0	29424	32681	38357	
17295	0	29388	32697	38356	
17296	0	29348	32688	38340	
17297	0	29324	32688	38340	
17298	0	29284	32692	38345	
17299	0	29240	32664	38317	
17300	0	29212	32668	38332	
17301	0	29173	32652	38320	
17302	0	29145	32640	38336	
17303	0	29108	32668	38324	
17304	0	29068	32676	38328	
17305	0	29037	32669	38300	
17306	0	29004	32688	38328	
17307	0	28969	32684	38320	
17308	0	28940	32672	38312	
17309	0	28912	32688	38364	
17310	0	28880	32661	38324	
17311	0	28840	32688	38324	
17312	0	28812	32689	38322	
17313	0	28788	32664	38336	
17314	0	28761	32670	38340	
17315	0	28725	32677	38356	
17316	0	28704	32697	38360	
17317	0	28676	32629	38344	
17318	0	28640	32656	38308	
17319	0	28617	32672	38328	
17320	0	28584	32668	38324	
17321	0	28564	32660	38340	
17322	0	28536	32653	38336	
17323	0	28513	32676	38328	
17324	0	28485	32657	38304	
17325	0	28464	32676	38284	
17326	0	28444	32673	38324	
17327	0	28408	32652	38336	
17328	0	28388	32665	38312	
17329	0	28369	32656	38352	
17330	0	28348	32668	38316	
17331	0	28324	32672	38332	
17332	0	28296	32680	38288	
17333	0	28280	32672	38328	
17334	0	28252	32676	38304	
17335	0	28232	32669	38324	
17336	0	28217	32647	38341	
17337	0	28196	32652	38333	
17338	0	28172	32672	38336	
17339	0	28148	32676	38336	
17340	0	28132	32646	38336	
17341	0	28112	32640	38328	
17342	0	28092	32636	38348	
17343	0	28068	32648	38348	
17344	0	28053	32652	38356	
17345	0	28048	32636	38320	
17346	0	28017	32636	38320	
17347	0	27997	32629	38320	
17348	0	27985	32632	38333	
17349	0	27960	32664	38312	
17350	0	27944	32664	38316	
17351	0	27924	32636	38328	
17352	0	27912	32668	38332	
17353	0	27900	32648	38304	
17354	0	27876	32640	38360	
17355	0	27868	32632	38328	
17356	0	27848	32640	38316	
17357	0	27828	32676	38312	
17358	0	27812	32660	38316	
17359	0	27796	32632	38312	
17360	0	27784	32640	38328	
17361	0	27768	32640	38317	
17362	0	27760	32660	38348	
17363	0	27744	32640	38324	
17364	0	27726	32637	38320	
17365	0	27712	32640	38321	
17366	0	27706	32621	38320	
17367	0	27692	32640	38324	
17368	0	27676	32637	38316	
17369	0	27669	32646	38308	
17370	0	27649	32668	38304	
17371	0	27636	32636	38329	
17372	0	27624	32637	38328	
17373	0	27616	32656	38320	
17374	0	27602	32640	38340	
17375	0	27596	32640	38343	
17376	0	27584	32628	38320	
17377	0	27576	32640	38320	
17378	0	27560	32636	38345	
17379	0	27556	32648	38300	
17380	0	27548	32652	38332	
17381	0	27540	32640	38320	
17382	0	27525	32632	38348	
17383	0	27524	32640	38336	
17384	0	27508	32644	38340	
17385	0	27504	32624	38372	
17386	0	27493	32620	38308	
17387	0	27489	32634	38316	
17388	0	27484	32646	38320	
17389	0	27474	32632	38352	
17390	0	27468	32636	38344	
17391	0	27462	32620	38324	
17392	0	27460	32612	38316	
17393	0	27452	32621	38352	
17394	0	27444	32614	38344	
17395	0	27440	32628	38356	
17396	0	27434	32640	38324	
17397	0	27436	32624	38336	
17398	0	27432	32616	38324	
17399	0	27424	32648	38320	
17400	0	27424	32640	38322	
17401	0	27416	32640	38320	
17402	0	27416	32632	38320	
17403	0	27412	32608	38336	
17404	0	27412	32620	38324	
17405	0	27402	32636	38312	
17406	0	27408	32644	38332	
17407	0	27400	32616	38348	
17408	0	27404	32605	38340	
17409	0	27404	32640	38308	
17410	0	27396	32624	38340	
17411	0	27396	32652	38348	
17412	0	27396	32644	38352	
17413	0	27392	32648	38356	
17414	0	27388	32632	38356	
17415	0	27396	32608	38340	
17416	0	27388	32640	38340	
17417	0	27396	32604	38308	
17418	0	27396	32629	38308	
17419	0	27392	32628	38316	
17420	0	27392	32620	38324	
17421	0	27392	32612	38340	
17422	0	27400	32616	38340	
17423	0	27392	32624	38316	
17424	0	27400	32624	38316	
17425	0	27396	32609	38332	
17426	0	27396	32628	38296	
17427	0	27402	32632	38312	
17428	0	27392	32628	38352	
17429	0	27404	32628	38332	
17430	0	27405	32624	38340	
17431	0	27412	32632	38332	
17432	0	27408	32632	38344	
17433	0	27405	32630	38324	
17434	0	27408	32626	38350	
17435	0	27412	32631	38336	
17436	0	27413	32638	38320	
17437	0	27404	32620	38293	
17438	0	27416	32617	38313	
17439	0	27420	32620	38320	
17440	0	27417	32644	38336	
17441	0	27425	32652	38304	
17442	0	27428	32628	38340	
17443	0	27424	32624	38340	
17444	0	27425	32628	38316	
17445	0	27434	32632	38336	
17446	0	27428	32628	38332	
17447	0	27432	32613	38332	
17448	0	27432	32596	38316	
17449	0	27436	32633	38328	
17450	0	27440	32648	38312	
17451	0	27436	32620	38328	
17452	0	27436	32624	38301	
17453	0	27440	32636	38320	
17454	0	27440	32616	38336	
17455	0	27440	32608	38332	
17456	0	27448	32612	38316	
17457	0	27444	32600	38308	
17458	0	27448	32622	38300	
17459	0	27452	32613	38292	
17460	0	27452	32648	38320	
17461	0	27456	32628	38328	
17462	0	27452	32609	38324	
17463	0	27453	32628	38324	
17464	0	27456	32637	38336	
17465	0	27456	32624	38328	
17466	0	27456	32624	38336	
17467	0	27457	32648	38304	
17468	0	27461	32632	38308	
17469	0	27460	32608	38336	
17470	0	27464	32628	38330	
17471	0	27473	32620	38332	
17472	0	27460	32636	38344	
17473	0	27464	32620	38336	
17474	0	27468	32636	38356	
17475	0	27472	32640	38296	
17476	0	27476	32620	38312	
17477	0	27488	32621	38304	
17478	0	27476	32640	38296	
17479	0	27480	32616	38304	
17480	0	27484	32625	38320	
17481	0	27485	32616	38328	
17482	0	27484	32621	38304	
17483	0	27492	32628	38324	
17484	0	27489	32624	38332	
17485	0	27492	32620	38320	
17486	0	27496	32624	38340	
17487	0	27496	32636	38344	
17488	0	27500	32636	38332	
17489	0	27504	32644	38316	
17490	0	27504	32628	38312	
17491	0	27509	32624	38310	
17492	0	27512	32640	38304	
17493	0	27517	32636	38316	
17494	0	27520	32636	38320	
17495	0	27521	32626	38306	
17496	0	27524	32620	38328	
17497	0	27536	32640	38328	
17498	0	27538	32629	38332	
17499	0	27532	32640	38328	
17500	0	27540	32633	38332	
17501	0	27549	32640	38324	
17502	0	27552	32610	38336	
17503	0	27552	32608	38308	
17504	0	27556	32621	38336	
17505	0	27564	32648	38328	
17506	0	27564	32624	38332	
17507	0	27566	32652	38316	
17508	0	27576	32636	38324	
17509	0	27580	32640	38324	
17510	0	27580	32652	38320	
17511	0	27588	32622	38340	
17512	0	27596	32632	38360	
17513	0	27604	32629	38333	
17514	0	27604	32621	38312	
17515	0	27613	32620	38292	
17516	0	27620	32620	38296	
17517	0	27620	32616	38324	
17518	0	27632	32628	38318	
17519	0	27632	32636	38328	
17520	0	27640	32636	38312	
17521	0	27644	32643	38304	
17522	0	27654	32644	38304	
17523	0	27658	32656	38320	
17524	0	27672	32648	38304	
17525	0	27676	32629	38368	
17526	0	27680	32654	38344	
17527	0	27684	32652	38304	
17528	0	27688	32648	38348	
17529	0	27700	32664	38340	
17530	0	27712	32644	38344	
17531	0	27716	32644	38332	
17532	0	27716	32616	38324	
17533	0	27724	32640	38324	
17534	0	27732	32640	38329	
17535	0	27741	32672	38304	
17536	0	27744	32640	38316	
17537	0	27753	32621	38312	
17538	0	27768	32640	38313	
17539	0	27772	32640	38344	
17540	0	27772	32628	38340	
17541	0	27784	32620	38328	
17542	0	27784	32642	38316	
17543	0	27796	32660	38344	
17544	0	27805	32654	38308	
17545	0	27805	32640	38282	
17546	0	27812	32640	38324	
17547	0	27824	32640	38317	
17548	0	27826	32640	38344	
17549	0	27828	32668	38348	
17550	0	27840	32652	38361	
17551	0	27840	32656	38356	
17552	0	27856	32652	38336	
17553	0	27860	32652	38328	
17554	0	27868	32652	38332	
17555	0	27876	32652	38392	
17556	0	27880	32656	38328	
17557	0	27881	32632	38304	
17558	0	27896	32640	38336	
17559	0	27904	32652	38348	
17560	0	27912	32673	38352	
17561	0	27916	32672	38408	
17562	0	27929	32677	38328	
17563	0	27929	32680	38340	
17564	0	27944	32684	38360	
17565	0	27948	32660	38380	
17566	0	27960	32676	38336	
17567	0	27961	32660	38336	
17568	0	27970	32668	38356	
17569	0	27980	32661	38328	
17570	0	27988	32664	38336	
17571	0	28000	32660	38328	
17572	0	28006	32676	38346	
17573	0	28009	32660	38328	
17574	0	28024	32652	38316	
17575	0	28036	32660	38312	
17576	0	28048	32628	38308	
17577	0	28048	32668	38340	
17578	0	28056	32660	38336	
17579	0	28064	32660	38324	
17580	0	28072	32637	38328	
17581	0	28092	32656	38344	
17582	0	28096	32656	38308	
17583	0	28105	32672	38324	
17584	0	28104	32681	38344	
17585	0	28120	32658	38326	
17586	0	28128	32664	38356	
17587	0	28136	32688	38368	
17588	0	28152	32672	38356	
17589	0	28160	32669	38312	
17590	0	28176	32644	38332	
17591	0	28185	32672	38344	
17592	0	28188	32672	38324	
17593	0	28205	32656	38328	
17594	0	28212	32672	38320	
17595	0	28220	32680	38332	
17596	0	28228	32660	38292	
17597	0	28250	32672	38336	
17598	0	28256	32660	38353	
17599	0	28256	32668	38337	
17600	0	28276	32676	38320	
17601	0	28288	32672	38337	
17602	0	28305	32668	38312	
17603	0	28312	32668	38336	
17604	0	28320	32672	38332	
17605	0	28340	32660	38312	
17606	0	28352	32661	38340	
17607	0	28365	32664	38304	
17608	0	28377	32668	38324	
17609	0	28388	32656	38304	
17610	0	28408	32684	38304	
17611	0	28420	32696	38320	
17612	0	28448	32660	38356	
17613	0	28456	32672	38344	
17614	0	28468	32672	38356	
17615	0	28488	32652	38349	
17616	0	28501	32664	38356	
17617	0	28520	32640	38328	
17618	0	28536	32640	38360	
17619	0	28552	32660	38344	
17620	0	28568	32665	38320	
17621	0	28588	32672	38328	
17622	0	28608	32660	38320	
17623	0	28621	32672	38316	
17624	0	28644	32665	38348	
17625	0	28660	32681	38336	
17626	0	28688	32664	38352	
17627	0	28716	32696	38336	
17628	0	28728	32666	38368	
17629	0	28753	32684	38320	
17630	0	28780	32692	38344	
17631	0	28801	32701	38336	
17632	0	28832	32680	38340	
17633	0	28849	32701	38340	
17634	0	28877	32677	38304	
17635	0	28901	32668	38332	
17636	0	28932	32688	38320	
17637	0	28960	32648	38328	
17638	0	28986	32680	38340	
17639	0	29024	32673	38324	
17640	0	29046	32672	38332	
17641	0	29084	32676	38328	
17642	0	29116	32668	38324	
17643	0	29144	32676	38368	
17644	0	29177	32668	38380	
17645	0	29212	32700	38316	
17646	0	29248	32688	38332	
17647	0	29280	32684	38328	
17648	0	29324	32692	38312	
17649	0	29360	32688	38332	
17650	0	29400	32648	38336	
17651	0	29440	32664	38308	
17652	0	29480	32680	38308	
17653	0	29517	32712	38304	
17654	0	29560	32652	38336	
17655	0	29596	32684	38304	
17656	0	29648	32704	38332	
17657	0	29692	32712	38320	
17658	0	29736	32725	38329	
17659	0	29781	32688	38333	
17660	0	29828	32705	38332	
17661	0	29876	32676	38320	
17662	0	29920	32681	38336	
17663	0	29968	32681	38384	
17664	0	30024	32688	38336	
17665	0	30068	32696	38336	
17666	0	30120	32704	38336	
17667	0	30172	32720	38320	
17668	0	30224	32692	38300	
17669	0	30272	32686	38316	
17670	0	30328	32704	38336	
17671	0	30377	32688	38316	
17672	0	30444	32712	38340	
17673	0	30496	32696	38336	
17674	0	30548	32708	38282	
17675	0	30600	32716	38336	
17676	0	30657	32744	38320	
17677	0	30713	32741	38336	
17678	0	30772	32736	38320	
17679	0	30829	32720	38345	
17680	0	30892	32724	38332	
17681	0	30944	32716	38348	
17682	0	31012	32712	38336	
17683	0	31064	32732	38344	
17684	0	31128	32701	38324	
17685	0	31176	32716	38328	
17686	0	31248	32736	38340	
17687	0	31304	32716	38324	
17688	0	31360	32732	38296	
17689	0	31420	32712	38340	
17690	0	31480	32708	38296	
17691	0	31548	32688	38332	
17692	0	31604	32729	38336	
17693	0	31668	32708	38336	
17694	0	31724	32720	38288	
17695	0	31788	32712	38300	
17696	0	31856	32697	38316	
17697	0	31908	32748	38344	
17698	0	31976	32732	38336	
17699	0	32036	32729	38332	
17700	0	32100	32720	38356	
17701	0	32160	32736	38332	
17702	0	32224	32728	38312	
17703	0	32284	32716	38318	
17704	0	32332	32732	38328	
17705	0	32404	32732	38356	
17706	0	32464	32736	38369	
17707	0	32528	32708	38350	
17708	0	32584	32716	38372	
17709	0	32648	32728	38300	
17710	0	32716	32732	38308	
17711	0	32772	32724	38316	
17712	0	32832	32708	38324	
17713	0	32896	32720	38308	
17714	0	32960	32704	38320	
17715	0	33024	32692	38329	
17716	0	33080	32709	38320	
17717	0	33140	32700	38336	
17718	0	33192	32728	38340	
17719	0	33264	32716	38344	
17720	0	33324	32696	38328	
17721	0	33377	32716	38336	
17722	0	33440	32708	38332	
17723	0	33497	32724	38324	
17724	0	33564	32696	38336	
17725	0	33620	32716	38340	
17726	0	33676	32728	38340	
17727	0	33736	32724	38360	
17728	0	33796	32700	38318	
17729	0	33856	32694	38364	
17730	0	33912	32728	38332	
17731	0	33973	32692	38317	
17732	0	34028	32690	38312	
17733	0	34084	32680	38352	
17734	0	34152	32692	38336	
17735	0	34208	32684	38336	
17736	0	34256	32712	38348	
17737	0	34316	32669	38324	
17738	0	34372	32652	38324	
17739	0	34424	32677	38332	
17740	0	34480	32684	38328	
17741	0	34536	32680	38336	
17742	0	34592	32656	38356	
17743	0	34652	32684	38328	
17744	0	34700	32652	38348	
17745	0	34756	32672	38344	
17746	0	34816	32644	38356	
17747	0	34868	32656	38348	
17748	0	34921	32632	38328	
17749	0	34972	32648	38336	
17750	0	35028	32628	38364	
17751	0	35080	32640	38336	
17752	0	35128	32649	38304	
17753	0	35184	32668	38352	
17754	0	35232	32656	38328	
17755	0	35284	32652	38348	
17756	0	35336	32621	38340	
17757	0	35392	32628	38336	
17758	0	35432	32624	38336	
17759	0	35488	32625	38316	
17760	0	35536	32596	38326	
17761	0	35574	32624	38273	
17762	0	35632	32620	38320	
17763	0	35685	32620	38301	
17764	0	35740	32588	38316	
17765	0	35788	32612	38312	
17766	0	35840	32565	38300	
17767	0	35876	32552	38316	
17768	0	35924	32560	38304	
17769	0	35976	32553	38340	
17770	0	36013	32581	38368	
17771	0	36060	32572	38336	
17772	0	36104	32552	38381	
17773	0	36157	32576	38336	
17774	0	36200	32570	38328	
17775	0	36244	32568	38344	
17776	0	36284	32588	38338	
17777	0	36328	32577	38352	
17778	0	36372	32548	38368	
17779	0	36416	32517	38349	
17780	0	36452	32524	38312	
17781	0	36500	32544	38332	
17782	0	36544	32524	38368	
17783	0	36580	32536	38337	
17784	0	36620	32536	38336	
17785	0	36664	32520	38320	
17786	0	36712	32517	38288	
17787	0	36740	32516	38340	
17788	0	36788	32488	38356	
17789	0	36820	32516	38332	
17790	0	36864	32472	38356	
17791	0	36904	32471	38342	
17792	0	36940	32484	38328	
17793	0	36980	32476	38344	
17794	0	37016	32464	38360	
17795	0	37048	32464	38361	
17796	0	37080	32464	38328	
17797	0	37120	32462	38352	
17798	0	37152	32477	38340	
17799	0	37192	32480	38312	
17800	0	37224	32492	38328	
17801	0	37256	32500	38344	
17802	0	37292	32496	38353	
17803	0	37324	32500	38368	
17804	0	37352	32472	38341	
17805	0	37380	32440	38344	
17806	0	37420	32453	38308	
17807	0	37452	32456	38345	
17808	0	37484	32448	38332	
17809	0	37508	32448	38356	
17810	0	37540	32448	38348	
17811	0	37568	32445	38316	
17812	0	37600	32420	38328	
17813	0	37628	32452	38340	
17814	0	37648	32448	38380	
17815	0	37684	32448	38352	
17816	0	37708	32444	38336	
17817	0	37740	32452	38336	
17818	0	37764	32437	38336	
17819	0	37780	32452	38300	
17820	0	37820	32444	38300	
17821	0	37844	32436	38328	
17822	0	37864	32432	38332	
17823	0	37892	32408	38336	
17824	0	37912	32420	38332	
17825	0	37940	32408	38336	
17826	0	37964	32416	38340	
17827	0	37986	32404	38336	
17828	0	38004	32388	38336	
17829	0	38040	32396	38344	
17830	0	38048	32408	38324	
17831	0	38076	32412	38304	
17832	0	38092	32408	38332	
17833	0	38108	32417	38328	
17834	0	38133	32408	38316	
17835	0	38152	32412	38308	
17836	0	38176	32428	38320	
17837	0	38192	32412	38293	
17838	0	38212	32409	38320	
17839	0	38228	32409	38332	
17840	0	38248	32404	38344	
17841	0	38272	32412	38330	
17842	0	38280	32432	38346	
17843	0	38300	32392	38360	
17844	0	38316	32432	38317	
17845	0	38328	32412	38340	
17846	0	38352	32365	38304	
17847	0	38369	32400	38324	
17848	0	38384	32428	38344	
17849	0	38400	32402	38316	
17850	0	38424	32416	38328	
17851	0	38440	32365	38328	
17852	0	38444	32392	38296	
17853	0	38464	32384	38364	
17854	0	38472	32388	38337	
17855	0	38488	32376	38336	
17856	0	38508	32412	38344	
17857	0	38520	32368	38348	
17858	0	38536	32382	38332	
17859	0	38548	32384	38312	
17860	0	38560	32372	38328	
17861	0	38572	32396	38320	
17862	0	38576	32396	38345	
17863	0	38605	32360	38344	
17864	0	38616	32372	38304	
17865	0	38628	32372	38344	
17866	0	38632	32392	38360	
17867	0	38656	32346	38332	
17868	0	38668	32348	38304	
17869	0	38672	32369	38348	
17870	0	38685	32384	38352	
17871	0	38700	32376	38320	
17872	0	38704	32380	38336	
17873	0	38716	32372	38328	
17874	0	38728	32384	38360	
17875	0	38733	32388	38336	
17876	0	38752	32373	38368	
17877	0	38752	32361	38340	
17878	0	38764	32360	38288	
17879	0	38784	32380	38280	
17880	0	38784	32385	38336	
17881	0	38792	32380	38352	
17882	0	38804	32376	38336	
17883	0	38816	32364	38316	
17884	0	38817	32372	38332	
17885	0	38824	32377	38348	
17886	0	38828	32372	38352	
17887	0	38832	32381	38340	
17888	0	38837	32372	38316	
17889	0	38848	32380	38344	
17890	0	38848	32356	38348	
17891	0	38864	32370	38344	
17892	0	38857	32388	38328	
17893	0	38868	32364	38348	
17894	0	38880	32360	38336	
17895	0	38872	32352	38352	
17896	0	38880	32364	38344	
17897	0	38880	32360	38328	
17898	0	38877	32352	38325	
17899	0	38884	32368	38336	
17900	0	38884	32372	38352	
17901	0	38884	32372	38304	
17902	0	38884	32370	38344	
17903	0	38896	32385	38316	
17904	0	38888	32360	38360	
17905	0	38884	32360	38364	
17906	0	38884	32364	38368	
17907	0	38885	32384	38356	
17908	0	38876	32384	38305	
17909	0	38880	32396	38324	
17910	0	38880	32385	38332	
17911	0	38876	32388	38337	
17912	0	38872	32368	38304	
17913	0	38868	32364	38328	
17914	0	38864	32360	38320	
17915	0	38848	32376	38324	
17916	0	38856	32360	38344	
17917	0	38848	32352	38349	
17918	0	38832	32388	38356	
17919	0	38832	32360	38348	
17920	0	38824	32372	38356	
17921	0	38813	32372	38344	
17922	0	38812	32369	38332	
17923	0	38804	32368	38308	
17924	0	38788	32364	38340	
17925	0	38768	32376	38320	
17926	0	38764	32372	38360	
17927	0	38752	32372	38340	
17928	0	38748	32380	38352	
17929	0	38728	32377	38372	
17930	0	38716	32392	38328	
17931	0	38708	32377	38353	
17932	0	38700	32378	38344	
17933	0	38676	32384	38344	
17934	0	38668	32388	38312	
17935	0	38652	32376	38332	
17936	0	38624	32360	38340	
17937	0	38608	32381	38348	
17938	0	38600	32380	38332	
17939	0	38580	32392	38324	
17940	0	38564	32384	38328	
17941	0	38544	32388	38330	
17942	0	38524	32360	38340	
17943	0	38504	32384	38340	
17944	0	38484	32368	38360	
17945	0	38460	32388	38328	
17946	0	38448	32385	38332	
17947	0	38428	32408	38332	
17948	0	38404	32384	38325	
17949	0	38380	32416	38352	
17950	0	38360	32425	38336	
17951	0	38336	32388	38316	
17952	0	38316	32396	38312	
17953	0	38285	32394	38332	
17954	0	38272	32416	38320	
17955	0	38240	32420	38368	
17956	0	38216	32408	38361	
17957	0	38188	32396	38340	
17958	0	38168	32416	38332	
17959	0	38136	32410	38312	
17960	0	38116	32420	38320	
17961	0	38084	32424	38348	
17962	0	38052	32412	38352	
17963	0	38028	32408	38305	
17964	0	37996	32400	38349	
17965	0	37968	32408	38340	
17966	0	37936	32416	38352	
17967	0	37908	32412	38360	
17968	0	37880	32440	38340	
17969	0	37848	32440	38344	
17970	0	37816	32444	38324	
17971	0	37780	32456	38328	
17972	0	37748	32460	38328	
17973	0	37720	32428	38348	
17974	0	37676	32492	38316	
17975	0	37652	32460	38332	
17976	0	37616	32460	38353	
17977	0	37572	32458	38348	
17978	0	37544	32468	38328	
17979	0	37513	32452	38346	
17980	0	37476	32484	38348	
17981	0	37440	32448	38340	
17982	0	37404	32456	38328	
17983	0	37368	32504	38292	
17984	0	37332	32484	38336	
17985	0	37292	32513	38328	
17986	0	37256	32492	38340	
17987	0	37217	32513	38308	
17988	0	37180	32512	38320	
17989	0	37152	32489	38320	
17990	0	37104	32464	38344	
17991	0	37072	32496	38320	
17992	0	37028	32500	38356	
17993	0	36992	32500	38352	
17994	0	36957	32488	38356	
17995	0	36920	32488	38312	
17996	0	36880	32484	38328	
17997	0	36840	32520	38325	
17998	0	36800	32524	38332	
17999	0	36764	32533	38356	
18000	0	36724	32524	38332	
18001	0	36692	32540	38328	
18002	0	36640	32548	38308	
18003	0	36620	32532	38344	
18004	0	36560	32536	38368	
18005	0	36516	32560	38324	
18006	0	36488	32532	38308	
18007	0	36440	32544	38348	
18008	0	36404	32532	38324	
18009	0	36364	32572	38324	
18010	0	36320	32641	38316	
18011	0	36284	32604	38332	
18012	0	36244	32609	38340	
18013	0	36196	32576	38348	
18014	0	36156	32620	38320	
18015	0	36120	32608	38312	
18016	0	36076	32600	38320	
18017	0	36028	32608	38332	
18018	0	35996	32596	38328	
18019	0	35952	32596	38348	
18020	0	35904	32581	38368	
18021	0	35864	32612	38330	
18022	0	35824	32640	38344	
18023	0	35780	32632	38340	
18024	0	35740	32608	38328	
18025	0	35700	32652	38304	
18026	0	35660	32636	38320	
18027	0	35610	32641	38360	
18028	0	35572	32636	38316	
18029	0	35528	32624	38328	
18030	0	35484	32644	38344	
18031	0	35440	32669	38360	
18032	0	35400	32628	38328	
18033	0	35356	32638	38332	
18034	0	35316	32688	38316	
18035	0	35272	32684	38328	
18036	0	35232	32688	38324	
18037	0	35185	32696	38324	
18038	0	35148	32704	38324	
18039	0	35101	32688	38344	
18040	0	35064	32696	38336	
18041	0	35024	32672	38360	
18042	0	34980	32672	38342	
18043	0	34944	32680	38328	
18044	0	34904	32674	38328	
18045	0	34864	32684	38336	
18046	0	34820	32693	38328	
18047	0	34776	32700	38328	
18048	0	34732	32704	38352	
18049	0	34692	32717	38308	
18050	0	34660	32704	38356	
18051	0	34612	32704	38328	
18052	0	34568	32736	38308	
18053	0	34528	32724	38340	
18054	0	34482	32720	38312	
18055	0	34444	32720	38352	
18056	0	34406	32692	38344	
18057	0	34364	32716	38348	
18058	0	34328	32700	38348	
18059	0	34292	32712	38380	
18060	0	34248	32736	38336	
18061	0	34208	32732	38352	
18062	0	34160	32744	38340	
18063	0	34120	32736	38332	
18064	0	34080	32744	38304	
18065	0	34040	32718	38304	
18066	0	34000	32722	38344	
18067	0	33972	32736	38348	
18068	0	33924	32752	38348	
18069	0	33892	32752	38356	
18070	0	33852	32728	38308	
18071	0	33816	32728	38320	
18072	0	33772	32740	38336	
18073	0	33736	32760	38344	
18074	0	33688	32752	38380	
18075	0	33656	32756	38264	
18076	0	33616	32728	38300	
18077	0	33576	32760	38364	
18078	0	33544	32740	38344	
18079	0	33500	32732	38328	
18080	0	33456	32740	38308	
18081	0	33424	32765	38328	
18082	0	33384	32748	38336	
18083	0	33344	32740	38336	
18084	0	33304	32748	38324	
18085	0	33264	32752	38316	
18086	0	33224	32736	38360	
18087	0	33185	32748	38328	
18088	0	33148	32744	38344	
18089	0	33104	32736	38360	
18090	0	33072	32732	38345	
18091	0	33032	32724	38336	
18092	0	32992	32740	38344	
18093	0	32960	32728	38328	
18094	0	32916	32744	38294	
18095	0	32872	32738	38340	
18096	0	32836	32740	38360	
18097	0	32796	32748	38360	
18098	0	32756	32757	38344	
18099	0	32716	32740	38336	
18100	0	32672	32736	38340	
18101	0	32640	32748	38312	
18102	0	32600	32772	38332	
18103	0	32560	32740	38312	
18104	0	32521	32756	38332	
18105	0	32484	32741	38360	
18106	0	32436	32758	38316	
18107	0	32404	32760	38324	
18108	0	32356	32748	38332	
18109	0	32320	32760	38336	
18110	0	32272	32752	38324	
18111	0	32241	32736	38316	
18112	0	32200	32745	38356	
18113	0	32164	32764	38348	
18114	0	32120	32756	38340	
18115	0	32072	32741	38324	
18116	0	32044	32776	38340	
18117	0	32005	32772	38344	
18118	0	31960	32768	38332	
18119	0	31928	32749	38332	
18120	0	31892	32744	38333	
18121	0	31845	32744	38329	
18122	0	31812	32745	38304	
18123	0	31773	32744	38328	
18124	0	31736	32752	38340	
18125	0	31696	32737	38353	
18126	0	31657	32744	38344	
18127	0	31628	32748	38340	
18128	0	31589	32741	38332	
18129	0	31556	32736	38348	
18130	0	31516	32740	38340	
18131	0	31484	32768	38328	
18132	0	31444	32762	38304	
18133	0	31408	32752	38308	
18134	0	31372	32744	38332	
18135	0	31344	32736	38332	
18136	0	31312	32736	38324	
18137	0	31272	32756	38336	
18138	0	31236	32756	38336	
18139	0	31212	32740	38324	
18140	0	31168	32752	38324	
18141	0	31144	32745	38312	
18142	0	31112	32752	38316	
18143	0	31081	32736	38344	
18144	0	31053	32760	38324	
18145	0	31024	32757	38340	
18146	0	30998	32737	38356	
18147	0	30964	32776	38336	
18148	0	30936	32760	38348	
18149	0	30909	32752	38324	
18150	0	30881	32752	38356	
18151	0	30848	32752	38352	
18152	0	30821	32753	38348	
18153	0	30796	32744	38324	
18154	0	30764	32746	38340	
18155	0	30748	32770	38352	
18156	0	30716	32712	38336	
18157	0	30688	32768	38356	
18158	0	30660	32748	38332	
18159	0	30636	32756	38313	
18160	0	30612	32740	38328	
18161	0	30584	32768	38364	
18162	0	30568	32748	38332	
18163	0	30536	32732	38304	
18164	0	30512	32756	38316	
18165	0	30488	32745	38332	
18166	0	30460	32740	38304	
18167	0	30444	32724	38316	
18168	0	30412	32732	38336	
18169	0	30400	32736	38300	
18170	0	30370	32756	38328	
18171	0	30348	32744	38316	
18172	0	30326	32744	38336	
18173	0	30304	32732	38348	
18174	0	30284	32748	38320	
18175	0	30264	32744	38333	
18176	0	30236	32740	38336	
18177	0	30216	32732	38304	
18178	0	30200	32744	38320	
18179	0	30180	32748	38332	
18180	0	30152	32745	38344	
18181	0	30138	32748	38312	
18182	0	30112	32722	38316	
18183	0	30096	32737	38356	
18184	0	30093	32756	38341	
18185	0	30060	32736	38340	
18186	0	30036	32740	38320	
18187	0	30020	32736	38316	
18188	0	29996	32752	38332	
18189	0	29984	32720	38348	
18190	0	29961	32729	38356	
18191	0	29936	32728	38312	
18192	0	29920	32760	38312	
18193	0	29908	32740	38326	
18194	0	29884	32772	38324	
18195	0	29872	32720	38348	
18196	0	29852	32746	38346	
18197	0	29832	32740	38308	
18198	0	29817	32749	38325	
18199	0	29805	32736	38304	
18200	0	29789	32736	38326	
18201	0	29770	32736	38344	
18202	0	29756	32737	38344	
18203	0	29737	32740	38340	
18204	0	29728	32748	38360	
18205	0	29712	32749	38304	
18206	0	29696	32748	38316	
18207	0	29684	32736	38344	
18208	0	29668	32740	38340	
18209	0	29653	32736	38336	
18210	0	29636	32720	38356	
18211	0	29624	32736	38348	
18212	0	29612	32728	38320	
18213	0	29596	32721	38344	
18214	0	29588	32728	38312	
18215	0	29576	32724	38328	
18216	0	29564	32717	38332	
18217	0	29556	32724	38300	
18218	0	29548	32716	38324	
18219	0	29536	32749	38328	
18220	0	29521	32724	38304	
18221	0	29505	32728	38324	
18222	0	29500	32740	38337	
18223	0	29492	32748	38336	
18224	0	29482	32706	38360	
18225	0	29472	32730	38304	
18226	0	29460	32712	38320	
18227	0	29448	32732	38304	
18228	0	29440	32736	38336	
18229	0	29440	32721	38348	
18230	0	29424	32724	38320	
18231	0	29420	32728	38332	
18232	0	29412	32724	38324	
18233	0	29408	32728	38308	
18234	0	29396	32728	38340	
18235	0	29393	32708	38348	
18236	0	29381	32722	38352	
18237	0	29376	32728	38340	
18238	0	29372	32716	38336	
18239	0	29368	32716	38348	
18240	0	29364	32722	38336	
18241	0	29356	32728	38332	
18242	0	29356	32724	38348	
18243	0	29348	32716	38356	
18244	0	29340	32720	38340	
18245	0	29341	32736	38324	
18246	0	29336	32748	38332	
18247	0	29336	32724	38312	
18248	0	29318	32737	38308	
18249	0	29332	32686	38348	
18250	0	29320	32720	38364	
18251	0	29312	32732	38341	
18252	0	29312	32728	38372	
18253	0	29304	32740	38368	
18254	0	29304	32740	38336	
18255	0	29297	32740	38320	
18256	0	29300	32704	38336	
18257	0	29292	32716	38305	
18258	0	29289	32744	38324	
18259	0	29292	32734	38316	
18260	0	29284	32724	38308	
18261	0	29276	32725	38340	
18262	0	29277	32736	38340	
18263	0	29284	32740	38336	
18264	0	29276	32732	38356	
18265	0	29264	32720	38340	
18266	0	29268	32714	38332	
18267	0	29268	32740	38336	
18268	0	29256	32740	38338	
18269	0	29260	32736	38336	
18270	0	29252	32730	38336	
18271	0	29252	32720	38340	
18272	0	29248	32698	38356	
18273	0	29240	32720	38336	
18274	0	29233	32720	38364	
18275	0	29232	32722	38356	
18276	0	29229	32720	38356	
18277	0	29225	32712	38360	
18278	0	29218	32712	38352	
18279	0	29208	32754	38340	
18280	0	29216	32728	38336	
18281	0	29200	32712	38304	
18282	0	29196	32742	38332	
18283	0	29185	32748	38332	
18284	0	29192	32742	38304	
18285	0	29180	32712	38336	
18286	0	29176	32700	38312	
18287	0	29160	32706	38304	
18288	0	29164	32696	38316	
18289	0	29153	32725	38324	
18290	0	29148	32722	38316	
18291	0	29144	32716	38322	
18292	0	29136	32716	38316	
18293	0	29128	32698	38352	
18294	0	29124	32720	38337	
18295	0	29116	32716	38356	
18296	0	29112	32708	38308	
18297	0	29105	32732	38328	
18298	0	29100	32720	38349	
18299	0	29100	32712	38304	
18300	0	29092	32716	38349	
18301	0	29084	32692	38348	
18302	0	29084	32728	38360	
18303	0	29080	32716	38316	
18304	0	29072	32716	38324	
18305	0	29064	32713	38356	
18306	0	29060	32728	38348	
18307	0	29056	32716	38336	
18308	0	29056	32696	38328	
18309	0	29052	32724	38328	
18310	0	29049	32716	38336	
18311	0	29037	32704	38336	
18312	0	29034	32720	38316	
18313	0	29040	32720	38348	
18314	0	29040	32712	38333	
18315	0	29037	32740	38324	
18316	0	29032	32704	38329	
18317	0	29030	32736	38336	
18318	0	29024	32724	38316	
18319	0	29028	32724	38328	
18320	0	29025	32712	38328	
18321	0	29028	32732	38336	
18322	0	29025	32712	38344	
18323	0	29025	32728	38320	
18324	0	29024	32716	38332	
18325	0	29000	32716	38328	
18326	0	29020	32700	38316	
18327	0	29016	32724	38328	
18328	0	29020	32704	38380	
18329	0	29028	32732	38352	
18330	0	29024	32740	38360	
18331	0	29024	32769	38376	
18332	0	29024	32688	38420	
18333	0	29024	32720	38312	
18334	0	29028	32721	38284	
18335	0	29028	32724	38344	
18336	0	29029	32744	38424	
18337	0	29028	32700	38381	
18338	0	29028	32668	38312	
18339	0	29028	32684	38312	
18340	0	29040	32676	38314	
18341	0	29040	32684	38316	
18342	0	29048	32688	38336	
18343	0	29036	32696	38336	
18344	0	29048	32684	38276	
18345	0	29044	32716	38300	
18346	0	29048	32721	38300	
18347	0	29048	32684	38308	
18348	0	29048	32716	38324	
18349	0	29050	32712	38336	
18350	0	29048	32720	38324	
18351	0	29060	32708	38334	
18352	0	29056	32740	38332	
18353	0	29057	32696	38372	
18354	0	29060	32716	38324	
18355	0	29064	32712	38316	
18356	0	29068	32720	38312	
18357	0	29072	32704	38329	
18358	0	29072	32696	38332	
18359	0	29072	32697	38325	
18360	0	29076	32705	38304	
18361	0	29077	32692	38317	
18362	0	29088	32696	38308	
18363	0	29089	32704	38312	
18364	0	29080	32716	38328	
18365	0	29088	32716	38329	
18366	0	29085	32700	38332	
18367	0	29092	32701	38332	
18368	0	29092	32712	38332	
18369	0	29092	32700	38336	
18370	0	29104	32724	38336	
18371	0	29097	32706	38332	
18372	0	29112	32701	38328	
18373	0	29104	32704	38336	
18374	0	29104	32705	38316	
18375	0	29104	32704	38316	
18376	0	29112	32692	38346	
18377	0	29108	32684	38304	
18378	0	29112	32694	38301	
18379	0	29113	32712	38308	
18380	0	29120	32708	38308	
18381	0	29120	32704	38304	
18382	0	29124	32704	38328	
18383	0	29129	32688	38352	
18384	0	29124	32680	38340	
18385	0	29128	32714	38352	
18386	0	29136	32716	38320	
18387	0	29128	32721	38336	
18388	0	29134	32696	38360	
18389	0	29140	32704	38340	
18390	0	29141	32708	38324	
18391	0	29148	32680	38392	
18392	0	29144	32704	38348	
18393	0	29152	32704	38320	
18394	0	29153	32692	38320	
18395	0	29156	32716	38312	
18396	0	29161	32704	38336	
18397	0	29161	32685	38352	
18398	0	29164	32712	38320	
18399	0	29168	32692	38364	
18400	0	29168	32688	38341	
18401	0	29176	32688	38328	
18402	0	29180	32696	38312	
18403	0	29182	32696	38280	
18404	0	29184	32708	38312	
18405	0	29188	32716	38352	
18406	0	29192	32712	38348	
18407	0	29200	32688	38356	
18408	0	29200	32720	38340	
18409	0	29212	32702	38280	
18410	0	29208	32736	38304	
18411	0	29220	32708	38324	
18412	0	29226	32712	38344	
18413	0	29225	32708	38344	
18414	0	29232	32728	38312	
18415	0	29240	32717	38336	
18416	0	29236	32704	38358	
18417	0	29248	32721	38308	
18418	0	29248	32684	38348	
18419	0	29260	32712	38332	
18420	0	29264	32716	38312	
18421	0	29272	32708	38324	
18422	0	29272	32716	38313	
18423	0	29280	32713	38320	
18424	0	29288	32721	38316	
18425	0	29296	32705	38320	
18426	0	29305	32728	38288	
18427	0	29301	32700	38296	
18428	0	29316	32708	38328	
18429	0	29316	32704	38320	
18430	0	29324	32724	38328	
18431	0	29332	32708	38340	
18432	0	29340	32708	38308	
18433	0	29344	32708	38317	
18434	0	29342	32708	38308	
18435	0	29352	32696	38360	
18436	0	29364	32705	38344	
18437	0	29360	32696	38316	
18438	0	29372	32704	38316	
18439	0	29372	32708	38316	
18440	0	29381	32686	38308	
18441	0	29392	32716	38309	
18442	0	29392	32720	38265	
18443	0	29400	32712	38308	
18444	0	29412	32704	38316	
18445	0	29413	32712	38320	
18446	0	29420	32716	38312	
18447	0	29428	32716	38340	
18448	0	29432	32732	38336	
18449	0	29448	32689	38328	
18450	0	29452	32716	38320	
18451	0	29456	32704	38356	
18452	0	29464	32720	38312	
18453	0	29472	32720	38336	
18454	0	29480	32704	38336	
18455	0	29484	32720	38340	
18456	0	29489	32708	38304	
18457	0	29496	32709	38336	
18458	0	29508	32708	38324	
18459	0	29508	32736	38300	
18460	0	29520	32716	38332	
18461	0	29528	32720	38302	
18462	0	29536	32700	38305	
18463	0	29541	32712	38336	
18464	0	29549	32716	38316	
18465	0	29554	32712	38312	
18466	0	29564	32720	38328	
18467	0	29576	32717	38332	
18468	0	29584	32724	38308	
18469	0	29590	32737	38340	
18470	0	29596	32722	38320	
18471	0	29604	32736	38353	
18472	0	29612	32712	38324	
18473	0	29624	32708	38328	
18474	0	29628	32713	38324	
18475	0	29632	32704	38336	
18476	0	29636	32696	38309	
18477	0	29652	32712	38296	
18478	0	29662	32704	38348	
18479	0	29668	32692	38328	
18480	0	29680	32716	38304	
18481	0	29685	32705	38348	
18482	0	29688	32716	38308	
18483	0	29700	32721	38312	
18484	0	29712	32728	38324	
18485	0	29714	32748	38336	
18486	0	29728	32716	38348	
18487	0	29732	32726	38341	
18488	0	29744	32724	38348	
18489	0	29748	32720	38336	
18490	0	29761	32720	38360	
18491	0	29760	32720	38336	
18492	0	29781	32698	38328	
18493	0	29785	32716	38320	
18494	0	29800	32720	38312	
18495	0	29812	32708	38340	
18496	0	29824	32712	38324	
18497	0	29832	32712	38312	
18498	0	29833	32708	38324	
18499	0	29848	32712	38316	
18500	0	29856	32749	38352	
18501	0	29872	32728	38348	
18502	0	29874	32722	38328	
18503	0	29888	32712	38332	
18504	0	29892	32728	38320	
18505	0	29912	32716	38344	
18506	0	29905	32744	38336	
18507	0	29932	32724	38336	
18508	0	29940	32728	38304	
18509	0	29952	32740	38308	
18510	0	29956	32728	38320	
18511	0	29976	32732	38332	
18512	0	29988	32708	38332	
18513	0	29996	32712	38356	
18514	0	30008	32728	38348	
18515	0	30020	32724	38340	
18516	0	30036	32720	38368	
18517	0	30044	32700	38356	
18518	0	30048	32721	38364	
18519	0	30068	32700	38364	
18520	0	30076	32720	38360	
18521	0	30088	32712	38300	
18522	0	30105	32733	38312	
18523	0	30108	32704	38328	
18524	0	30128	32688	38324	
18525	0	30137	32704	38328	
18526	0	30145	32740	38336	
18527	0	30160	32728	38324	
18528	0	30176	32736	38316	
18529	0	30189	32736	38340	
18530	0	30203	32733	38352	
18531	0	30216	32737	38360	
18532	0	30218	32752	38316	
18533	0	30230	32732	38332	
18534	0	30248	32724	38364	
18535	0	30260	32728	38320	
18536	0	30273	32756	38320	
18537	0	30292	32728	38340	
18538	0	30301	32736	38316	
18539	0	30312	32732	38308	
18540	0	30318	32716	38348	
18541	0	30337	32720	38340	
18542	0	30356	32712	38336	
18543	0	30364	32729	38316	
18544	0	30380	32732	38336	
18545	0	30388	32728	38313	
18546	0	30400	32744	38320	
18547	0	30412	32736	38332	
18548	0	30432	32736	38320	
18549	0	30448	32728	38328	
18550	0	30456	32740	38328	
18551	0	30469	32744	38336	
18552	0	30484	32740	38308	
18553	0	30504	32728	38340	
18554	0	30512	32753	38292	
18555	0	30522	32752	38316	
18556	0	30532	32716	38312	
18557	0	30548	32720	38272	
18558	0	30568	32748	38312	
18559	0	30584	32777	38372	
18560	0	30596	32772	38356	
18561	0	30608	32708	38328	
18562	0	30620	32712	38328	
18563	0	30636	32736	38320	
18564	0	30640	32736	38308	
18565	0	30664	32736	38336	
18566	0	30676	32748	38336	
18567	0	30684	32720	38324	
18568	0	30701	32736	38340	
18569	0	30716	32730	38332	
18570	0	30728	32744	38344	
18571	0	30748	32744	38340	
18572	0	30756	32737	38340	
18573	0	30777	32740	38336	
18574	0	30788	32760	38344	
18575	0	30808	32728	38328	
18576	0	30816	32728	38330	
18577	0	30828	32752	38296	
18578	0	30844	32752	38332	
18579	0	30856	32736	38332	
18580	0	30872	32744	38332	
18581	0	30880	32737	38336	
18582	0	30900	32764	38320	
18583	0	30920	32768	38303	
18584	0	30932	32736	38352	
18585	0	30952	32738	38280	
18586	0	30964	32740	38324	
18587	0	30970	32744	38324	
18588	0	30996	32748	38320	
18589	0	31008	32749	38328	
18590	0	31016	32744	38320	
18591	0	31040	32748	38324	
18592	0	31060	32760	38300	
18593	0	31072	32756	38392	
18594	0	31092	32750	38352	
18595	0	31108	32764	38332	
18596	0	31124	32752	38304	
18597	0	31146	32768	38368	
18598	0	31160	32746	38364	
18599	0	31172	32766	38348	
18600	0	31196	32740	38356	
18601	0	31226	32750	38352	
18602	0	31236	32752	38332	
18603	0	31264	32744	38332	
18604	0	31284	32724	38308	
18605	0	31300	32744	38324	
18606	0	31328	32736	38328	
18607	0	31348	32712	38336	
18608	0	31372	32736	38356	
18609	0	31393	32756	38320	
18610	0	31424	32748	38324	
18611	0	31444	32760	38304	
18612	0	31464	32768	38348	
18613	0	31488	32760	38328	
18614	0	31520	32761	38333	
18615	0	31544	32764	38316	
18616	0	31580	32736	38324	
18617	0	31604	32736	38336	
18618	0	31636	32772	38324	
18619	0	31664	32761	38340	
18620	0	31696	32748	38344	
18621	0	31717	32768	38336	
18622	0	31760	32752	38348	
18623	0	31788	32760	38340	
18624	0	31824	32740	38344	
18625	0	31856	32764	38324	
18626	0	31892	32768	38342	
18627	0	31924	32748	38364	
18628	0	31956	32737	38320	
18629	0	32000	32743	38336	
18630	0	32037	32728	38340	
18631	0	32076	32748	38340	
18632	0	32116	32748	38345	
18633	0	32154	32748	38372	
18634	0	32192	32740	38336	
18635	0	32232	32737	38336	
18636	0	32276	32752	38360	
18637	0	32320	32741	38332	
18638	0	32360	32760	38340	
18639	0	32408	32748	38340	
18640	0	32449	32752	38336	
18641	0	32492	32760	38308	
18642	0	32544	32756	38336	
18643	0	32588	32720	38300	
18644	0	32628	32736	38320	
18645	0	32672	32752	38328	
18646	0	32724	32740	38338	
18647	0	32752	32744	38308	
18648	0	32824	32736	38346	
18649	0	32868	32725	38328	
18650	0	32920	32728	38324	
18651	0	32964	32724	38345	
18652	0	33008	32720	38336	
18653	0	33068	32744	38340	
18654	0	33120	32740	38372	
18655	0	33172	32722	38337	
18656	0	33220	32738	38364	
18657	0	33265	32740	38320	
18658	0	33321	32756	38316	
18659	0	33376	32740	38340	
18660	0	33440	32736	38332	
18661	0	33488	32732	38356	
18662	0	33537	32768	38336	
18663	0	33600	32756	38328	
18664	0	33652	32733	38336	
18665	0	33704	32732	38320	
18666	0	33760	32757	38344	
18667	0	33816	32752	38332	
18668	0	33876	32720	38344	
18669	0	33932	32740	38336	
18670	0	33980	32737	38328	
18671	0	34038	32704	38336	
18672	0	34096	32720	38292	
18673	0	34153	32728	38308	
18674	0	34208	32720	38345	
18675	0	34272	32720	38328	
18676	0	34328	32704	38328	
18677	0	34376	32700	38317	
18678	0	34437	32677	38360	
18679	0	34488	32676	38328	
18680	0	34556	32701	38312	
18681	0	34612	32692	38336	
18682	0	34672	32704	38334	
18683	0	34726	32700	38340	
18684	0	34788	32696	38364	
18685	0	34844	32660	38364	
18686	0	34900	32656	38364	
18687	0	34958	32692	38352	
18688	0	35016	32656	38332	
18689	0	35072	32658	38320	
18690	0	35128	32673	38329	
18691	0	35180	32680	38320	
18692	0	35236	32674	38320	
18693	0	35296	32664	38316	
18694	0	35356	32634	38320	
18695	0	35408	32640	38316	
18696	0	35472	32644	38368	
18697	0	35520	32637	38356	
18698	0	35584	32632	38356	
18699	0	35636	32624	38352	
18700	0	35692	32644	38344	
18701	0	35744	32621	38336	
18702	0	35808	32612	38324	
18703	0	35861	32584	38360	
18704	0	35916	32568	38340	
18705	0	35961	32565	38328	
18706	0	36020	32580	38332	
18707	0	36072	32560	38316	
18708	0	36128	32572	38332	
18709	0	36176	32580	38340	
18710	0	36232	32588	38348	
18711	0	36288	32580	38372	
18712	0	36332	32544	38312	
18713	0	36384	32516	38316	
18714	0	36441	32537	38340	
18715	0	36492	32565	38320	
18716	0	36536	32560	38360	
18717	0	36584	32524	38344	
18718	0	36640	32520	38328	
18719	0	36692	32512	38336	
18720	0	36732	32537	38348	
18721	0	36780	32552	38368	
18722	0	36832	32517	38372	
18723	0	36880	32440	38312	
18724	0	36924	32448	38352	
18725	0	36972	32477	38344	
18726	0	37016	32516	38345	
18727	0	37064	32492	38348	
18728	0	37104	32472	38332	
18729	0	37144	32468	38352	
18730	0	37196	32492	38340	
18731	0	37228	32510	38352	
18732	0	37276	32492	38348	
18733	0	37312	32464	38336	
18734	0	37352	32490	38312	
18735	0	37392	32464	38364	
18736	0	37440	32448	38332	
18737	0	37477	32432	38324	
18738	0	37512	32468	38340	
18739	0	37552	32448	38336	
18740	0	37580	32444	38328	
18741	0	37628	32440	38357	
18742	0	37664	32425	38344	
18743	0	37696	32445	38306	
18744	0	37728	32416	38304	
18745	0	37761	32432	38316	
18746	0	37796	32433	38300	
18747	0	37824	32440	38344	
18748	0	37860	32412	38336	
18749	0	37893	32408	38340	
18750	0	37920	32408	38296	
18751	0	37952	32396	38320	
18752	0	37980	32404	38328	
18753	0	38004	32392	38372	
18754	0	38032	32398	38336	
18755	0	38068	32396	38324	
18756	0	38088	32400	38336	
18757	0	38116	32388	38344	
18758	0	38144	32389	38336	
18759	0	38176	32388	38340	
18760	0	38196	32417	38332	
18761	0	38224	32384	38300	
18762	0	38248	32396	38328	
18763	0	38272	32416	38316	
18764	0	38300	32421	38324	
18765	0	38322	32400	38328	
18766	0	38340	32392	38329	
18767	0	38364	32392	38292	
18768	0	38392	32384	38332	
18769	0	38408	32356	38344	
18770	0	38424	32360	38360	
18771	0	38452	32396	38336	
18772	0	38472	32384	38312	
18773	0	38496	32409	38320	
18774	0	38516	32380	38336	
18775	0	38536	32384	38308	
18776	0	38552	32372	38300	
18777	0	38564	32372	38316	
18778	0	38588	32372	38312	
18779	0	38604	32365	38312	
18780	0	38616	32368	38320	
18781	0	38640	32364	38337	
18782	0	38656	32361	38332	
18783	0	38672	32388	38313	
18784	0	38680	32380	38345	
18785	0	38704	32364	38344	
18786	0	38712	32384	38312	
18787	0	38732	32392	38328	
18788	0	38736	32388	38330	
18789	0	38752	32380	38336	
18790	0	38768	32368	38328	
18791	0	38784	32352	38361	
18792	0	38788	32372	38332	
18793	0	38816	32372	38356	
18794	0	38828	32360	38336	
18795	0	38825	32344	38348	
18796	0	38848	32360	38333	
18797	0	38864	32380	38336	
18798	0	38868	32360	38340	
18799	0	38880	32333	38336	
18800	0	38894	32352	38320	
18801	0	38896	32356	38304	
18802	0	38912	32337	38348	
18803	0	38917	32349	38308	
18804	0	38932	32368	38340	
18805	0	38952	32368	38344	
18806	0	38945	32342	38316	
18807	0	38961	32352	38324	
18808	0	38972	32341	38326	
18809	0	38976	32372	38316	
18810	0	38988	32374	38300	
18811	0	38992	32376	38352	
18812	0	38996	32360	38337	
18813	0	39008	32365	38344	
18814	0	39020	32370	38336	
18815	0	39024	32360	38356	
18816	0	39020	32344	38344	
18817	0	39032	32364	38324	
18818	0	39036	32352	38340	
18819	0	39040	32364	38308	
18820	0	39048	32352	38340	
18821	0	39052	32368	38324	
18822	0	39052	32376	38360	
18823	0	39056	32360	38352	
18824	0	39064	32360	38348	
18825	0	39060	32364	38336	
18826	0	39072	32360	38324	
18827	0	39072	32368	38336	
18828	0	39072	32369	38320	
18829	0	39072	32356	38372	
18830	0	39084	32340	38348	
18831	0	39080	32357	38332	
18832	0	39080	32352	38356	
18833	0	39080	32356	38336	
18834	0	39080	32360	38320	
18835	0	39076	32366	38305	
18836	0	39076	32369	38324	
18837	0	39076	32376	38308	
18838	0	39084	32352	38296	
18839	0	39080	32352	38316	
18840	0	39076	32376	38332	
18841	0	39080	32356	38333	
18842	0	39080	32353	38300	
18843	0	39073	32352	38332	
18844	0	39072	32376	38372	
18845	0	39060	32372	38344	
18846	0	39064	32352	38328	
18847	0	39064	32392	38300	
18848	0	39060	32376	38336	
18849	0	39040	32349	38356	
18850	0	39052	32324	38304	
18851	0	39036	32368	38364	
18852	0	39040	32372	38364	
18853	0	39032	32345	38320	
18854	0	39024	32369	38348	
18855	0	39020	32352	38344	
18856	0	39008	32340	38328	
18857	0	39000	32348	38364	
18858	0	38992	32352	38352	
18859	0	38988	32356	38312	
18860	0	38980	32353	38356	
18861	0	38968	32360	38336	
18862	0	38949	32336	38328	
18863	0	38944	32378	38300	
18864	0	38936	32356	38344	
18865	0	38928	32356	38308	
18866	0	38916	32360	38320	
18867	0	38904	32413	38300	
18868	0	38892	32396	38346	
18869	0	38876	32384	38380	
18870	0	38868	32409	38328	
18871	0	38848	32381	38352	
18872	0	38836	32392	38352	
18873	0	38820	32388	38296	
18874	0	38801	32388	38352	
18875	0	38788	32409	38376	
18876	0	38768	32396	38312	
18877	0	38752	32368	38320	
18878	0	38740	32364	38344	
18879	0	38720	32384	38337	
18880	0	38696	32388	38352	
18881	0	38676	32392	38348	
18882	0	38664	32384	38348	
18883	0	38636	32372	38348	
18884	0	38612	32364	38332	
18885	0	38592	32368	38324	
18886	0	38564	32392	38336	
18887	0	38552	32392	38312	
18888	0	38524	32384	38328	
18889	0	38500	32394	38300	
18890	0	38476	32376	38332	
18891	0	38452	32392	38352	
18892	0	38432	32400	38324	
18893	0	38404	32384	38352	
18894	0	38376	32412	38328	
18895	0	38348	32429	38328	
18896	0	38320	32416	38316	
18897	0	38284	32420	38348	
18898	0	38264	32400	38344	
18899	0	38228	32397	38352	
18900	0	38208	32394	38324	
18901	0	38176	32413	38336	
18902	0	38144	32432	38336	
18903	0	38112	32404	38328	
18904	0	38080	32413	38316	
18905	0	38060	32408	38348	
18906	0	38020	32405	38344	
18907	0	37996	32424	38348	
18908	0	37952	32404	38344	
18909	0	37924	32424	38328	
18910	0	37892	32424	38320	
18911	0	37856	32440	38308	
18912	0	37828	32456	38308	
18913	0	37792	32440	38360	
18914	0	37752	32460	38344	
18915	0	37716	32468	38332	
18916	0	37680	32448	38330	
18917	0	37640	32456	38308	
18918	0	37604	32460	38328	
18919	0	37572	32444	38348	
18920	0	37536	32464	38344	
18921	0	37493	32456	38296	
18922	0	37460	32468	38312	
18923	0	37420	32476	38344	
18924	0	37376	32448	38320	
18925	0	37336	32512	38340	
18926	0	37304	32504	38340	
18927	0	37265	32488	38304	
18928	0	37228	32504	38332	
18929	0	37184	32492	38328	
18930	0	37141	32460	38320	
18931	0	37100	32472	38320	
18932	0	37064	32472	38332	
18933	0	37024	32480	38376	
18934	0	36980	32468	38344	
18935	0	36932	32489	38348	
18936	0	36896	32483	38352	
18937	0	36853	32526	38332	
18938	0	36812	32540	38352	
18939	0	36768	32520	38348	
18940	0	36736	32532	38356	
18941	0	36696	32532	38364	
18942	0	36644	32548	38340	
18943	0	36608	32525	38352	
18944	0	36564	32536	38336	
18945	0	36524	32536	38340	
18946	0	36480	32548	38336	
18947	0	36441	32548	38336	
18948	0	36400	32552	38320	
18949	0	36358	32552	38340	
18950	0	36288	32576	38332	
18951	0	36272	32596	38336	
18952	0	36228	32596	38333	
18953	0	36180	32580	38352	
18954	0	36140	32584	38332	
18955	0	36092	32589	38322	
18956	0	36056	32590	38352	
18957	0	36012	32589	38336	
18958	0	35972	32580	38336	
18959	0	35928	32588	38340	
18960	0	35888	32612	38312	
18961	0	35852	32597	38324	
18962	0	35804	32624	38324	
18963	0	35760	32616	38336	
18964	0	35716	32616	38332	
18965	0	35680	32644	38332	
18966	0	35632	32648	38324	
18967	0	35592	32632	38320	
18968	0	35544	32632	38344	
18969	0	35508	32644	38340	
18970	0	35468	32640	38308	
18971	0	35424	32641	38312	
18972	0	35388	32640	38336	
18973	0	35340	32632	38332	
18974	0	35304	32669	38308	
18975	0	35272	32676	38320	
18976	0	35224	32660	38360	
18977	0	35184	32676	38320	
18978	0	35141	32672	38340	
18979	0	35100	32693	38316	
18980	0	35064	32668	38352	
18981	0	35029	32668	38344	
18982	0	34976	32696	38324	
18983	0	34945	32668	38340	
18984	0	34904	32665	38328	
18985	0	34868	32620	38336	
18986	0	34821	32648	38316	
18987	0	34784	32672	38336	
18988	0	34748	32708	38336	
18989	0	34716	32704	38341	
18990	0	34670	32652	38340	
18991	0	34628	32705	38344	
18992	0	34584	32680	38364	
18993	0	34548	32708	38336	
18994	0	34508	32724	38324	
18995	0	34472	32692	38320	
18996	0	34440	32712	38336	
18997	0	34392	32692	38377	
18998	0	34356	32736	38364	
18999	0	34320	32697	38336	
19000	0	34276	32700	38304	
19001	0	34244	32708	38332	
19002	0	34208	32748	38296	
19003	0	34168	32764	38337	
19004	0	34136	32706	38360	
19005	0	34092	32696	38336	
19006	0	34056	32704	38336	
19007	0	34024	32736	38321	
19008	0	33980	32705	38320	
19009	0	33952	32688	38328	
19010	0	33916	32716	38300	
19011	0	33885	32721	38344	
19012	0	33840	32716	38348	
19013	0	33809	32706	38316	
19014	0	33764	32752	38364	
19015	0	33736	32732	38348	
19016	0	33700	32720	38344	
19017	0	33668	32752	38352	
19018	0	33624	32736	38352	
19019	0	33592	32737	38312	
19020	0	33564	32724	38352	
19021	0	33520	32733	38353	
19022	0	33496	32701	38304	
19023	0	33456	32704	38300	
19024	0	33428	32748	38344	
19025	0	33381	32728	38336	
19026	0	33356	32716	38308	
19027	0	33316	32736	38288	
19028	0	33284	32740	38340	
19029	0	33252	32716	38348	
19030	0	33216	32712	38324	
19031	0	33188	32724	38340	
19032	0	33152	32736	38340	
19033	0	33121	32744	38356	
19034	0	33088	32736	38356	
19035	0	33052	32732	38337	
19036	0	33020	32740	38332	
19037	0	32992	32716	38320	
19038	0	32953	32713	38332	
19039	0	32918	32708	38336	
19040	0	32892	32720	38312	
19041	0	32852	32728	38336	
19042	0	32820	32728	38328	
19043	0	32792	32716	38324	
19044	0	32764	32714	38324	
19045	0	32724	32728	38317	
19046	0	32692	32716	38328	
19047	0	32668	32720	38344	
19048	0	32633	32741	38356	
19049	0	32600	32744	38332	
19050	0	32568	32720	38328	
19051	0	32528	32736	38344	
19052	0	32500	32740	38336	
19053	0	32472	32736	38336	
19054	0	32440	32740	38348	
19055	0	32404	32736	38320	
19056	0	32372	32752	38349	
19057	0	32344	32733	38300	
19058	0	32316	32728	38308	
19059	0	32285	32712	38329	
19060	0	32248	32740	38337	
19061	0	32224	32729	38348	
19062	0	32192	32732	38372	
19063	0	32156	32740	38328	
19064	0	32132	32752	38336	
19065	0	32096	32756	38348	
19066	0	32064	32752	38312	
19067	0	32040	32756	38320	
19068	0	32004	32760	38348	
19069	0	31973	32744	38320	
19070	0	31944	32756	38336	
19071	0	31912	32740	38332	
19072	0	31884	32745	38316	
19073	0	31852	32732	38340	
19074	0	31822	32744	38348	
19075	0	31792	32754	38328	
19076	0	31760	32764	38320	
19077	0	31736	32745	38328	
19078	0	31700	32756	38348	
19079	0	31680	32768	38340	
19080	0	31644	32748	38328	
19081	0	31616	32745	38320	
19082	0	31588	32732	38356	
19083	0	31558	32744	38349	
19084	0	31528	32764	38340	
19085	0	31496	32745	38324	
19086	0	31476	32752	38336	
19087	0	31448	32756	38324	
19088	0	31412	32768	38344	
19089	0	31388	32754	38324	
19090	0	31356	32752	38344	
19091	0	31328	32748	38356	
19092	0	31306	32716	38348	
19093	0	31276	32732	38332	
19094	0	31248	32736	38336	
19095	0	31224	32732	38372	
19096	0	31200	32748	38356	
19097	0	31168	32764	38328	
19098	0	31140	32732	38336	
19099	0	31116	32736	38328	
19100	0	31088	32740	38332	
19101	0	31056	32720	38304	
19102	0	31028	32748	38316	
19103	0	31004	32744	38312	
19104	0	30980	32728	38336	
19105	0	30953	32768	38324	
19106	0	30920	32748	38285	
19107	0	30900	32748	38332	
19108	0	30868	32744	38324	
19109	0	30844	32720	38336	
19110	0	30820	32728	38344	
19111	0	30792	32732	38360	
19112	0	30749	32729	38348	
19113	0	30748	32776	38344	
19114	0	30708	32752	38332	
19115	0	30692	32712	38344	
19116	0	30656	32741	38348	
19117	0	30640	32740	38328	
19118	0	30612	32740	38328	
19119	0	30581	32736	38324	
19120	0	30561	32728	38344	
19121	0	30533	32741	38324	
19122	0	30508	32732	38380	
19123	0	30480	32730	38328	
19124	0	30452	32740	38320	
19125	0	30432	32732	38340	
19126	0	30408	32740	38336	
19127	0	30388	32724	38328	
19128	0	30364	32728	38340	
19129	0	30336	32736	38320	
19130	0	30309	32744	38320	
19131	0	30292	32744	38328	
19132	0	30268	32738	38336	
19133	0	30248	32732	38324	
19134	0	30228	32748	38320	
19135	0	30197	32740	38372	
19136	0	30176	32732	38348	
19137	0	30160	32741	38352	
19138	0	30136	32728	38332	
19139	0	30116	32732	38320	
19140	0	30100	32736	38344	
19141	0	30076	32716	38336	
19142	0	30052	32716	38348	
19143	0	30032	32737	38360	
19144	0	30016	32740	38348	
19145	0	29996	32737	38312	
19146	0	29984	32740	38348	
19147	0	29953	32724	38312	
19148	0	29940	32740	38340	
19149	0	29920	32736	38336	
19150	0	29896	32744	38376	
19151	0	29877	32720	38368	
19152	0	29856	32726	38336	
19153	0	29840	32736	38316	
19154	0	29820	32722	38344	
19155	0	29808	32741	38324	
19156	0	29792	32716	38336	
19157	0	29772	32744	38336	
19158	0	29752	32740	38344	
19159	0	29740	32728	38344	
19160	0	29724	32732	38360	
19161	0	29701	32732	38340	
19162	0	29688	32746	38312	
19163	0	29668	32728	38344	
19164	0	29648	32732	38356	
19165	0	29633	32716	38340	
19166	0	29620	32728	38332	
19167	0	29600	32736	38288	
19168	0	29592	32708	38288	
19169	0	29569	32724	38364	
19170	0	29560	32737	38336	
19171	0	29540	32752	38336	
19172	0	29524	32728	38320	
19173	0	29516	32716	38344	
19174	0	29497	32733	38304	
19175	0	29484	32730	38309	
19176	0	29472	32724	38344	
19177	0	29460	32730	38324	
19178	0	29438	32696	38336	
19179	0	29436	32712	38336	
19180	0	29416	32748	38344	
19181	0	29400	32756	38336	
19182	0	29384	32720	38360	
19183	0	29384	32716	38360	
19184	0	29361	32734	38356	
19185	0	29344	32716	38328	
19186	0	29336	32720	38324	
19187	0	29320	32736	38312	
19188	0	29312	32712	38312	
19189	0	29300	32720	38304	
19190	0	29288	32736	38330	
19191	0	29272	32722	38344	
19192	0	29258	32696	38360	
19193	0	29248	32732	38360	
19194	0	29240	32724	38340	
19195	0	29220	32740	38316	
19196	0	29212	32716	38352	
19197	0	29200	32716	38336	
19198	0	29189	32729	38344	
19199	0	29180	32720	38337	
19200	0	29168	32720	38320	
19201	0	29152	32708	38344	
19202	0	29148	32704	38360	
19203	0	29132	32700	38336	
19204	0	29120	32704	38324	
19205	0	29112	32724	38312	
19206	0	29096	32724	38324	
19207	0	29088	32708	38332	
19208	0	29076	32704	38324	
19209	0	29064	32708	38316	
19210	0	29056	32729	38324	
19211	0	29044	32740	38316	
19212	0	29040	32708	38304	
19213	0	29028	32725	38304	
19214	0	29020	32728	38320	
19215	0	29006	32700	38336	
19216	0	29000	32712	38328	
19217	0	28992	32704	38356	
19218	0	28976	32724	38316	
19219	0	28976	32729	38340	
19220	0	28968	32737	38368	
19221	0	28956	32720	38344	
19222	0	28952	32722	38304	
19223	0	28941	32732	38348	
19224	0	28932	32720	38356	
19225	0	28924	32712	38333	
19226	0	28912	32728	38328	
19227	0	28916	32708	38328	
19228	0	28908	32720	38336	
19229	0	28892	32720	38336	
19230	0	28893	32697	38332	
19231	0	28885	32706	38352	
19232	0	28884	32700	38340	
19233	0	28880	32725	38332	
19234	0	28869	32700	38360	
19235	0	28868	32720	38349	
19236	0	28864	32708	38352	
19237	0	28853	32704	38344	
19238	0	28864	32736	38316	
19239	0	28850	32724	38328	
19240	0	28848	32726	38326	
19241	0	28846	32736	38328	
19242	0	28848	32720	38344	
19243	0	28844	32712	38352	
19244	0	28840	32712	38348	
19245	0	28836	32728	38304	
19246	0	28840	32724	38300	
19247	0	28833	32720	38340	
19248	0	28838	32732	38320	
19249	0	28837	32720	38336	
19250	0	28840	32724	38320	
19251	0	28844	32728	38336	
19252	0	28833	32736	38340	
19253	0	28844	32696	38360	
19254	0	28840	32716	38356	
19255	0	28844	32696	38320	
19256	0	28848	32700	38336	
19257	0	28848	32728	38300	
19258	0	28856	32700	38320	
19259	0	28850	32708	38312	
19260	0	28852	32712	38292	
19261	0	28853	32700	38320	
19262	0	28868	32712	38288	
19263	0	28868	32712	38332	
19264	0	28868	32720	38356	
19265	0	28880	32744	38312	
19266	0	28872	32724	38308	
19267	0	28886	32736	38304	
19268	0	28892	32705	38344	
19269	0	28892	32708	38348	
19270	0	28900	32740	38332	
19271	0	28908	32734	38300	
19272	0	28912	32704	38308	
19273	0	28916	32696	38336	
19274	0	28920	32708	38336	
19275	0	28929	32728	38316	
19276	0	28938	32704	38353	
19277	0	28944	32706	38320	
19278	0	28948	32684	38332	
19279	0	28956	32713	38352	
19280	0	28952	32742	38336	
19281	0	28964	32744	38312	
19282	0	28972	32724	38372	
19283	0	28984	32702	38336	
19284	0	28984	32720	38344	
19285	0	28996	32717	38340	
19286	0	29000	32704	38364	
19287	0	29008	32712	38304	
19288	0	29017	32686	38288	
19289	0	29021	32713	38332	
19290	0	29025	32704	38356	
19291	0	29036	32720	38304	
19292	0	29044	32700	38324	
19293	0	29049	32704	38344	
19294	0	29056	32716	38304	
19295	0	29056	32712	38284	
19296	0	29066	32700	38320	
19297	0	29077	32720	38308	
19298	0	29080	32712	38308	
19299	0	29084	32732	38333	
19300	0	29092	32716	38333	
19301	0	29096	32704	38332	
19302	0	29108	32704	38312	
19303	0	29112	32720	38328	
19304	0	29120	32704	38317	
19305	0	29120	32708	38344	
19306	0	29124	32712	38300	
19307	0	29128	32672	38304	
19308	0	29136	32744	38301	
19309	0	29128	32724	38340	
19310	0	29141	32708	38296	
19311	0	29148	32708	38320	
19312	0	29148	32733	38301	
19313	0	29148	32724	38338	
19314	0	29152	32724	38300	
19315	0	29160	32694	38308	
19316	0	29160	32712	38316	
19317	0	29160	32728	38316	
19318	0	29160	32704	38336	
19319	0	29160	32704	38356	
19320	0	29160	32704	38312	
19321	0	29164	32704	38348	
19322	0	29164	32676	38346	
19323	0	29160	32716	38312	
19324	0	29157	32736	38340	
19325	0	29164	32716	38308	
19326	0	29160	32724	38296	
19327	0	29152	32718	38324	
19328	0	29148	32720	38264	
19329	0	29148	32736	38273	
19330	0	29140	32720	38292	
19331	0	29141	32704	38344	
19332	0	29128	32724	38344	
19333	0	29124	32701	38336	
19334	0	29128	32728	38372	
19335	0	29120	32744	38344	
19336	0	29120	32765	38350	
19337	0	29101	32752	38368	
19338	0	29100	32744	38376	
19339	0	29096	32740	38344	
19340	0	29085	32788	38364	
19341	0	29080	32784	38326	
19342	0	29076	32749	38316	
19343	0	29069	32745	38352	
19344	0	29056	32756	38328	
19345	0	29044	32768	38380	
19346	0	29037	32772	38365	
19347	0	29032	32744	38356	
19348	0	29016	32752	38340	
19349	0	29012	32728	38380	
19350	0	29000	32656	38404	
19351	0	28992	32780	38405	
19352	0	28984	32668	38432	
19353	0	28968	32320	38573	
19354	0	28960	32888	38376	
19355	0	28952	33040	38460	
19356	0	28936	32917	38540	
19357	0	28920	32804	38500	
19358	0	28908	32800	38352	
19359	0	28898	32705	38256	
19360	0	28889	32680	38196	
19361	0	28873	32788	38292	
19362	0	28864	32861	38412	
19363	0	28844	32528	38548	
19364	0	28832	32873	38524	
19365	0	28820	32736	38245	
19366	0	28808	32626	38272	
19367	0	28792	32794	38372	
19368	0	28784	32644	38376	
19369	0	28765	32604	38489	
19370	0	28760	32852	38368	
19371	0	28740	32732	38464	
19372	0	28732	32572	38712	
19373	0	28720	32580	38301	
19374	0	28704	32492	38852	
19375	0	28677	32048	38244	
19376	0	28672	31832	38152	
19377	0	28656	31568	38144	
19378	0	28648	31565	38012	
19379	0	28640	31325	38228	
19380	0	28621	31132	38232	
19381	0	28616	31184	38268	
19382	0	28600	31037	38248	
19383	0	28588	31108	38005	
19384	0	28576	30844	38340	
19385	0	28572	30948	37868	
19386	0	28556	30780	38112	
19387	0	28540	30953	37844	
19388	0	28536	31000	38020	
19389	0	28528	31108	37924	
19390	0	28512	31248	38032	
19391	0	28504	31296	38084	
19392	0	28492	31381	38040	
19393	0	28488	31513	38136	
19394	0	28476	31552	38073	
19395	0	28468	31680	38149	
19396	0	28464	31906	38124	
19397	0	28449	32032	38076	
19398	0	28448	32244	38108	
19399	0	28440	32392	38144	
19400	0	28432	32592	38096	
19401	0	28432	32728	38208	
19402	0	28428	32905	38312	
19403	0	28428	33014	38380	
19404	0	28424	33132	38404	
19405	0	28416	33304	38440	
19406	0	28420	33532	38492	
19407	0	28417	33752	38584	
19408	0	28416	34084	38697	
19409	0	28416	34352	38788	
19410	0	28416	34508	38860	
19411	0	28416	34632	38970	
19412	0	28416	34580	38896	
19413	0	28421	34456	38912	
19414	0	28421	34304	38812	
19415	0	28433	34156	38730	
19416	0	28432	34068	38661	
19417	0	28438	34080	38736	
19418	0	28452	34028	38872	
19419	0	28452	34048	38956	
19420	0	28456	34064	39000	
19421	0	28464	34017	39104	
19422	0	28472	33996	39200	
19423	0	28480	33924	39232	
19424	0	28484	33900	39436	
19425	0	28496	33865	39460	
19426	0	28512	33728	39472	
19427	0	28512	32428	39832	
19428	0	28528	31912	39684	
19429	0	28532	31436	38524	
19430	0	28540	31192	37580	
19431	0	28561	31037	37240	
19432	0	28576	31436	37400	
19433	0	28592	32068	37820	
19434	0	28592	32576	38340	
19435	0	28612	32888	38656	
19436	0	28621	32976	38660	
19437	0	28641	32848	38356	
19438	0	28654	32617	37980	
19439	0	28664	32512	37836	
19440	0	28688	32592	38088	
19441	0	28696	32697	38464	
19442	0	28708	32743	38576	
19443	0	28725	32728	38376	
19444	0	28744	32765	38184	
19445	0	28764	32757	38264	
19446	0	28784	32736	38400	
19447	0	28800	32696	38436	
19448	0	28812	32752	38360	
19449	0	28828	32608	38464	
19450	0	28848	32696	38396	
19451	0	28864	32736	38404	
19452	0	28880	32717	38440	
19453	0	28896	32700	38380	
19454	0	28916	32708	38356	
19455	0	28933	32708	38373	
19456	0	28956	32724	38332	
19457	0	28964	32740	38324	
19458	0	28988	32725	38312	
19459	0	29004	32720	38344	
19460	0	29024	32712	38336	
19461	0	29048	32704	38324	
19462	0	29060	32706	38342	
19463	0	29088	32716	38328	
19464	0	29100	32700	38288	
19465	0	29116	32720	38300	
19466	0	29140	32725	38296	
19467	0	29156	32772	38312	
19468	0	29168	32780	38340	
19469	0	29193	32800	38348	
19470	0	29212	32793	38333	
19471	0	29240	32780	38380	
19472	0	29256	32801	38380	
19473	0	29268	32756	38368	
19474	0	29292	32768	38340	
19475	0	29312	32800	38404	
19476	0	29332	32812	38424	
19477	0	29348	32796	38408	
19478	0	29372	32948	38292	
19479	0	29392	33161	38033	
19480	0	29408	32628	38501	
19481	0	29428	32724	38408	
19482	0	29448	32780	38384	
19483	0	29472	32777	38368	
19484	0	29492	32740	38352	
19485	0	29516	32740	38328	
19486	0	29532	32592	38400	
19487	0	29549	32624	38408	
19488	0	29572	32700	38336	
19489	0	29596	32732	38328	
19490	0	29608	32765	38348	
19491	0	29632	32748	38340	
19492	0	29648	32740	38348	
19493	0	29668	32737	38368	
19494	0	29688	32804	38392	
19495	0	29708	32980	38276	
19496	0	29728	32596	38464	
19497	0	29752	32724	38368	
19498	0	29768	32992	38260	
19499	0	29792	32556	38440	
19500	0	29816	32684	38348	
19501	0	29828	32736	38296	
19502	0	29852	32664	38280	
19503	0	29873	32604	38396	
19504	0	29892	32680	38376	
19505	0	29916	32708	38340	
19506	0	29936	32816	38320	
19507	0	29956	32495	38494	
19508	0	29976	32648	38420	
19509	0	30000	32704	38400	
19510	0	30020	32744	38408	
19511	0	30040	32832	38336	
19512	0	30068	32584	38452	
19513	0	30092	32660	38372	
19514	0	30110	32736	38373	
19515	0	30128	32924	38276	
19516	0	30172	32557	38492	
19517	0	30189	32720	38352	
19518	0	30212	32936	38336	
19519	0	30240	32560	38448	
19520	0	30276	32704	38348	
19521	0	30300	32768	38348	
19522	0	30320	32900	38276	
19523	0	30357	32484	38452	
19524	0	30380	32740	38348	
19525	0	30409	32556	38424	
19526	0	30448	32937	38221	
19527	0	30473	32397	38452	
19528	0	30508	32705	38296	
19529	0	30538	32328	38532	
19530	0	30576	32592	38408	
19531	0	30601	33373	38136	
19532	0	30640	32477	38336	
19533	0	30680	32572	38356	
19534	0	30712	32724	38272	
19535	0	30748	32420	38456	
19536	0	30785	32476	38388	
19537	0	30829	32580	38361	
19538	0	30860	32600	38352	
19539	0	30900	32576	38340	
19540	0	30944	32576	38284	
19541	0	30992	32610	38352	
19542	0	31024	32596	38340	
19543	0	31060	32585	38336	
19544	0	31112	32584	38336	
19545	0	31152	32596	38320	
19546	0	31192	32628	38356	
19547	0	31244	32608	38380	
19548	0	31292	32624	38381	
19549	0	31337	32620	38356	
19550	0	31388	32648	38357	
19551	0	31440	32672	38392	
19552	0	31480	32672	38364	
19553	0	31536	32668	38352	
19554	0	31580	32640	38340	
19555	0	31640	32640	38344	
19556	0	31684	32636	38336	
19557	0	31736	32644	38352	
19558	0	31796	32660	38392	
19559	0	31853	32616	38373	
19560	0	31904	32600	38400	
19561	0	31960	32621	38372	
19562	0	32009	32592	38328	
19563	0	32072	32585	38328	
19564	0	32124	32596	38360	
19565	0	32180	32624	38404	
19566	0	32244	32632	38380	
19567	0	32304	32605	38368	
19568	0	32360	32608	38361	
19569	0	32416	32622	38396	
19570	0	32484	32640	38401	
19571	0	32540	32608	38372	
19572	0	32596	32557	38361	
19573	0	32652	32612	38372	
19574	0	32716	32580	38368	
19575	0	32776	32580	38380	
19576	0	32848	32576	38392	
19577	0	32869	32545	38372	
19578	0	32968	32580	38384	
19579	0	33032	32573	38336	
19580	0	33088	32532	38304	
19581	0	33152	32552	38316	
19582	0	33216	32552	38328	
19583	0	33284	32512	38336	
19584	0	33344	32520	38348	
19585	0	33408	32516	38352	
19586	0	33460	32517	38340	
19587	0	33528	32484	38360	
19588	0	33592	32464	38337	
19589	0	33656	32476	38388	
19590	0	33716	32472	38360	
19591	0	33776	32449	38340	
19592	0	33844	32444	38404	
19593	0	33905	32396	38392	
19594	0	33968	32368	38404	
19595	0	34032	32368	38368	
19596	0	34100	32422	38352	
19597	0	34160	32396	38416	
19598	0	34224	32480	38412	
19599	0	34280	32433	38552	
19600	0	34348	32380	38548	
19601	0	34405	32524	38620	
19602	0	34476	32464	38648	
19603	0	34525	32540	38676	
19604	0	34597	32536	38886	
19605	0	34652	32541	38969	
19606	0	34716	32562	39000	
19607	0	34784	32432	39012	
19608	0	34842	32412	39068	
19609	0	34904	32392	39076	
19610	0	34961	32430	39072	
19611	0	35020	32328	39028	
19612	0	35086	32500	39028	
19613	0	35140	32428	38984	
19614	0	35204	32440	38964	
19615	0	35264	32332	38824	
19616	0	35316	32248	38700	
19617	0	35384	32484	38928	
19618	0	35444	32724	39044	
19619	0	35500	32760	38972	
19620	0	35560	31962	38572	
19621	0	35616	31722	38312	
19622	0	35677	32120	38428	
19623	0	35740	32248	38768	
19624	0	35792	32353	38828	
19625	0	35848	31994	38776	
19626	0	35901	31860	38624	
19627	0	35956	31633	38600	
19628	0	36005	31652	38508	
19629	0	36064	31628	38456	
19630	0	36116	31556	38380	
19631	0	36168	31460	38212	
19632	0	36220	31452	38408	
19633	0	36272	31324	38224	
19634	0	36332	31344	38088	
19635	0	36376	31384	38100	
19636	0	36424	31324	38100	
19637	0	36480	31240	37976	
19638	0	36524	31164	37937	
19639	0	36576	31177	37873	
19640	0	36620	31140	37885	
19641	0	36676	31160	37857	
19642	0	36720	31140	37888	
19643	0	36764	31196	37929	
19644	0	36804	31244	37920	
19645	0	36856	31232	37836	
19646	0	36904	31188	37792	
19647	0	36944	31140	37728	
19648	0	36992	31136	37668	
19649	0	37028	31114	37688	
19650	0	37076	31136	37581	
19651	0	37120	31184	37576	
19652	0	37164	31172	37468	
19653	0	37200	31178	37460	
19654	0	37244	31092	37480	
19655	0	37284	31056	37436	
19656	0	37324	31264	37280	
19657	0	37362	31354	37329	
19658	0	37412	31176	37368	
19659	0	37448	31012	37420	
19660	0	37492	30940	37472	
19661	0	37528	30916	37632	
19662	0	37564	30932	37756	
19663	0	37600	30929	37892	
19664	0	37644	30892	37932	
19665	0	37680	30856	37976	
19666	0	37720	30860	38072	
19667	0	37748	30857	38166	
19668	0	37792	30884	38216	
19669	0	37820	30860	38220	
19670	0	37856	30876	38260	
19671	0	37896	30892	38325	
19672	0	37928	30864	38280	
19673	0	37964	30888	38272	
19674	0	37992	30848	38252	
19675	0	38036	30868	38248	
19676	0	38060	30868	38256	
19677	0	38092	30836	38216	
19678	0	38112	30820	38209	
19679	0	38160	30792	38064	
