# OpenSignals Text File Format. Version 1
# {"00:07:80:65:E0:11": {"position": 0, "device": "biosignalsplux", "device name": "00:07:80:65:E0:11", "device connection": "00:07:80:65:E0:11", "sampling rate": 200, "resolution": [16, 16, 16], "firmware version": 775, "comments": "", "keywords": "", "mode": 0, "sync interval": 2, "date": "2025-9-19", "time": "10:28:48.844", "channels": [1, 2, 3], "sensor": ["RIP", "XYZ", "XYZ"], "label": ["CH1", "CH2", "CH3"], "column": ["nSeq", "DI", "CH1", "CH2", "CH3"], "special": [{"SpO2": [80, 40, 5, 4, 3, 3]}, {"SpO2": [80, 40, 5, 4, 3, 3]}, {"SpO2": [80, 40, 5, 4, 3, 3]}, {"SpO2": [80, 40, 5, 4, 3, 3]}, {"SpO2": [80, 40, 5, 4, 3, 3]}, {"SpO2": [80, 40, 5, 4, 3, 3]}, {"SpO2": [80, 40, 5, 4, 3, 3]}, {"SpO2": [80, 40, 5, 4, 3, 3]}], "digital IO": [0, 1], "sleeve color": ["orange", "brown", ""]}}
# EndOfHeader
0	0	26834	33356	38320	
1	0	26878	33368	38268	
2	0	26930	33356	38288	
3	0	26984	33385	38288	
4	0	27033	33376	38328	
5	0	27090	33356	38304	
6	0	27148	33376	38344	
7	0	27196	33393	38308	
8	0	27256	33348	38344	
9	0	27312	33380	38336	
10	0	27368	33376	38360	
11	0	27428	33388	38320	
12	0	27485	33380	38360	
13	0	27547	33360	38344	
14	0	27608	33361	38364	
15	0	27676	33376	38324	
16	0	27736	33388	38380	
17	0	27796	33384	38360	
18	0	27860	33376	38380	
19	0	27924	33385	38376	
20	0	27988	33396	38376	
21	0	28056	33388	38368	
22	0	28122	33396	38332	
23	0	28188	33420	38356	
24	0	28256	33412	38364	
25	0	28320	33412	38352	
26	0	28389	33416	38324	
27	0	28457	33412	38376	
28	0	28524	33404	38336	
29	0	28594	33412	38344	
30	0	28672	33408	38368	
31	0	28736	33405	38385	
32	0	28812	33420	38336	
33	0	28880	33413	38364	
34	0	28954	33428	38344	
35	0	29028	33416	38348	
36	0	29092	33404	38332	
37	0	29165	33408	38324	
38	0	29244	33428	38329	
39	0	29316	33425	38356	
40	0	29384	33444	38344	
41	0	29464	33428	38348	
42	0	29532	33436	38396	
43	0	29608	33428	38357	
44	0	29684	33424	38382	
45	0	29760	33424	38356	
46	0	29832	33445	38348	
47	0	29908	33448	38364	
48	0	29984	33425	38388	
49	0	30053	33432	38340	
50	0	30125	33409	38348	
51	0	30204	33408	38360	
52	0	30280	33436	38336	
53	0	30356	33414	38373	
54	0	30428	33464	38356	
55	0	30500	33433	38360	
56	0	30576	33464	38360	
57	0	30650	33448	38356	
58	0	30732	33448	38348	
59	0	30797	33445	38365	
60	0	30876	33452	38336	
61	0	30948	33464	38344	
62	0	31020	33464	38336	
63	0	31096	33436	38368	
64	0	31168	33472	38360	
65	0	31240	33472	38332	
66	0	31329	33476	38328	
67	0	31400	33460	38356	
68	0	31474	33473	38324	
69	0	31552	33472	38344	
70	0	31622	33466	38328	
71	0	31696	33476	38348	
72	0	31776	33492	38308	
73	0	31844	33504	38352	
74	0	31924	33472	38344	
75	0	31992	33504	38332	
76	0	32072	33480	38316	
77	0	32140	33480	38311	
78	0	32224	33480	38316	
79	0	32296	33496	38329	
80	0	32369	33462	38336	
81	0	32444	33484	38328	
82	0	32516	33480	38320	
83	0	32588	33500	38328	
84	0	32668	33476	38348	
85	0	32736	33488	38344	
86	0	32808	33500	38340	
87	0	32885	33484	38344	
88	0	32964	33503	38324	
89	0	33032	33492	38344	
90	0	33116	33492	38328	
91	0	33185	33496	38329	
92	0	33261	33496	38332	
93	0	33336	33500	38344	
94	0	33398	33496	38336	
95	0	33472	33496	38344	
96	0	33556	33492	38324	
97	0	33628	33488	38312	
98	0	33692	33496	38316	
99	0	33764	33488	38360	
100	0	33840	33492	38328	
101	0	33912	33504	38344	
102	0	33984	33496	38320	
103	0	34056	33504	38336	
104	0	34124	33488	38360	
105	0	34208	33504	38328	
106	0	34273	33509	38320	
107	0	34340	33509	38312	
108	0	34408	33489	38352	
109	0	34484	33500	38357	
110	0	34560	33492	38348	
111	0	34624	33504	38324	
112	0	34692	33496	38328	
113	0	34760	33504	38336	
114	0	34828	33500	38328	
115	0	34896	33496	38328	
116	0	34964	33484	38380	
117	0	35040	33496	38376	
118	0	35097	33492	38328	
119	0	35164	33512	38328	
120	0	35236	33484	38364	
121	0	35300	33496	38344	
122	0	35368	33464	38348	
123	0	35432	33484	38320	
124	0	35496	33484	38352	
125	0	35568	33500	38336	
126	0	35625	33490	38332	
127	0	35692	33492	38336	
128	0	35754	33464	38380	
129	0	35816	33469	38352	
130	0	35885	33472	38348	
131	0	35940	33480	38336	
132	0	36004	33452	38376	
133	0	36068	33445	38408	
134	0	36132	33440	38361	
135	0	36189	33468	38396	
136	0	36244	33444	38376	
137	0	36296	33472	38348	
138	0	36360	33441	38336	
139	0	36416	33429	38364	
140	0	36480	33420	38376	
141	0	36528	33444	38392	
142	0	36588	33440	38368	
143	0	36644	33420	38348	
144	0	36700	33440	38344	
145	0	36752	33452	38340	
146	0	36800	33440	38304	
147	0	36856	33452	38320	
148	0	36900	33408	38296	
149	0	36952	33376	38316	
150	0	37005	33404	38332	
151	0	37056	33412	38364	
152	0	37100	33408	38328	
153	0	37148	33400	38352	
154	0	37200	33412	38356	
155	0	37240	33408	38380	
156	0	37288	33428	38360	
157	0	37324	33400	38392	
158	0	37376	33368	38380	
159	0	37420	33384	38400	
160	0	37452	33397	38364	
161	0	37492	33380	38396	
162	0	37528	33385	38388	
163	0	37572	33380	38372	
164	0	37604	33400	38372	
165	0	37636	33396	38352	
166	0	37676	33368	38352	
167	0	37704	33396	38349	
168	0	37736	33368	38376	
169	0	37772	33376	38344	
170	0	37792	33364	38364	
171	0	37828	33376	38376	
172	0	37856	33384	38356	
173	0	37876	33400	38372	
174	0	37908	33345	38344	
175	0	37924	33336	38344	
176	0	37952	33336	38344	
177	0	37972	33325	38320	
178	0	37992	33320	38336	
179	0	38008	33320	38348	
180	0	38028	33332	38336	
181	0	38048	33344	38360	
182	0	38064	33332	38360	
183	0	38084	33308	38360	
184	0	38096	33324	38372	
185	0	38108	33336	38364	
186	0	38116	33316	38388	
187	0	38124	33336	38376	
188	0	38144	33304	38352	
189	0	38144	33316	38336	
190	0	38149	33320	38364	
191	0	38160	33324	38360	
192	0	38168	33336	38352	
193	0	38168	33341	38352	
194	0	38180	33328	38332	
195	0	38176	33330	38333	
196	0	38176	33348	38336	
197	0	38184	33325	38346	
198	0	38180	33321	38316	
199	0	38184	33348	38340	
200	0	38180	33332	38344	
201	0	38172	33310	38340	
202	0	38172	33333	38332	
203	0	38168	33308	38348	
204	0	38164	33344	38372	
205	0	38152	33324	38340	
206	0	38144	33332	38324	
207	0	38136	33352	38368	
208	0	38124	33340	38316	
209	0	38128	33304	38356	
210	0	38104	33324	38340	
211	0	38100	33332	38320	
212	0	38100	33336	38308	
213	0	38084	33308	38329	
214	0	38064	33320	38316	
215	0	38060	33336	38312	
216	0	38032	33308	38336	
217	0	38020	33324	38332	
218	0	38008	33332	38373	
219	0	37992	33321	38352	
220	0	37976	33313	38324	
221	0	37952	33340	38340	
222	0	37928	33338	38340	
223	0	37912	33336	38324	
224	0	37896	33316	38308	
225	0	37872	33364	38336	
226	0	37848	33364	38364	
227	0	37830	33360	38364	
228	0	37804	33376	38364	
229	0	37784	33360	38340	
230	0	37764	33364	38336	
231	0	37732	33360	38336	
232	0	37712	33372	38328	
233	0	37680	33381	38360	
234	0	37652	33380	38340	
235	0	37628	33344	38360	
236	0	37600	33376	38336	
237	0	37580	33396	38340	
238	0	37538	33384	38372	
239	0	37508	33389	38360	
240	0	37480	33372	38364	
241	0	37449	33364	38380	
242	0	37424	33396	38376	
243	0	37384	33392	38400	
244	0	37356	33413	38346	
245	0	37324	33424	38364	
246	0	37288	33412	38348	
247	0	37256	33424	38372	
248	0	37220	33392	38368	
249	0	37188	33404	38376	
250	0	37152	33424	38336	
251	0	37108	33385	38344	
252	0	37084	33400	38336	
253	0	37044	33408	38368	
254	0	37000	33414	38356	
255	0	36976	33416	38352	
256	0	36936	33429	38344	
257	0	36904	33412	38336	
258	0	36856	33436	38376	
259	0	36816	33452	38364	
260	0	36776	33448	38368	
261	0	36740	33440	38412	
262	0	36704	33460	38361	
263	0	36668	33452	38340	
264	0	36625	33428	38368	
265	0	36588	33444	38348	
266	0	36540	33452	38356	
267	0	36504	33468	38372	
268	0	36472	33468	38328	
269	0	36424	33428	38380	
270	0	36388	33460	38360	
271	0	36344	33476	38368	
272	0	36296	33472	38382	
273	0	36256	33480	38376	
274	0	36224	33464	38376	
275	0	36180	33461	38329	
276	0	36128	33472	38372	
277	0	36084	33476	38372	
278	0	36056	33476	38388	
279	0	36008	33458	38360	
280	0	35964	33484	38364	
281	0	35925	33484	38368	
282	0	35892	33480	38344	
283	0	35844	33496	38368	
284	0	35800	33488	38380	
285	0	35757	33512	38348	
286	0	35712	33500	38380	
287	0	35684	33496	38360	
288	0	35638	33509	38416	
289	0	35592	33504	38392	
290	0	35552	33481	38400	
291	0	35521	33504	38352	
292	0	35472	33504	38416	
293	0	35440	33492	38424	
294	0	35400	33500	38424	
295	0	35360	33496	38424	
296	0	35324	33504	38368	
297	0	35280	33500	38380	
298	0	35240	33500	38346	
299	0	35208	33504	38384	
300	0	35172	33524	38394	
301	0	35119	33529	38336	
302	0	35100	33509	38400	
303	0	35060	33508	38372	
304	0	35024	33492	38352	
305	0	34984	33492	38420	
306	0	34960	33521	38400	
307	0	34928	33524	38436	
308	0	34892	33508	38412	
309	0	34856	33504	38380	
310	0	34828	33496	38364	
311	0	34796	33518	38364	
312	0	34764	33500	38421	
313	0	34733	33512	38432	
314	0	34700	33512	38436	
315	0	34672	33484	38420	
316	0	34640	33512	38381	
317	0	34612	33508	38408	
318	0	34588	33500	38428	
319	0	34560	33528	38406	
320	0	34536	33496	38448	
321	0	34504	33524	38436	
322	0	34496	33532	38472	
323	0	34457	33544	38452	
324	0	34433	33560	38484	
325	0	34408	33560	38496	
326	0	34384	33548	38492	
327	0	34360	33580	38558	
328	0	34344	33582	38564	
329	0	34328	33592	38604	
330	0	34296	33652	38668	
331	0	34280	33629	38672	
332	0	34252	33644	38884	
333	0	34240	33640	38816	
334	0	34216	33700	38972	
335	0	34196	33700	39052	
336	0	34180	33744	39104	
337	0	34168	33817	39456	
338	0	34152	33596	39008	
339	0	34128	33040	38596	
340	0	34108	32580	38116	
341	0	34092	33448	40416	
342	0	34072	34186	41849	
343	0	34033	34176	41096	
344	0	34036	34420	40220	
345	0	34020	34928	40060	
346	0	34008	35252	40300	
347	0	33984	35452	40416	
348	0	33976	35612	40276	
349	0	33960	35840	39696	
350	0	33936	35996	39084	
351	0	33925	36096	38788	
352	0	33900	36056	38765	
353	0	33888	36116	38692	
354	0	33872	36216	38508	
355	0	33856	36144	38032	
356	0	33840	36164	37748	
357	0	33824	36232	37524	
358	0	33808	36304	37452	
359	0	33788	36332	37388	
360	0	33780	36284	37356	
361	0	33752	36220	37396	
362	0	33736	36148	37412	
363	0	33716	36072	37484	
364	0	33704	35976	37516	
365	0	33688	35844	37556	
366	0	33664	35712	37576	
367	0	33653	35560	37688	
368	0	33632	35413	37804	
369	0	33608	35232	37864	
370	0	33592	35072	38001	
371	0	33569	34944	38152	
372	0	33552	34784	38336	
373	0	33544	34632	38464	
374	0	33516	34540	38552	
375	0	33492	34460	38688	
376	0	33476	34364	38824	
377	0	33445	34248	38933	
378	0	33428	34180	39104	
379	0	33408	34052	39176	
380	0	33380	33936	39264	
381	0	33353	33784	39276	
382	0	33332	33672	39148	
383	0	33305	33544	39068	
384	0	33284	33469	38884	
385	0	33248	33412	38676	
386	0	33224	33336	38536	
387	0	33200	33288	38368	
388	0	33172	33258	38272	
389	0	33144	33208	38208	
390	0	33116	33116	38328	
391	0	33080	32960	38576	
392	0	33044	32756	38740	
393	0	33013	32620	38848	
394	0	32992	32521	38820	
395	0	32952	32388	38716	
396	0	32912	32272	38552	
397	0	32880	32228	38392	
398	0	32837	32185	38296	
399	0	32812	32168	38228	
400	0	32768	32156	38224	
401	0	32732	32176	38276	
402	0	32692	32192	38320	
403	0	32648	32208	38336	
404	0	32612	32228	38432	
405	0	32564	32241	38436	
406	0	32524	32252	38372	
407	0	32484	32244	38388	
408	0	32432	32274	38384	
409	0	32388	32281	38344	
410	0	32352	32344	38300	
411	0	32308	32404	38288	
412	0	32252	32452	38204	
413	0	32200	32544	38144	
414	0	32160	32584	38048	
415	0	32112	32668	37956	
416	0	32064	32688	37900	
417	0	32009	32725	37864	
418	0	31965	32733	37864	
419	0	31908	32704	37880	
420	0	31860	33024	40600	
421	0	31808	32224	42536	
422	0	31752	31445	38636	
423	0	31700	32212	38285	
424	0	31648	31440	38764	
425	0	31592	30796	38452	
426	0	31544	30301	37972	
427	0	31488	30092	38112	
428	0	31436	29956	38076	
429	0	31377	29752	38228	
430	0	31328	29878	38284	
431	0	31269	31064	37445	
432	0	31212	32340	37680	
433	0	31164	33252	38600	
434	0	31112	33932	39264	
435	0	31060	34234	39600	
436	0	30996	32877	40416	
437	0	30948	33972	39240	
438	0	30896	33714	38772	
439	0	30844	33576	38344	
440	0	30788	33489	38200	
441	0	30736	33644	37996	
442	0	30688	33918	38068	
443	0	30632	33986	38172	
444	0	30580	34172	38302	
445	0	30528	34641	40572	
446	0	30472	33420	39858	
447	0	30420	32836	38480	
448	0	30372	33148	38480	
449	0	30321	32988	38020	
450	0	30268	33276	37912	
451	0	30228	33444	38456	
452	0	30172	33600	38112	
453	0	30128	33440	38066	
454	0	30084	33436	38124	
455	0	30032	33409	38352	
456	0	29985	33424	38432	
457	0	29952	33452	38384	
458	0	29904	33504	38488	
459	0	29860	33508	38656	
460	0	29824	33508	38596	
461	0	29781	33468	38493	
462	0	29740	33442	38436	
463	0	29704	33456	38412	
464	0	29668	33498	38356	
465	0	29624	33528	38424	
466	0	29597	33524	38428	
467	0	29560	33560	38412	
468	0	29532	33528	38372	
469	0	29504	33536	38369	
470	0	29476	33528	38352	
471	0	29448	33528	38368	
472	0	29428	33512	38336	
473	0	29406	33528	38293	
474	0	29388	33520	38300	
475	0	29368	33532	38268	
476	0	29350	33557	38304	
477	0	29344	33572	38324	
478	0	29324	33596	38360	
479	0	29320	33596	38408	
480	0	29312	33568	38424	
481	0	29312	33560	38436	
482	0	29310	33536	38464	
483	0	29312	33544	38517	
484	0	29312	33533	38512	
485	0	29320	33540	38516	
486	0	29333	33550	38549	
487	0	29346	33544	38532	
488	0	29360	33528	38557	
489	0	29376	33536	38528	
490	0	29396	33540	38484	
491	0	29416	33512	38528	
492	0	29448	33517	38493	
493	0	29468	33508	38441	
494	0	29512	33484	38456	
495	0	29540	33493	38440	
496	0	29580	33516	38372	
497	0	29620	33520	38368	
498	0	29664	33529	38384	
499	0	29712	33528	38373	
500	0	29760	33492	38412	
501	0	29812	33552	38405	
502	0	29865	33572	38316	
503	0	29928	33585	38292	
504	0	29980	33552	38284	
505	0	30049	33504	38252	
506	0	30108	33562	38293	
507	0	30176	33560	38300	
508	0	30244	33576	38336	
509	0	30312	33558	38293	
510	0	30384	33548	38372	
511	0	30460	33524	38400	
512	0	30536	33540	38412	
513	0	30617	33562	38384	
514	0	30696	33608	38400	
515	0	30780	33584	38368	
516	0	30864	33600	38425	
517	0	30948	33600	38436	
518	0	31033	33569	38396	
519	0	31120	33577	38416	
520	0	31212	33564	38373	
521	0	31304	33568	38408	
522	0	31389	33576	38384	
523	0	31488	33556	38386	
524	0	31580	33573	38344	
525	0	31676	33528	38340	
526	0	31768	33548	38316	
527	0	31868	33529	38300	
528	0	31960	33560	38320	
529	0	32064	33592	38344	
530	0	32160	33568	38350	
531	0	32264	33568	38356	
532	0	32356	33540	38400	
533	0	32464	33556	38400	
534	0	32557	33532	38413	
535	0	32672	33564	38420	
536	0	32776	33573	38488	
537	0	32870	33596	38508	
538	0	32976	33529	38488	
539	0	33080	33484	38460	
540	0	33184	33433	38452	
541	0	33293	33528	38468	
542	0	33384	33516	38528	
543	0	33496	33432	38480	
544	0	33600	33280	38404	
545	0	33708	33304	38256	
546	0	33804	33232	38200	
547	0	33912	33280	38168	
548	0	34016	33256	38092	
549	0	34120	33312	38268	
550	0	34221	33376	38405	
551	0	34320	33401	38368	
552	0	34429	33376	38436	
553	0	34532	33508	38464	
554	0	34634	33416	38400	
555	0	34736	33588	38528	
556	0	34832	33412	38424	
557	0	34936	33404	38568	
558	0	35032	33349	38424	
559	0	35136	33396	38592	
560	0	35228	33520	38868	
561	0	35328	33256	38720	
562	0	35436	33284	38864	
563	0	35528	33300	38628	
564	0	35636	33480	39125	
565	0	35720	33369	38592	
566	0	35816	33504	39005	
567	0	35913	33464	39045	
568	0	36009	33532	39401	
569	0	36100	33593	39864	
570	0	36192	33792	40636	
571	0	36292	33564	40212	
572	0	36392	33796	41012	
573	0	36481	33440	40900	
574	0	36568	33505	41272	
575	0	36660	32232	44864	
576	0	36749	25272	52224	
577	0	36840	37328	42344	
578	0	36936	35692	35544	
579	0	37020	33240	44144	
580	0	37112	33960	45064	
581	0	37196	34680	45700	
582	0	37288	34444	44080	
583	0	37378	34541	44492	
584	0	37457	34160	45529	
585	0	37540	33940	46500	
586	0	37632	33436	46768	
587	0	37712	32800	46900	
588	0	37796	33509	46948	
589	0	37880	35138	45816	
590	0	37961	34453	45832	
591	0	38040	35340	45088	
592	0	38124	35637	45240	
593	0	38200	35800	46304	
594	0	38272	36092	47461	
595	0	38352	36452	48680	
596	0	38428	36512	49136	
597	0	38504	36496	48876	
598	0	38576	36568	48736	
599	0	38652	36841	47596	
600	0	38721	36848	46888	
601	0	38796	35720	48088	
602	0	38868	34884	48920	
603	0	38932	37601	47400	
604	0	39008	39620	44176	
605	0	39072	40200	42526	
606	0	39136	40028	41368	
607	0	39204	38080	42080	
608	0	39264	34876	41780	
609	0	39336	33552	42588	
610	0	39396	36072	44908	
611	0	39460	37204	44880	
612	0	39520	37300	45580	
613	0	39580	36509	44920	
614	0	39642	36176	44248	
615	0	39693	35864	43628	
616	0	39754	35512	42668	
617	0	39812	35156	41352	
618	0	39864	35012	40328	
619	0	39916	34940	39689	
620	0	39968	34824	39368	
621	0	40024	34752	39272	
622	0	40080	34788	39148	
623	0	40128	34746	39024	
624	0	40180	34668	38820	
625	0	40224	34502	38535	
626	0	40288	34304	38264	
627	0	40332	34084	37917	
628	0	40376	34009	37465	
629	0	40416	33956	36960	
630	0	40468	33644	36736	
631	0	40524	33612	36260	
632	0	40560	33568	35829	
633	0	40608	33606	35380	
634	0	40648	33656	34960	
635	0	40696	33512	34832	
636	0	40733	33560	34584	
637	0	40772	33464	34516	
638	0	40828	33440	34308	
639	0	40856	33512	34016	
640	0	40896	33544	33700	
641	0	40928	33528	33700	
642	0	40972	33464	33556	
643	0	41000	33400	33482	
644	0	41044	33312	33360	
645	0	41068	33096	33425	
646	0	41112	33100	33373	
647	0	41140	32984	33570	
648	0	41168	32924	33824	
649	0	41200	32796	34041	
650	0	41224	32625	34228	
651	0	41248	32416	34388	
652	0	41280	32124	34398	
653	0	41304	31788	34309	
654	0	41320	31417	34148	
655	0	41344	30913	34092	
656	0	41356	30424	34108	
657	0	41376	29920	34204	
658	0	41392	29429	34284	
659	0	41404	28917	34412	
660	0	41416	28390	34588	
661	0	41432	27808	34712	
662	0	41436	27157	34772	
663	0	41440	26532	34720	
664	0	41456	25916	34712	
665	0	41460	25213	34616	
666	0	41464	24664	34736	
667	0	41460	24000	34964	
668	0	41456	23576	35408	
669	0	41453	23122	35708	
670	0	41448	22725	35952	
671	0	41448	22400	36152	
672	0	41436	22172	36252	
673	0	41424	21960	36188	
674	0	41416	21880	36120	
675	0	41400	21888	36116	
676	0	41392	21980	36206	
677	0	41372	22040	36416	
678	0	41356	22140	36596	
679	0	41332	22237	36764	
680	0	41312	22349	36976	
681	0	41292	22476	37120	
682	0	41268	22624	37264	
683	0	41244	22756	37337	
684	0	41201	22949	37396	
685	0	41168	23216	37389	
686	0	41152	23524	37368	
687	0	41096	23840	37356	
688	0	41068	24292	36904	
689	0	41040	24289	38216	
690	0	41000	25488	36186	
691	0	40948	25632	37248	
692	0	40904	22332	43080	
693	0	40853	6638	37312	
694	0	40812	35060	34664	
695	0	40768	20148	37064	
696	0	40708	23992	47264	
697	0	40657	30446	53316	
698	0	40600	30052	33376	
699	0	40548	34068	42092	
700	0	40492	37788	48464	
701	0	40432	37180	40492	
702	0	40360	36464	44568	
703	0	40304	35120	44404	
704	0	40244	33240	43264	
705	0	40168	31740	40880	
706	0	40104	31832	37741	
707	0	40032	32496	35008	
708	0	39972	32073	33948	
709	0	39900	31868	33940	
710	0	39820	31944	33920	
711	0	39748	32105	34240	
712	0	39664	32372	35077	
713	0	39592	32433	37500	
714	0	39512	32593	38976	
715	0	39436	32892	40536	
716	0	39352	33180	41156	
717	0	39265	33396	41160	
718	0	39176	33376	40668	
719	0	39084	33396	39764	
720	0	39016	33321	38912	
721	0	38917	33252	38316	
722	0	38832	33160	38360	
723	0	38740	33077	38468	
724	0	38652	33036	38628	
725	0	38556	33024	38832	
726	0	38452	32984	38910	
727	0	38368	33109	38828	
728	0	38272	33012	38532	
729	0	38176	33024	38192	
730	0	38072	32984	37936	
731	0	37980	32941	37898	
732	0	37884	32932	37908	
733	0	37780	32984	37976	
734	0	37688	33004	38012	
735	0	37584	33053	38108	
736	0	37477	33088	38196	
737	0	37380	33108	38232	
738	0	37280	33204	38284	
739	0	37172	33244	38328	
740	0	37076	33224	38400	
741	0	36960	33232	38444	
742	0	36868	33108	38408	
743	0	36764	33144	38400	
744	0	36668	33096	38220	
745	0	36564	33144	38244	
746	0	36452	33196	38088	
747	0	36353	33268	38120	
748	0	36256	33328	38140	
749	0	36152	33288	38245	
750	0	36052	33240	38272	
751	0	35948	33244	38312	
752	0	35840	33284	38320	
753	0	35744	33308	38352	
754	0	35636	33309	38348	
755	0	35536	33288	38364	
756	0	35440	33263	38348	
757	0	35340	33264	38357	
758	0	35244	33308	38320	
759	0	35132	33360	38308	
760	0	35032	33348	38292	
761	0	34937	33380	38364	
762	0	34844	33376	38372	
763	0	34736	33365	38384	
764	0	34640	33316	38320	
765	0	34536	33304	38336	
766	0	34440	33318	38296	
767	0	34352	33365	38272	
768	0	34240	33368	38304	
769	0	34148	33344	38308	
770	0	34056	33336	38264	
771	0	33952	33304	38216	
772	0	33852	33296	38152	
773	0	33756	33296	38100	
774	0	33656	33312	38088	
775	0	33566	33316	38120	
776	0	33468	33277	38096	
777	0	33368	33336	38160	
778	0	33280	33352	38192	
779	0	33180	33424	38208	
780	0	33084	33400	38244	
781	0	32992	33392	38268	
782	0	32896	33400	38328	
783	0	32804	33360	38340	
784	0	32705	33436	38272	
785	0	32616	33428	38352	
786	0	32524	33360	38233	
787	0	32424	33352	38297	
788	0	32336	33352	38240	
789	0	32240	33382	38184	
790	0	32144	33376	38172	
791	0	32048	33373	38132	
792	0	31960	33360	38144	
793	0	31862	33304	38116	
794	0	31772	33234	37992	
795	0	31680	33184	37792	
796	0	31592	33156	37649	
797	0	31492	33108	37560	
798	0	31404	32985	37440	
799	0	31304	32944	37444	
800	0	31220	33001	37524	
801	0	31125	33068	37696	
802	0	31038	33244	38000	
803	0	30944	33448	38588	
804	0	30852	33813	39240	
805	0	30764	34052	39688	
806	0	30668	34280	40008	
807	0	30580	34240	40436	
808	0	30488	33901	40444	
809	0	30400	33676	40048	
810	0	30320	33536	39452	
811	0	30217	33536	39008	
812	0	30132	33576	39020	
813	0	30041	33644	39121	
814	0	29957	33692	39224	
815	0	29864	33668	39312	
816	0	29784	33696	39396	
817	0	29700	33680	39448	
818	0	29608	33700	39472	
819	0	29532	33684	39428	
820	0	29444	33780	39368	
821	0	29356	33888	39516	
822	0	29272	33840	39589	
823	0	29181	33824	39757	
824	0	29108	34077	40348	
825	0	29024	34232	41004	
826	0	28940	33996	42916	
827	0	28864	34393	44472	
828	0	28780	34629	44924	
829	0	28708	34256	44556	
830	0	28628	33792	44288	
831	0	28552	32188	43857	
832	0	28476	31808	43932	
833	0	28400	32924	42348	
834	0	28324	34444	41420	
835	0	28252	31992	34048	
836	0	28172	35937	48284	
837	0	28100	34188	45284	
838	0	28028	33344	43240	
839	0	27954	32772	44548	
840	0	27892	32076	44624	
841	0	27820	34060	46760	
842	0	27756	35000	47560	
843	0	27688	33412	48152	
844	0	27620	31812	49112	
845	0	27556	31540	49976	
846	0	27492	29804	47192	
847	0	27433	26402	48312	
848	0	27360	26596	45416	
849	0	27296	27580	45752	
850	0	27236	27200	44708	
851	0	27180	27968	47548	
852	0	27120	28402	48648	
853	0	27060	28493	48192	
854	0	26996	28905	46892	
855	0	26944	29580	46452	
856	0	26885	30052	46888	
857	0	26828	30512	47296	
858	0	26776	31060	47104	
859	0	26713	31712	46420	
860	0	26668	32272	45716	
861	0	26612	32760	45160	
862	0	26556	33120	44764	
863	0	26504	33444	44320	
864	0	26460	33748	43884	
865	0	26404	34108	43420	
866	0	26349	34428	42796	
867	0	26300	34736	42164	
868	0	26256	35028	41444	
869	0	26212	35296	40610	
870	0	26160	35512	39648	
871	0	26112	35712	38584	
872	0	26068	35892	37468	
873	0	26020	36096	36464	
874	0	25976	36292	35660	
875	0	25936	36524	35096	
876	0	25889	36732	34624	
877	0	25844	36928	34292	
878	0	25800	37156	34056	
879	0	25760	37344	34000	
880	0	25724	37548	33964	
881	0	25688	37681	33784	
882	0	25649	37748	33552	
883	0	25608	37808	33260	
884	0	25573	37848	32960	
885	0	25528	37905	32668	
886	0	25497	37948	32332	
887	0	25456	38025	32040	
888	0	25425	38092	31704	
889	0	25392	38152	31433	
890	0	25364	38208	31180	
891	0	25332	38180	30988	
892	0	25304	38164	30814	
893	0	25272	38093	30700	
894	0	25236	37960	30596	
895	0	25205	37792	30552	
896	0	25180	37604	30592	
897	0	25152	37445	30656	
898	0	25140	37312	30692	
899	0	25100	37180	30756	
900	0	25080	37048	30888	
901	0	25056	36948	31048	
902	0	25040	36748	31164	
903	0	25012	36432	31304	
904	0	24992	36028	31386	
905	0	24970	35501	31532	
906	0	24952	34793	31688	
907	0	24936	34256	31996	
908	0	24924	33625	32348	
909	0	24908	32953	32804	
910	0	24896	32300	33312	
911	0	24880	31668	33769	
912	0	24868	31052	34145	
913	0	24858	30400	34604	
914	0	24852	29700	35104	
915	0	24836	29033	35632	
916	0	24836	28236	36148	
917	0	24829	27392	36648	
918	0	24820	26560	37112	
919	0	24820	25784	37500	
920	0	24808	25132	37744	
921	0	24808	24612	37992	
922	0	24816	24196	38200	
923	0	24810	23837	38372	
924	0	24814	23568	38536	
925	0	24816	23444	38680	
926	0	24820	23388	38836	
927	0	24824	23296	38956	
928	0	24832	23188	39048	
929	0	24840	23129	39064	
930	0	24848	23164	38880	
931	0	24864	23248	38528	
932	0	24872	23376	38132	
933	0	24882	23576	37728	
934	0	24898	23896	37184	
935	0	24916	24322	36596	
936	0	24936	24860	36048	
937	0	24952	19654	36936	
938	0	24972	7612	49644	
939	0	24994	23520	45188	
940	0	25020	18664	31264	
941	0	25040	30073	52908	
942	0	25061	24892	36836	
943	0	25088	31596	39220	
944	0	25116	37640	39148	
945	0	25148	40004	38268	
946	0	25180	38212	37989	
947	0	25208	35872	41820	
948	0	25244	33872	42600	
949	0	25281	32188	42720	
950	0	25312	31708	41076	
951	0	25356	32461	38016	
952	0	25396	32692	36172	
953	0	25428	32569	35736	
954	0	25472	31924	35892	
955	0	25520	32280	36164	
956	0	25568	32588	36376	
957	0	25620	32864	36901	
958	0	25656	33049	37940	
959	0	25712	33220	39112	
960	0	25760	33252	39876	
961	0	25816	33352	40128	
962	0	25868	33364	39892	
963	0	25924	33300	39477	
964	0	25984	33184	39188	
965	0	26036	33125	38664	
966	0	26096	33116	38416	
967	0	26153	33116	38404	
968	0	26220	33152	38496	
969	0	26280	33224	38648	
970	0	26336	33201	38780	
971	0	26404	33232	38836	
972	0	26472	33176	38792	
973	0	26536	33160	38688	
974	0	26601	33145	38486	
975	0	26676	33164	38296	
976	0	26748	33197	38204	
977	0	26804	33184	38208	
978	0	26884	33204	38316	
979	0	26950	33208	38368	
980	0	27022	33220	38456	
981	0	27096	33192	38452	
982	0	27173	33188	38496	
983	0	27253	33248	38624	
984	0	27328	33200	38600	
985	0	27401	33232	38548	
986	0	27480	33216	38564	
987	0	27560	33228	38540	
988	0	27642	33232	38528	
989	0	27720	33224	38560	
990	0	27796	33214	38609	
991	0	27884	33216	38604	
992	0	27968	33216	38548	
993	0	28049	33264	38576	
994	0	28132	33248	38608	
995	0	28218	33244	38572	
996	0	28301	33248	38516	
997	0	28392	33196	38444	
998	0	28480	33164	38348	
999	0	28568	33148	38292	
1000	0	28652	33144	38220	
1001	0	28750	33140	38168	
1002	0	28832	33144	38196	
1003	0	28924	33132	38224	
1004	0	29016	33184	38288	
1005	0	29105	33212	38376	
1006	0	29204	33256	38472	
1007	0	29292	33264	38576	
1008	0	29384	33268	38540	
1009	0	29480	33232	38448	
1010	0	29570	33180	38408	
1011	0	29668	33144	38344	
1012	0	29754	33084	38244	
1013	0	29848	33069	38077	
1014	0	29940	33076	37952	
1015	0	30036	33066	37970	
1016	0	30128	33060	37940	
1017	0	30212	33040	38024	
1018	0	30316	33072	38112	
1019	0	30408	33100	38144	
1020	0	30496	33100	38228	
1021	0	30596	33120	38244	
1022	0	30688	33132	38260	
1023	0	30776	33164	38292	
1024	0	30872	33180	38240	
1025	0	30969	33152	38292	
1026	0	31052	33148	38288	
1027	0	31148	33176	38281	
1028	0	31241	33184	38324	
1029	0	31332	33188	38432	
1030	0	31424	33156	38520	
1031	0	31508	33152	38588	
1032	0	31600	33160	38604	
1033	0	31688	33145	38472	
1034	0	31780	33141	38236	
1035	0	31864	33177	38040	
1036	0	31956	33140	37904	
1037	0	32036	33121	37884	
1038	0	32120	33136	37836	
1039	0	32204	33128	37764	
1040	0	32288	33124	37812	
1041	0	32368	33108	37860	
1042	0	32448	33080	37952	
1043	0	32532	33116	38020	
1044	0	32604	33176	38100	
1045	0	32684	33212	38240	
1046	0	32764	33280	38456	
1047	0	32840	33328	38756	
1048	0	32913	33424	39044	
1049	0	32984	33504	39260	
1050	0	33056	33564	39400	
1051	0	33128	33573	39552	
1052	0	33196	33520	39564	
1053	0	33268	33500	39376	
1054	0	33332	33520	39140	
1055	0	33401	33528	39120	
1056	0	33464	33500	39021	
1057	0	33524	33416	38936	
1058	0	33592	33364	38804	
1059	0	33648	33248	38516	
1060	0	33700	33065	38297	
1061	0	33761	33004	38088	
1062	0	33820	33076	37988	
1063	0	33876	33176	38156	
1064	0	33920	33304	38560	
1065	0	33972	33436	39105	
1066	0	34024	33524	39552	
1067	0	34072	33556	39958	
1068	0	34120	33642	40092	
1069	0	34164	33784	40092	
1070	0	34212	33932	40432	
1071	0	34252	34080	41448	
1072	0	34300	34239	42672	
1073	0	34329	34140	43740	
1074	0	34368	34113	43720	
1075	0	34412	33820	43489	
1076	0	34448	33836	43248	
1077	0	34477	32972	41828	
1078	0	34508	32800	41460	
1079	0	34552	32000	42848	
1080	0	34576	31236	42116	
1081	0	34604	33884	42588	
1082	0	34632	29668	36124	
1083	0	34660	34677	48169	
1084	0	34684	31000	43076	
1085	0	34706	32548	42648	
1086	0	34720	32404	45300	
1087	0	34749	33132	46672	
1088	0	34776	32076	48560	
1089	0	34793	31177	49880	
1090	0	34808	30100	49572	
1091	0	34824	28312	46728	
1092	0	34840	26578	48244	
1093	0	34848	25669	47732	
1094	0	34864	26400	47620	
1095	0	34876	28280	47860	
1096	0	34884	29477	48640	
1097	0	34888	29688	48984	
1098	0	34904	29845	49280	
1099	0	34904	29772	48609	
1100	0	34912	30472	48072	
1101	0	34924	30585	48356	
1102	0	34920	31194	48484	
1103	0	34920	32356	47932	
1104	0	34924	33012	47092	
1105	0	34928	33496	46344	
1106	0	34921	34000	45752	
1107	0	34920	34486	45276	
1108	0	34916	34956	44672	
1109	0	34912	35360	44032	
1110	0	34904	35796	43248	
1111	0	34900	36128	42452	
1112	0	34892	36428	41620	
1113	0	34889	36672	40760	
1114	0	34872	36956	39836	
1115	0	34860	37176	38929	
1116	0	34848	37384	37904	
1117	0	34836	37532	37080	
1118	0	34824	37621	36280	
1119	0	34800	37704	35548	
1120	0	34784	37828	34988	
1121	0	34768	37876	34516	
1122	0	34748	37916	34189	
1123	0	34728	37868	33957	
1124	0	34702	37784	33841	
1125	0	34688	37732	33760	
1126	0	34660	37628	33702	
1127	0	34640	37476	33565	
1128	0	34608	37336	33456	
1129	0	34576	37176	33344	
1130	0	34548	37048	33229	
1131	0	34520	36984	33096	
1132	0	34472	36908	33036	
1133	0	34460	36825	32928	
1134	0	34424	36720	32796	
1135	0	34392	36580	32653	
1136	0	34354	36462	32525	
1137	0	34324	36308	32380	
1138	0	34284	36136	32232	
1139	0	34248	35957	32092	
1140	0	34212	35832	31932	
1141	0	34172	35672	31852	
1142	0	34132	35529	31829	
1143	0	34088	35405	31808	
1144	0	34036	35292	31816	
1145	0	34008	35181	31880	
1146	0	33960	35060	31980	
1147	0	33912	34944	32080	
1148	0	33868	34736	32172	
1149	0	33824	34512	32261	
1150	0	33772	34248	32281	
1151	0	33732	33956	32388	
1152	0	33680	33592	32652	
1153	0	33632	33188	33068	
1154	0	33584	32696	33468	
1155	0	33536	32100	33836	
1156	0	33480	31364	34280	
1157	0	33432	30480	34860	
1158	0	33388	29685	35492	
1159	0	33328	28964	36189	
1160	0	33276	28236	36832	
1161	0	33217	27444	37372	
1162	0	33168	26616	37728	
1163	0	33112	25784	38112	
1164	0	33060	24996	38296	
1165	0	33004	24301	38516	
1166	0	32952	23664	38696	
1167	0	32900	23069	38760	
1168	0	32836	22540	39096	
1169	0	32784	22032	39404	
1170	0	32724	21724	39572	
1171	0	32668	21504	39460	
1172	0	32608	21504	39416	
1173	0	32548	21573	38864	
1174	0	32497	21872	38536	
1175	0	32428	22240	38180	
1176	0	32380	22772	37872	
1177	0	32320	23376	37520	
1178	0	32256	24078	37224	
1179	0	32200	24736	37028	
1180	0	32148	22899	39040	
1181	0	32084	24516	43232	
1182	0	32029	25737	42412	
1183	0	31960	22685	44000	
1184	0	31916	18741	40608	
1185	0	31845	22852	38036	
1186	0	31788	34022	40524	
1187	0	31732	33544	42580	
1188	0	31680	34269	41112	
1189	0	31616	35304	38504	
1190	0	31556	36145	39748	
1191	0	31504	36764	39636	
1192	0	31444	36492	40184	
1193	0	31384	33904	40584	
1194	0	31340	33688	42508	
1195	0	31280	32696	42008	
1196	0	31228	30976	40708	
1197	0	31164	31560	38600	
1198	0	31112	31780	37192	
1199	0	31060	32804	34928	
1200	0	31008	32556	34386	
1201	0	30953	31924	34504	
1202	0	30900	31789	34416	
1203	0	30848	32069	34916	
1204	0	30800	32408	35668	
1205	0	30748	32928	36696	
1206	0	30708	33400	37876	
1207	0	30649	33872	39200	
1208	0	30612	34077	39700	
1209	0	30560	34048	40360	
1210	0	30516	34256	40860	
1211	0	30468	34208	40664	
1212	0	30420	34172	40704	
1213	0	30384	34068	40208	
1214	0	30332	34024	40284	
1215	0	30293	33928	39845	
1216	0	30248	33884	39356	
1217	0	30208	33824	38988	
1218	0	30160	33804	38696	
1219	0	30120	33760	38614	
1220	0	30080	33772	38364	
1221	0	30040	33684	38452	
1222	0	30000	33661	38548	
1223	0	29960	33664	38524	
1224	0	29921	33728	38596	
1225	0	29880	33760	38592	
1226	0	29852	33840	38652	
1227	0	29812	33850	38598	
1228	0	29776	33856	38568	
1229	0	29740	33816	38652	
1230	0	29700	33856	38744	
1231	0	29676	33884	38792	
1232	0	29639	33900	38772	
1233	0	29600	33952	38745	
1234	0	29572	33904	38708	
1235	0	29536	33916	38684	
1236	0	29512	33864	38584	
1237	0	29482	33828	38508	
1238	0	29440	33888	38616	
1239	0	29420	33828	38373	
1240	0	29384	33825	38428	
1241	0	29360	33801	38336	
1242	0	29328	33797	38336	
1243	0	29300	33776	38300	
1244	0	29268	33761	38280	
1245	0	29248	33776	38280	
1246	0	29224	33816	38324	
1247	0	29196	33828	38424	
1248	0	29164	33832	38534	
1249	0	29140	33804	38552	
1250	0	29108	33808	38480	
1251	0	29088	33793	38468	
1252	0	29060	33856	38428	
1253	0	29040	33840	38436	
1254	0	29010	33820	38496	
1255	0	28996	33808	38552	
1256	0	28962	33792	38592	
1257	0	28948	33800	38612	
1258	0	28924	33832	38616	
1259	0	28896	33841	38512	
1260	0	28876	33848	38496	
1261	0	28856	33848	38504	
1262	0	28828	33800	38492	
1263	0	28809	33836	38424	
1264	0	28785	33820	38372	
1265	0	28758	33826	38368	
1266	0	28744	33802	38388	
1267	0	28720	33752	38344	
1268	0	28704	33737	38368	
1269	0	28685	33704	38280	
1270	0	28648	33672	38252	
1271	0	28636	33704	38276	
1272	0	28624	33752	38324	
1273	0	28604	33761	38304	
1274	0	28578	33760	38328	
1275	0	28560	33780	38345	
1276	0	28536	33806	38420	
1277	0	28524	33772	38352	
1278	0	28504	33732	38376	
1279	0	28480	33648	38320	
1280	0	28468	33589	38217	
1281	0	28448	33568	38108	
1282	0	28432	33592	38052	
1283	0	28416	33632	38133	
1284	0	28396	33636	38200	
1285	0	28368	33648	38320	
1286	0	28356	33672	38388	
1287	0	28338	33708	38420	
1288	0	28320	33746	38556	
1289	0	28300	33760	38636	
1290	0	28288	33817	38728	
1291	0	28264	33809	38792	
1292	0	28248	33772	38685	
1293	0	28224	33760	38644	
1294	0	28208	33740	38497	
1295	0	28197	33732	38324	
1296	0	28176	33692	38228	
1297	0	28164	33637	38096	
1298	0	28148	33564	37993	
1299	0	28124	33600	37984	
1300	0	28100	33664	38014	
1301	0	28092	33712	38208	
1302	0	28076	33672	38380	
1303	0	28053	33700	38500	
1304	0	28036	33744	38628	
1305	0	28020	33776	38668	
1306	0	28000	33752	38708	
1307	0	27985	33720	38709	
1308	0	27968	33644	38496	
1309	0	27952	33564	38340	
1310	0	27932	33581	38268	
1311	0	27904	33666	38385	
1312	0	27892	33696	38544	
1313	0	27876	33804	38852	
1314	0	27861	33880	39144	
1315	0	27844	33916	39381	
1316	0	27824	33912	39480	
1317	0	27801	33882	39412	
1318	0	27781	33768	39212	
1319	0	27764	33652	38920	
1320	0	27748	33640	38776	
1321	0	27728	33721	38688	
1322	0	27712	33796	39056	
1323	0	27696	33804	39384	
1324	0	27672	33840	39898	
1325	0	27657	33865	40152	
1326	0	27640	33881	40224	
1327	0	27617	33900	40368	
1328	0	27596	33732	39721	
1329	0	27580	33480	39880	
1330	0	27560	34676	42984	
1331	0	27541	34736	42696	
1332	0	27520	34268	42368	
1333	0	27497	34372	43012	
1334	0	27484	34332	43176	
1335	0	27466	34424	43808	
1336	0	27448	34608	44352	
1337	0	27432	36112	48609	
1338	0	27412	31869	42208	
1339	0	27392	33552	39664	
1340	0	27372	33348	36552	
1341	0	27354	35872	43261	
1342	0	27336	35096	47060	
1343	0	27313	36060	43376	
1344	0	27296	36244	40296	
1345	0	27280	33702	41520	
1346	0	27268	32448	42508	
1347	0	27242	33488	43712	
1348	0	27228	30456	39700	
1349	0	27208	31084	44708	
1350	0	27192	35572	51488	
1351	0	27180	36352	50496	
1352	0	27160	34856	48248	
1353	0	27144	33824	46264	
1354	0	27120	33720	46028	
1355	0	27108	32464	45780	
1356	0	27096	29928	46336	
1357	0	27076	30672	44304	
1358	0	27068	31888	45760	
1359	0	27056	31612	46272	
1360	0	27044	31200	46864	
1361	0	27032	30540	47060	
1362	0	27022	29888	46880	
1363	0	27013	29604	47032	
1364	0	27004	29964	47100	
1365	0	26996	30536	46896	
1366	0	26993	31008	46504	
1367	0	26986	31401	46260	
1368	0	26984	31812	46028	
1369	0	26980	32196	45668	
1370	0	26980	32492	45120	
1371	0	26978	32820	44480	
1372	0	26980	33152	43844	
1373	0	26992	33524	43173	
1374	0	26981	33900	42504	
1375	0	26984	34296	41816	
1376	0	26998	34660	41056	
1377	0	27005	34992	40289	
1378	0	27016	35244	39500	
1379	0	27028	35524	38717	
1380	0	27036	35800	37928	
1381	0	27048	36056	37208	
1382	0	27069	36268	36560	
1383	0	27084	36456	36020	
1384	0	27092	36600	35564	
1385	0	27124	36732	35140	
1386	0	27136	36752	34777	
1387	0	27161	36792	34400	
1388	0	27192	36800	34060	
1389	0	27212	36792	33784	
1390	0	27244	36833	33524	
1391	0	27268	36876	33260	
1392	0	27306	36932	32992	
1393	0	27336	36984	32688	
1394	0	27365	37008	32376	
1395	0	27405	37052	32128	
1396	0	27444	37100	31884	
1397	0	27472	37124	31668	
1398	0	27524	37176	31504	
1399	0	27560	37208	31356	
1400	0	27604	37180	31156	
1401	0	27644	37120	31032	
1402	0	27688	37036	30940	
1403	0	27729	36936	30912	
1404	0	27777	36854	30992	
1405	0	27828	36760	31068	
1406	0	27880	36648	31204	
1407	0	27924	36536	31304	
1408	0	27969	36416	31460	
1409	0	28020	36241	31540	
1410	0	28072	36090	31672	
1411	0	28120	35913	31752	
1412	0	28172	35649	31840	
1413	0	28228	35328	31936	
1414	0	28272	34813	31980	
1415	0	28332	34336	32208	
1416	0	28388	33784	32545	
1417	0	28444	33144	32852	
1418	0	28498	32500	33264	
1419	0	28556	31820	33784	
1420	0	28616	31064	34144	
1421	0	28666	30192	34600	
1422	0	28728	29160	35201	
1423	0	28780	28140	35932	
1424	0	28844	27248	36524	
1425	0	28900	26477	37016	
1426	0	28960	25736	37512	
1427	0	29020	25072	37924	
1428	0	29076	24426	38144	
1429	0	29140	23836	38252	
1430	0	29200	23208	38316	
1431	0	29256	22528	38156	
1432	0	29321	21992	38016	
1433	0	29376	21554	37992	
1434	0	29440	21354	38080	
1435	0	29504	21304	38240	
1436	0	29568	21348	38172	
1437	0	29620	21477	37980	
1438	0	29688	21677	37668	
1439	0	29748	22040	37232	
1440	0	29808	22540	36680	
1441	0	29876	23137	35972	
1442	0	29932	23920	35301	
1443	0	30004	24324	35100	
1444	0	30056	11786	37880	
1445	0	30132	13863	48601	
1446	0	30200	29952	45428	
1447	0	30264	15737	44892	
1448	0	30324	34584	55256	
1449	0	30394	31636	36916	
1450	0	30456	37832	41192	
1451	0	30528	42068	39604	
1452	0	30594	38052	38140	
1453	0	30664	35904	40576	
1454	0	30733	33344	41260	
1455	0	30800	29280	40168	
1456	0	30868	30100	37860	
1457	0	30945	31030	36293	
1458	0	31012	31168	34788	
1459	0	31092	31030	35144	
1460	0	31168	31608	35784	
1461	0	31238	32292	36120	
1462	0	31312	32656	36832	
1463	0	31392	32853	37988	
1464	0	31469	33021	39132	
1465	0	31544	33252	40088	
1466	0	31616	33441	40548	
1467	0	31704	33280	40368	
1468	0	31780	33078	40016	
1469	0	31856	32956	39496	
1470	0	31937	32948	39092	
1471	0	32032	32916	38848	
1472	0	32108	32948	38688	
1473	0	32192	32936	38628	
1474	0	32272	32920	38560	
1475	0	32360	32868	38517	
1476	0	32448	32876	38400	
1477	0	32532	32824	37910	
1478	0	32620	32700	38256	
1479	0	32704	32756	38032	
1480	0	32796	32792	38145	
1481	0	32888	32812	37948	
1482	0	32978	32817	38100	
1483	0	33068	32844	38316	
1484	0	33160	32881	38353	
1485	0	33256	32897	38396	
1486	0	33352	32896	38444	
1487	0	33448	32864	38480	
1488	0	33533	32832	38360	
1489	0	33636	32840	38420	
1490	0	33732	32860	38388	
1491	0	33824	32861	38536	
1492	0	33920	32904	38656	
1493	0	34024	32840	38688	
1494	0	34124	32840	38765	
1495	0	34225	32848	38768	
1496	0	34328	32936	38764	
1497	0	34428	32994	38664	
1498	0	34528	32920	38720	
1499	0	34629	32876	38636	
1500	0	34736	32820	38664	
1501	0	34840	32768	38588	
1502	0	34936	32778	38512	
1503	0	35048	32834	38476	
1504	0	35144	32836	38524	
1505	0	35250	32852	38472	
1506	0	35352	32764	38529	
1507	0	35464	32692	38636	
1508	0	35564	32613	38540	
1509	0	35664	32545	38585	
1510	0	35772	32516	38460	
1511	0	35880	32497	38364	
1512	0	35981	32545	38145	
1513	0	36084	32564	38068	
1514	0	36188	32576	37936	
1515	0	36284	32596	37916	
1516	0	36392	32496	37932	
1517	0	36492	32480	37888	
1518	0	36592	32388	37968	
1519	0	36692	32428	37992	
1520	0	36788	32384	38028	
1521	0	36888	32372	38108	
1522	0	36984	32340	38157	
1523	0	37072	32401	38217	
1524	0	37172	32436	38233	
1525	0	37252	32332	38200	
1526	0	37345	32192	38316	
1527	0	37440	32116	38280	
1528	0	37525	32204	38056	
1529	0	37612	32233	37892	
1530	0	37692	32188	37889	
1531	0	37776	32188	37952	
1532	0	37848	32266	38012	
1533	0	37938	32281	38080	
1534	0	38004	32356	38108	
1535	0	38080	32350	38176	
1536	0	38152	32340	38308	
1537	0	38220	32388	38476	
1538	0	38292	32380	38532	
1539	0	38364	32332	38480	
1540	0	38424	32328	38456	
1541	0	38488	32409	38364	
1542	0	38540	32424	38286	
1543	0	38600	32361	38344	
1544	0	38656	32381	38512	
1545	0	38712	32345	38676	
1546	0	38764	32292	38696	
1547	0	38812	32292	38668	
1548	0	38860	32368	38592	
1549	0	38904	32512	38624	
1550	0	38940	32640	38728	
1551	0	38984	32672	38872	
1552	0	39013	32704	38969	
1553	0	39052	32752	38976	
1554	0	39092	32752	38932	
1555	0	39120	32740	38984	
1556	0	39145	32684	38984	
1557	0	39168	32665	38864	
1558	0	39194	32640	38736	
1559	0	39212	32601	38624	
1560	0	39224	32528	38564	
1561	0	39233	32484	38516	
1562	0	39252	32410	38532	
1563	0	39264	32373	38584	
1564	0	39269	32424	38608	
1565	0	39280	32480	38684	
1566	0	39276	32520	38724	
1567	0	39280	32528	38768	
1568	0	39280	32468	38836	
1569	0	39276	32476	38896	
1570	0	39260	32496	38912	
1571	0	39264	32484	38992	
1572	0	39248	32498	39016	
1573	0	39232	32572	39088	
1574	0	39224	32652	39152	
1575	0	39200	32745	39489	
1576	0	39184	32780	39760	
1577	0	39160	32748	39780	
1578	0	39140	32824	39672	
1579	0	39112	32845	39680	
1580	0	39084	32948	39768	
1581	0	39064	33057	40136	
1582	0	39024	33192	40640	
1583	0	39000	33282	41104	
1584	0	38968	32768	40824	
1585	0	38928	32548	41252	
1586	0	38896	31584	41540	
1587	0	38848	32104	42384	
1588	0	38814	32268	41820	
1589	0	38768	33068	41364	
1590	0	38728	32832	41613	
1591	0	38685	32542	41728	
1592	0	38640	32028	42000	
1593	0	38592	31784	41541	
1594	0	38540	31236	43928	
1595	0	38492	32200	45452	
1596	0	38448	31512	43148	
1597	0	38388	31652	43788	
1598	0	38340	31453	43368	
1599	0	38280	32820	45520	
1600	0	38224	33656	46872	
1601	0	38168	33609	47428	
1602	0	38112	33012	47800	
1603	0	38056	32108	47980	
1604	0	37997	31152	47433	
1605	0	37936	29776	46872	
1606	0	37868	28520	47080	
1607	0	37820	27516	45064	
1608	0	37748	25188	45204	
1609	0	37684	25056	44208	
1610	0	37624	27364	46992	
1611	0	37556	27700	47945	
1612	0	37492	27482	48060	
1613	0	37432	27140	47460	
1614	0	37357	26989	47136	
1615	0	37296	27264	47584	
1616	0	37228	27720	47944	
1617	0	37164	28388	47840	
1618	0	37092	29104	47268	
1619	0	37028	29712	46528	
1620	0	36960	30272	45864	
1621	0	36892	30776	45248	
1622	0	36828	31272	44752	
1623	0	36753	31904	44328	
1624	0	36688	32556	43780	
1625	0	36608	33268	43232	
1626	0	36540	33996	42660	
1627	0	36477	34568	42080	
1628	0	36408	35052	41484	
1629	0	36340	35524	40896	
1630	0	36268	35888	40121	
1631	0	36200	36220	39276	
1632	0	36124	36560	38412	
1633	0	36056	36844	37520	
1634	0	35984	37084	36740	
1635	0	35912	37328	36220	
1636	0	35848	37532	35712	
1637	0	35776	37705	35429	
1638	0	35704	37840	35232	
1639	0	35632	37996	35212	
1640	0	35564	38084	35384	
1641	0	35492	38088	35376	
1642	0	35424	38088	35273	
1643	0	35352	38008	35104	
1644	0	35280	37916	34836	
1645	0	35208	37786	34552	
1646	0	35144	37716	34292	
1647	0	35076	37600	34061	
1648	0	34996	37556	33776	
1649	0	34924	37476	33596	
1650	0	34856	37408	33496	
1651	0	34788	37365	33396	
1652	0	34712	37376	33357	
1653	0	34640	37336	33276	
1654	0	34568	37308	33236	
1655	0	34500	37292	33192	
1656	0	34425	37292	33236	
1657	0	34357	37252	33140	
1658	0	34284	37168	33072	
1659	0	34216	37080	33016	
1660	0	34132	36996	32980	
1661	0	34064	36960	33068	
1662	0	33992	36928	33193	
1663	0	33912	36872	33344	
1664	0	33844	36820	33488	
1665	0	33772	36756	33672	
1666	0	33700	36656	33853	
1667	0	33620	36568	34056	
1668	0	33552	36440	34284	
1669	0	33476	36288	34500	
1670	0	33404	36097	34736	
1671	0	33328	35904	34968	
1672	0	33260	35764	35100	
1673	0	33184	35512	35136	
1674	0	33112	35204	35276	
1675	0	33045	34792	35336	
1676	0	32968	34408	35429	
1677	0	32896	34028	35616	
1678	0	32830	33696	35916	
1679	0	32756	33329	36420	
1680	0	32680	32920	36905	
1681	0	32614	32416	37400	
1682	0	32538	31708	37864	
1683	0	32472	30776	38252	
1684	0	32408	29692	38612	
1685	0	32333	28608	38956	
1686	0	32268	27594	39212	
1687	0	32200	26436	39264	
1688	0	32132	25272	39352	
1689	0	32072	24121	39488	
1690	0	32004	22999	39848	
1691	0	31948	21990	40328	
1692	0	31880	21220	40896	
1693	0	31820	20644	41484	
1694	0	31752	20245	41985	
1695	0	31693	19962	42208	
1696	0	31632	19806	41984	
1697	0	31580	19769	41472	
1698	0	31520	19812	41016	
1699	0	31464	20048	40836	
1700	0	31405	20436	40596	
1701	0	31353	20892	40328	
1702	0	31304	21468	40120	
1703	0	31252	22056	39712	
1704	0	31196	22848	39304	
1705	0	31148	23568	38960	
1706	0	31104	22342	46152	
1707	0	31060	15476	50616	
1708	0	31010	20296	39208	
1709	0	30961	24520	48532	
1710	0	30928	19107	34244	
1711	0	30881	23796	46124	
1712	0	30845	28528	43529	
1713	0	30800	33208	43984	
1714	0	30764	35252	43644	
1715	0	30732	36392	41832	
1716	0	30692	36320	40416	
1717	0	30652	35404	37544	
1718	0	30624	34229	35464	
1719	0	30600	32901	35546	
1720	0	30561	32165	36468	
1721	0	30532	32112	37552	
1722	0	30500	32472	38296	
1723	0	30484	32960	38800	
1724	0	30453	33184	38676	
1725	0	30432	33296	38268	
1726	0	30404	32824	39528	
1727	0	30380	32352	39660	
1728	0	30368	32560	38528	
1729	0	30340	31708	39620	
1730	0	30332	31748	39044	
1731	0	30308	32968	38044	
1732	0	30288	33576	38204	
1733	0	30276	32204	38732	
1734	0	30257	32644	38524	
1735	0	30244	32261	38372	
1736	0	30232	32720	38048	
1737	0	30216	32812	38232	
1738	0	30212	32676	38456	
1739	0	30196	32628	38432	
1740	0	30184	32704	38312	
1741	0	30176	32832	38304	
1742	0	30172	32912	38368	
1743	0	30165	32972	38444	
1744	0	30164	32940	38552	
1745	0	30148	32997	38404	
1746	0	30140	33052	38208	
1747	0	30144	33000	38240	
1748	0	30136	33016	38225	
1749	0	30128	33128	38268	
1750	0	30128	33208	38300	
1751	0	30128	33144	38236	
1752	0	30116	33060	38224	
1753	0	30120	33117	38224	
1754	0	30124	33088	38160	
1755	0	30126	33028	38252	
1756	0	30120	33020	38348	
1757	0	30124	32944	38432	
1758	0	30128	32908	38448	
1759	0	30129	32856	38433	
1760	0	30136	32793	38384	
1761	0	30144	32772	38320	
1762	0	30152	32920	38304	
1763	0	30156	33004	38308	
1764	0	30160	32928	38496	
1765	0	30172	32960	38512	
1766	0	30180	32932	38500	
1767	0	30184	32928	38428	
1768	0	30200	32897	38352	
1769	0	30208	32888	38332	
1770	0	30216	32900	38297	
1771	0	30228	32920	38336	
1772	0	30241	32928	38428	
1773	0	30256	32968	38400	
1774	0	30270	32928	38480	
1775	0	30276	32916	38400	
1776	0	30296	32860	38404	
1777	0	30304	32864	38440	
1778	0	30320	32876	38420	
1779	0	30336	32904	38392	
1780	0	30352	32982	38430	
1781	0	30372	32980	38548	
1782	0	30393	32992	38596	
1783	0	30412	32960	38580	
1784	0	30433	32948	38472	
1785	0	30448	32961	38404	
1786	0	30465	33017	38384	
1787	0	30488	33080	38464	
1788	0	30508	33160	38572	
1789	0	30525	33229	38564	
1790	0	30556	33224	38516	
1791	0	30588	33192	38384	
1792	0	30608	33113	38424	
1793	0	30628	33116	38420	
1794	0	30656	33144	38492	
1795	0	30676	33132	38468	
1796	0	30708	33088	38448	
1797	0	30736	32992	38400	
1798	0	30757	32936	38352	
1799	0	30784	33001	38244	
1800	0	30812	33032	38304	
1801	0	30840	33056	38356	
1802	0	30864	33072	38388	
1803	0	30896	33088	38376	
1804	0	30928	33092	38376	
1805	0	30956	33052	38396	
1806	0	30988	32996	38380	
1807	0	31018	32936	38296	
1808	0	31044	32942	38312	
1809	0	31080	32936	38312	
1810	0	31108	32956	38332	
1811	0	31144	32976	38332	
1812	0	31164	32992	38436	
1813	0	31197	33101	38424	
1814	0	31232	33056	38316	
1815	0	31264	33105	38405	
1816	0	31296	33060	38320	
1817	0	31328	33048	38421	
1818	0	31364	33024	38436	
1819	0	31396	33082	38612	
1820	0	31420	33056	38512	
1821	0	31456	33044	38644	
1822	0	31488	32945	38512	
1823	0	31520	32916	38476	
1824	0	31552	32876	38500	
1825	0	31588	32900	38368	
1826	0	31616	33004	38348	
1827	0	31644	33012	38480	
1828	0	31688	33016	38465	
1829	0	31712	32964	38436	
1830	0	31748	32980	38472	
1831	0	31780	33040	38384	
1832	0	31812	32984	38476	
1833	0	31840	33013	38536	
1834	0	31868	32900	38452	
1835	0	31904	32780	38540	
1836	0	31936	32888	38356	
1837	0	31972	32912	38300	
1838	0	32000	32940	38353	
1839	0	32028	32884	38380	
1840	0	32060	32884	38368	
1841	0	32096	32884	38416	
1842	0	32128	32932	38420	
1843	0	32161	32925	38392	
1844	0	32192	32944	38448	
1845	0	32218	32920	38472	
1846	0	32256	32964	38592	
1847	0	32292	32940	38469	
1848	0	32320	32896	38524	
1849	0	32356	32900	38596	
1850	0	32388	32916	38580	
1851	0	32420	32928	38540	
1852	0	32452	32884	38558	
1853	0	32484	32808	38440	
1854	0	32524	33040	38932	
1855	0	32564	32950	38716	
1856	0	32600	32928	38844	
1857	0	32633	32800	38816	
1858	0	32668	32780	38532	
1859	0	32704	32664	38500	
1860	0	32740	32768	38720	
1861	0	32776	32784	38412	
1862	0	32817	32380	37749	
1863	0	32850	32608	39268	
1864	0	32896	32884	39124	
1865	0	32928	32572	38500	
1866	0	32972	32545	38356	
1867	0	33016	32660	38436	
1868	0	33052	32716	38305	
1869	0	33092	32832	38192	
1870	0	33140	32672	38001	
1871	0	33184	34724	34944	
1872	0	33224	30400	43520	
1873	0	33268	31864	36720	
1874	0	33309	32320	39204	
1875	0	33360	29093	40992	
1876	0	33400	32968	37032	
1877	0	33448	32176	39456	
1878	0	33500	32992	37544	
1879	0	33544	32524	35376	
1880	0	33592	27812	46120	
1881	0	33636	32821	35996	
1882	0	33688	32304	41028	
1883	0	33728	32744	38496	
1884	0	33784	33716	35684	
1885	0	33832	31200	46436	
1886	0	33880	32340	36333	
1887	0	33932	31904	35688	
1888	0	33976	29016	45180	
1889	0	34032	33372	37144	
1890	0	34084	35024	33416	
1891	0	34144	30708	43608	
1892	0	34192	33192	36448	
1893	0	34248	33540	36744	
1894	0	34304	31980	43388	
1895	0	34352	33140	38984	
1896	0	34404	33680	41920	
1897	0	34472	32832	42348	
1898	0	34520	32704	38356	
1899	0	34568	32104	45976	
1900	0	34625	33468	41696	
1901	0	34684	34520	40640	
1902	0	34736	32580	45408	
1903	0	34789	33552	41725	
1904	0	34856	34040	42744	
1905	0	34904	33061	44412	
1906	0	34956	32584	42636	
1907	0	35008	33309	43252	
1908	0	35061	32884	43632	
1909	0	35120	33368	41804	
1910	0	35168	32996	41924	
1911	0	35228	31944	42274	
1912	0	35276	31520	42548	
1913	0	35336	31496	41992	
1914	0	35388	31380	41688	
1915	0	35436	31936	43112	
1916	0	35492	32984	41402	
1917	0	35536	33824	40416	
1918	0	35592	34656	41528	
1919	0	35640	35140	41104	
1920	0	35688	35740	41684	
1921	0	35732	36236	41616	
1922	0	35780	36204	41828	
1923	0	35825	35964	42240	
1924	0	35876	36044	41696	
1925	0	35920	36760	41424	
1926	0	35972	37756	40464	
1927	0	36008	38265	39268	
1928	0	36060	38344	38306	
1929	0	36096	38276	37292	
1930	0	36132	38292	36516	
1931	0	36180	38504	36068	
1932	0	36220	38700	35872	
1933	0	36260	38880	35972	
1934	0	36296	39084	36172	
1935	0	36332	39240	36368	
1936	0	36366	39348	36464	
1937	0	36408	39524	36516	
1938	0	36440	39596	36480	
1939	0	36472	39717	36264	
1940	0	36508	39744	35852	
1941	0	36536	39672	35464	
1942	0	36568	39584	35124	
1943	0	36596	39508	34928	
1944	0	36612	39516	34804	
1945	0	36650	39524	34708	
1946	0	36676	39564	34804	
1947	0	36704	39592	35096	
1948	0	36728	39604	35536	
1949	0	36748	39624	35904	
1950	0	36764	39548	36262	
1951	0	36784	39384	36516	
1952	0	36804	39136	36644	
1953	0	36828	38852	36816	
1954	0	36840	38580	36992	
1955	0	36860	38320	37096	
1956	0	36872	38076	37312	
1957	0	36888	37856	37660	
1958	0	36900	37624	38017	
1959	0	36908	37428	38457	
1960	0	36924	37260	38864	
1961	0	36920	37104	39220	
1962	0	36932	36936	39461	
1963	0	36936	36792	39584	
1964	0	36944	36624	39784	
1965	0	36938	36508	39800	
1966	0	36948	36408	39828	
1967	0	36948	36296	39990	
1968	0	36952	36248	40068	
1969	0	36942	36228	40209	
1970	0	36948	36260	40340	
1971	0	36940	36316	40376	
1972	0	36945	36336	40524	
1973	0	36936	36404	40528	
1974	0	36928	36424	40552	
1975	0	36916	36456	40500	
1976	0	36912	36560	40480	
1977	0	36900	36636	40592	
1978	0	36888	36640	40551	
1979	0	36880	36332	40320	
1980	0	36868	36192	40404	
1981	0	36864	36072	40492	
1982	0	36840	35889	40332	
1983	0	36832	35708	40000	
1984	0	36816	35480	40060	
1985	0	36800	35092	39309	
1986	0	36788	34800	39096	
1987	0	36768	34568	39200	
1988	0	36748	34308	39344	
1989	0	36736	33804	39812	
1990	0	36720	33324	39664	
1991	0	36700	32860	39029	
1992	0	36680	32392	39256	
1993	0	36660	31712	38508	
1994	0	36644	31084	39484	
1995	0	36624	30528	38952	
1996	0	36604	29969	40688	
1997	0	36588	29280	38740	
1998	0	36564	28521	39740	
1999	0	36548	27792	40400	
2000	0	36528	27048	40600	
2001	0	36500	26477	39920	
2002	0	36484	25812	41896	
2003	0	36464	25458	38476	
2004	0	36444	24985	38354	
2005	0	36416	24733	37924	
2006	0	36400	24622	37484	
2007	0	36380	24744	37364	
2008	0	36360	25060	37386	
2009	0	36336	25496	37528	
2010	0	36320	25904	38053	
2011	0	36300	25168	46764	
2012	0	36276	25416	43388	
2013	0	36253	26164	37592	
2014	0	36232	27088	38240	
2015	0	36209	25580	38320	
2016	0	36188	24240	37916	
2017	0	36168	24056	37604	
2018	0	36140	24940	37464	
2019	0	36128	27792	37164	
2020	0	36101	30088	38212	
2021	0	36084	33192	42736	
2022	0	36060	35568	44796	
2023	0	36040	36144	43004	
2024	0	36024	35028	41128	
2025	0	35992	34600	40028	
2026	0	35977	34852	38966	
2027	0	35960	33580	38173	
2028	0	35936	32836	40336	
2029	0	35916	31060	40968	
2030	0	35890	33980	37136	
2031	0	35872	30187	38116	
2032	0	35848	30136	38124	
2033	0	35832	32116	37916	
2034	0	35804	33572	39165	
2035	0	35780	33312	38716	
2036	0	35764	32712	38440	
2037	0	35744	32495	38496	
2038	0	35720	32169	37964	
2039	0	35704	32409	37824	
2040	0	35684	32516	37984	
2041	0	35660	32669	38208	
2042	0	35632	32798	38301	
2043	0	35616	32906	38352	
2044	0	35592	32940	38344	
2045	0	35572	32924	38252	
2046	0	35552	32940	38280	
2047	0	35532	33008	38344	
2048	0	35504	33100	38488	
2049	0	35480	33140	38600	
2050	0	35460	33128	38648	
2051	0	35436	33156	38633	
2052	0	35416	33132	38620	
2053	0	35392	33120	38592	
2054	0	35360	33141	38576	
2055	0	35344	33141	38600	
2056	0	35313	33132	38600	
2057	0	35292	33084	38596	
2058	0	35264	33068	38537	
2059	0	35244	33053	38584	
2060	0	35216	33092	38536	
2061	0	35184	33120	38516	
2062	0	35165	33068	38532	
2063	0	35132	33080	38516	
2064	0	35105	33064	38440	
2065	0	35084	33096	38440	
2066	0	35049	33120	38484	
2067	0	35032	33152	38516	
2068	0	34996	33153	38524	
2069	0	34968	33164	38556	
2070	0	34940	33140	38484	
2071	0	34904	33092	38508	
2072	0	34880	33052	38440	
2073	0	34852	33080	38364	
2074	0	34812	33124	38405	
2075	0	34784	33134	38424	
2076	0	34760	33128	38428	
2077	0	34720	33148	38397	
2078	0	34688	33118	38428	
2079	0	34656	33088	38404	
2080	0	34628	33096	38488	
2081	0	34592	33120	38476	
2082	0	34556	33129	38464	
2083	0	34528	33156	38453	
2084	0	34488	33168	38432	
2085	0	34460	33172	38416	
2086	0	34428	33132	38480	
2087	0	34396	33149	38476	
2088	0	34360	33188	38509	
2089	0	34324	33177	38580	
2090	0	34284	33180	38520	
2091	0	34252	33172	38540	
2092	0	34212	33141	38500	
2093	0	34180	33152	38468	
2094	0	34148	33180	38448	
2095	0	34108	33124	38464	
2096	0	34068	33196	38441	
2097	0	34033	33192	38444	
2098	0	33992	33316	38460	
2099	0	33960	33308	38476	
2100	0	33920	33248	38408	
2101	0	33880	33213	38408	
2102	0	33852	33172	38430	
2103	0	33796	33200	38328	
2104	0	33764	33164	38360	
2105	0	33720	33152	38404	
2106	0	33672	33120	38428	
2107	0	33640	33092	38472	
2108	0	33592	33052	38460	
2109	0	33560	33025	38400	
2110	0	33517	33077	38432	
2111	0	33464	33176	38364	
2112	0	33424	33216	38437	
2113	0	33388	33152	38574	
2114	0	33344	33080	38440	
2115	0	33308	33144	38472	
2116	0	33256	33168	38497	
2117	0	33212	33228	38472	
2118	0	33164	33138	38544	
2119	0	33120	33184	38500	
2120	0	33072	33188	38381	
2121	0	33036	33152	38388	
2122	0	32993	33232	38484	
2123	0	32941	33189	38624	
2124	0	32900	33138	38656	
2125	0	32856	33104	38720	
2126	0	32809	33060	38760	
2127	0	32764	33060	38740	
2128	0	32720	33068	38784	
2129	0	32672	33056	38892	
2130	0	32628	33068	38932	
2131	0	32580	33040	38952	
2132	0	32536	33072	38830	
2133	0	32492	33105	38792	
2134	0	32448	33136	38828	
2135	0	32404	33152	38937	
2136	0	32356	33156	39044	
2137	0	32308	33148	39064	
2138	0	32256	33096	38892	
2139	0	32220	33102	38820	
2140	0	32168	33117	38868	
2141	0	32124	32908	38473	
2142	0	32080	32920	39088	
2143	0	32040	33056	39184	
2144	0	31992	32956	38892	
2145	0	31952	33172	39808	
2146	0	31908	33156	39880	
2147	0	31868	33044	39664	
2148	0	31824	33101	39532	
2149	0	31784	32984	39720	
2150	0	31740	32637	40012	
2151	0	31706	32740	41668	
2152	0	31664	33552	41068	
2153	0	31609	33460	40815	
2154	0	31588	33536	40748	
2155	0	31545	33364	42056	
2156	0	31508	33409	42528	
2157	0	31472	33272	42864	
2158	0	31436	33536	42948	
2159	0	31400	33380	42972	
2160	0	31372	32700	41024	
2161	0	31328	34160	46292	
2162	0	31304	34144	44132	
2163	0	31268	33284	42956	
2164	0	31237	33076	43180	
2165	0	31209	32708	43016	
2166	0	31170	32572	43456	
2167	0	31144	32204	43168	
2168	0	31116	32320	43412	
2169	0	31094	32353	44148	
2170	0	31060	32512	44636	
2171	0	31032	32410	45016	
2172	0	31009	32272	44556	
2173	0	30980	33360	45100	
2174	0	30965	33472	45984	
2175	0	30928	33624	46688	
2176	0	30908	33776	47312	
2177	0	30880	33621	47492	
2178	0	30860	33303	47376	
2179	0	30844	32248	46972	
2180	0	30813	31504	46748	
2181	0	30792	30912	46968	
2182	0	30776	30712	46080	
2183	0	30760	30064	45031	
2184	0	30741	28639	44832	
2185	0	30721	26932	43856	
2186	0	30706	24100	43168	
2187	0	30692	23544	43208	
2188	0	30672	25497	40736	
2189	0	30664	26200	44032	
2190	0	30645	26692	44412	
2191	0	30633	27244	44232	
2192	0	30620	27465	43072	
2193	0	30608	28044	42033	
2194	0	30592	28900	41696	
2195	0	30572	29548	41268	
2196	0	30580	30056	41040	
2197	0	30568	30456	40952	
2198	0	30560	30952	40780	
2199	0	30549	31620	40552	
2200	0	30537	32165	40004	
2201	0	30532	32644	39472	
2202	0	30524	33048	38860	
2203	0	30512	33444	38408	
2204	0	30512	33936	38100	
2205	0	30500	34385	37724	
2206	0	30496	34724	37340	
2207	0	30489	35112	37008	
2208	0	30484	35484	36636	
2209	0	30476	35748	36176	
2210	0	30472	36008	35773	
2211	0	30468	36249	35400	
2212	0	30456	36444	35052	
2213	0	30448	36616	34613	
2214	0	30445	36700	34173	
2215	0	30440	36701	33692	
2216	0	30432	36788	33245	
2217	0	30420	36912	33036	
2218	0	30416	37132	32976	
2219	0	30412	37324	32984	
2220	0	30404	37564	33040	
2221	0	30400	37713	33032	
2222	0	30388	37856	32980	
2223	0	30384	37888	32849	
2224	0	30369	37948	32684	
2225	0	30364	37972	32504	
2226	0	30357	37936	32312	
2227	0	30344	37860	32112	
2228	0	30336	37784	32018	
2229	0	30320	37692	31968	
2230	0	30312	37556	31900	
2231	0	30300	37420	32004	
2232	0	30296	37304	32085	
2233	0	30281	37176	32260	
2234	0	30268	36948	32442	
2235	0	30254	36721	32556	
2236	0	30240	36492	32636	
2237	0	30228	36213	32664	
2238	0	30216	35956	32828	
2239	0	30196	35588	32936	
2240	0	30184	35272	33122	
2241	0	30176	34936	33232	
2242	0	30160	34598	33428	
2243	0	30144	34184	33584	
2244	0	30124	33760	33680	
2245	0	30112	33280	33720	
2246	0	30088	32709	33972	
2247	0	30080	32165	34176	
2248	0	30064	31568	34628	
2249	0	30052	30884	35084	
2250	0	30036	30157	35588	
2251	0	30017	29440	36060	
2252	0	29992	28792	36548	
2253	0	29984	28189	37000	
2254	0	29976	27641	37476	
2255	0	29952	27180	37956	
2256	0	29932	26576	38472	
2257	0	29940	26124	38648	
2258	0	29908	25784	38876	
2259	0	29904	25288	39104	
2260	0	29882	24890	38970	
2261	0	29874	24628	38948	
2262	0	29864	24452	38904	
2263	0	29853	24392	38760	
2264	0	29844	24456	38568	
2265	0	29833	24618	38380	
2266	0	29828	24866	38272	
2267	0	29824	25188	38292	
2268	0	29816	25556	38340	
2269	0	29805	25948	38328	
2270	0	29808	26362	38264	
2271	0	29804	26764	38093	
2272	0	29797	27141	37852	
2273	0	29792	25936	37608	
2274	0	29796	13196	44224	
2275	0	29800	13328	41984	
2276	0	29793	25082	52468	
2277	0	29796	24290	37556	
2278	0	29808	23898	48265	
2279	0	29816	32536	42788	
2280	0	29824	25708	37760	
2281	0	29832	31944	42812	
2282	0	29844	36441	37149	
2283	0	29860	35732	36852	
2284	0	29868	36968	37341	
2285	0	29884	36028	39000	
2286	0	29898	34480	41352	
2287	0	29920	34044	41824	
2288	0	29948	32876	41444	
2289	0	29972	31448	40104	
2290	0	29992	31640	38560	
2291	0	30024	32269	37469	
2292	0	30048	31832	36372	
2293	0	30076	31944	36216	
2294	0	30108	31901	35732	
2295	0	30148	31680	36112	
2296	0	30178	32016	36824	
2297	0	30220	32729	36956	
2298	0	30260	33248	37624	
2299	0	30296	33444	38532	
2300	0	30348	33376	39420	
2301	0	30400	33261	40116	
2302	0	30444	33100	40324	
2303	0	30496	33005	40200	
2304	0	30544	32944	39876	
2305	0	30596	32881	39416	
2306	0	30660	32840	38968	
2307	0	30713	32820	38476	
2308	0	30784	32818	38276	
2309	0	30848	32832	38204	
2310	0	30912	32860	38304	
2311	0	30981	32884	38405	
2312	0	31052	32880	38752	
2313	0	31128	32876	39084	
2314	0	31200	32954	39225	
2315	0	31280	33052	39148	
2316	0	31365	33080	38864	
2317	0	31448	33156	38616	
2318	0	31532	32964	38273	
2319	0	31616	32940	38264	
2320	0	31696	32912	38388	
2321	0	31800	32948	38288	
2322	0	31888	32940	38488	
2323	0	31984	32976	38604	
2324	0	32080	32926	38560	
2325	0	32174	32948	38564	
2326	0	32284	33052	38580	
2327	0	32389	32940	38448	
2328	0	32492	32992	38492	
2329	0	32604	32993	38548	
2330	0	32704	32984	38572	
2331	0	32812	33012	38616	
2332	0	32928	33009	38588	
2333	0	33044	32980	38500	
2334	0	33152	32964	38440	
2335	0	33276	32948	38456	
2336	0	33388	32946	38352	
2337	0	33509	32913	38284	
2338	0	33636	32888	38272	
2339	0	33748	32869	38284	
2340	0	33868	32864	38301	
2341	0	33985	32912	38240	
2342	0	34112	32928	38240	
2343	0	34236	32908	38228	
2344	0	34352	32900	38304	
2345	0	34480	32906	38420	
2346	0	34600	32945	38448	
2347	0	34720	32904	38437	
2348	0	34840	32860	38400	
2349	0	34972	32888	38400	
2350	0	35092	32856	38360	
2351	0	35212	32817	38329	
2352	0	35336	32804	38276	
2353	0	35460	32786	38280	
2354	0	35577	32816	38368	
2355	0	35704	32864	38432	
2356	0	35820	32924	38572	
2357	0	35944	32904	38668	
2358	0	36064	32932	38676	
2359	0	36180	32912	38632	
2360	0	36296	32844	38568	
2361	0	36412	32736	38452	
2362	0	36528	32712	38336	
2363	0	36640	32684	38240	
2364	0	36756	32632	38188	
2365	0	36872	32600	38188	
2366	0	36980	32652	38206	
2367	0	37088	32648	38204	
2368	0	37200	32680	38220	
2369	0	37312	32696	38260	
2370	0	37412	32676	38340	
2371	0	37520	32756	38496	
2372	0	37624	32809	38536	
2373	0	37728	32836	38528	
2374	0	37828	32792	38548	
2375	0	37932	32724	38496	
2376	0	38028	32736	38524	
2377	0	38122	32720	38564	
2378	0	38224	32720	38592	
2379	0	38312	32706	38584	
2380	0	38400	32613	38568	
2381	0	38492	32576	38482	
2382	0	38592	32536	38384	
2383	0	38672	32561	38336	
2384	0	38740	32576	38348	
2385	0	38832	32656	38324	
2386	0	38920	32684	38288	
2387	0	39000	32684	38280	
2388	0	39080	32672	38288	
2389	0	39154	32648	38256	
2390	0	39232	32600	38288	
2391	0	39300	32568	38340	
2392	0	39368	32584	38364	
2393	0	39448	32668	38432	
2394	0	39514	32753	38632	
2395	0	39568	32796	38860	
2396	0	39640	32828	38980	
2397	0	39704	32832	39048	
2398	0	39768	32812	39028	
2399	0	39824	32784	38888	
2400	0	39892	32741	38708	
2401	0	39940	32740	38625	
2402	0	39992	32804	38744	
2403	0	40048	32888	38992	
2404	0	40096	32932	39240	
2405	0	40152	32856	39340	
2406	0	40200	32800	39272	
2407	0	40240	32768	39160	
2408	0	40292	32721	38992	
2409	0	40336	32676	38877	
2410	0	40376	32696	38772	
2411	0	40424	32668	38708	
2412	0	40452	32672	38813	
2413	0	40496	32744	38808	
2414	0	40542	32792	38976	
2415	0	40576	32921	39068	
2416	0	40616	33061	39844	
2417	0	40656	33232	40704	
2418	0	40680	33144	41864	
2419	0	40720	32820	42360	
2420	0	40752	33032	41856	
2421	0	40776	33068	42332	
2422	0	40814	33332	41816	
2423	0	40849	33440	42144	
2424	0	40880	33104	42516	
2425	0	40912	32825	40642	
2426	0	40929	31412	42548	
2427	0	40968	31580	42592	
2428	0	40992	31852	42513	
2429	0	41016	33000	43232	
2430	0	41048	33052	42756	
2431	0	41064	33028	42312	
2432	0	41088	32212	42416	
2433	0	41116	31968	43288	
2434	0	41152	32068	43460	
2435	0	41152	31916	45860	
2436	0	41176	33108	45740	
2437	0	41208	33192	46680	
2438	0	41216	32288	47568	
2439	0	41236	30596	48688	
2440	0	41256	29568	48992	
2441	0	41273	28564	48368	
2442	0	41292	27372	47368	
2443	0	41304	26460	47072	
2444	0	41316	26236	45200	
2445	0	41328	27606	46168	
2446	0	41344	27974	46688	
2447	0	41348	28252	47204	
2448	0	41360	28444	47168	
2449	0	41404	28813	46764	
2450	0	41368	29381	46416	
2451	0	41376	29948	46040	
2452	0	41369	30572	45752	
2453	0	41376	31176	45544	
2454	0	41376	31765	45400	
2455	0	41372	32348	45296	
2456	0	41381	32885	45112	
2457	0	41364	33393	44784	
2458	0	41368	34004	44348	
2459	0	41356	34600	43777	
2460	0	41344	35172	43136	
2461	0	41340	35684	42516	
2462	0	41320	36124	41964	
2463	0	41316	36408	41188	
2464	0	41300	36620	40248	
2465	0	41288	36888	39328	
2466	0	41272	37188	38552	
2467	0	41248	37433	37852	
2468	0	41228	37596	37113	
2469	0	41208	37800	36432	
2470	0	41168	37896	35652	
2471	0	41168	37901	35049	
2472	0	41136	37888	34609	
2473	0	41108	37824	34313	
2474	0	41072	37772	34172	
2475	0	41056	37692	34096	
2476	0	41024	37629	34036	
2477	0	40992	37497	33920	
2478	0	40960	37268	33752	
2479	0	40920	37076	33669	
2480	0	40884	36936	33592	
2481	0	40845	36788	33473	
2482	0	40804	36688	33320	
2483	0	40761	36500	33212	
2484	0	40728	36384	33136	
2485	0	40684	36148	33052	
2486	0	40640	36012	33120	
2487	0	40588	35992	33248	
2488	0	40540	35836	33296	
2489	0	40496	35709	33420	
2490	0	40448	35460	33412	
2491	0	40380	35328	33452	
2492	0	40344	35084	33328	
2493	0	40292	34940	33220	
2494	0	40228	34672	33037	
2495	0	40176	34412	32952	
2496	0	40120	34200	32888	
2497	0	40060	33872	32773	
2498	0	40008	33672	32858	
2499	0	39944	33348	32976	
2500	0	39888	33052	33188	
2501	0	39824	32732	33389	
2502	0	39760	32429	33516	
2503	0	39696	32144	33708	
2504	0	39632	31841	33868	
2505	0	39560	31533	34020	
2506	0	39496	31180	34104	
2507	0	39428	30780	34180	
2508	0	39360	30285	34356	
2509	0	39288	29756	34600	
2510	0	39220	29248	34892	
2511	0	39148	28732	35228	
2512	0	39056	28201	35528	
2513	0	39004	27688	35824	
2514	0	38936	27268	36221	
2515	0	38856	26740	36436	
2516	0	38784	26016	36068	
2517	0	38700	25945	37080	
2518	0	38636	24740	35608	
2519	0	38556	25202	37624	
2520	0	38476	24220	36616	
2521	0	38400	24345	37901	
2522	0	38324	23700	37200	
2523	0	38248	23624	37656	
2524	0	38160	23441	37546	
2525	0	38088	23199	37396	
2526	0	38008	22984	36724	
2527	0	37932	23288	37336	
2528	0	37844	23418	37096	
2529	0	37780	20409	39872	
2530	0	37692	23464	44000	
2531	0	37612	20092	44416	
2532	0	37528	21084	47460	
2533	0	37452	9350	43700	
2534	0	37364	4544	55472	
2535	0	37284	22468	37396	
2536	0	37208	23296	43460	
2537	0	37124	26160	42316	
2538	0	37037	31945	32216	
2539	0	36962	36096	36100	
2540	0	36876	38328	34912	
2541	0	36800	39400	35020	
2542	0	36708	35460	36396	
2543	0	36628	34272	38816	
2544	0	36556	32524	40920	
2545	0	36468	31160	41712	
2546	0	36392	31400	41388	
2547	0	36308	32420	40088	
2548	0	36240	33040	38669	
2549	0	36153	33252	37968	
2550	0	36080	32984	37696	
2551	0	36000	32472	37656	
2552	0	35912	32404	37524	
2553	0	35840	32524	37064	
2554	0	35772	32654	37092	
2555	0	35688	32764	37664	
2556	0	35613	32816	38376	
2557	0	35532	32892	39008	
2558	0	35460	33032	39417	
2559	0	35384	33164	39448	
2560	0	35308	33192	39304	
2561	0	35244	33136	38936	
2562	0	35160	33036	38520	
2563	0	35096	32976	38156	
2564	0	35024	32876	37916	
2565	0	34948	32920	37904	
2566	0	34872	32836	37976	
2567	0	34804	32948	38312	
2568	0	34730	32960	38640	
2569	0	34660	32980	38880	
2570	0	34597	33052	38980	
2571	0	34521	33188	39020	
2572	0	34449	33184	38972	
2573	0	34388	33252	38840	
2574	0	34316	33244	38764	
2575	0	34252	33240	38636	
2576	0	34176	33145	38600	
2577	0	34104	33100	38548	
2578	0	34040	33085	38596	
2579	0	33968	33116	38512	
2580	0	33896	33136	38464	
2581	0	33834	33144	38444	
2582	0	33760	33148	38360	
2583	0	33696	33176	38376	
2584	0	33624	33188	38368	
2585	0	33556	33160	38404	
2586	0	33492	33162	38440	
2587	0	33424	33168	38472	
2588	0	33352	33173	38508	
2589	0	33280	33180	38492	
2590	0	33212	33184	38536	
2591	0	33144	33216	38520	
2592	0	33076	33192	38500	
2593	0	33005	33180	38456	
2594	0	32936	33156	38416	
2595	0	32864	33128	38380	
2596	0	32800	33116	38365	
2597	0	32730	33152	38368	
2598	0	32652	33133	38352	
2599	0	32592	33104	38284	
2600	0	32512	33088	38268	
2601	0	32442	33020	38268	
2602	0	32376	33032	38273	
2603	0	32308	33088	38312	
2604	0	32234	33168	38428	
2605	0	32160	33160	38624	
2606	0	32096	33200	38780	
2607	0	32024	33325	38912	
2608	0	31952	33309	38981	
2609	0	31884	33248	39004	
2610	0	31824	33204	38900	
2611	0	31744	33173	38825	
2612	0	31676	33204	38856	
2613	0	31610	33244	38708	
2614	0	31538	33202	38604	
2615	0	31468	33216	38616	
2616	0	31396	33210	38692	
2617	0	31316	33184	38616	
2618	0	31256	33124	38528	
2619	0	31192	33092	38528	
2620	0	31124	33068	38424	
2621	0	31064	33041	38372	
2622	0	30988	33040	38233	
2623	0	30920	33018	38276	
2624	0	30856	32976	38188	
2625	0	30788	32924	38216	
2626	0	30728	32916	38228	
2627	0	30656	32872	38236	
2628	0	30592	32852	38212	
2629	0	30532	32844	38140	
2630	0	30456	32885	38200	
2631	0	30400	32920	38248	
2632	0	30332	32976	38408	
2633	0	30264	32972	38472	
2634	0	30204	32968	38472	
2635	0	30136	32992	38416	
2636	0	30073	32972	38488	
2637	0	30020	33008	38576	
2638	0	29960	33056	38528	
2639	0	29892	33056	38562	
2640	0	29832	33088	38581	
2641	0	29768	33072	38640	
2642	0	29712	33053	38756	
2643	0	29656	33033	38824	
2644	0	29589	33048	38808	
2645	0	29532	33012	38697	
2646	0	29472	32988	38524	
2647	0	29412	33040	38497	
2648	0	29352	33092	38473	
2649	0	29301	33152	38620	
2650	0	29244	33016	38904	
2651	0	29176	32876	38968	
2652	0	29128	32856	38729	
2653	0	29060	32788	38581	
2654	0	29008	32840	38490	
2655	0	28952	32884	38456	
2656	0	28889	32868	38440	
2657	0	28832	32809	38536	
2658	0	28781	32764	38556	
2659	0	28728	32769	38604	
2660	0	28668	32778	38620	
2661	0	28612	32832	38816	
2662	0	28558	32832	38828	
2663	0	28496	32884	38976	
2664	0	28440	32916	39160	
2665	0	28388	32908	39240	
2666	0	28336	32928	39344	
2667	0	28281	33008	39525	
2668	0	28228	33040	39640	
2669	0	28172	33136	39848	
2670	0	28120	33153	40016	
2671	0	28065	33196	40468	
2672	0	28012	33284	40848	
2673	0	27960	32964	41200	
2674	0	27900	33268	41528	
2675	0	27852	33108	41848	
2676	0	27800	32828	42484	
2677	0	27744	32532	42652	
2678	0	27688	32144	38808	
2679	0	27644	34868	46068	
2680	0	27588	34008	44432	
2681	0	27540	33404	41436	
2682	0	27488	33168	42862	
2683	0	27444	33116	42928	
2684	0	27388	33440	43632	
2685	0	27338	32932	43504	
2686	0	27284	32700	44040	
2687	0	27236	32960	44728	
2688	0	27182	33010	44940	
2689	0	27136	33730	45496	
2690	0	27096	33964	46756	
2691	0	27044	34136	47544	
2692	0	27001	33068	47812	
2693	0	26948	32664	48500	
2694	0	26900	31752	48457	
2695	0	26856	29932	48624	
2696	0	26804	28232	48432	
2697	0	26768	27156	48396	
2698	0	26716	25464	46272	
2699	0	26672	23908	44736	
2700	0	26628	25428	42752	
2701	0	26580	26464	44244	
2702	0	26537	26260	45392	
2703	0	26496	26471	46272	
2704	0	26452	26660	46108	
2705	0	26416	27077	45748	
2706	0	26369	27566	45568	
2707	0	26328	28096	45624	
2708	0	26284	28645	45616	
2709	0	26252	29192	45404	
2710	0	26204	29800	44960	
2711	0	26176	30400	44308	
2712	0	26136	31016	43668	
2713	0	26092	31564	43008	
2714	0	26056	32096	42356	
2715	0	26024	32664	41733	
2716	0	25988	33248	41112	
2717	0	25952	33696	40252	
2718	0	25906	34048	39264	
2719	0	25880	34512	38300	
2720	0	25845	34960	37464	
2721	0	25820	35360	36756	
2722	0	25784	35672	36152	
2723	0	25754	35944	35609	
2724	0	25720	36208	35084	
2725	0	25696	36416	34705	
2726	0	25664	36620	34449	
2727	0	25636	36876	34372	
2728	0	25608	37088	34376	
2729	0	25576	37260	34412	
2730	0	25548	37340	34396	
2731	0	25520	37320	34240	
2732	0	25490	37216	34012	
2733	0	25464	37116	33816	
2734	0	25434	36984	33664	
2735	0	25416	36868	33508	
2736	0	25388	36768	33308	
2737	0	25368	36684	33132	
2738	0	25340	36624	33013	
2739	0	25309	36568	32948	
2740	0	25284	36544	32872	
2741	0	25256	36536	32836	
2742	0	25236	36504	32801	
2743	0	25212	36508	32796	
2744	0	25188	36464	32804	
2745	0	25168	36420	32812	
2746	0	25144	36360	32860	
2747	0	25116	36332	32840	
2748	0	25096	36272	32896	
2749	0	25069	36240	32952	
2750	0	25056	36132	33064	
2751	0	25032	36056	33188	
2752	0	25004	35942	33276	
2753	0	24988	35732	33357	
2754	0	24964	35516	33460	
2755	0	24940	35252	33560	
2756	0	24920	34984	33716	
2757	0	24896	34644	33932	
2758	0	24881	34280	34164	
2759	0	24864	33908	34424	
2760	0	24841	33492	34576	
2761	0	24820	33143	34684	
2762	0	24801	32752	34604	
2763	0	24788	32360	34660	
2764	0	24748	31944	34636	
2765	0	24752	31460	34752	
2766	0	24733	30896	35004	
2767	0	24720	30296	35384	
2768	0	24702	29606	35788	
2769	0	24684	28940	36205	
2770	0	24664	28236	36816	
2771	0	24657	27330	37260	
2772	0	24644	26418	37856	
2773	0	24628	25460	38448	
2774	0	24613	24654	39052	
2775	0	24610	24064	39626	
2776	0	24596	23529	40033	
2777	0	24588	23041	40452	
2778	0	24577	22493	40780	
2779	0	24574	22021	40980	
2780	0	24565	21640	41028	
2781	0	24554	21316	40992	
2782	0	24552	21104	40816	
2783	0	24540	21028	40632	
2784	0	24538	21108	40308	
2785	0	24540	21337	39904	
2786	0	24540	21740	39292	
2787	0	24532	22258	38888	
2788	0	24536	22873	38248	
2789	0	24536	23485	37628	
2790	0	24534	24084	36900	
2791	0	24542	24736	36088	
2792	0	24546	25413	35356	
2793	0	24548	26262	34616	
2794	0	24552	27268	33912	
2795	0	24565	28412	33269	
2796	0	24568	29536	32560	
2797	0	24580	23424	33972	
2798	0	24592	25532	51432	
2799	0	24600	26021	33056	
2800	0	24616	27858	48706	
2801	0	24628	29400	52696	
2802	0	24648	33240	41508	
2803	0	24660	37460	40584	
2804	0	24676	40492	41696	
2805	0	24704	39120	36936	
2806	0	24720	37277	40044	
2807	0	24736	34440	42832	
2808	0	24768	32432	42420	
2809	0	24796	30912	41472	
2810	0	24828	31192	39280	
2811	0	24850	31748	36864	
2812	0	24882	31212	35360	
2813	0	24916	30388	35060	
2814	0	24952	30432	35072	
2815	0	24996	31084	34944	
2816	0	25025	31928	35336	
2817	0	25068	32592	36188	
2818	0	25104	32876	37268	
2819	0	25153	33032	38529	
2820	0	25196	33222	39561	
2821	0	25240	33192	40248	
2822	0	25289	33097	40684	
2823	0	25336	33010	40680	
2824	0	25392	32948	40352	
2825	0	25440	32861	39836	
2826	0	25492	32856	39264	
2827	0	25548	32889	38700	
2828	0	25604	32912	38464	
2829	0	25664	32880	38432	
2830	0	25720	32896	38432	
2831	0	25780	32844	38568	
2832	0	25840	32780	38724	
2833	0	25904	32764	38852	
2834	0	25968	32764	38884	
2835	0	26040	32794	38908	
2836	0	26101	32816	38960	
2837	0	26168	32792	38422	
2838	0	26242	32856	38428	
2839	0	26306	32836	38316	
2840	0	26385	32744	38172	
2841	0	26456	32748	38216	
2842	0	26530	32741	38316	
2843	0	26612	32732	38401	
2844	0	26688	32784	38512	
2845	0	26768	32858	38736	
2846	0	26841	32896	38820	
2847	0	26918	32920	38852	
2848	0	27004	32944	38869	
2849	0	27080	32932	38808	
2850	0	27168	32892	38632	
2851	0	27252	32840	38484	
2852	0	27328	32834	38364	
2853	0	27420	32824	38324	
2854	0	27508	32780	38288	
2855	0	27593	32792	38244	
2856	0	27684	32752	38168	
2857	0	27782	32768	38072	
2858	0	27868	32792	38068	
2859	0	27952	32816	38056	
2860	0	28056	32768	38152	
2861	0	28140	32736	38124	
2862	0	28233	32757	38172	
2863	0	28332	32740	38204	
2864	0	28420	32829	38332	
2865	0	28532	32876	38456	
2866	0	28628	32932	38516	
2867	0	28720	32982	38620	
2868	0	28817	32972	38692	
2869	0	28924	32908	38736	
2870	0	29024	32912	38724	
2871	0	29122	32874	38633	
2872	0	29225	32888	38488	
2873	0	29328	32852	38340	
2874	0	29430	32800	38208	
2875	0	29528	32724	38188	
2876	0	29640	32704	38108	
2877	0	29744	32688	38037	
2878	0	29852	32688	38072	
2879	0	29956	32712	38116	
2880	0	30064	32716	38160	
2881	0	30168	32696	38185	
2882	0	30276	32664	38209	
2883	0	30388	32657	38244	
2884	0	30496	32748	38236	
2885	0	30600	32776	38344	
2886	0	30708	32792	38308	
2887	0	30828	32788	38304	
2888	0	30932	32800	38294	
2889	0	31044	32842	38288	
2890	0	31160	32881	38281	
2891	0	31264	32960	38380	
2892	0	31376	33044	38560	
2893	0	31484	33064	38740	
2894	0	31596	33049	38808	
2895	0	31706	33040	38844	
2896	0	31818	33000	38788	
2897	0	31940	33032	38724	
2898	0	32044	33000	38788	
2899	0	32160	33028	38813	
2900	0	32272	32900	38784	
2901	0	32380	32836	38660	
2902	0	32488	32826	38504	
2903	0	32592	32809	38368	
2904	0	32712	32868	38372	
2905	0	32808	32836	38468	
2906	0	32925	32813	38520	
2907	0	33021	32784	38492	
2908	0	33144	32808	38368	
2909	0	33240	32900	38376	
2910	0	33348	32964	38492	
2911	0	33452	33061	38640	
2912	0	33560	33064	38640	
2913	0	33660	33021	38680	
2914	0	33760	33028	38700	
2915	0	33864	33040	38812	
2916	0	33956	33116	38892	
2917	0	34064	33092	38852	
2918	0	34156	32781	37916	
2919	0	34252	33016	38588	
2920	0	34352	33048	38496	
2921	0	34452	33060	38644	
2922	0	34548	32960	38664	
2923	0	34628	32860	38940	
2924	0	34728	32772	38972	
2925	0	34820	32792	38960	
2926	0	34912	32757	38944	
2927	0	35004	32768	38881	
2928	0	35084	32848	38940	
2929	0	35180	32768	38952	
2930	0	35264	32860	39216	
2931	0	35352	32860	39120	
2932	0	35440	32916	39176	
2933	0	35524	32920	39180	
2934	0	35604	32908	39280	
2935	0	35684	33056	39560	
2936	0	35772	33236	39932	
2937	0	35852	33160	40729	
2938	0	35936	33505	41824	
2939	0	36000	33420	42272	
2940	0	36092	33088	42232	
2941	0	36168	33050	42240	
2942	0	36244	32997	41592	
2943	0	36312	31793	41876	
2944	0	36400	31453	41796	
2945	0	36476	30848	43652	
2946	0	36544	35400	47004	
2947	0	36629	34176	43236	
2948	0	36700	33568	42260	
2949	0	36776	33240	42641	
2950	0	36848	33136	42700	
2951	0	36920	33784	43472	
2952	0	36992	33580	44260	
2953	0	37064	32777	44437	
2954	0	37140	32301	44228	
2955	0	37208	32854	44820	
2956	0	37280	32532	45413	
2957	0	37356	32344	46368	
2958	0	37424	31352	46816	
2959	0	37488	30116	46416	
2960	0	37564	28816	46016	
2961	0	37628	28040	46061	
2962	0	37696	27849	46696	
2963	0	37764	26928	46952	
2964	0	37832	25268	44992	
2965	0	37904	26764	44184	
2966	0	37972	27564	44840	
2967	0	38044	27276	44700	
2968	0	38092	27458	45488	
2969	0	38164	27616	45480	
2970	0	38240	27884	45092	
2971	0	38292	28392	45008	
2972	0	38352	28912	44964	
2973	0	38424	29468	44908	
2974	0	38488	30016	44876	
2975	0	38548	30489	44768	
2976	0	38608	30940	44528	
2977	0	38676	31344	44312	
2978	0	38740	31728	43968	
2979	0	38792	32068	43576	
2980	0	38852	32440	43129	
2981	0	38916	32824	42616	
2982	0	38968	33228	41852	
2983	0	39024	33596	40940	
2984	0	39088	33932	39944	
2985	0	39140	34304	38945	
2986	0	39196	34756	38080	
2987	0	39256	35048	37440	
2988	0	39296	35400	36928	
2989	0	39360	35684	36500	
2990	0	39412	35936	36097	
2991	0	39460	36064	35833	
2992	0	39512	36236	35608	
2993	0	39560	36416	35368	
2994	0	39608	36592	35244	
2995	0	39668	36660	35140	
2996	0	39704	36692	35040	
2997	0	39748	36696	34896	
2998	0	39796	36696	34644	
2999	0	39840	36640	34376	
3000	0	39884	36568	34128	
3001	0	39924	36516	33872	
3002	0	39976	36500	33697	
3003	0	40012	36452	33612	
3004	0	40052	36460	33540	
3005	0	40096	36440	33477	
3006	0	40132	36436	33444	
3007	0	40168	36401	33360	
3008	0	40200	36336	33248	
3009	0	40240	36228	33140	
3010	0	40272	36220	33088	
3011	0	40304	36104	32928	
3012	0	40340	36069	32872	
3013	0	40372	36016	32876	
3014	0	40408	35936	32792	
3015	0	40436	35816	32748	
3016	0	40468	35768	32776	
3017	0	40493	35628	32632	
3018	0	40520	35572	32816	
3019	0	40548	35388	32696	
3020	0	40572	35276	32885	
3021	0	40596	35044	32900	
3022	0	40628	34877	33248	
3023	0	40648	34484	33262	
3024	0	40672	34076	33576	
3025	0	40696	33620	33804	
3026	0	40716	33200	34280	
3027	0	40736	32680	34500	
3028	0	40748	32264	35008	
3029	0	40780	31836	35349	
3030	0	40796	31120	34716	
3031	0	40816	30808	35892	
3032	0	40828	30116	35880	
3033	0	40852	29420	35914	
3034	0	40864	28885	36676	
3035	0	40876	28288	36936	
3036	0	40896	27724	37252	
3037	0	40904	27173	37744	
3038	0	40912	26620	38113	
3039	0	40928	26122	38412	
3040	0	40940	25665	38644	
3041	0	40952	25296	38784	
3042	0	40956	24946	38848	
3043	0	40972	24606	38868	
3044	0	40972	24316	38872	
3045	0	40988	24156	38824	
3046	0	40992	24112	38762	
3047	0	40988	24148	38580	
3048	0	41000	24217	38384	
3049	0	41004	24356	38276	
3050	0	41008	24521	38148	
3051	0	41006	24708	37996	
3052	0	41016	24928	37824	
3053	0	41010	25108	37596	
3054	0	41012	25237	37236	
3055	0	41018	25341	36784	
3056	0	41020	25482	36141	
3057	0	41020	25760	35436	
3058	0	41012	23200	36864	
3059	0	41012	26181	41264	
3060	0	41008	25178	39832	
3061	0	40992	13378	33196	
3062	0	41004	11120	45540	
3063	0	40992	25184	40284	
3064	0	40992	22621	45149	
3065	0	40988	32448	41152	
3066	0	40988	36152	32300	
3067	0	40972	37860	38740	
3068	0	40968	37841	39016	
3069	0	40976	36608	39548	
3070	0	40972	34892	44576	
3071	0	40960	31416	45856	
3072	0	40952	31252	44928	
3073	0	40948	32448	43320	
3074	0	40940	32420	40376	
3075	0	40932	32364	38256	
3076	0	40928	32552	36544	
3077	0	40924	31484	35096	
3078	0	40912	31184	34360	
3079	0	40912	31396	33984	
3080	0	40904	31849	34244	
3081	0	40900	32204	35332	
3082	0	40896	32388	37040	
3083	0	40892	32648	38640	
3084	0	40876	32922	39790	
3085	0	40876	33020	40676	
3086	0	40872	33084	41196	
3087	0	40868	33068	41056	
3088	0	40868	33084	40568	
3089	0	40860	33072	39800	
3090	0	40856	32932	38988	
3091	0	40840	32832	38485	
3092	0	40852	32672	38260	
3093	0	40844	32657	38304	
3094	0	40840	32672	38412	
3095	0	40836	32736	38652	
3096	0	40836	32788	38840	
3097	0	40836	32788	38916	
3098	0	40832	32788	38860	
3099	0	40824	32776	38728	
3100	0	40830	32745	38592	
3101	0	40824	32736	38356	
3102	0	40824	32748	38312	
3103	0	40828	32740	38332	
3104	0	40825	32737	38324	
3105	0	40829	32740	38216	
3106	0	40832	32768	38437	
3107	0	40820	32780	38424	
3108	0	40832	32780	38400	
3109	0	40832	32836	38624	
3110	0	40841	32840	38540	
3111	0	40832	32818	38644	
3112	0	40840	32828	38620	
3113	0	40836	32797	38628	
3114	0	40844	32805	38552	
3115	0	40856	32764	38500	
3116	0	40860	32738	38400	
3117	0	40864	32737	38300	
3118	0	40868	32732	38344	
3119	0	40884	32704	38416	
3120	0	40888	32706	38536	
3121	0	40896	32776	38624	
3122	0	40900	32845	38724	
3123	0	40912	32901	38788	
3124	0	40932	32940	38780	
3125	0	40936	32897	38664	
3126	0	40946	32880	38712	
3127	0	40964	32837	38624	
3128	0	40976	32748	38512	
3129	0	40988	32712	38432	
3130	0	41008	32708	38252	
3131	0	41028	32684	38224	
3132	0	41028	32676	38192	
3133	0	41048	32706	38360	
3134	0	41068	32704	38504	
3135	0	41080	32747	38628	
3136	0	41104	32780	38704	
3137	0	41120	32768	38636	
3138	0	41136	32724	38544	
3139	0	41146	32696	38452	
3140	0	41176	32648	38464	
3141	0	41192	32680	38232	
3142	0	41208	32672	38053	
3143	0	41229	32656	37916	
3144	0	41248	32617	37976	
3145	0	41268	32560	38048	
3146	0	41288	32568	38048	
3147	0	41304	32582	38088	
3148	0	41324	32588	38104	
3149	0	41348	32629	38168	
3150	0	41364	32660	38296	
3151	0	41388	32616	38425	
3152	0	41400	32624	38520	
3153	0	41424	32648	38484	
3154	0	41440	32637	38425	
3155	0	41456	32664	38324	
3156	0	41476	32656	38276	
3157	0	41492	32680	38356	
3158	0	41512	32716	38468	
3159	0	41524	32740	38560	
3160	0	41544	32712	38664	
3161	0	41560	32712	38696	
3162	0	41568	32732	38757	
3163	0	41584	32741	38868	
3164	0	41604	32750	38948	
3165	0	41608	32740	38896	
3166	0	41620	32785	38980	
3167	0	41632	32764	38772	
3168	0	41636	32720	38849	
3169	0	41640	32704	38760	
3170	0	41660	32732	38728	
3171	0	41664	32773	38964	
3172	0	41660	32722	38660	
3173	0	41668	32724	38520	
3174	0	41672	32698	38616	
3175	0	41680	32708	38616	
3176	0	41684	32713	38557	
3177	0	41676	32764	38872	
3178	0	41676	32708	38936	
3179	0	41672	32688	39084	
3180	0	41664	32680	39296	
3181	0	41668	32612	39164	
3182	0	41660	32668	39360	
3183	0	41652	32697	39284	
3184	0	41648	32724	39321	
3185	0	41636	32760	39288	
3186	0	41620	32804	39272	
3187	0	41612	32776	39232	
3188	0	41608	32812	39220	
3189	0	41596	32844	39272	
3190	0	41580	32864	39296	
3191	0	41568	32880	39640	
3192	0	41552	32992	40092	
3193	0	41524	32968	40952	
3194	0	41512	32636	41004	
3195	0	41488	32736	41480	
3196	0	41468	32552	42192	
3197	0	41444	32373	42540	
3198	0	41424	31912	40680	
3199	0	41400	32004	38648	
3200	0	41376	35960	44496	
3201	0	41356	34185	43908	
3202	0	41328	33398	42800	
3203	0	41300	32656	42436	
3204	0	41268	32604	42388	
3205	0	41240	33036	41888	
3206	0	41220	33516	42600	
3207	0	41176	33674	43348	
3208	0	41156	33416	43804	
3209	0	41120	33032	43824	
3210	0	41084	32736	43428	
3211	0	41056	32604	43640	
3212	0	41024	32404	43820	
3213	0	40972	32084	43884	
3214	0	40948	32260	43476	
3215	0	40912	31700	43916	
3216	0	40872	31564	44256	
3217	0	40832	30856	44576	
3218	0	40788	30968	45508	
3219	0	40749	30764	46076	
3220	0	40712	30848	46024	
3221	0	40664	29956	44804	
3222	0	40632	29085	45160	
3223	0	40580	28430	44912	
3224	0	40544	27936	44128	
3225	0	40496	26048	41365	
3226	0	40444	22729	41652	
3227	0	40400	23840	42872	
3228	0	40356	24512	42600	
3229	0	40312	24864	43112	
3230	0	40260	24900	43144	
3231	0	40212	25460	43980	
3232	0	40161	26280	44516	
3233	0	40112	27058	45032	
3234	0	40060	27532	45240	
3235	0	40008	27952	44980	
3236	0	39952	28584	44624	
3237	0	39904	29316	44196	
3238	0	39852	29960	43716	
3239	0	39796	30512	43188	
3240	0	39744	31000	42628	
3241	0	39684	31464	42000	
3242	0	39636	31960	41272	
3243	0	39576	32496	40456	
3244	0	39528	33016	39576	
3245	0	39464	33572	38604	
3246	0	39412	34216	37856	
3247	0	39352	34680	37148	
3248	0	39292	34974	36544	
3249	0	39241	35220	35988	
3250	0	39180	35473	35488	
3251	0	39120	35808	35228	
3252	0	39061	35968	35004	
3253	0	39000	36268	34904	
3254	0	38944	36441	34708	
3255	0	38884	36568	35008	
3256	0	38824	36672	34644	
3257	0	38760	36745	34924	
3258	0	38700	36788	34520	
3259	0	38640	36880	34847	
3260	0	38576	36996	34752	
3261	0	38509	36980	34180	
3262	0	38452	37032	34736	
3263	0	38388	36992	34560	
3264	0	38320	36832	34032	
3265	0	38260	36832	33988	
3266	0	38196	36733	33576	
3267	0	38124	36756	33556	
3268	0	38064	36724	33240	
3269	0	38000	36896	33504	
3270	0	37925	36836	33244	
3271	0	37856	36964	33542	
3272	0	37784	36964	33422	
3273	0	37720	37056	33568	
3274	0	37648	36992	33545	
3275	0	37576	36932	33497	
3276	0	37496	36848	33528	
3277	0	37436	36688	33400	
3278	0	37353	36628	33545	
3279	0	37284	36408	33492	
3280	0	37204	36268	33440	
3281	0	37124	36112	33477	
3282	0	37056	36026	33644	
3283	0	36984	35904	33668	
3284	0	36896	35776	33673	
3285	0	36824	35648	33772	
3286	0	36744	35496	33884	
3287	0	36662	35280	34016	
3288	0	36580	35064	34098	
3289	0	36500	34820	34188	
3290	0	36420	34464	34400	
3291	0	36340	34136	34620	
3292	0	36252	33764	34848	
3293	0	36164	33376	35060	
3294	0	36080	32860	35296	
3295	0	35992	32226	35464	
3296	0	35904	31576	35800	
3297	0	35824	30933	36204	
3298	0	35728	30300	36640	
3299	0	35648	29740	37100	
3300	0	35552	29112	37536	
3301	0	35466	28453	38084	
3302	0	35376	27848	38652	
3303	0	35288	27224	39136	
3304	0	35192	26640	39576	
3305	0	35104	26144	39709	
3306	0	35016	25672	39740	
3307	0	34921	25168	39776	
3308	0	34824	24706	40120	
3309	0	34740	24304	40460	
3310	0	34652	23993	40632	
3311	0	34557	23716	40744	
3312	0	34464	23496	40869	
3313	0	34380	23328	41028	
3314	0	34273	23141	41244	
3315	0	34188	22928	41208	
3316	0	34100	22793	40968	
3317	0	34004	22692	40674	
3318	0	33920	22724	40244	
3319	0	33824	22972	39752	
3320	0	33732	23296	39292	
3321	0	33640	23748	38820	
3322	0	33548	24312	38332	
3323	0	33472	24968	37680	
3324	0	33372	25712	36892	
3325	0	33288	26592	36040	
3326	0	33189	25120	38172	
3327	0	33108	24540	41732	
3328	0	33024	26156	34216	
3329	0	32932	24456	40252	
3330	0	32856	26328	38448	
3331	0	32776	24200	39988	
3332	0	32688	29241	47988	
3333	0	32608	27456	43764	
3334	0	32528	33716	41832	
3335	0	32452	38788	39812	
3336	0	32376	40240	38437	
3337	0	32292	37600	37220	
3338	0	32212	35976	38912	
3339	0	32140	33925	40442	
3340	0	32072	35024	40068	
3341	0	32004	30516	38912	
3342	0	31936	28648	38548	
3343	0	31864	30116	37176	
3344	0	31792	31712	36892	
3345	0	31724	32508	37368	
3346	0	31668	32852	38344	
3347	0	31600	33117	38829	
3348	0	31544	33296	38784	
3349	0	31472	33216	38529	
3350	0	31424	33072	38376	
3351	0	31364	32976	38252	
3352	0	31304	32886	38256	
3353	0	31244	32769	38356	
3354	0	31192	32789	38452	
3355	0	31136	32952	38668	
3356	0	31092	33048	38788	
3357	0	31030	33112	38788	
3358	0	30980	33088	38676	
3359	0	30928	33044	38553	
3360	0	30880	32988	38400	
3361	0	30828	32964	38264	
3362	0	30784	32889	38244	
3363	0	30732	32892	38320	
3364	0	30688	32940	38324	
3365	0	30640	32956	38372	
3366	0	30592	32916	38429	
3367	0	30556	32952	38424	
3368	0	30508	32944	38424	
3369	0	30460	32960	38408	
3370	0	30424	32964	38400	
3371	0	30368	32960	38320	
3372	0	30332	32940	38284	
3373	0	30288	32952	38324	
3374	0	30252	32946	38348	
3375	0	30202	32944	38384	
3376	0	30164	32936	38380	
3377	0	30124	32928	38385	
3378	0	30084	32957	38361	
3379	0	30040	32964	38344	
3380	0	30002	32929	38360	
3381	0	29957	32913	38400	
3382	0	29920	32908	38430	
3383	0	29869	32932	38404	
3384	0	29824	32944	38372	
3385	0	29790	32956	38380	
3386	0	29749	32976	38408	
3387	0	29705	32968	38428	
3388	0	29660	32961	38425	
3389	0	29624	32988	38329	
3390	0	29576	32980	38336	
3391	0	29536	32960	38328	
3392	0	29490	32932	38376	
3393	0	29448	32928	38356	
3394	0	29400	32928	38432	
3395	0	29354	32956	38412	
3396	0	29308	32968	38376	
3397	0	29261	32928	38396	
3398	0	29209	32924	38361	
3399	0	29166	32897	38460	
3400	0	29124	32936	38428	
3401	0	29077	32948	38424	
3402	0	29028	32940	38456	
3403	0	28976	32964	38405	
3404	0	28924	32921	38380	
3405	0	28872	32906	38404	
3406	0	28824	32903	38404	
3407	0	28768	32900	38420	
3408	0	28720	32940	38376	
3409	0	28668	32964	38372	
3410	0	28608	32976	38304	
3411	0	28560	32896	38281	
3412	0	28504	32872	38201	
3413	0	28448	32860	38256	
3414	0	28392	32872	38376	
3415	0	28328	32901	38340	
3416	0	28276	32884	38380	
3417	0	28212	32876	38244	
3418	0	28160	32820	38192	
3419	0	28092	32780	38304	
3420	0	28037	32784	38364	
3421	0	27984	32800	38240	
3422	0	27920	32828	38384	
3423	0	27848	32821	38252	
3424	0	27785	32816	38340	
3425	0	27728	32872	38332	
3426	0	27669	32820	38428	
3427	0	27597	32832	38404	
3428	0	27532	32824	38337	
3429	0	27472	32864	38348	
3430	0	27400	32840	38344	
3431	0	27336	32781	38304	
3432	0	27264	32844	38416	
3433	0	27204	32840	38490	
3434	0	27124	32792	38496	
3435	0	27060	32909	38640	
3436	0	26989	32792	38540	
3437	0	26920	32840	38592	
3438	0	26852	32901	38528	
3439	0	26780	32908	38624	
3440	0	26710	32854	38584	
3441	0	26644	32820	38592	
3442	0	26568	32808	38468	
3443	0	26497	32808	38452	
3444	0	26418	32836	38420	
3445	0	26348	32808	38532	
3446	0	26280	32776	38484	
3447	0	26204	32752	38412	
3448	0	26132	32712	38292	
3449	0	26052	32672	38144	
3450	0	25976	32673	38097	
3451	0	25904	32608	38176	
3452	0	25828	32568	38116	
3453	0	25756	32640	38428	
3454	0	25676	32668	38376	
3455	0	25604	32768	38568	
3456	0	25520	32744	38624	
3457	0	25444	32760	38800	
3458	0	25368	32672	38816	
3459	0	25292	32708	38956	
3460	0	25210	32656	38873	
3461	0	25138	32680	39128	
3462	0	25056	32688	39188	
3463	0	24984	32672	39092	
3464	0	24908	32652	39464	
3465	0	24830	32672	38764	
3466	0	24753	32412	39072	
3467	0	24669	32780	40056	
3468	0	24604	32841	39844	
3469	0	24508	32620	39888	
3470	0	24444	32668	39841	
3471	0	24364	32708	40128	
3472	0	24285	32672	40204	
3473	0	24214	32144	41928	
3474	0	24128	33289	41088	
3475	0	24056	33080	39516	
3476	0	23976	32672	40052	
3477	0	23908	32824	40620	
3478	0	23824	32868	41504	
3479	0	23760	33012	43832	
3480	0	23680	33457	38636	
3481	0	23605	32224	41956	
3482	0	23534	32760	44133	
3483	0	23460	32690	42396	
3484	0	23388	31514	42664	
3485	0	23322	32340	44984	
3486	0	23252	32440	43712	
3487	0	23176	31740	44904	
3488	0	23105	31924	46620	
3489	0	23040	32289	45128	
3490	0	22972	32292	46624	
3491	0	22900	32411	46604	
3492	0	22840	32272	46420	
3493	0	22772	32484	46796	
3494	0	22712	33129	46573	
3495	0	22645	33472	46668	
3496	0	22580	33664	46776	
3497	0	22524	33824	47180	
3498	0	22464	34100	48180	
3499	0	22400	34740	49280	
3500	0	22345	35688	49532	
3501	0	22284	36376	49308	
3502	0	22224	36644	48788	
3503	0	22178	36096	47340	
3504	0	22120	34372	44928	
3505	0	22070	31972	42045	
3506	0	22016	31938	42072	
3507	0	21973	32264	41712	
3508	0	21922	33380	41176	
3509	0	21872	32856	38708	
3510	0	21832	34140	36320	
3511	0	21784	35080	35864	
3512	0	21740	34820	36096	
3513	0	21688	35596	35296	
3514	0	21648	35840	35592	
3515	0	21612	35920	35661	
3516	0	21576	37020	36412	
3517	0	21536	39264	38220	
3518	0	21500	40264	38572	
3519	0	21460	40624	38000	
3520	0	21420	41264	37340	
3521	0	21380	41468	36940	
3522	0	21354	41332	36448	
3523	0	21324	41116	35904	
3524	0	21292	41076	35340	
3525	0	21264	41272	34824	
3526	0	21229	41464	34176	
3527	0	21205	41525	33428	
3528	0	21176	41492	32888	
3529	0	21149	41404	32628	
3530	0	21120	41288	32585	
3531	0	21093	41220	32656	
3532	0	21072	41156	32880	
3533	0	21048	41028	33192	
3534	0	21025	40852	33616	
3535	0	20999	40632	34028	
3536	0	20980	40348	34280	
3537	0	20960	40016	34484	
3538	0	20932	39668	34636	
3539	0	20916	39248	34761	
3540	0	20900	38788	34833	
3541	0	20878	38436	34936	
3542	0	20852	37868	34900	
3543	0	20841	37596	35160	
3544	0	20824	37320	35548	
3545	0	20808	37040	35876	
3546	0	20796	36888	36265	
3547	0	20772	36888	36824	
3548	0	20760	36856	37369	
3549	0	20748	36944	37908	
3550	0	20725	36960	38385	
3551	0	20717	37049	38693	
3552	0	20705	37072	39076	
3553	0	20692	37072	39324	
3554	0	20676	37048	39780	
3555	0	20672	36960	40240	
3556	0	20660	36820	40832	
3557	0	20653	36656	41520	
3558	0	20636	36452	42144	
3559	0	20625	36128	42656	
3560	0	20621	35705	43164	
3561	0	20612	35216	43572	
3562	0	20607	34664	43698	
3563	0	20592	34144	44000	
3564	0	20592	33740	44352	
3565	0	20584	33416	44952	
3566	0	20576	32906	45104	
3567	0	20580	32676	45608	
3568	0	20570	32132	45808	
3569	0	20568	31636	45704	
3570	0	20558	31192	45280	
3571	0	20556	30701	44748	
3572	0	20552	30156	44096	
3573	0	20550	29588	43513	
3574	0	20552	29024	43012	
3575	0	20548	28532	42648	
3576	0	20552	28076	42212	
3577	0	20544	27692	42152	
3578	0	20549	27384	42065	
3579	0	20552	27028	41976	
3580	0	20560	26752	42004	
3581	0	20560	26592	41936	
3582	0	20564	26448	41749	
3583	0	20569	26388	41444	
3584	0	20573	26394	40988	
3585	0	20576	26387	40472	
3586	0	20580	26504	40032	
3587	0	20592	26576	39556	
3588	0	20596	26690	39136	
3589	0	20610	26684	38796	
3590	0	20616	26561	38688	
3591	0	20624	26370	39009	
3592	0	20636	26164	39752	
3593	0	20644	23496	47300	
3594	0	20652	23497	44492	
3595	0	20666	24400	39160	
3596	0	20681	25132	38364	
3597	0	20688	23585	37308	
3598	0	20700	24544	36864	
3599	0	20720	28768	36112	
3600	0	20728	31816	36072	
3601	0	20744	34004	37704	
3602	0	20764	36460	42088	
3603	0	20788	37460	43012	
3604	0	20801	36504	43180	
3605	0	20824	34608	41272	
3606	0	20837	34016	39900	
3607	0	20856	33140	39804	
3608	0	20876	33524	38628	
3609	0	20900	32092	41024	
3610	0	20920	33548	41777	
3611	0	20944	31473	41277	
3612	0	20976	32444	35300	
3613	0	20989	31468	38568	
3614	0	21024	31872	38092	
3615	0	21048	32916	38340	
3616	0	21076	33464	39196	
3617	0	21108	33113	38944	
3618	0	21128	32620	39104	
3619	0	21156	32328	38592	
3620	0	21192	32684	37798	
3621	0	21228	32572	37984	
3622	0	21256	32505	37928	
3623	0	21292	32492	38092	
3624	0	21328	32708	38104	
3625	0	21360	32912	38044	
3626	0	21400	32948	38176	
3627	0	21432	32988	38196	
3628	0	21472	32948	38260	
3629	0	21508	32964	38420	
3630	0	21552	33061	38592	
3631	0	21584	33072	38720	
3632	0	21624	33040	38700	
3633	0	21668	33026	38656	
3634	0	21712	33032	38600	
3635	0	21748	33056	38629	
3636	0	21804	33057	38668	
3637	0	21836	33060	38708	
3638	0	21880	33040	38688	
3639	0	21924	33052	38632	
3640	0	21976	33000	38664	
3641	0	22020	33016	38592	
3642	0	22062	33000	38556	
3643	0	22112	33034	38556	
3644	0	22156	33068	38496	
3645	0	22200	33060	38584	
3646	0	22244	33052	38540	
3647	0	22300	33068	38452	
3648	0	22352	33042	38440	
3649	0	22392	33050	38404	
3650	0	22437	33028	38464	
3651	0	22488	33040	38436	
3652	0	22540	33036	38436	
3653	0	22584	33006	38408	
3654	0	22634	32992	38392	
3655	0	22680	33040	38380	
3656	0	22732	33060	38424	
3657	0	22776	33061	38417	
3658	0	22829	33048	38472	
3659	0	22881	33076	38448	
3660	0	22926	33076	38484	
3661	0	22980	33060	38488	
3662	0	23016	33060	38428	
3663	0	23080	33112	38496	
3664	0	23124	33088	38568	
3665	0	23180	33048	38560	
3666	0	23224	33032	38545	
3667	0	23272	33016	38576	
3668	0	23324	33020	38512	
3669	0	23364	33008	38452	
3670	0	23428	33056	38472	
3671	0	23472	33056	38464	
3672	0	23528	33096	38432	
3673	0	23572	33072	38452	
3674	0	23624	33108	38616	
3675	0	23668	33044	38572	
3676	0	23728	33068	38600	
3677	0	23776	33052	38716	
3678	0	23820	33026	38620	
3679	0	23868	33072	38620	
3680	0	23912	33132	38612	
3681	0	23969	33141	38496	
3682	0	24024	33161	38592	
3683	0	24068	33156	38724	
3684	0	24112	33212	38648	
3685	0	24164	33208	38700	
3686	0	24216	33144	38656	
3687	0	24264	33168	38688	
3688	0	24308	32976	38708	
3689	0	24360	32944	38736	
3690	0	24400	32996	38664	
3691	0	24456	33014	38704	
3692	0	24494	33008	38632	
3693	0	24544	33008	38600	
3694	0	24596	33024	38524	
3695	0	24640	32968	38540	
3696	0	24688	32937	38612	
3697	0	24732	32928	38652	
3698	0	24776	32936	38664	
3699	0	24820	32912	38456	
3700	0	24868	32936	38628	
3701	0	24912	32772	38452	
3702	0	24962	32900	38432	
3703	0	25008	32892	38620	
3704	0	25056	32968	38676	
3705	0	25100	32900	38892	
3706	0	25141	32824	38568	
3707	0	25184	32812	38685	
3708	0	25228	32872	39308	
3709	0	25265	32712	38388	
3710	0	25312	32669	38756	
3711	0	25353	32696	38848	
3712	0	25402	32650	38432	
3713	0	25440	32680	38524	
3714	0	25488	32840	38704	
3715	0	25528	32880	38673	
3716	0	25572	33000	38476	
3717	0	25608	32900	38704	
3718	0	25648	32768	38800	
3719	0	25694	33044	38557	
3720	0	25728	33137	39320	
3721	0	25776	32780	39188	
3722	0	25813	32920	39672	
3723	0	25852	32772	39536	
3724	0	25897	33056	40879	
3725	0	25936	33216	40680	
3726	0	25984	32612	39844	
3727	0	26020	32481	39036	
3728	0	26057	33476	39000	
3729	0	26100	33176	41176	
3730	0	26148	32558	40076	
3731	0	26185	33312	39872	
3732	0	26228	33292	40804	
3733	0	26276	32644	41464	
3734	0	26316	33148	40434	
3735	0	26356	33340	41892	
3736	0	26404	32380	40556	
3737	0	26452	33104	43160	
3738	0	26496	33300	42796	
3739	0	26536	32744	41928	
3740	0	26584	33280	43716	
3741	0	26632	32976	43980	
3742	0	26682	33292	43968	
3743	0	26733	33213	44232	
3744	0	26772	32040	43192	
3745	0	26832	33044	43848	
3746	0	26881	32676	44200	
3747	0	26930	32388	44193	
3748	0	26992	32157	44356	
3749	0	27036	31952	44616	
3750	0	27089	31913	44824	
3751	0	27144	32046	45008	
3752	0	27201	32200	44492	
3753	0	27256	32784	45304	
3754	0	27316	33024	46456	
3755	0	27376	33296	47656	
3756	0	27440	33488	48344	
3757	0	27496	33828	49580	
3758	0	27556	33265	49296	
3759	0	27621	31520	47220	
3760	0	27688	30688	46056	
3761	0	27748	30129	45420	
3762	0	27812	29708	45628	
3763	0	27876	27878	45376	
3764	0	27956	26556	45012	
3765	0	28020	27432	44056	
3766	0	28092	25010	40808	
3767	0	28164	22912	42396	
3768	0	28232	25200	41232	
3769	0	28308	28373	41672	
3770	0	28376	29440	40320	
3771	0	28456	29680	40552	
3772	0	28536	30370	40988	
3773	0	28612	31152	40948	
3774	0	28692	31940	41032	
3775	0	28776	32256	40808	
3776	0	28856	32449	40488	
3777	0	28936	32748	40064	
3778	0	29020	33116	39504	
3779	0	29112	33496	38816	
3780	0	29196	33852	38108	
3781	0	29285	34192	37512	
3782	0	29376	34428	37160	
3783	0	29460	34540	36708	
3784	0	29552	34648	36180	
3785	0	29644	34824	35768	
3786	0	29744	35032	35392	
3787	0	29828	35184	35096	
3788	0	29924	35296	34913	
3789	0	30024	35321	34712	
3790	0	30124	35248	34350	
3791	0	30212	35296	33908	
3792	0	30320	35424	33624	
3793	0	30413	35608	33492	
3794	0	30512	35765	33472	
3795	0	30613	35952	33556	
3796	0	30720	36140	33624	
3797	0	30820	36332	33612	
3798	0	30916	36416	33532	
3799	0	31024	36452	33456	
3800	0	31129	36436	33324	
3801	0	31232	36380	33192	
3802	0	31336	36296	32992	
3803	0	31432	36200	32836	
3804	0	31532	36160	32696	
3805	0	31644	36108	32617	
3806	0	31752	36096	32624	
3807	0	31856	36068	32668	
3808	0	31960	36020	32704	
3809	0	32064	35956	32749	
3810	0	32168	35828	32741	
3811	0	32272	35648	32812	
3812	0	32376	35428	32896	
3813	0	32476	35232	33048	
3814	0	32580	35028	33176	
3815	0	32684	34816	33348	
3816	0	32780	34628	33460	
3817	0	32884	34420	33628	
3818	0	32988	34232	33778	
3819	0	33096	33984	33948	
3820	0	33196	33684	34080	
3821	0	33292	28192	34196	
3822	0	33392	32796	31984	
3823	0	33496	33785	36192	
3824	0	33596	31653	35201	
3825	0	33696	30740	34540	
3826	0	33792	30316	34708	
3827	0	33888	29792	35252	
3828	0	33993	29384	35740	
3829	0	34080	28970	35852	
3830	0	34180	28324	35864	
3831	0	34284	27836	36156	
3832	0	34376	27277	36444	
3833	0	34472	26705	36669	
3834	0	34572	26124	36864	
3835	0	34660	25557	37016	
3836	0	34764	25058	37192	
3837	0	34841	24628	37508	
3838	0	34948	24342	37888	
3839	0	35040	24156	38484	
3840	0	35136	24022	39004	
3841	0	35228	23926	39424	
3842	0	35316	23824	39768	
3843	0	35408	23697	39972	
3844	0	35504	23564	40080	
3845	0	35585	23549	39984	
3846	0	35680	23624	39844	
3847	0	35772	23732	39657	
3848	0	35856	23964	39460	
3849	0	35948	24306	39240	
3850	0	36040	24684	38924	
3851	0	36124	25104	38496	
3852	0	36216	25596	37972	
3853	0	36296	26125	37424	
3854	0	36388	26674	36800	
3855	0	36468	27288	36152	
3856	0	36556	27924	35556	
3857	0	36640	28576	34964	
3858	0	36724	24664	41324	
3859	0	36809	34189	52980	
3860	0	36892	23552	29260	
3861	0	36972	30864	42404	
3862	0	37056	32793	47136	
3863	0	37140	34828	40000	
3864	0	37224	34596	37392	
3865	0	37300	35137	41136	
3866	0	37380	34300	42040	
3867	0	37460	34400	39420	
3868	0	37540	34701	39240	
3869	0	37620	33444	39060	
3870	0	37704	32322	40084	
3871	0	37772	31832	40260	
3872	0	37848	32157	38308	
3873	0	37928	32024	37581	
3874	0	37996	31760	36884	
3875	0	38068	31780	35928	
3876	0	38152	31620	35792	
3877	0	38216	31504	35988	
3878	0	38288	31684	36320	
3879	0	38357	32024	36580	
3880	0	38445	32320	37221	
3881	0	38508	32564	38168	
3882	0	38580	32800	38996	
3883	0	38652	33036	39636	
3884	0	38724	33253	40072	
3885	0	38792	33338	40272	
3886	0	38860	33337	40185	
3887	0	38932	33232	39952	
3888	0	38992	33132	39592	
3889	0	39056	33045	39213	
3890	0	39120	32940	38944	
3891	0	39188	32860	38732	
3892	0	39248	32829	38636	
3893	0	39320	32804	38520	
3894	0	39380	32808	38456	
3895	0	39437	32768	38468	
3896	0	39504	32748	38444	
3897	0	39556	32768	38464	
3898	0	39620	32808	38400	
3899	0	39668	32720	38346	
3900	0	39736	32896	38592	
3901	0	39792	32724	38276	
3902	0	39845	32792	38561	
3903	0	39904	32836	38600	
3904	0	39956	32748	38536	
3905	0	40014	32832	38636	
3906	0	40068	32832	38640	
3907	0	40121	32904	38609	
3908	0	40168	32912	38648	
3909	0	40228	32916	38696	
3910	0	40280	32884	38652	
3911	0	40328	32876	38700	
3912	0	40380	32872	38696	
3913	0	40432	32892	38696	
3914	0	40480	32900	38716	
3915	0	40536	32933	38716	
3916	0	40588	32948	38680	
3917	0	40640	32936	38657	
3918	0	40696	32913	38652	
3919	0	40744	32868	38636	
3920	0	40792	32820	38586	
3921	0	40848	32840	38520	
3922	0	40900	32888	38508	
3923	0	40944	32936	38492	
3924	0	41004	32896	38542	
3925	0	41056	32896	38604	
3926	0	41112	32884	38628	
3927	0	41164	32896	38724	
3928	0	41216	32900	38752	
3929	0	41268	32932	38884	
3930	0	41320	32996	38984	
3931	0	41374	33004	39036	
3932	0	41432	33004	39024	
3933	0	41480	32976	38934	
3934	0	41536	32936	38836	
3935	0	41584	32880	38724	
3936	0	41640	32860	38720	
3937	0	41692	32816	38636	
3938	0	41744	32768	38560	
3939	0	41804	32776	38584	
3940	0	41852	32796	38688	
3941	0	41900	32784	38633	
3942	0	41960	32876	38464	
3943	0	42008	32897	38336	
3944	0	42060	32860	38276	
3945	0	42108	32768	38404	
3946	0	42156	32704	38460	
3947	0	42200	32700	38548	
3948	0	42256	32648	38704	
3949	0	42296	32648	38732	
3950	0	42344	32704	38848	
3951	0	42392	32444	38648	
3952	0	42436	32284	38872	
3953	0	42488	32480	39328	
3954	0	42528	32316	38377	
3955	0	42564	32338	37776	
3956	0	42608	32545	37552	
3957	0	42652	32472	37880	
3958	0	42684	32556	38300	
3959	0	42712	32644	38492	
3960	0	42764	32636	38700	
3961	0	42792	32544	38728	
3962	0	42828	32481	38724	
3963	0	42860	32589	38540	
3964	0	42888	32612	38420	
3965	0	42912	32592	38252	
3966	0	42952	32544	38036	
3967	0	42980	32528	38064	
3968	0	43000	32498	38104	
3969	0	43028	32484	38312	
3970	0	43052	32508	38409	
3971	0	43068	32464	38496	
3972	0	43084	32428	38604	
3973	0	43104	32481	38688	
3974	0	43128	32544	38836	
3975	0	43144	32596	38976	
3976	0	43152	32656	39080	
3977	0	43160	32714	39221	
3978	0	43176	32668	39312	
3979	0	43188	32568	39360	
3980	0	43188	32580	39352	
3981	0	43200	32625	39244	
3982	0	43208	32616	39136	
3983	0	43208	32636	39173	
3984	0	43208	32664	39236	
3985	0	43200	32740	39421	
3986	0	43208	32768	39748	
3987	0	43200	32817	40292	
3988	0	43196	32756	40768	
3989	0	43188	32908	41400	
3990	0	43188	32832	41952	
3991	0	43184	32912	42880	
3992	0	43156	32476	41868	
3993	0	43144	31296	43548	
3994	0	43140	32908	44308	
3995	0	43120	33944	40828	
3996	0	43108	33024	41960	
3997	0	43080	32876	43152	
3998	0	43068	33273	43332	
3999	0	43040	33308	42912	
4000	0	43032	33148	42244	
4001	0	42996	32826	42516	
4002	0	42976	32260	43684	
4003	0	42944	32292	44392	
4004	0	42916	32304	44660	
4005	0	42896	32448	45064	
4006	0	42856	32644	45656	
4007	0	42832	32596	46792	
4008	0	42792	32360	47712	
4009	0	42756	31956	48028	
4010	0	42720	31284	47476	
4011	0	42684	29972	47032	
4012	0	42652	28556	47149	
4013	0	42600	27216	47220	
4014	0	42564	26204	46876	
4015	0	42516	24776	47468	
4016	0	42468	24834	46812	
4017	0	42424	27140	46352	
4018	0	42384	28493	47560	
4019	0	42340	28624	47880	
4020	0	42284	28821	48312	
4021	0	42232	28996	47976	
4022	0	42176	29524	47596	
4023	0	42124	29965	47178	
4024	0	42072	30356	46520	
4025	0	42012	30793	45760	
4026	0	41965	31264	45164	
4027	0	41900	31728	44565	
4028	0	41840	32168	43977	
4029	0	41780	32673	43380	
4030	0	41720	33276	42816	
4031	0	41664	33752	41956	
4032	0	41596	34225	41080	
4033	0	41536	34748	40164	
4034	0	41468	35244	39280	
4035	0	41400	35672	38528	
4036	0	41332	35948	37648	
4037	0	41264	36304	36924	
4038	0	41200	36628	36177	
4039	0	41128	36800	35324	
4040	0	41056	36928	34496	
4041	0	40976	37132	33952	
4042	0	40912	37276	33496	
4043	0	40840	37524	33348	
4044	0	40760	37880	33661	
4045	0	40688	38060	34072	
4046	0	40612	38072	34050	
4047	0	40544	38024	33884	
4048	0	40452	37936	33656	
4049	0	40392	37773	33309	
4050	0	40300	37584	33020	
4051	0	40224	37420	32824	
4052	0	40156	37292	32608	
4053	0	40068	37216	32468	
4054	0	39985	37148	32360	
4055	0	39908	37008	32324	
4056	0	39820	36920	32260	
4057	0	39744	36816	32180	
4058	0	39660	36753	32196	
4059	0	39584	36696	32248	
4060	0	39496	36592	32344	
4061	0	39400	36468	32440	
4062	0	39324	36332	32464	
4063	0	39240	36181	32528	
4064	0	39152	35992	32646	
4065	0	39060	35760	32696	
4066	0	38984	35496	32784	
4067	0	38896	35184	32972	
4068	0	38804	34816	33165	
4069	0	38728	34284	33308	
4070	0	38632	33620	33505	
4071	0	38544	32696	33776	
4072	0	38456	8958	43628	
4073	0	38368	7709	55456	
4074	0	38277	27732	28060	
4075	0	38196	31076	31924	
4076	0	38100	28816	45380	
4077	0	38012	39968	29008	
4078	0	37924	28260	38324	
4079	0	37832	28428	30593	
4080	0	37748	32394	34865	
4081	0	37656	31656	34444	
4082	0	37568	29424	35040	
4083	0	37477	27816	34757	
4084	0	37384	27052	31812	
4085	0	37304	26616	31396	
4086	0	37220	25972	32748	
4087	0	37129	25952	34368	
4088	0	37040	27372	36533	
4089	0	36952	28200	39020	
4090	0	36860	29036	41444	
4091	0	36772	29364	43268	
4092	0	36688	29564	44292	
4093	0	36600	29480	43976	
4094	0	36512	25308	42892	
4095	0	36429	29129	43236	
4096	0	36340	28648	42164	
4097	0	36248	28780	40704	
4098	0	36164	29364	39488	
4099	0	36076	30756	38200	
4100	0	35993	32676	36729	
4101	0	35910	34072	35276	
4102	0	35824	34776	34000	
4103	0	35746	34980	32836	
4104	0	35648	34828	31968	
4105	0	35568	34364	31316	
4106	0	35488	33688	30644	
4107	0	35410	32940	29993	
4108	0	35320	32352	29440	
4109	0	35242	31828	28976	
4110	0	35160	31352	28884	
4111	0	35077	30768	28876	
4112	0	35000	30324	28908	
4113	0	34928	29896	28717	
4114	0	34848	29548	28305	
4115	0	34772	29093	27708	
4116	0	34693	27688	28133	
4117	0	34616	7716	47324	
4118	0	34536	22568	55108	
4119	0	34468	18862	51152	
4120	0	34389	11624	34260	
4121	0	34320	24976	51080	
4122	0	34240	37984	50076	
4123	0	34168	49216	41152	
4124	0	34104	39356	44524	
4125	0	34028	35136	43844	
4126	0	33960	29552	42405	
4127	0	33896	27980	42536	
4128	0	33820	32761	39072	
4129	0	33760	35601	37072	
4130	0	33689	34201	36312	
4131	0	33624	32552	35840	
4132	0	33560	32288	36276	
4133	0	33492	33577	35798	
4134	0	33432	31540	37912	
4135	0	33364	31624	38208	
4136	0	33304	31908	38850	
4137	0	33244	32120	38832	
4138	0	33180	32284	38468	
4139	0	33120	32480	38096	
4140	0	33060	32904	37924	
4141	0	33000	33148	38009	
4142	0	32946	33296	38384	
4143	0	32888	33408	38880	
4144	0	32832	33544	39232	
4145	0	32768	33656	39821	
4146	0	32712	33608	40161	
4147	0	32652	33564	40184	
4148	0	32596	33508	40000	
4149	0	32544	33436	39740	
4150	0	32480	33421	39584	
4151	0	32428	33404	39412	
4152	0	32376	33412	39180	
4153	0	32324	33396	38976	
4154	0	32272	33409	38944	
4155	0	32216	33356	38968	
4156	0	32152	33345	39064	
4157	0	32112	33300	39088	
4158	0	32061	33296	39087	
4159	0	31996	33276	38981	
4160	0	31948	33220	38792	
4161	0	31892	33064	38692	
4162	0	31844	33010	38552	
4163	0	31792	32992	38412	
4164	0	31740	32992	38344	
4165	0	31688	33036	38240	
4166	0	31632	33040	38216	
4167	0	31577	33036	38185	
4168	0	31529	32996	38204	
4169	0	31476	32968	38288	
4170	0	31424	32932	38356	
4171	0	31376	32984	38421	
4172	0	31325	32948	38600	
4173	0	31276	33044	38769	
4174	0	31220	32404	38252	
4175	0	31172	32946	38772	
4176	0	31121	33076	38904	
4177	0	31072	32637	38096	
4178	0	31016	33096	39008	
4179	0	30964	32708	38272	
4180	0	30912	33021	38885	
4181	0	30860	32600	37924	
4182	0	30812	32936	38720	
4183	0	30760	32784	37972	
4184	0	30712	33260	39648	
4185	0	30656	32736	38212	
4186	0	30600	32572	38652	
4187	0	30549	32672	38176	
4188	0	30504	32498	37736	
4189	0	30457	32512	38200	
4190	0	30396	32536	37864	
4191	0	30352	32700	37898	
4192	0	30301	32732	37680	
4193	0	30248	32504	37668	
4194	0	30201	32572	37581	
4195	0	30152	32412	37536	
4196	0	30096	32456	37468	
4197	0	30048	32440	37352	
4198	0	30000	32416	37488	
4199	0	29944	32429	37676	
4200	0	29901	32416	37772	
4201	0	29856	32314	37896	
4202	0	29804	32288	38028	
4203	0	29741	32552	38176	
4204	0	29700	32421	38356	
4205	0	29652	32472	38556	
4206	0	29604	32420	38568	
4207	0	29548	32308	38592	
4208	0	29500	32704	38421	
4209	0	29452	32570	39144	
4210	0	29402	32604	38152	
4211	0	29356	32904	37008	
4212	0	29300	32489	39896	
4213	0	29257	32808	38232	
4214	0	29198	32472	38352	
4215	0	29152	32500	38173	
4216	0	29105	32680	38416	
4217	0	29056	32528	39064	
4218	0	29008	32413	38504	
4219	0	28960	32640	38144	
4220	0	28912	32480	38580	
4221	0	28860	32576	38544	
4222	0	28808	32628	38556	
4223	0	28760	32672	38604	
4224	0	28712	32644	38784	
4225	0	28668	32484	38956	
4226	0	28620	32400	38984	
4227	0	28572	32408	38932	
4228	0	28516	32376	38888	
4229	0	28464	31256	36308	
4230	0	28420	32096	39776	
4231	0	28380	32860	38932	
4232	0	28328	32328	38804	
4233	0	28280	32388	39252	
4234	0	28228	32628	40712	
4235	0	28181	32272	39148	
4236	0	28136	32832	39612	
4237	0	28088	32404	40204	
4238	0	28049	31884	39384	
4239	0	28000	32848	41820	
4240	0	27948	32296	42612	
4241	0	27900	32688	43826	
4242	0	27860	32757	44234	
4243	0	27814	32848	44484	
4244	0	27768	32820	44517	
4245	0	27720	32848	44240	
4246	0	27673	32904	43736	
4247	0	27632	32936	43244	
4248	0	27589	32888	42962	
4249	0	27544	33736	43008	
4250	0	27504	33808	43108	
4251	0	27461	32921	43940	
4252	0	27417	32649	44312	
4253	0	27373	32608	43748	
4254	0	27336	32817	44248	
4255	0	27288	31952	45564	
4256	0	27248	33016	48256	
4257	0	27208	33148	49604	
4258	0	27172	32369	49604	
4259	0	27125	31969	48872	
4260	0	27084	31540	47184	
4261	0	27048	30469	46304	
4262	0	27004	29488	46596	
4263	0	26968	29216	45216	
4264	0	26928	29208	46672	
4265	0	26892	26700	47940	
4266	0	26864	25354	45852	
4267	0	26820	26429	44496	
4268	0	26788	26740	45028	
4269	0	26757	27952	44448	
4270	0	26716	28930	43536	
4271	0	26676	28872	44204	
4272	0	26656	28964	44884	
4273	0	26612	29225	45124	
4274	0	26585	29616	44700	
4275	0	26552	30064	43920	
4276	0	26524	30501	43068	
4277	0	26488	30988	42336	
4278	0	26460	31448	41824	
4279	0	26432	31790	41404	
4280	0	26400	32088	40953	
4281	0	26380	32368	40248	
4282	0	26344	32672	39504	
4283	0	26324	33085	38772	
4284	0	26300	33504	38160	
4285	0	26264	33876	37700	
4286	0	26241	34156	37228	
4287	0	26218	34416	36728	
4288	0	26192	34680	36152	
4289	0	26176	34840	35608	
4290	0	26148	35016	35128	
4291	0	26120	35156	34748	
4292	0	26108	35228	34408	
4293	0	26076	35280	34084	
4294	0	26053	35276	33777	
4295	0	26036	35317	33540	
4296	0	26008	35348	33416	
4297	0	25996	35408	33341	
4298	0	25974	35428	33312	
4299	0	25952	35424	33248	
4300	0	25936	35349	33133	
4301	0	25920	35304	33020	
4302	0	25900	35244	33008	
4303	0	25888	35173	32992	
4304	0	25872	35164	32972	
4305	0	25852	35168	32904	
4306	0	25837	35180	32833	
4307	0	25824	35173	32808	
4308	0	25800	35148	32856	
4309	0	25792	35116	32912	
4310	0	25780	35080	32980	
4311	0	25765	35028	33020	
4312	0	25752	34972	32972	
4313	0	25741	34888	32869	
4314	0	25720	34788	32760	
4315	0	25723	34656	32688	
4316	0	25700	34570	32696	
4317	0	25693	34460	32748	
4318	0	25688	34416	32845	
4319	0	25672	34384	32916	
4320	0	25664	34316	32896	
4321	0	25656	34100	32908	
4322	0	25648	33780	32932	
4323	0	25638	33445	32956	
4324	0	25632	33036	33081	
4325	0	25618	32620	33364	
4326	0	25612	32132	33821	
4327	0	25610	31524	34220	
4328	0	25600	31008	34680	
4329	0	25596	30472	35106	
4330	0	25592	29744	35413	
4331	0	25593	29066	35848	
4332	0	25586	28292	36372	
4333	0	25580	27516	36800	
4334	0	25572	26884	37604	
4335	0	25580	25833	38096	
4336	0	25574	24754	37844	
4337	0	25568	24332	39084	
4338	0	25568	23556	39212	
4339	0	25568	22784	39700	
4340	0	25573	22548	39608	
4341	0	25568	21864	39684	
4342	0	25568	21400	39592	
4343	0	25572	21128	39784	
4344	0	25576	20989	39752	
4345	0	25576	20965	39400	
4346	0	25584	21036	39016	
4347	0	25580	20852	37992	
4348	0	25588	21528	38556	
4349	0	25596	20304	40636	
4350	0	25592	18089	46572	
4351	0	25600	19756	48680	
4352	0	25600	21256	45904	
4353	0	25612	16876	38504	
4354	0	25617	16282	40572	
4355	0	25628	12372	45144	
4356	0	25625	28716	39432	
4357	0	25636	33076	35624	
4358	0	25644	34608	36600	
4359	0	25656	36372	37224	
4360	0	25665	38712	36336	
4361	0	25668	36320	35800	
4362	0	25680	35156	34828	
4363	0	25688	33797	40064	
4364	0	25700	32928	40592	
4365	0	25708	30044	41296	
4366	0	25722	30901	40528	
4367	0	25732	30998	39688	
4368	0	25737	31620	38526	
4369	0	25760	32004	36552	
4370	0	25768	31689	36740	
4371	0	25780	31456	36552	
4372	0	25792	31488	35976	
4373	0	25808	31864	35802	
4374	0	25824	32352	36192	
4375	0	25836	32700	37128	
4376	0	25845	33004	38445	
4377	0	25860	33360	39996	
4378	0	25873	33560	41052	
4379	0	25890	33640	41557	
4380	0	25914	33581	41528	
4381	0	25924	33412	41024	
4382	0	25944	33256	40297	
4383	0	25957	33100	39536	
4384	0	25980	33016	38900	
4385	0	25997	33008	38480	
4386	0	26016	33049	38324	
4387	0	26032	33016	38352	
4388	0	26057	32964	38460	
4389	0	26080	32940	38656	
4390	0	26093	32944	38652	
4391	0	26117	32980	38813	
4392	0	26138	32848	38464	
4393	0	26168	32916	38640	
4394	0	26181	32896	38468	
4395	0	26208	32920	38484	
4396	0	26232	32884	38288	
4397	0	26260	32992	38596	
4398	0	26292	32984	38620	
4399	0	26312	33044	38720	
4400	0	26336	33004	38788	
4401	0	26360	33034	38820	
4402	0	26392	33068	38756	
4403	0	26416	33064	38744	
4404	0	26452	33152	38693	
4405	0	26477	33072	38796	
4406	0	26508	33060	38612	
4407	0	26532	33220	38616	
4408	0	26572	33128	38600	
4409	0	26597	33120	38604	
4410	0	26632	33145	38564	
4411	0	26664	33172	38660	
4412	0	26700	33168	38712	
4413	0	26728	33204	38700	
4414	0	26757	33196	38604	
4415	0	26792	33213	38560	
4416	0	26832	33184	38497	
4417	0	26860	33288	38476	
4418	0	26892	33248	38448	
4419	0	26928	33188	38488	
4420	0	26964	33120	38536	
4421	0	26996	33044	38488	
4422	0	27028	32972	38424	
4423	0	27052	32928	38364	
4424	0	27092	32856	38213	
4425	0	27124	32800	38144	
4426	0	27160	32736	38120	
4427	0	27188	32704	38037	
4428	0	27224	32996	38112	
4429	0	27252	33073	38168	
4430	0	27284	33096	38304	
4431	0	27312	33145	38568	
4432	0	27348	33252	38650	
4433	0	27384	33309	38714	
4434	0	27402	33261	38724	
4435	0	27432	33168	38676	
4436	0	27464	33112	38584	
4437	0	27496	33036	38416	
4438	0	27520	32988	38272	
4439	0	27552	33001	38144	
4440	0	27573	33008	38060	
4441	0	27604	33009	38176	
4442	0	27624	33017	38292	
4443	0	27652	33032	38348	
4444	0	27684	33068	38396	
4445	0	27704	33096	38348	
4446	0	27724	33092	38392	
4447	0	27752	33110	38476	
4448	0	27772	33132	38564	
4449	0	27793	33120	38744	
4450	0	27825	33132	38764	
4451	0	27848	33164	38749	
4452	0	27872	33168	38761	
4453	0	27892	33166	38724	
4454	0	27916	33100	38656	
4455	0	27940	33112	38600	
4456	0	27968	33120	38596	
4457	0	27984	33188	38636	
4458	0	28008	33216	38804	
4459	0	28032	33240	38892	
4460	0	28056	33234	39008	
4461	0	28076	33212	38984	
4462	0	28108	33197	38964	
4463	0	28128	33188	38956	
4464	0	28150	33216	39012	
4465	0	28172	33280	39192	
4466	0	28194	33233	39241	
4467	0	28224	33161	39384	
4468	0	28249	33124	39328	
4469	0	28276	33128	39304	
4470	0	28297	33148	39276	
4471	0	28324	33152	39264	
4472	0	28352	33160	39420	
4473	0	28376	33184	39581	
4474	0	28404	33153	39749	
4475	0	28424	33168	39808	
4476	0	28460	33160	39876	
4477	0	28492	33120	40028	
4478	0	28524	33104	40224	
4479	0	28548	33184	40176	
4480	0	28580	33281	40336	
4481	0	28608	33280	40392	
4482	0	28644	33408	41204	
4483	0	28676	33436	41160	
4484	0	28705	33509	41480	
4485	0	28744	33644	42828	
4486	0	28777	32465	41289	
4487	0	28816	32988	42028	
4488	0	28853	32884	41512	
4489	0	28888	33518	42068	
4490	0	28928	33332	43104	
4491	0	28972	33472	44244	
4492	0	29008	33892	43156	
4493	0	29045	33260	43120	
4494	0	29096	33124	42388	
4495	0	29132	32916	42888	
4496	0	29181	32256	43396	
4497	0	29220	33504	43252	
4498	0	29268	32126	45344	
4499	0	29316	33244	42676	
4500	0	29360	31580	43328	
4501	0	29408	32844	43676	
4502	0	29456	33052	44276	
4503	0	29508	32682	46212	
4504	0	29560	32320	47064	
4505	0	29608	31064	47096	
4506	0	29664	29684	47832	
4507	0	29736	27542	47533	
4508	0	29776	25684	47084	
4509	0	29828	24201	47384	
4510	0	29892	23754	45444	
4511	0	29948	21628	45972	
4512	0	30010	22165	41692	
4513	0	30068	24828	43312	
4514	0	30128	25525	45044	
4515	0	30185	25913	46396	
4516	0	30261	26592	47129	
4517	0	30324	27104	46752	
4518	0	30392	27732	46288	
4519	0	30458	28376	46040	
4520	0	30528	29100	45960	
4521	0	30604	29988	45884	
4522	0	30672	30888	45684	
4523	0	30744	31684	45272	
4524	0	30812	32364	44488	
4525	0	30892	32988	43584	
4526	0	30968	33624	42588	
4527	0	31048	34220	41708	
4528	0	31124	34732	40824	
4529	0	31200	35229	39780	
4530	0	31292	35736	38640	
4531	0	31372	36232	37488	
4532	0	31452	36764	36520	
4533	0	31528	37264	35672	
4534	0	31620	37644	35052	
4535	0	31706	38026	34585	
4536	0	31792	38316	34288	
4537	0	31880	38524	34140	
4538	0	31968	38696	34016	
4539	0	32054	38752	33896	
4540	0	32148	38692	33769	
4541	0	32232	38628	33678	
4542	0	32322	38564	33544	
4543	0	32416	38429	33333	
4544	0	32508	38348	33108	
4545	0	32600	38268	32913	
4546	0	32696	38233	32764	
4547	0	32788	38148	32668	
4548	0	32884	38016	32508	
4549	0	32976	37896	32420	
4550	0	33068	37752	32241	
4551	0	33156	37604	32060	
4552	0	33248	37464	31916	
4553	0	33344	37300	31800	
4554	0	33436	37196	31748	
4555	0	33532	37064	31764	
4556	0	33628	37000	31758	
4557	0	33716	36928	31849	
4558	0	33809	36644	31836	
4559	0	33904	36424	31856	
4560	0	33988	36296	32008	
4561	0	34080	36140	32276	
4562	0	34168	35877	32500	
4563	0	34264	35596	32680	
4564	0	34348	35284	32932	
4565	0	34432	34873	33148	
4566	0	34520	34465	33516	
4567	0	34608	34021	33708	
4568	0	34688	33416	34016	
4569	0	34768	32580	34140	
4570	0	34856	31957	34888	
4571	0	34940	31136	35308	
4572	0	35025	30433	35884	
4573	0	35104	29816	36452	
4574	0	35180	29160	36936	
4575	0	35260	28512	37357	
4576	0	35342	27872	37912	
4577	0	35417	27176	38200	
4578	0	35496	26392	38450	
4579	0	35568	25700	38756	
4580	0	35648	25112	38981	
4581	0	35720	24533	39104	
4582	0	35792	24137	39328	
4583	0	35868	23756	39572	
4584	0	35936	23508	39920	
4585	0	36004	23240	40168	
4586	0	36080	23120	40408	
4587	0	36144	23025	40516	
4588	0	36212	22975	40528	
4589	0	36288	23021	40496	
4590	0	36352	23145	40352	
4591	0	36416	23252	40000	
4592	0	36476	23429	39612	
4593	0	36544	23696	39156	
4594	0	36608	24069	38784	
4595	0	36668	24512	38432	
4596	0	36736	23316	39400	
4597	0	36796	23325	40136	
4598	0	36860	24272	43256	
4599	0	36924	24032	43528	
4600	0	36980	24832	42748	
4601	0	37044	27460	39664	
4602	0	37096	28316	35488	
4603	0	37160	31377	37605	
4604	0	37212	34308	39956	
4605	0	37273	34776	39060	
4606	0	37332	34676	39548	
4607	0	37384	35884	39872	
4608	0	37448	35372	39852	
4609	0	37500	34672	43200	
4610	0	37556	33228	44808	
4611	0	37616	33760	41116	
4612	0	37672	32756	41484	
4613	0	37720	31493	40136	
4614	0	37776	31524	37716	
4615	0	37828	31442	35828	
4616	0	37888	31472	35188	
4617	0	37936	31764	34780	
4618	0	37980	30532	34352	
4619	0	38037	30528	34208	
4620	0	38080	30846	34137	
4621	0	38140	31328	34464	
4622	0	38184	31604	35596	
4623	0	38234	31696	36336	
4624	0	38284	31988	38488	
4625	0	38336	32284	37984	
4626	0	38372	32988	40336	
4627	0	38416	33264	40580	
4628	0	38464	33436	40801	
4629	0	38512	33432	40768	
4630	0	38552	33273	40468	
4631	0	38592	33084	40208	
4632	0	38628	32920	39884	
4633	0	38668	32792	39516	
4634	0	38713	32752	39309	
4635	0	38752	32696	39108	
4636	0	38776	32620	38880	
4637	0	38824	32636	38708	
4638	0	38852	32592	38600	
4639	0	38884	32640	38400	
4640	0	38920	32614	38260	
4641	0	38941	32620	38222	
4642	0	38976	32628	38240	
4643	0	38996	32580	38284	
4644	0	39024	32544	38304	
4645	0	39054	32612	38204	
4646	0	39076	32633	38209	
4647	0	39100	32700	38208	
4648	0	39120	32732	38340	
4649	0	39148	32716	38508	
4650	0	39164	32796	38932	
4651	0	39172	32693	38624	
4652	0	39200	32784	39088	
4653	0	39220	32808	38980	
4654	0	39228	32800	39064	
4655	0	39244	32808	39040	
4656	0	39256	32752	38865	
4657	0	39264	32748	38792	
4658	0	39276	32764	38784	
4659	0	39288	32732	38844	
4660	0	39292	32760	38932	
4661	0	39300	32752	39000	
4662	0	39309	32756	39008	
4663	0	39305	32720	38973	
4664	0	39312	32732	38832	
4665	0	39312	32616	38704	
4666	0	39312	32576	38576	
4667	0	39316	32588	38524	
4668	0	39312	32596	38472	
4669	0	39308	32612	38484	
4670	0	39308	32641	38468	
4671	0	39309	32609	38360	
4672	0	39308	32680	38700	
4673	0	39300	32544	38152	
4674	0	39296	32432	37964	
4675	0	39280	32428	38228	
4676	0	39276	32388	38172	
4677	0	39260	32384	37984	
4678	0	39248	32370	37888	
4679	0	39232	32360	38036	
4680	0	39224	32396	37984	
4681	0	39216	32424	37952	
4682	0	39196	32448	38012	
4683	0	39172	32385	37968	
4684	0	39156	32305	37884	
4685	0	39140	32280	37856	
4686	0	39124	32224	37612	
4687	0	39104	32156	37432	
4688	0	39080	32112	37292	
4689	0	39048	32132	37229	
4690	0	39036	32152	37324	
4691	0	39004	32140	37488	
4692	0	38972	32184	37688	
4693	0	38948	32228	37928	
4694	0	38920	32304	38105	
4695	0	38888	32336	38292	
4696	0	38868	32364	38420	
4697	0	38824	32464	38380	
4698	0	38789	32512	38356	
4699	0	38757	32524	38408	
4700	0	38720	32500	38352	
4701	0	38676	32424	38292	
4702	0	38648	32440	38384	
4703	0	38604	32504	38524	
4704	0	38564	32436	38432	
4705	0	38528	32353	38268	
4706	0	38480	32400	38240	
4707	0	38436	32372	38232	
4708	0	38392	32436	38328	
4709	0	38348	32472	38464	
4710	0	38300	32584	38596	
4711	0	38252	32661	38776	
4712	0	38208	32636	38840	
4713	0	38148	32620	38960	
4714	0	38100	32652	39020	
4715	0	38056	32652	39068	
4716	0	37997	32676	39092	
4717	0	37948	32692	39092	
4718	0	37888	32757	39040	
4719	0	37832	32772	39106	
4720	0	37772	32722	39064	
4721	0	37724	32656	39116	
4722	0	37656	32668	39168	
4723	0	37608	32684	39140	
4724	0	37548	32620	39088	
4725	0	37492	32588	39021	
4726	0	37428	32560	38985	
4727	0	37364	32580	38932	
4728	0	37312	32600	39100	
4729	0	37248	32576	39200	
4730	0	37184	32576	39308	
4731	0	37128	32596	39332	
4732	0	37056	32668	39745	
4733	0	36996	32568	39888	
4734	0	36940	32780	40346	
4735	0	36865	32696	40577	
4736	0	36808	32824	41017	
4737	0	36740	32304	41756	
4738	0	36669	32064	44096	
4739	0	36605	33348	42028	
4740	0	36538	32640	39092	
4741	0	36469	32976	39572	
4742	0	36408	33060	41880	
4743	0	36340	33664	43340	
4744	0	36268	33773	42756	
4745	0	36196	33620	41816	
4746	0	36124	33128	41824	
4747	0	36052	32852	42560	
4748	0	35992	33040	43348	
4749	0	35916	32416	44124	
4750	0	35840	31340	44888	
4751	0	35772	30533	44560	
4752	0	35692	32254	44756	
4753	0	35624	33480	47696	
4754	0	35544	33504	46536	
4755	0	35469	32596	45888	
4756	0	35401	32452	46352	
4757	0	35324	32976	48232	
4758	0	35248	32384	47624	
4759	0	35180	30836	46948	
4760	0	35096	30112	47092	
4761	0	35020	29464	47136	
4762	0	34948	28120	47032	
4763	0	34866	28576	44512	
4764	0	34788	24652	45780	
4765	0	34720	24306	42988	
4766	0	34640	26840	42452	
4767	0	34568	27592	41872	
4768	0	34492	27728	42408	
4769	0	34409	27840	43548	
4770	0	34337	28110	44189	
4771	0	34264	28608	44928	
4772	0	34192	29156	45152	
4773	0	34112	29572	45240	
4774	0	34040	30120	45400	
4775	0	33960	30697	45416	
4776	0	33892	31188	45248	
4777	0	33820	31576	44808	
4778	0	33748	31832	44116	
4779	0	33673	32068	43337	
4780	0	33604	32344	42656	
4781	0	33536	32616	41858	
4782	0	33462	32904	40904	
4783	0	33388	33208	39944	
4784	0	33316	33492	39080	
4785	0	33244	33800	38452	
4786	0	33176	34128	37928	
4787	0	33106	34460	37568	
4788	0	33040	34804	37188	
4789	0	32976	35037	36844	
4790	0	32904	35286	36408	
4791	0	32836	35556	36028	
4792	0	32772	35772	35668	
4793	0	32704	35976	35426	
4794	0	32640	36180	35276	
4795	0	32572	36344	35156	
4796	0	32512	36497	34972	
4797	0	32444	36628	34720	
4798	0	32380	36752	34464	
4799	0	32321	36865	34232	
4800	0	32257	36992	33968	
4801	0	32200	37056	33724	
4802	0	32136	37128	33524	
4803	0	32080	37221	33361	
4804	0	32020	37300	33242	
4805	0	31960	37336	33160	
4806	0	31900	37356	33156	
4807	0	31848	37328	33160	
4808	0	31793	37312	33172	
4809	0	31736	37268	33160	
4810	0	31688	37204	33216	
4811	0	31628	37148	33228	
4812	0	31576	37056	33208	
4813	0	31516	37004	33252	
4814	0	31468	36948	33260	
4815	0	31417	36864	33232	
4816	0	31356	36761	33182	
4817	0	31308	36670	33240	
4818	0	31260	36528	33256	
4819	0	31212	36412	33368	
4820	0	31152	36308	33492	
4821	0	31116	36200	33666	
4822	0	31065	36108	33872	
4823	0	31009	35973	34148	
4824	0	30976	35868	34408	
4825	0	30928	35788	34672	
4826	0	30877	35692	34908	
4827	0	30836	35576	35068	
4828	0	30788	35468	35216	
4829	0	30744	35304	35276	
4830	0	30704	35192	35416	
4831	0	30664	35024	35657	
4832	0	30624	34824	35770	
4833	0	30580	34556	35864	
4834	0	30544	34185	35984	
4835	0	30500	33780	36212	
4836	0	30464	33364	36492	
4837	0	30428	32996	36868	
4838	0	30388	32598	37280	
4839	0	30348	32136	37508	
4840	0	30312	31440	37692	
4841	0	30272	30760	38128	
4842	0	30244	30060	38720	
4843	0	30212	29158	39284	
4844	0	30172	28357	40052	
4845	0	30144	27476	40888	
4846	0	30116	26868	41064	
4847	0	30077	26468	41130	
4848	0	30048	26025	41049	
4849	0	30016	25504	41008	
4850	0	29992	25136	40840	
4851	0	29962	24872	40732	
4852	0	29936	24617	40484	
4853	0	29904	24440	40108	
4854	0	29880	24388	39752	
4855	0	29857	24349	39584	
4856	0	29825	24270	39380	
4857	0	29808	24248	39176	
4858	0	29788	24240	39040	
4859	0	29768	24196	38808	
4860	0	29748	24193	38601	
4861	0	29720	24213	38460	
4862	0	29704	24292	38294	
4863	0	29688	23884	39504	
4864	0	29672	18069	47176	
4865	0	29652	19560	45280	
4866	0	29632	20750	44940	
4867	0	29628	22468	42908	
4868	0	29616	16736	38701	
4869	0	29596	17153	41632	
4870	0	29589	26320	43616	
4871	0	29581	30146	42128	
4872	0	29572	32020	42408	
4873	0	29576	35629	43804	
4874	0	29560	37084	42572	
4875	0	29560	35776	40960	
4876	0	29552	34384	38260	
4877	0	29556	33940	36948	
4878	0	29548	33132	37204	
4879	0	29556	32276	38336	
4880	0	29552	32449	39304	
4881	0	29556	32936	39124	
4882	0	29560	33236	39008	
4883	0	29568	33202	38600	
4884	0	29572	32946	38240	
4885	0	29580	33000	38089	
4886	0	29600	33028	37932	
4887	0	29608	33084	37872	
4888	0	29620	33168	38124	
4889	0	29636	32688	38644	
4890	0	29648	32532	38736	
4891	0	29664	33004	38108	
4892	0	29684	32724	38152	
4893	0	29692	32445	38440	
4894	0	29712	32464	38580	
4895	0	29736	32520	38436	
4896	0	29748	32696	38336	
4897	0	29768	32864	38412	
4898	0	29788	32880	38440	
4899	0	29812	32880	38476	
4900	0	29832	32832	38440	
4901	0	29848	32800	38312	
4902	0	29868	32728	38244	
4903	0	29896	32760	38200	
4904	0	29908	32784	38212	
4905	0	29932	32852	38276	
4906	0	29956	32840	38348	
4907	0	29978	32856	38312	
4908	0	29986	32860	38221	
4909	0	30028	32876	38164	
4910	0	30052	32924	38200	
4911	0	30068	32916	38212	
4912	0	30086	32916	38316	
4913	0	30110	32912	38316	
4914	0	30144	32884	38372	
4915	0	30156	32932	38336	
4916	0	30180	32956	38282	
4917	0	30200	32912	38373	
4918	0	30224	32896	38400	
4919	0	30244	32904	38444	
4920	0	30264	32908	38508	
4921	0	30292	32952	38532	
4922	0	30316	32920	38576	
4923	0	30336	32920	38472	
4924	0	30349	32948	38412	
4925	0	30376	32961	38344	
4926	0	30404	32904	38388	
4927	0	30425	32918	38501	
4928	0	30448	32932	38524	
4929	0	30489	32964	38542	
4930	0	30504	32972	38464	
4931	0	30524	32997	38404	
4932	0	30556	32970	38388	
4933	0	30576	32917	38368	
4934	0	30616	32912	38360	
4935	0	30642	32892	38408	
4936	0	30657	32985	38428	
4937	0	30696	33016	38420	
4938	0	30728	33045	38436	
4939	0	30760	33057	38480	
4940	0	30792	33080	38492	
4941	0	30832	33020	38532	
4942	0	30868	33008	38508	
4943	0	30904	33028	38484	
4944	0	30932	33084	38509	
4945	0	30980	33172	38532	
4946	0	31020	33197	38533	
4947	0	31057	33148	38512	
4948	0	31104	33088	38448	
4949	0	31140	33010	38397	
4950	0	31168	33001	38460	
4951	0	31220	33064	38497	
4952	0	31264	33048	38484	
4953	0	31312	33020	38520	
4954	0	31360	32996	38464	
4955	0	31400	32996	38428	
4956	0	31456	33032	38404	
4957	0	31508	32992	38416	
4958	0	31552	32976	38381	
4959	0	31600	32948	38464	
4960	0	31656	32940	38440	
4961	0	31700	32957	38448	
4962	0	31752	33024	38426	
4963	0	31801	33013	38420	
4964	0	31860	33016	38440	
4965	0	31912	32996	38448	
4966	0	31972	32996	38448	
4967	0	32014	32980	38380	
4968	0	32076	32953	38352	
4969	0	32132	32940	38368	
4970	0	32184	32872	38337	
4971	0	32260	32856	38336	
4972	0	32304	32896	38320	
4973	0	32357	32932	38268	
4974	0	32408	32980	38321	
4975	0	32472	32936	38464	
4976	0	32528	32928	38360	
4977	0	32584	32904	38344	
4978	0	32640	32904	38264	
4979	0	32708	32880	38292	
4980	0	32764	32892	38308	
4981	0	32820	32900	38332	
4982	0	32884	32904	38360	
4983	0	32948	32877	38346	
4984	0	33000	32853	38364	
4985	0	33056	32836	38336	
4986	0	33128	32800	38384	
4987	0	33184	32848	38284	
4988	0	33244	32828	38384	
4989	0	33308	32800	38156	
4990	0	33368	32816	38553	
4991	0	33428	32800	38548	
4992	0	33484	32716	38496	
4993	0	33556	32836	38924	
4994	0	33620	32872	39060	
4995	0	33680	32800	39296	
4996	0	33752	32749	38881	
4997	0	33806	32672	38656	
4998	0	33872	32696	38568	
4999	0	33932	32808	38840	
5000	0	33984	32916	38824	
5001	0	34048	32860	39088	
5002	0	34112	32856	38976	
5003	0	34172	32812	39194	
5004	0	34236	32800	39188	
5005	0	34296	32713	38920	
5006	0	34365	32864	39360	
5007	0	34416	32804	39124	
5008	0	34484	32932	38988	
5009	0	34540	32680	39564	
5010	0	34608	32352	39872	
5011	0	34660	32668	40032	
5012	0	34720	32640	39797	
5013	0	34784	32812	39496	
5014	0	34841	32532	39230	
5015	0	34908	30436	36796	
5016	0	34972	32320	50264	
5017	0	35024	34300	35620	
5018	0	35080	33341	39412	
5019	0	35136	32588	43968	
5020	0	35200	33376	43560	
5021	0	35256	33873	44184	
5022	0	35312	33701	46240	
5023	0	35376	33492	45456	
5024	0	35428	33544	47456	
5025	0	35484	33328	46936	
5026	0	35544	32916	46120	
5027	0	35592	33072	48288	
5028	0	35656	33098	44652	
5029	0	35720	33756	47712	
5030	0	35776	33680	48264	
5031	0	35820	33828	47600	
5032	0	35888	34052	48440	
5033	0	35944	34488	48008	
5034	0	36000	34820	47484	
5035	0	36052	34572	46192	
5036	0	36104	34693	44728	
5037	0	36164	34209	43208	
5038	0	36220	32148	42524	
5039	0	36276	31912	42540	
5040	0	36336	32724	41632	
5041	0	36392	33828	39160	
5042	0	36444	34880	37816	
5043	0	36504	36484	39440	
5044	0	36552	38210	39576	
5045	0	36612	40376	39948	
5046	0	36668	40992	41344	
5047	0	36716	42236	42280	
5048	0	36772	43680	39876	
5049	0	36828	45664	39173	
5050	0	36881	46756	37496	
5051	0	36928	47200	36352	
5052	0	36988	46456	34912	
5053	0	37036	46024	33496	
5054	0	37084	45880	33068	
5055	0	37136	45996	32948	
5056	0	37184	46337	32808	
5057	0	37236	46592	32796	
5058	0	37288	46720	32908	
5059	0	37336	46700	33088	
5060	0	37384	46460	33300	
5061	0	37432	46068	33429	
5062	0	37484	45516	33632	
5063	0	37520	44916	33840	
5064	0	37572	44400	34124	
5065	0	37615	43880	34468	
5066	0	37665	43396	34905	
5067	0	37712	42884	35409	
5068	0	37756	42368	35952	
5069	0	37792	42032	36802	
5070	0	37832	41372	37476	
5071	0	37876	40820	38368	
5072	0	37908	40260	39364	
5073	0	37952	39640	39948	
5074	0	37982	39060	40176	
5075	0	38024	38472	40320	
5076	0	38060	37864	40352	
5077	0	38096	37268	40400	
5078	0	38120	36772	40704	
5079	0	38160	36393	41216	
5080	0	38192	36152	41848	
5081	0	38216	36041	42532	
5082	0	38244	35952	43176	
5083	0	38280	35740	43360	
5084	0	38312	35456	43480	
5085	0	38324	35008	43572	
5086	0	38356	34248	43300	
5087	0	38376	33512	43556	
5088	0	38400	32640	42924	
5089	0	38424	32040	42816	
5090	0	38448	31308	42640	
5091	0	38464	30448	42956	
5092	0	38484	29622	43284	
5093	0	38496	28744	43584	
5094	0	38509	27832	43722	
5095	0	38528	27020	43864	
5096	0	38548	26192	43768	
5097	0	38556	25360	43152	
5098	0	38561	24748	42316	
5099	0	38568	24112	41532	
5100	0	38580	23450	40788	
5101	0	38588	22900	40084	
5102	0	38600	22560	39348	
5103	0	38600	22346	38604	
5104	0	38600	22312	38064	
5105	0	38608	22336	37856	
5106	0	38608	19586	45732	
5107	0	38616	19118	47408	
5108	0	38616	19684	38428	
5109	0	38624	21588	41616	
5110	0	38616	18872	38224	
5111	0	38609	18256	39696	
5112	0	38608	18844	37784	
5113	0	38600	19512	36980	
5114	0	38601	20044	38149	
5115	0	38592	25230	37300	
5116	0	38585	31076	40101	
5117	0	38576	34952	42620	
5118	0	38568	37464	43740	
5119	0	38552	37089	43028	
5120	0	38548	35313	41548	
5121	0	38540	33792	39417	
5122	0	38516	33220	37844	
5123	0	38504	33332	37864	
5124	0	38488	31940	40132	
5125	0	38469	32312	41312	
5126	0	38460	32024	40508	
5127	0	38432	32896	38248	
5128	0	38412	32784	37728	
5129	0	38400	32336	37925	
5130	0	38376	32420	38128	
5131	0	38360	32324	38296	
5132	0	38332	32148	38145	
5133	0	38304	31936	38368	
5134	0	38269	32084	38128	
5135	0	38248	32318	38448	
5136	0	38220	32597	38388	
5137	0	38184	32484	38564	
5138	0	38160	32318	38280	
5139	0	38132	32692	38192	
5140	0	38092	32596	38264	
5141	0	38068	32408	38380	
5142	0	38028	32556	38228	
5143	0	38000	32553	38596	
5144	0	37961	32704	38456	
5145	0	37920	32832	38496	
5146	0	37880	32668	38432	
5147	0	37848	32610	38400	
5148	0	37804	32504	38636	
5149	0	37760	32525	38480	
5150	0	37720	32577	38304	
5151	0	37676	32572	38441	
5152	0	37645	32636	38380	
5153	0	37592	32568	38316	
5154	0	37545	32537	38544	
5155	0	37500	32600	38444	
5156	0	37457	32584	38464	
5157	0	37408	32628	38280	
5158	0	37360	32644	38476	
5159	0	37312	32630	38464	
5160	0	37260	32592	38384	
5161	0	37216	32644	38396	
5162	0	37164	32700	38496	
5163	0	37116	32620	38488	
5164	0	37058	32652	38440	
5165	0	37012	32640	38404	
5166	0	36965	32632	38357	
5167	0	36908	32712	38424	
5168	0	36852	32744	38404	
5169	0	36800	32760	38460	
5170	0	36736	32736	38417	
5171	0	36688	32705	38432	
5172	0	36628	32668	38468	
5173	0	36568	32623	38492	
5174	0	36512	32644	38616	
5175	0	36460	32813	38516	
5176	0	36396	32420	38472	
5177	0	36336	33193	38716	
5178	0	36280	32000	39260	
5179	0	36218	32340	39940	
5180	0	36160	33380	38084	
5181	0	36096	32604	39016	
5182	0	36032	32292	39324	
5183	0	35968	32878	38444	
5184	0	35904	32280	38164	
5185	0	35840	32544	38268	
5186	0	35776	32617	38416	
5187	0	35708	32592	38628	
5188	0	35640	32628	38433	
5189	0	35580	32564	38336	
5190	0	35512	32616	38233	
5191	0	35444	32644	38306	
5192	0	35376	32748	38456	
5193	0	35304	32768	38476	
5194	0	35224	32708	38544	
5195	0	35160	32668	38720	
5196	0	35096	32672	38724	
5197	0	35024	32708	38704	
5198	0	34952	32720	38584	
5199	0	34884	32850	38612	
5200	0	34804	32884	38644	
5201	0	34736	32848	38648	
5202	0	34660	32856	38780	
5203	0	34584	32840	38672	
5204	0	34512	32784	38665	
5205	0	34432	32772	38464	
5206	0	34360	32673	38436	
5207	0	34292	32604	38732	
5208	0	34212	32520	38936	
5209	0	34144	32476	38848	
5210	0	34060	32676	38740	
5211	0	33988	32668	38716	
5212	0	33904	32596	38588	
5213	0	33828	32641	38952	
5214	0	33752	32492	38769	
5215	0	33680	32380	38616	
5216	0	33604	32472	38464	
5217	0	33524	32576	38244	
5218	0	33448	32717	38076	
5219	0	33360	32872	38064	
5220	0	33284	32552	38209	
5221	0	33216	32104	37988	
5222	0	33132	31816	37856	
5223	0	33053	32536	37948	
5224	0	32972	32992	38152	
5225	0	32896	32788	38640	
5226	0	32816	32240	38664	
5227	0	32740	33132	38044	
5228	0	32660	32960	39420	
5229	0	32580	31392	38908	
5230	0	32509	32840	38488	
5231	0	32428	33517	39112	
5232	0	32348	32484	40436	
5233	0	32280	31345	39296	
5234	0	32196	30657	40188	
5235	0	32112	32944	40168	
5236	0	32036	31828	40656	
5237	0	31969	32996	39524	
5238	0	31884	33432	40128	
5239	0	31812	33160	42712	
5240	0	31738	33441	40392	
5241	0	31664	32842	42324	
5242	0	31588	33120	41340	
5243	0	31516	32965	41408	
5244	0	31441	32740	43208	
5245	0	31360	33008	42520	
5246	0	31292	32732	43200	
5247	0	31216	32964	43644	
5248	0	31140	32724	43592	
5249	0	31072	32413	44292	
5250	0	31001	32448	44516	
5251	0	30928	32188	44376	
5252	0	30860	32185	45568	
5253	0	30800	32036	45212	
5254	0	30720	32168	46528	
5255	0	30648	31972	46592	
5256	0	30580	32208	46712	
5257	0	30520	32424	47008	
5258	0	30448	32552	47224	
5259	0	30376	32853	47316	
5260	0	30324	33112	47544	
5261	0	30245	33164	47080	
5262	0	30176	33468	47348	
5263	0	30124	33984	47800	
5264	0	30060	32860	46780	
5265	0	29992	32112	45800	
5266	0	29928	31196	45396	
5267	0	29876	30084	45004	
5268	0	29820	29216	44576	
5269	0	29760	28500	44128	
5270	0	29700	29404	44228	
5271	0	29640	27029	41664	
5272	0	29592	26085	43644	
5273	0	29528	27242	42916	
5274	0	29476	30836	43444	
5275	0	29420	32308	43360	
5276	0	29368	33004	43320	
5277	0	29325	33208	43272	
5278	0	29276	33184	43016	
5279	0	29228	33216	42476	
5280	0	29181	33165	41912	
5281	0	29136	33145	41153	
5282	0	29089	33224	40224	
5283	0	29056	33368	39332	
5284	0	29001	33576	38529	
5285	0	28965	33804	37861	
5286	0	28930	33976	37481	
5287	0	28884	34156	37316	
5288	0	28848	34352	37160	
5289	0	28820	34600	36996	
5290	0	28777	34800	36780	
5291	0	28752	34994	36520	
5292	0	28712	35128	36196	
5293	0	28680	35220	35929	
5294	0	28656	35293	35712	
5295	0	28621	35316	35500	
5296	0	28592	35328	35184	
5297	0	28568	35336	34824	
5298	0	28536	35404	34412	
5299	0	28512	35498	34064	
5300	0	28484	35584	33808	
5301	0	28460	35713	33548	
5302	0	28436	35844	33384	
5303	0	28412	35952	33184	
5304	0	28384	36052	32980	
5305	0	28368	36105	32688	
5306	0	28336	36120	32452	
5307	0	28320	36121	32349	
5308	0	28305	36132	32312	
5309	0	28285	36100	32248	
5310	0	28257	36056	32276	
5311	0	28240	35992	32296	
5312	0	28232	35956	32376	
5313	0	28212	35924	32540	
5314	0	28193	35944	32688	
5315	0	28180	35932	32840	
5316	0	28160	35908	32884	
5317	0	28144	35868	32857	
5318	0	28136	35756	32848	
5319	0	28120	35625	32824	
5320	0	28112	35480	32860	
5321	0	28100	35284	32904	
5322	0	28088	35152	32988	
5323	0	28080	34988	33124	
5324	0	28076	34828	33252	
5325	0	28064	34576	33284	
5326	0	28058	34256	33244	
5327	0	28052	33928	33272	
5328	0	28052	33504	33308	
5329	0	28040	33012	33398	
5330	0	28040	32492	33440	
5331	0	28040	31900	33496	
5332	0	28040	31376	33612	
5333	0	28040	30836	33900	
5334	0	28040	30248	34384	
5335	0	28048	29560	34920	
5336	0	28056	28888	35548	
5337	0	28052	28089	36128	
5338	0	28066	27320	36761	
5339	0	28072	26563	37312	
5340	0	28080	25864	37864	
5341	0	28088	25082	38168	
5342	0	28100	24329	38708	
5343	0	28122	23648	39048	
5344	0	28137	23061	39072	
5345	0	28152	22592	38974	
5346	0	28168	22204	38798	
5347	0	28188	21872	38685	
5348	0	28208	21672	38681	
5349	0	28233	21640	38737	
5350	0	28260	21728	38701	
5351	0	28285	21952	38501	
5352	0	28304	22272	38328	
5353	0	28336	22624	38124	
5354	0	28372	23008	38056	
5355	0	28408	23400	37896	
5356	0	28440	23862	37780	
5357	0	28480	24348	37492	
5358	0	28513	17166	42376	
5359	0	28553	23054	47284	
5360	0	28594	23076	44900	
5361	0	28640	17860	48104	
5362	0	28684	25640	36637	
5363	0	28733	31100	40936	
5364	0	28784	29376	42396	
5365	0	28824	34120	41312	
5366	0	28888	36752	39916	
5367	0	28944	36380	38676	
5368	0	29000	36896	40332	
5369	0	29052	35144	40204	
5370	0	29112	34336	41316	
5371	0	29172	33488	41000	
5372	0	29216	32576	40892	
5373	0	29300	31697	39225	
5374	0	29360	31724	37748	
5375	0	29428	31764	35968	
5376	0	29496	31556	35064	
5377	0	29568	31044	34624	
5378	0	29640	30600	34440	
5379	0	29712	30500	34472	
5380	0	29785	30605	34706	
5381	0	29856	31036	35376	
5382	0	29932	31544	37052	
5383	0	30008	31948	37868	
5384	0	30089	32209	39286	
5385	0	30168	32952	40848	
5386	0	30248	33680	41005	
5387	0	30324	33980	42192	
5388	0	30404	33912	41460	
5389	0	30488	33632	40556	
5390	0	30565	33228	39958	
5391	0	30648	32856	39488	
5392	0	30734	32592	39128	
5393	0	30820	32444	38808	
5394	0	30904	32348	38548	
5395	0	30992	32368	38440	
5396	0	31068	32420	38240	
5397	0	31158	32477	38064	
5398	0	31248	32560	38080	
5399	0	31328	32536	38128	
5400	0	31420	32520	38184	
5401	0	31508	32504	38168	
5402	0	31584	32548	38272	
5403	0	31676	32556	38440	
5404	0	31764	32568	38532	
5405	0	31848	32596	38536	
5406	0	31940	32584	38512	
5407	0	32032	32548	38468	
5408	0	32120	32604	38537	
5409	0	32208	32592	38528	
5410	0	32296	32612	38484	
5411	0	32392	32632	38560	
5412	0	32484	32629	38624	
5413	0	32584	32584	38572	
5414	0	32672	32592	38466	
5415	0	32764	32576	38608	
5416	0	32856	32580	38508	
5417	0	32949	32628	38524	
5418	0	33048	32660	38497	
5419	0	33144	32616	38404	
5420	0	33240	32612	38460	
5421	0	33336	32568	38496	
5422	0	33436	32576	38433	
5423	0	33529	32552	38426	
5424	0	33632	32536	38412	
5425	0	33736	32548	38404	
5426	0	33840	32565	38380	
5427	0	33944	32525	38372	
5428	0	34044	32472	38420	
5429	0	34149	32477	38472	
5430	0	34252	32484	38524	
5431	0	34352	32543	38568	
5432	0	34460	32616	38656	
5433	0	34572	32632	38712	
5434	0	34676	32664	38733	
5435	0	34780	32672	38752	
5436	0	34892	32612	38780	
5437	0	35000	32572	38725	
5438	0	35100	32632	38696	
5439	0	35208	32668	38633	
5440	0	35312	32552	38472	
5441	0	35425	32448	38298	
5442	0	35524	32408	38184	
5443	0	35640	32420	38112	
5444	0	35748	32424	38032	
5445	0	35849	32385	38100	
5446	0	35953	32442	38153	
5447	0	36062	32457	38336	
5448	0	36168	32508	38444	
5449	0	36261	32528	38528	
5450	0	36380	32444	38640	
5451	0	36484	32372	38740	
5452	0	36588	32344	38704	
5453	0	36696	32340	38632	
5454	0	36788	32289	38508	
5455	0	36888	32225	38372	
5456	0	36985	32212	38280	
5457	0	37088	32260	38256	
5458	0	37192	32208	38240	
5459	0	37284	32268	38356	
5460	0	37377	32236	38392	
5461	0	37472	32328	38504	
5462	0	37564	32372	38628	
5463	0	37656	32456	38700	
5464	0	37752	32488	38700	
5465	0	37840	32472	38616	
5466	0	37925	32414	38536	
5467	0	38012	32388	38516	
5468	0	38096	32328	38432	
5469	0	38180	32268	38452	
5470	0	38264	32216	38368	
5471	0	38336	32188	38380	
5472	0	38424	32116	38456	
5473	0	38493	32124	38408	
5474	0	38568	32152	38368	
5475	0	38644	32197	38308	
5476	0	38720	32192	38408	
5477	0	38784	32116	38448	
5478	0	38848	32012	38576	
5479	0	38924	32012	38544	
5480	0	38988	32069	38500	
5481	0	39044	32165	38496	
5482	0	39104	32304	38584	
5483	0	39168	32400	38720	
5484	0	39224	32476	38944	
5485	0	39276	32497	39184	
5486	0	39336	32516	39364	
5487	0	39377	32601	39532	
5488	0	39432	32588	39508	
5489	0	39488	32545	39592	
5490	0	39528	32577	39616	
5491	0	39576	32730	39640	
5492	0	39616	32820	39828	
5493	0	39648	32788	40464	
5494	0	39696	32688	40628	
5495	0	39728	32729	41384	
5496	0	39772	32752	41804	
5497	0	39804	32876	41876	
5498	0	39840	32744	41960	
5499	0	39864	32304	41586	
5500	0	39889	32614	41232	
5501	0	39916	30884	43148	
5502	0	39952	30997	43140	
5503	0	39964	36000	44164	
5504	0	39992	33700	43432	
5505	0	40004	32881	42072	
5506	0	40024	32092	42392	
5507	0	40040	32900	42356	
5508	0	40052	33096	42452	
5509	0	40064	32768	42036	
5510	0	40072	32681	42448	
5511	0	40084	32356	42676	
5512	0	40089	31808	42484	
5513	0	40092	31080	42084	
5514	0	40092	31148	42728	
5515	0	40096	31408	43564	
5516	0	40096	31404	44592	
5517	0	40096	31241	45056	
5518	0	40084	30864	45428	
5519	0	40076	30168	45996	
5520	0	40078	29392	46400	
5521	0	40064	28272	46592	
5522	0	40052	27532	47260	
5523	0	40036	27068	47564	
5524	0	40028	25468	45284	
5525	0	40000	23968	44832	
5526	0	39992	25612	44976	
5527	0	39968	25864	45376	
5528	0	39952	26248	45896	
5529	0	39924	26932	46788	
5530	0	39896	27421	47060	
5531	0	39880	27797	47252	
5532	0	39852	28356	47244	
5533	0	39816	28912	46988	
5534	0	39784	29404	46492	
5535	0	39756	29864	45952	
5536	0	39724	30340	45384	
5537	0	39696	30792	44832	
5538	0	39656	31180	44284	
5539	0	39616	31660	43760	
5540	0	39581	32128	42960	
5541	0	39540	32588	41908	
5542	0	39504	33032	40720	
5543	0	39452	33616	38116	
5544	0	39412	34124	39160	
5545	0	39364	34704	39052	
5546	0	39324	35132	37584	
5547	0	39272	35529	37638	
5548	0	39225	35896	36844	
5549	0	39180	36252	36382	
5550	0	39124	36576	36004	
5551	0	39072	36800	36117	
5552	0	39024	36912	35425	
5553	0	38964	37004	34904	
5554	0	38912	37064	34670	
5555	0	38848	37076	34240	
5556	0	38800	37100	33884	
5557	0	38740	37092	33580	
5558	0	38684	37140	33328	
5559	0	38616	37136	33029	
5560	0	38552	37148	32744	
5561	0	38496	37152	32556	
5562	0	38424	37112	32368	
5563	0	38364	37101	32176	
5564	0	38300	37084	32064	
5565	0	38228	37104	31944	
5566	0	38164	37104	31908	
5567	0	38096	37152	31872	
5568	0	38028	37152	31836	
5569	0	37960	37104	31812	
5570	0	37888	37072	31968	
5571	0	37816	36984	31968	
5572	0	37736	36936	32042	
5573	0	37668	36852	32200	
5574	0	37600	36708	32320	
5575	0	37524	36576	32584	
5576	0	37448	36324	32648	
5577	0	37372	36160	33056	
5578	0	37300	35768	33164	
5579	0	37220	35528	33560	
5580	0	37149	35000	33408	
5581	0	37072	34660	33820	
5582	0	36984	34196	34068	
5583	0	36912	33644	34200	
5584	0	36832	33204	34425	
5585	0	36748	32652	34524	
5586	0	36668	32112	34601	
5587	0	36596	31600	34672	
5588	0	36512	31152	34672	
5589	0	36428	30732	34784	
5590	0	36348	30264	34924	
5591	0	36261	29812	35136	
5592	0	36188	29292	35412	
5593	0	36104	28700	35704	
5594	0	36032	28042	35892	
5595	0	35937	27412	36468	
5596	0	35857	26692	36689	
5597	0	35780	26208	37652	
5598	0	35696	25472	37852	
5599	0	35624	24976	38308	
5600	0	35540	24292	38868	
5601	0	35456	23660	39636	
5602	0	35376	22829	39676	
5603	0	35300	22200	40240	
5604	0	35220	21612	39844	
5605	0	35144	21368	40161	
5606	0	35061	21176	39744	
5607	0	34988	21288	39680	
5608	0	34908	21430	39160	
5609	0	34826	21756	38536	
5610	0	34752	17452	42248	
5611	0	34676	21856	45692	
5612	0	34596	20434	43708	
5613	0	34528	16066	39428	
5614	0	34444	8549	45972	
5615	0	34372	27808	41144	
5616	0	34296	25748	41664	
5617	0	34220	30548	43092	
5618	0	34149	34560	38692	
5619	0	34076	36116	35648	
5620	0	33996	36820	37764	
5621	0	33924	35492	39240	
5622	0	33856	34580	40424	
5623	0	33776	31744	43429	
5624	0	33701	30277	42580	
5625	0	33632	31472	40844	
5626	0	33545	32719	38964	
5627	0	33484	32552	37312	
5628	0	33416	32336	36792	
5629	0	33340	32000	36308	
5630	0	33272	31836	36076	
5631	0	33200	31608	36208	
5632	0	33128	32148	35856	
5633	0	33064	32436	36244	
5634	0	32992	32636	37260	
5635	0	32920	32820	38284	
5636	0	32853	32992	38956	
5637	0	32772	33248	39700	
5638	0	32708	33352	40118	
5639	0	32637	33420	40336	
5640	0	32572	33445	40197	
5641	0	32508	33408	40028	
5642	0	32425	33382	39872	
5643	0	32361	33316	39596	
5644	0	32293	33268	39308	
5645	0	32226	33188	39044	
5646	0	32152	33176	39028	
5647	0	32068	33192	38748	
5648	0	32016	33148	38636	
5649	0	31952	33192	38544	
5650	0	31881	33204	38476	
5651	0	31816	33220	38508	
5652	0	31749	33196	38560	
5653	0	31688	33234	38616	
5654	0	31620	33208	38592	
5655	0	31560	33204	38556	
5656	0	31488	33160	38449	
5657	0	31424	33220	38620	
5658	0	31368	33048	38028	
5659	0	31300	33158	38312	
5660	0	31236	33192	38484	
5661	0	31180	33140	38212	
5662	0	31104	33148	38501	
5663	0	31048	33168	38400	
5664	0	30988	33208	38336	
5665	0	30928	33180	38532	
5666	0	30868	33076	38436	
5667	0	30812	33120	38416	
5668	0	30756	33124	38284	
5669	0	30688	33133	38217	
5670	0	30632	33164	38184	
5671	0	30584	33149	38220	
5672	0	30520	33180	38236	
5673	0	30468	33165	38416	
5674	0	30412	33174	38500	
5675	0	30360	33208	38528	
5676	0	30300	33184	38596	
5677	0	30240	33206	38608	
5678	0	30192	33188	38648	
5679	0	30136	33240	38684	
5680	0	30088	33224	38789	
5681	0	30036	33208	38816	
5682	0	29988	33240	38804	
5683	0	29932	33212	38784	
5684	0	29896	33216	38788	
5685	0	29837	33216	38788	
5686	0	29784	33232	38712	
5687	0	29744	33173	38649	
5688	0	29693	33161	38516	
5689	0	29640	33124	38480	
5690	0	29600	33164	38496	
5691	0	29544	33176	38469	
5692	0	29500	33178	38512	
5693	0	29460	33136	38464	
5694	0	29412	33138	38388	
5695	0	29364	33097	38268	
5696	0	29321	33068	38172	
5697	0	29276	33056	38044	
5698	0	29236	33036	37976	
5699	0	29192	33020	37981	
5700	0	29148	32992	38020	
5701	0	29100	33004	38032	
5702	0	29064	33036	38124	
5703	0	29024	32992	38168	
5704	0	28980	33021	38192	
5705	0	28936	33040	38240	
5706	0	28892	33116	38244	
5707	0	28848	33144	38316	
5708	0	28812	33152	38424	
5709	0	28776	33173	38580	
5710	0	28732	33220	38672	
5711	0	28700	33216	38732	
5712	0	28652	33228	38784	
5713	0	28608	33268	38880	
5714	0	28572	33224	38880	
5715	0	28532	33184	38788	
5716	0	28500	33148	38688	
5717	0	28448	33088	38557	
5718	0	28417	33060	38416	
5719	0	28376	33088	38384	
5720	0	28337	33172	38404	
5721	0	28300	33164	38472	
5722	0	28260	33144	38572	
5723	0	28230	33068	38616	
5724	0	28196	33056	38532	
5725	0	28150	33065	38508	
5726	0	28112	33080	38328	
5727	0	28072	33052	38376	
5728	0	28040	33060	38372	
5729	0	28000	33072	38524	
5730	0	27961	33105	38548	
5731	0	27930	33188	38724	
5732	0	27896	33226	39008	
5733	0	27852	33228	39308	
5734	0	27820	33236	39392	
5735	0	27785	33212	39396	
5736	0	27748	33228	39364	
5737	0	27712	33232	39324	
5738	0	27676	33208	39492	
5739	0	27638	33192	39488	
5740	0	27600	33168	39616	
5741	0	27572	33168	39736	
5742	0	27541	33142	39884	
5743	0	27504	33396	40896	
5744	0	27465	33312	40132	
5745	0	27436	33273	39964	
5746	0	27404	33264	39880	
5747	0	27373	33340	39984	
5748	0	27348	33428	39860	
5749	0	27312	33081	39741	
5750	0	27284	33204	40121	
5751	0	27256	33220	40716	
5752	0	27232	33187	41113	
5753	0	27208	33304	42144	
5754	0	27178	32580	42312	
5755	0	27157	33380	42688	
5756	0	27132	32460	40877	
5757	0	27112	31432	35428	
5758	0	27093	34328	45660	
5759	0	27072	33882	45008	
5760	0	27055	34325	42728	
5761	0	27040	33613	42192	
5762	0	27028	32916	42264	
5763	0	27009	33216	42476	
5764	0	27004	32884	43328	
5765	0	26993	33396	43484	
5766	0	26982	33096	42872	
5767	0	26978	32722	43396	
5768	0	26976	32368	44088	
5769	0	26970	32246	44596	
5770	0	26960	32280	45024	
5771	0	26964	32048	45520	
5772	0	26964	31905	45896	
5773	0	26972	31833	46552	
5774	0	26969	30868	46408	
5775	0	26980	30236	46652	
5776	0	26988	30444	47424	
5777	0	27004	30418	47824	
5778	0	27012	26650	45580	
5779	0	27028	25880	43580	
5780	0	27044	28488	44980	
5781	0	27064	29316	44965	
5782	0	27084	29536	45596	
5783	0	27108	29814	46264	
5784	0	27132	29988	46032	
5785	0	27164	30420	45932	
5786	0	27192	30641	45592	
5787	0	27220	30744	45128	
5788	0	27252	31056	44816	
5789	0	27289	31388	44540	
5790	0	27328	31752	44256	
5791	0	27372	32017	44036	
5792	0	27416	32272	43820	
5793	0	27456	32588	43500	
5794	0	27501	32897	43104	
5795	0	27556	33196	42476	
5796	0	27612	33436	41696	
5797	0	27658	33632	40808	
5798	0	27716	33828	39858	
5799	0	27768	34120	38992	
5800	0	27828	34340	38320	
5801	0	27889	34596	37880	
5802	0	27952	34881	37572	
5803	0	28013	35064	37104	
5804	0	28088	35152	36521	
5805	0	28148	35228	35836	
5806	0	28218	35400	35256	
5807	0	28292	35444	34692	
5808	0	28357	35508	34208	
5809	0	28436	35604	33808	
5810	0	28512	35664	33482	
5811	0	28588	35712	33248	
5812	0	28665	35796	33088	
5813	0	28748	35904	33040	
5814	0	28824	36020	33024	
5815	0	28908	36124	33028	
5816	0	28992	36244	33016	
5817	0	29080	36344	33000	
5818	0	29156	36469	32992	
5819	0	29252	36484	32944	
5820	0	29336	36562	32940	
5821	0	29420	36600	32842	
5822	0	29516	36576	32696	
5823	0	29604	36493	32613	
5824	0	29688	36412	32520	
5825	0	29788	36272	32392	
5826	0	29872	36192	32316	
5827	0	29976	36110	32240	
5828	0	30064	36000	32208	
5829	0	30164	35788	32120	
5830	0	30256	35608	32144	
5831	0	30356	35384	32142	
5832	0	30445	35081	32216	
5833	0	30549	34852	32353	
5834	0	30656	34608	32536	
5835	0	30752	34293	32652	
5836	0	30856	34109	33078	
5837	0	30956	33516	33004	
5838	0	31064	33274	33716	
5839	0	31162	33056	34440	
5840	0	31264	31944	34004	
5841	0	31372	31500	34872	
5842	0	31484	29760	34184	
5843	0	31589	29620	35872	
5844	0	31700	28597	36168	
5845	0	31804	28044	36997	
5846	0	31912	27172	36977	
5847	0	32028	25736	35950	
5848	0	32138	25556	37416	
5849	0	32244	24689	37268	
5850	0	32356	23828	37241	
5851	0	32468	23100	37344	
5852	0	32580	22520	37500	
5853	0	32696	21925	37252	
5854	0	32808	21832	38056	
5855	0	32924	21568	37996	
5856	0	33040	21524	38112	
5857	0	33144	21493	37964	
5858	0	33264	21716	38488	
5859	0	33369	21721	38360	
5860	0	33488	21788	38300	
5861	0	33596	21888	38204	
5862	0	33712	22056	38212	
5863	0	33824	22152	38392	
5864	0	33936	22408	37856	
5865	0	34044	22504	37720	
5866	0	34160	18361	48304	
5867	0	34268	20699	54072	
5868	0	34384	18470	43208	
5869	0	34488	17385	47060	
5870	0	34596	25680	35372	
5871	0	34700	34060	38300	
5872	0	34821	35386	37489	
5873	0	34920	39264	37440	
5874	0	35028	37396	39192	
5875	0	35136	34476	34752	
5876	0	35244	32632	35202	
5877	0	35348	32768	37900	
5878	0	35458	31132	36644	
5879	0	35565	31836	37120	
5880	0	35673	33148	37377	
5881	0	35772	32744	38528	
5882	0	35880	31948	39276	
5883	0	35984	31972	39756	
5884	0	36092	31448	39052	
5885	0	36196	31424	39093	
5886	0	36304	31748	38736	
5887	0	36412	31976	38728	
5888	0	36516	32200	38884	
5889	0	36628	32304	38540	
5890	0	36732	32572	38272	
5891	0	36844	32612	38612	
5892	0	36948	32664	38728	
5893	0	37064	32740	38844	
5894	0	37173	32772	38916	
5895	0	37272	32620	39012	
5896	0	37392	32388	39130	
5897	0	37504	32340	39064	
5898	0	37616	32296	38760	
5899	0	37728	32353	38528	
5900	0	37836	32416	38336	
5901	0	37942	32456	38152	
5902	0	38072	32492	38200	
5903	0	38176	32504	38232	
5904	0	38296	32484	38448	
5905	0	38401	32402	38600	
5906	0	38528	32434	38688	
5907	0	38640	32460	38816	
5908	0	38764	32507	38820	
5909	0	38876	32536	38796	
5910	0	38984	32576	38816	
5911	0	39116	32552	38816	
5912	0	39228	32548	38824	
5913	0	39348	32505	38796	
5914	0	39464	32504	38708	
5915	0	39584	32468	38640	
5916	0	39701	32448	38540	
5917	0	39808	32449	38496	
5918	0	39932	32497	38428	
5919	0	40052	32368	38288	
5920	0	40176	32392	38296	
5921	0	40288	32340	38248	
5922	0	40417	32320	38217	
5923	0	40520	32324	38216	
5924	0	40644	32336	38220	
5925	0	40756	32340	38232	
5926	0	40876	32352	38188	
5927	0	40992	32368	38244	
5928	0	41096	32384	38376	
5929	0	41208	32404	38440	
5930	0	41328	32420	38532	
5931	0	41432	32404	38512	
5932	0	41544	32448	38488	
5933	0	41664	32476	38552	
5934	0	41772	32492	38556	
5935	0	41880	32556	38680	
5936	0	41984	32524	38720	
5937	0	42088	32488	38757	
5938	0	42188	32488	38781	
5939	0	42292	32504	38692	
5940	0	42392	32472	38520	
5941	0	42496	32452	38496	
5942	0	42592	32456	38360	
5943	0	42668	32440	38360	
5944	0	42772	32472	38480	
5945	0	42872	32424	38496	
5946	0	42964	32426	38484	
5947	0	43052	32444	38508	
5948	0	43140	32400	38528	
5949	0	43228	32409	38532	
5950	0	43312	32413	38432	
5951	0	43384	32412	38518	
5952	0	43460	32408	38472	
5953	0	43552	32436	38517	
5954	0	43620	32400	38484	
5955	0	43696	32400	38456	
5956	0	43769	32384	38332	
5957	0	43840	32352	38276	
5958	0	43904	32348	38288	
5959	0	43972	32344	38332	
5960	0	44040	32320	38294	
5961	0	44092	32280	38236	
5962	0	44152	32212	38184	
5963	0	44212	32252	38112	
5964	0	44264	32265	38184	
5965	0	44321	32308	38344	
5966	0	44372	32301	38452	
5967	0	44424	32298	38464	
5968	0	44464	32336	38464	
5969	0	44508	32376	38448	
5970	0	44556	32401	38496	
5971	0	44588	32436	38548	
5972	0	44624	32484	38600	
5973	0	44653	32468	38608	
5974	0	44700	32440	38600	
5975	0	44736	32448	38584	
5976	0	44760	32428	38680	
5977	0	44792	32409	38788	
5978	0	44812	32380	38812	
5979	0	44832	32382	38768	
5980	0	44856	32372	38720	
5981	0	44872	32362	38752	
5982	0	44888	32420	38820	
5983	0	44900	32492	38924	
5984	0	44916	32504	39009	
5985	0	44928	32480	39040	
5986	0	44924	32480	39081	
5987	0	44940	32496	39252	
5988	0	44928	32472	39316	
5989	0	44952	32485	39432	
5990	0	44944	32480	39548	
5991	0	44948	32506	39656	
5992	0	44936	32544	39800	
5993	0	44936	32540	40012	
5994	0	44932	32536	40084	
5995	0	44916	32504	40180	
5996	0	44908	32492	40316	
5997	0	44896	32584	40688	
5998	0	44884	32632	39776	
5999	0	44864	32156	37928	
6000	0	44848	32896	41544	
6001	0	44832	32400	43088	
6002	0	44808	32136	44012	
6003	0	44792	32984	42400	
6004	0	44756	32440	40944	
6005	0	44736	32688	41856	
6006	0	44704	31201	41276	
6007	0	44684	34076	45320	
6008	0	44653	32764	40888	
6009	0	44624	33028	42464	
6010	0	44596	32804	42740	
6011	0	44560	33140	42976	
6012	0	44528	32680	43348	
6013	0	44488	32240	43212	
6014	0	44448	31820	43600	
6015	0	44412	31514	44076	
6016	0	44376	31218	45256	
6017	0	44340	31680	45433	
6018	0	44292	31844	45256	
6019	0	44240	31393	48576	
6020	0	44212	31292	47028	
6021	0	44156	30425	46112	
6022	0	44112	29796	46420	
6023	0	44056	29836	49376	
6024	0	44016	28225	47684	
6025	0	43964	25768	47512	
6026	0	43916	23748	47264	
6027	0	43864	24104	49248	
6028	0	43808	24272	50348	
6029	0	43748	21120	44544	
6030	0	43692	22316	43784	
6031	0	43644	24248	45312	
6032	0	43584	25221	45104	
6033	0	43528	25756	45649	
6034	0	43472	26188	45968	
6035	0	43424	26805	46104	
6036	0	43356	27580	46272	
6037	0	43296	28224	45920	
6038	0	43240	29004	45621	
6039	0	43188	29820	45280	
6040	0	43120	30568	44824	
6041	0	43065	31276	44464	
6042	0	43000	32012	44008	
6043	0	42948	32756	43392	
6044	0	42884	33400	42572	
6045	0	42816	33788	41424	
6046	0	42764	34168	39912	
6047	0	42696	34752	38324	
6048	0	42644	35488	36968	
6049	0	42580	36036	36004	
6050	0	42520	36512	35480	
6051	0	42448	36956	35184	
6052	0	42392	37296	34904	
6053	0	42340	37628	34717	
6054	0	42276	37864	34624	
6055	0	42216	37988	34460	
6056	0	42156	38000	34261	
6057	0	42084	37984	34004	
6058	0	42028	37952	33772	
6059	0	41972	37972	33472	
6060	0	41904	37976	33216	
6061	0	41844	37952	32912	
6062	0	41785	37896	32596	
6063	0	41728	37836	32260	
6064	0	41660	37768	32000	
6065	0	41600	37696	31788	
6066	0	41544	37636	31576	
6067	0	41476	37544	31424	
6068	0	41416	37396	31352	
6069	0	41360	37268	31232	
6070	0	41300	37120	31128	
6071	0	41236	37020	31044	
6072	0	41177	36844	30864	
6073	0	41112	36676	30816	
6074	0	41052	36472	30920	
6075	0	40984	36260	30984	
6076	0	40928	35780	30484	
6077	0	40864	35648	31480	
6078	0	40796	35405	31928	
6079	0	40736	34956	31533	
6080	0	40672	34684	32492	
6081	0	40612	34164	32644	
6082	0	40548	33816	33112	
6083	0	40484	33320	33068	
6084	0	40420	32942	33176	
6085	0	40352	32536	33165	
6086	0	40281	32084	33252	
6087	0	40220	31624	33496	
6088	0	40152	31088	33804	
6089	0	40080	30561	34329	
6090	0	40012	30016	34856	
6091	0	39940	29436	35436	
6092	0	39872	28784	35864	
6093	0	39808	27960	36224	
6094	0	39744	27076	36688	
6095	0	39664	26093	37036	
6096	0	39585	25156	37554	
6097	0	39505	24208	38104	
6098	0	39436	23336	38596	
6099	0	39356	22553	38976	
6100	0	39288	21892	39268	
6101	0	39208	21220	39444	
6102	0	39124	20600	39569	
6103	0	39044	20052	39533	
6104	0	38964	19586	39264	
6105	0	38880	19300	39040	
6106	0	38792	19236	38716	
6107	0	38708	19488	38448	
6108	0	38624	20001	38080	
6109	0	38532	20728	37728	
6110	0	38446	21712	37260	
6111	0	38360	22830	36596	
6112	0	38264	24032	35812	
6113	0	38176	15170	41936	
6114	0	38084	24552	49596	
6115	0	37988	26700	43684	
6116	0	37896	24628	43292	
6117	0	37800	19321	38940	
6118	0	37708	30316	48640	
6119	0	37604	38336	45468	
6120	0	37504	37460	43292	
6121	0	37396	37764	42088	
6122	0	37308	36460	42616	
6123	0	37208	34592	42464	
6124	0	37106	33556	41860	
6125	0	37005	32318	41004	
6126	0	36900	31265	39240	
6127	0	36794	31068	38400	
6128	0	36696	30732	37540	
6129	0	36580	30412	36348	
6130	0	36480	30220	35276	
6131	0	36384	30103	34584	
6132	0	36272	30181	34284	
6133	0	36172	30573	34668	
6134	0	36056	31129	35308	
6135	0	35956	31600	36132	
6136	0	35848	31988	37020	
6137	0	35736	32244	37965	
6138	0	35624	32560	39516	
6139	0	35524	32720	40310	
6140	0	35424	32880	40825	
6141	0	35301	32948	41064	
6142	0	35196	32936	40988	
6143	0	35092	32908	40560	
6144	0	34984	32792	39920	
6145	0	34880	32676	39392	
6146	0	34760	32632	38852	
6147	0	34656	32524	38516	
6148	0	34548	32396	38245	
6149	0	34436	32344	38220	
6150	0	34328	32322	38264	
6151	0	34220	32392	38396	
6152	0	34108	32466	38524	
6153	0	34004	32512	38712	
6154	0	33888	32493	38764	
6155	0	33784	32480	38592	
6156	0	33672	32540	38692	
6157	0	33569	32512	38596	
6158	0	33452	32492	38440	
6159	0	33344	32544	38504	
6160	0	33236	32568	38436	
6161	0	33120	32536	38502	
6162	0	33012	32537	38532	
6163	0	32900	32552	38592	
6164	0	32796	32544	38764	
6165	0	32681	32561	38764	
6166	0	32568	32592	38768	
6167	0	32461	32612	38784	
6168	0	32352	32608	38736	
6169	0	32240	32592	38648	
6170	0	32132	32581	38616	
6171	0	32016	32532	38556	
6172	0	31904	32496	38428	
6173	0	31800	32464	38293	
6174	0	31680	32480	38208	
6175	0	31569	32464	38152	
6176	0	31480	32448	38173	
6177	0	31352	32436	38136	
6178	0	31248	32416	38208	
6179	0	31133	32448	38316	
6180	0	31024	32476	38430	
6181	0	30908	32528	38496	
6182	0	30804	32589	38568	
6183	0	30690	32641	38720	
6184	0	30580	32672	38796	
6185	0	30472	32688	38784	
6186	0	30360	32680	38816	
6187	0	30249	32576	38812	
6188	0	30144	32512	38824	
6189	0	30024	32552	38756	
6190	0	29916	32560	38449	
6191	0	29804	32508	38628	
6192	0	29700	32480	38636	
6193	0	29588	32465	38608	
6194	0	29484	32448	38540	
6195	0	29370	32420	38568	
6196	0	29258	32396	38420	
6197	0	29165	32421	38360	
6198	0	29044	32416	38285	
6199	0	28936	32377	38084	
6200	0	28836	32380	38080	
6201	0	28721	32424	38148	
6202	0	28624	32376	38245	
6203	0	28513	32348	38154	
6204	0	28404	32256	38132	
6205	0	28302	32228	38217	
6206	0	28193	32292	38240	
6207	0	28096	32372	38236	
6208	0	27986	32412	38265	
6209	0	27882	32384	38344	
6210	0	27772	32408	38392	
6211	0	27672	32364	38396	
6212	0	27568	32344	38496	
6213	0	27473	32352	38740	
6214	0	27372	32429	38904	
6215	0	27272	32481	38920	
6216	0	27168	32428	38848	
6217	0	27064	32344	38869	
6218	0	26964	32276	38828	
6219	0	26860	32265	38736	
6220	0	26772	32236	38676	
6221	0	26672	32252	38472	
6222	0	26576	32272	38500	
6223	0	26476	32356	38532	
6224	0	26376	32440	38628	
6225	0	26281	32520	38828	
6226	0	26180	32528	39021	
6227	0	26088	32464	39240	
6228	0	26000	32404	39324	
6229	0	25904	32368	39284	
6230	0	25800	32408	39300	
6231	0	25708	32412	39236	
6232	0	25616	32432	39232	
6233	0	25529	32440	39192	
6234	0	25432	32432	39281	
6235	0	25344	32364	39328	
6236	0	25249	32305	39404	
6237	0	25164	32364	39432	
6238	0	25065	32440	39392	
6239	0	24976	32456	39752	
6240	0	24892	32408	39368	
6241	0	24804	31681	39616	
6242	0	24712	32544	38480	
6243	0	24633	32276	41777	
6244	0	24541	32594	39428	
6245	0	24452	33088	41576	
6246	0	24368	32300	39952	
6247	0	24280	32524	42202	
6248	0	24200	32384	42140	
6249	0	24112	33008	43524	
6250	0	24028	32408	42840	
6251	0	23944	32532	43072	
6252	0	23868	32500	43025	
6253	0	23772	32464	43168	
6254	0	23697	32428	43380	
6255	0	23616	32000	43596	
6256	0	23542	31488	45088	
6257	0	23457	32560	44608	
6258	0	23373	30680	46292	
6259	0	23296	32256	44185	
6260	0	23216	31629	45900	
6261	0	23138	31884	46036	
6262	0	23064	31652	45832	
6263	0	22988	31404	47840	
6264	0	22913	31084	46068	
6265	0	22840	30433	46117	
6266	0	22757	29752	49472	
6267	0	22688	28517	47516	
6268	0	22624	26465	46048	
6269	0	22548	25360	46484	
6270	0	22477	24624	46696	
6271	0	22404	24264	47216	
6272	0	22328	23972	47420	
6273	0	22266	22911	44922	
6274	0	22192	21150	44400	
6275	0	22124	23072	43408	
6276	0	22068	24602	44968	
6277	0	21992	25516	46060	
6278	0	21932	26024	47084	
6279	0	21868	26400	47156	
6280	0	21808	27277	46892	
6281	0	21745	28384	46728	
6282	0	21681	28792	45428	
6283	0	21626	29604	45456	
6284	0	21560	29793	44072	
6285	0	21500	30716	44397	
6286	0	21444	31324	44228	
6287	0	21392	31864	43796	
6288	0	21329	32409	43008	
6289	0	21280	32944	42072	
6290	0	21228	33444	40812	
6291	0	21164	34016	39280	
6292	0	21122	34308	37248	
6293	0	21060	34980	37284	
6294	0	21016	35432	37072	
6295	0	20960	35941	36569	
6296	0	20912	36468	36512	
6297	0	20864	36992	36540	
6298	0	20812	37392	36700	
6299	0	20769	37624	36532	
6300	0	20720	37768	36204	
6301	0	20668	37888	35824	
6302	0	20628	38000	35320	
6303	0	20576	38176	34892	
6304	0	20540	38316	34584	
6305	0	20488	38461	34368	
6306	0	20448	38536	34161	
6307	0	20408	38624	33960	
6308	0	20368	38712	33680	
6309	0	20324	38784	33396	
6310	0	20288	38848	33172	
6311	0	20248	38904	32984	
6312	0	20208	38924	32869	
6313	0	20165	38944	32716	
6314	0	20128	38880	32612	
6315	0	20093	38852	32596	
6316	0	20060	38772	32612	
6317	0	20024	38716	32612	
6318	0	19992	38676	32677	
6319	0	19960	38600	32680	
6320	0	19924	38492	32762	
6321	0	19888	38348	32920	
6322	0	19856	38200	33060	
6323	0	19826	38012	33248	
6324	0	19800	37792	33332	
6325	0	19774	37576	33508	
6326	0	19740	37344	33624	
6327	0	19716	36996	33664	
6328	0	19693	36596	33756	
6329	0	19668	36068	33844	
6330	0	19648	35648	34120	
6331	0	19621	35064	34368	
6332	0	19604	34504	34756	
6333	0	19580	33920	34992	
6334	0	19558	33416	35372	
6335	0	19544	32828	35688	
6336	0	19530	32253	36060	
6337	0	19514	31660	36384	
6338	0	19500	31012	36932	
6339	0	19489	30348	37600	
6340	0	19477	29568	38200	
6341	0	19464	28584	38616	
6342	0	19458	27364	38908	
6343	0	19446	26080	39064	
6344	0	19444	24802	39144	
6345	0	19436	23693	39164	
6346	0	19438	22748	39196	
6347	0	19432	21961	39324	
6348	0	19428	21565	39332	
6349	0	19436	21121	39672	
6350	0	19442	20728	39872	
6351	0	19444	20417	39856	
6352	0	19449	20104	39949	
6353	0	19468	19905	39768	
6354	0	19472	19904	39396	
6355	0	19487	20048	39164	
6356	0	19497	20264	38776	
6357	0	19516	20592	38492	
6358	0	19536	21036	38220	
6359	0	19552	21490	38096	
6360	0	19576	22036	38076	
6361	0	19601	18464	45776	
6362	0	19628	17076	51740	
6363	0	19654	16816	35020	
6364	0	19684	20386	45440	
6365	0	19708	11612	38492	
6366	0	19748	22474	47288	
6367	0	19790	24052	44388	
6368	0	19834	25184	45208	
6369	0	19872	32761	39584	
6370	0	19912	38405	35596	
6371	0	19957	39032	35036	
6372	0	20012	38560	35904	
6373	0	20065	35872	38192	
6374	0	20112	33813	40872	
6375	0	20181	32784	40792	
6376	0	20230	31980	39672	
6377	0	20300	28664	38804	
6378	0	20361	31737	39128	
6379	0	20428	31148	37652	
6380	0	20497	31808	37008	
6381	0	20569	32020	36908	
6382	0	20644	32184	37236	
6383	0	20724	32414	37532	
6384	0	20808	32456	38057	
6385	0	20892	32512	38512	
6386	0	20985	32592	38664	
6387	0	21064	32624	38636	
6388	0	21160	32488	38544	
6389	0	21248	32368	38452	
6390	0	21352	32408	38361	
6391	0	21444	32476	38424	
6392	0	21544	32469	38456	
6393	0	21648	32536	38468	
6394	0	21752	32544	38488	
6395	0	21857	32524	38412	
6396	0	21964	32508	38368	
6397	0	22068	32517	38344	
6398	0	22186	32504	38356	
6399	0	22292	32528	38380	
6400	0	22410	32516	38504	
6401	0	22524	32533	38525	
6402	0	22640	32584	38504	
6403	0	22760	32568	38474	
6404	0	22877	32556	38444	
6405	0	23000	32545	38376	
6406	0	23116	32560	38361	
6407	0	23240	32542	38432	
6408	0	23364	32516	38444	
6409	0	23488	32520	38448	
6410	0	23616	32528	38392	
6411	0	23740	32540	38356	
6412	0	23860	32540	38380	
6413	0	23992	32544	38392	
6414	0	24112	32552	38468	
6415	0	24240	32556	38472	
6416	0	24376	32556	38449	
6417	0	24504	32540	38416	
6418	0	24628	32580	38384	
6419	0	24752	32608	38428	
6420	0	24890	32600	38448	
6421	0	25009	32612	38448	
6422	0	25140	32621	38445	
6423	0	25268	32600	38436	
6424	0	25396	32628	38400	
6425	0	25524	32632	38429	
6426	0	25648	32644	38432	
6427	0	25777	32640	38400	
6428	0	25900	32644	38406	
6429	0	26032	32596	38400	
6430	0	26153	32577	38404	
6431	0	26280	32629	38336	
6432	0	26408	32636	38381	
6433	0	26528	32633	38420	
6434	0	26652	32640	38396	
6435	0	26765	32656	38424	
6436	0	26892	32660	38412	
6437	0	27010	32650	38472	
6438	0	27128	32620	38516	
6439	0	27248	32624	38504	
6440	0	27364	32644	38457	
6441	0	27484	32641	38440	
6442	0	27596	32652	38440	
6443	0	27712	32664	38464	
6444	0	27824	32688	38472	
6445	0	27940	32692	38400	
6446	0	28048	32656	38452	
6447	0	28164	32664	38428	
6448	0	28266	32624	38369	
6449	0	28369	32637	38372	
6450	0	28481	32673	38360	
6451	0	28585	32664	38400	
6452	0	28680	32652	38408	
6453	0	28788	32616	38396	
6454	0	28888	32608	38332	
6455	0	28992	32628	38280	
6456	0	29088	32662	38304	
6457	0	29188	32657	38252	
6458	0	29284	32680	38296	
6459	0	29380	32708	38296	
6460	0	29476	32692	38328	
6461	0	29568	32632	38340	
6462	0	29654	32613	38269	
6463	0	29744	32704	37796	
6464	0	29832	32629	39124	
6465	0	29922	32660	37760	
6466	0	30016	32697	38721	
6467	0	30096	32656	38280	
6468	0	30177	32624	38552	
6469	0	30268	32604	38404	
6470	0	30348	32584	38374	
6471	0	30428	32544	38508	
6472	0	30512	32504	38413	
6473	0	30588	32544	38400	
6474	0	30668	32580	38384	
6475	0	30740	32544	38344	
6476	0	30813	32524	38493	
6477	0	30892	32480	38432	
6478	0	30957	32456	38468	
6479	0	31032	32508	38520	
6480	0	31104	32544	38488	
6481	0	31172	32596	38544	
6482	0	31240	32602	38628	
6483	0	31304	32464	38552	
6484	0	31373	32581	38844	
6485	0	31433	32540	38960	
6486	0	31501	32540	39060	
6487	0	31564	32600	39272	
6488	0	31620	32629	39232	
6489	0	31682	32636	38988	
6490	0	31744	32724	39008	
6491	0	31800	32592	38968	
6492	0	31856	32684	38976	
6493	0	31913	32664	38948	
6494	0	31968	32568	39376	
6495	0	32024	32596	39413	
6496	0	32072	32516	39508	
6497	0	32134	32521	39600	
6498	0	32176	32540	40136	
6499	0	32224	32576	40212	
6500	0	32284	32720	40256	
6501	0	32324	32376	40708	
6502	0	32376	31128	41076	
6503	0	32420	30712	39840	
6504	0	32468	33344	46628	
6505	0	32516	33150	35504	
6506	0	32557	32460	43848	
6507	0	32600	33464	41722	
6508	0	32644	33518	42348	
6509	0	32688	33342	43928	
6510	0	32732	33192	44096	
6511	0	32769	32642	44964	
6512	0	32816	32612	45101	
6513	0	32864	32532	44480	
6514	0	32904	32232	45372	
6515	0	32936	32058	45716	
6516	0	32977	30976	42276	
6517	0	33020	32737	46100	
6518	0	33064	31612	45636	
6519	0	33104	32285	45572	
6520	0	33145	32344	46900	
6521	0	33185	33260	47308	
6522	0	33232	34024	47484	
6523	0	33268	34340	47080	
6524	0	33308	34552	45776	
6525	0	33344	34560	44672	
6526	0	33388	33600	43376	
6527	0	33432	32036	42836	
6528	0	33468	31402	43384	
6529	0	33512	31716	43468	
6530	0	33552	31392	38520	
6531	0	33600	33020	36896	
6532	0	33640	34364	39536	
6533	0	33684	36132	39068	
6534	0	33720	37684	37932	
6535	0	33761	38724	38088	
6536	0	33812	39252	39209	
6537	0	33850	39488	39309	
6538	0	33896	40152	36804	
6539	0	33944	42109	37208	
6540	0	33984	43672	37152	
6541	0	34028	44256	37404	
6542	0	34072	43917	36217	
6543	0	34116	43548	35216	
6544	0	34160	43328	35004	
6545	0	34208	43240	34724	
6546	0	34244	43268	34424	
6547	0	34281	43308	34064	
6548	0	34324	43216	33628	
6549	0	34368	43296	33488	
6550	0	34414	43352	33625	
6551	0	34456	43312	33484	
6552	0	34496	43176	33472	
6553	0	34544	42948	33624	
6554	0	34572	42560	33840	
6555	0	34620	42256	34332	
6556	0	34660	41928	34832	
6557	0	34692	41620	35388	
6558	0	34736	41336	35884	
6559	0	34768	41004	36416	
6560	0	34804	40640	36865	
6561	0	34841	40320	37292	
6562	0	34876	40045	37756	
6563	0	34908	39412	38026	
6564	0	34944	39061	38876	
6565	0	34972	38628	39708	
6566	0	35000	38216	39956	
6567	0	35028	37872	40232	
6568	0	35052	37548	40708	
6569	0	35092	37185	41124	
6570	0	35112	36888	41437	
6571	0	35132	36596	41889	
6572	0	35149	36388	42396	
6573	0	35176	36324	42892	
6574	0	35192	36152	43596	
6575	0	35216	35980	43940	
6576	0	35236	35748	44208	
6577	0	35244	35506	44308	
6578	0	35264	35164	44188	
6579	0	35272	34790	44136	
6580	0	35288	34292	43948	
6581	0	35300	33856	44032	
6582	0	35304	33468	43812	
6583	0	35316	32904	43664	
6584	0	35328	32401	43488	
6585	0	35332	31796	43456	
6586	0	35332	31089	43012	
6587	0	35344	30269	42520	
6588	0	35344	29368	42304	
6589	0	35352	28580	42696	
6590	0	35344	27712	42388	
6591	0	35352	27112	42305	
6592	0	35348	26537	41772	
6593	0	35344	26020	41288	
6594	0	35336	25572	40696	
6595	0	35332	25221	40144	
6596	0	35332	24952	39768	
6597	0	35320	24864	39496	
6598	0	35316	24837	39260	
6599	0	35312	24883	39132	
6600	0	35296	24997	38933	
6601	0	35296	25076	38740	
6602	0	35288	25112	38602	
6603	0	35272	24964	39452	
6604	0	35264	23716	44060	
6605	0	35248	23668	41592	
6606	0	35244	24092	39040	
6607	0	35232	24332	38300	
6608	0	35212	23288	37608	
6609	0	35201	23248	37512	
6610	0	35184	23724	37032	
6611	0	35176	24721	36785	
6612	0	35156	25920	35604	
6613	0	35148	28705	35288	
6614	0	35124	31384	36224	
6615	0	35112	33364	37752	
6616	0	35096	35512	41108	
6617	0	35078	36416	44836	
6618	0	35056	35188	43020	
6619	0	35036	34308	42080	
6620	0	35024	34912	46372	
6621	0	34996	31488	42344	
6622	0	34980	30260	41488	
6623	0	34952	33872	34156	
6624	0	34940	34736	37116	
6625	0	34912	34440	38644	
6626	0	34900	33644	39188	
6627	0	34880	32552	39168	
6628	0	34856	31644	38456	
6629	0	34841	30232	37600	
6630	0	34820	30489	37708	
6631	0	34792	31280	37760	
6632	0	34768	32444	38072	
6633	0	34748	32552	38512	
6634	0	34724	32612	38640	
6635	0	34696	32432	38432	
6636	0	34676	32629	38054	
6637	0	34656	32848	37984	
6638	0	34628	32873	38272	
6639	0	34596	32848	38572	
6640	0	34574	32888	38628	
6641	0	34556	32820	38484	
6642	0	34524	32773	38464	
6643	0	34500	32796	38500	
6644	0	34476	32908	38580	
6645	0	34448	32904	38644	
6646	0	34420	32828	38640	
6647	0	34392	32818	38560	
6648	0	34360	32804	38500	
6649	0	34336	32804	38528	
6650	0	34308	32788	38528	
6651	0	34276	32781	38484	
6652	0	34248	32788	38456	
6653	0	34216	32808	38408	
6654	0	34192	32804	38384	
6655	0	34164	32789	38372	
6656	0	34124	32844	38404	
6657	0	34092	32848	38408	
6658	0	34064	32822	38382	
6659	0	34028	32768	38344	
6660	0	33992	32729	38344	
6661	0	33964	32740	38276	
6662	0	33940	32760	38244	
6663	0	33888	32792	38324	
6664	0	33860	32820	38336	
6665	0	33824	32836	38292	
6666	0	33784	32864	38392	
6667	0	33744	32872	38376	
6668	0	33709	32892	38404	
6669	0	33664	32852	38400	
6670	0	33634	32840	38468	
6671	0	33586	32820	38456	
6672	0	33544	32788	38452	
6673	0	33508	32752	38424	
6674	0	33468	32732	38400	
6675	0	33417	32752	38440	
6676	0	33381	32752	38452	
6677	0	33332	32760	38416	
6678	0	33292	32736	38368	
6679	0	33248	32732	38424	
6680	0	33196	32798	38521	
6681	0	33148	32817	38586	
6682	0	33104	32868	38600	
6683	0	33060	32809	38636	
6684	0	33005	32785	38564	
6685	0	32964	32752	38512	
6686	0	32916	32768	38420	
6687	0	32864	32780	38408	
6688	0	32820	32736	38304	
6689	0	32764	32788	38381	
6690	0	32720	32756	38280	
6691	0	32668	32720	38296	
6692	0	32612	32701	38353	
6693	0	32568	32776	38412	
6694	0	32516	32820	38464	
6695	0	32465	32864	38440	
6696	0	32416	32832	38548	
6697	0	32364	32804	38734	
6698	0	32304	32812	38912	
6699	0	32256	32736	38800	
6700	0	32202	32725	38676	
6701	0	32148	32746	38412	
6702	0	32108	32785	38329	
6703	0	32044	32848	38348	
6704	0	31992	32844	38620	
6705	0	31940	32764	38508	
6706	0	31889	32736	38450	
6707	0	31840	32668	38484	
6708	0	31776	32620	38244	
6709	0	31728	32624	38228	
6710	0	31680	32708	38544	
6711	0	31628	32616	38188	
6712	0	31577	32620	38128	
6713	0	31528	32609	37996	
6714	0	31476	32708	38132	
6715	0	31420	32688	38288	
6716	0	31376	32585	38468	
6717	0	31320	32748	38704	
6718	0	31268	32578	38516	
6719	0	31220	32552	38464	
6720	0	31168	32616	38632	
6721	0	31120	32632	38672	
6722	0	31076	32560	38656	
6723	0	31024	32580	38860	
6724	0	31036	32580	39012	
6725	0	30932	32500	39264	
6726	0	30880	32504	39304	
6727	0	30836	32412	39300	
6728	0	30786	32300	39512	
6729	0	30756	32312	39392	
6730	0	30704	32513	38992	
6731	0	30661	32324	39272	
6732	0	30620	32333	39320	
6733	0	30576	32476	39390	
6734	0	30540	32304	39600	
6735	0	30500	31424	40188	
6736	0	30460	32432	40288	
6737	0	30420	32365	39796	
6738	0	30392	32610	40544	
6739	0	30352	32620	40720	
6740	0	30312	32640	41460	
6741	0	30288	32356	40805	
6742	0	30260	32488	40792	
6743	0	30221	32657	41720	
6744	0	30192	32356	41680	
6745	0	30168	32420	42112	
6746	0	30133	32552	42052	
6747	0	30112	32668	42576	
6748	0	30080	32541	42972	
6749	0	30052	32496	43512	
6750	0	30036	32364	43804	
6751	0	30008	32304	44248	
6752	0	29980	32377	44652	
6753	0	29968	32404	44720	
6754	0	29944	32364	44992	
6755	0	29920	32452	44632	
6756	0	29904	32148	45144	
6757	0	29892	32216	45524	
6758	0	29872	31828	45844	
6759	0	29856	31848	46400	
6760	0	29836	31840	46428	
6761	0	29828	32136	47012	
6762	0	29808	32548	47536	
6763	0	29800	32912	47776	
6764	0	29780	33325	48568	
6765	0	29772	33588	48720	
6766	0	29732	34048	48204	
6767	0	29744	33900	47912	
6768	0	29728	34868	48220	
6769	0	29708	34216	45408	
6770	0	29712	33228	43896	
6771	0	29692	32018	42116	
6772	0	29684	33240	43208	
6773	0	29672	31340	41936	
6774	0	29660	30016	42428	
6775	0	29652	31236	42688	
6776	0	29644	29668	40160	
6777	0	29636	27060	41360	
6778	0	29620	28656	38496	
6779	0	29614	31812	38384	
6780	0	29608	32340	37993	
6781	0	29600	33124	39161	
6782	0	29585	33052	40360	
6783	0	29572	32737	40564	
6784	0	29572	32752	40688	
6785	0	29560	32776	40828	
6786	0	29548	32812	40696	
6787	0	29516	32836	40432	
6788	0	29532	33092	40312	
6789	0	29524	33269	39904	
6790	0	29512	33444	39452	
6791	0	29505	33572	39124	
6792	0	29500	33608	38828	
6793	0	29486	33600	38500	
6794	0	29476	33668	38064	
6795	0	29476	33746	37564	
6796	0	29452	33780	37084	
6797	0	29456	33872	36664	
6798	0	29448	33968	36304	
6799	0	29428	34096	35992	
6800	0	29420	34240	35648	
6801	0	29406	34390	35424	
6802	0	29400	34584	35252	
6803	0	29384	34756	35080	
6804	0	29376	34900	34968	
6805	0	29364	35024	34800	
6806	0	29352	35168	34544	
6807	0	29345	35232	34292	
6808	0	29340	35264	34049	
6809	0	29316	35292	33797	
6810	0	29309	35296	33581	
6811	0	29296	35344	33348	
6812	0	29284	35400	33084	
6813	0	29272	35452	32808	
6814	0	29260	35544	32560	
6815	0	29248	35628	32408	
6816	0	29232	35704	32328	
6817	0	29220	35796	32324	
6818	0	29208	35860	32312	
6819	0	29188	35868	32324	
6820	0	29180	35828	32336	
6821	0	29160	35768	32356	
6822	0	29152	35716	32424	
6823	0	29136	35668	32493	
6824	0	29120	35616	32613	
6825	0	29108	35580	32724	
6826	0	29084	35540	32832	
6827	0	29073	35460	32792	
6828	0	29057	35289	32697	
6829	0	29036	35049	32588	
6830	0	29025	34764	32636	
6831	0	29012	34416	32676	
6832	0	28996	34040	32736	
6833	0	28974	33640	32860	
6834	0	28960	33176	33052	
6835	0	28938	32656	33197	
6836	0	28928	32064	33520	
6837	0	28908	31392	33684	
6838	0	28892	30628	34008	
6839	0	28880	29856	34570	
6840	0	28860	29024	35036	
6841	0	28848	28332	35884	
6842	0	28832	27636	36416	
6843	0	28814	27008	37044	
6844	0	28804	26420	37513	
6845	0	28792	25860	38180	
6846	0	28780	25290	38560	
6847	0	28768	24761	38816	
6848	0	28756	24314	38977	
6849	0	28748	23932	39001	
6850	0	28736	23584	38996	
6851	0	28724	23288	38960	
6852	0	28720	23068	38936	
6853	0	28708	22996	38768	
6854	0	28704	23060	38660	
6855	0	28696	23168	38460	
6856	0	28692	23304	38232	
6857	0	28692	23488	37952	
6858	0	28696	15548	40552	
6859	0	28688	6277	52524	
6860	0	28692	10327	43241	
6861	0	28689	18522	47936	
6862	0	28700	22848	44652	
6863	0	28704	25693	41550	
6864	0	28716	25992	34792	
6865	0	28717	28609	40408	
6866	0	28736	33500	39153	
6867	0	28738	37245	33888	
6868	0	28760	38881	34710	
6869	0	28772	34893	36324	
6870	0	28792	33749	39208	
6871	0	28810	32025	39772	
6872	0	28832	31192	40600	
6873	0	28857	30932	39912	
6874	0	28892	30512	38784	
6875	0	28912	31524	35968	
6876	0	28948	32128	34568	
6877	0	28968	32558	34380	
6878	0	29016	32568	34784	
6879	0	29048	32016	35713	
6880	0	29088	32017	36633	
6881	0	29132	32408	37160	
6882	0	29180	32636	38064	
6883	0	29228	32700	39648	
6884	0	29272	32856	41072	
6885	0	29324	33056	41864	
6886	0	29376	33164	41944	
6887	0	29428	33157	41540	
6888	0	29496	33192	40772	
6889	0	29552	33064	39952	
6890	0	29604	32954	39108	
6891	0	29668	32832	38464	
6892	0	29737	32744	38112	
6893	0	29805	32698	38036	
6894	0	29868	32656	38236	
6895	0	29940	32656	38496	
6896	0	30020	32704	38688	
6897	0	30092	32748	38812	
6898	0	30160	32716	38848	
6899	0	30244	32748	38828	
6900	0	30324	32778	38724	
6901	0	30400	32788	38560	
6902	0	30484	32764	38480	
6903	0	30565	32712	38488	
6904	0	30656	32713	38480	
6905	0	30736	32732	38556	
6906	0	30813	32712	38644	
6907	0	30906	32740	38828	
6908	0	30996	32752	38576	
6909	0	31086	32828	38840	
6910	0	31176	32833	38944	
6911	0	31264	32812	38672	
6912	0	31360	32832	38697	
6913	0	31456	32784	38636	
6914	0	31546	32769	38644	
6915	0	31648	32816	38636	
6916	0	31748	32816	38648	
6917	0	31842	32820	38648	
6918	0	31944	32808	38640	
6919	0	32056	32820	38484	
6920	0	32152	32788	38424	
6921	0	32248	32761	38408	
6922	0	32360	32728	38408	
6923	0	32464	32736	38328	
6924	0	32572	32708	38336	
6925	0	32684	32760	38316	
6926	0	32788	32736	38349	
6927	0	32896	32744	38472	
6928	0	33008	32760	38560	
6929	0	33124	32748	38572	
6930	0	33236	32768	38521	
6931	0	33344	32720	38452	
6932	0	33460	32716	38400	
6933	0	33577	32712	38304	
6934	0	33692	32716	38308	
6935	0	33808	32708	38344	
6936	0	33920	32696	38428	
6937	0	34048	32676	38484	
6938	0	34160	32680	38488	
6939	0	34272	32682	38496	
6940	0	34396	32712	38480	
6941	0	34504	32756	38528	
6942	0	34628	32768	38540	
6943	0	34744	32772	38608	
6944	0	34864	32728	38613	
6945	0	34976	32696	38616	
6946	0	35096	32664	38580	
6947	0	35216	32708	38604	
6948	0	35332	32732	38600	
6949	0	35448	32672	38684	
6950	0	35560	32617	38576	
6951	0	35677	32568	38432	
6952	0	35792	32508	38628	
6953	0	35908	32432	38356	
6954	0	36013	32393	38300	
6955	0	36128	32460	38177	
6956	0	36240	32448	38314	
6957	0	36352	32424	38336	
6958	0	36464	32458	38376	
6959	0	36564	32436	38464	
6960	0	36676	32452	38488	
6961	0	36780	32480	38564	
6962	0	36892	32424	38564	
6963	0	36988	32381	38568	
6964	0	37092	32332	38464	
6965	0	37184	32356	38348	
6966	0	37292	32316	38228	
6967	0	37380	32292	38144	
6968	0	37473	32328	38132	
6969	0	37572	32320	38184	
6970	0	37660	32340	38272	
6971	0	37744	32320	38420	
6972	0	37848	32380	38444	
6973	0	37928	32312	38388	
6974	0	38016	32296	38408	
6975	0	38112	32236	38417	
6976	0	38192	32234	38493	
6977	0	38272	32256	38541	
6978	0	38356	32312	38556	
6979	0	38436	32384	38644	
6980	0	38516	32520	38772	
6981	0	38588	32576	38968	
6982	0	38664	32552	39116	
6983	0	38748	32472	39218	
6984	0	38820	32424	39192	
6985	0	38884	32460	39076	
6986	0	38960	32444	38985	
6987	0	39036	32468	38913	
6988	0	39104	32508	38972	
6989	0	39180	32528	38968	
6990	0	39244	32493	39068	
6991	0	39304	32434	39072	
6992	0	39364	32416	39024	
6993	0	39428	32398	38968	
6994	0	39496	32428	38924	
6995	0	39552	32418	38868	
6996	0	39616	32314	38844	
6997	0	39680	32212	38716	
6998	0	39740	32132	38672	
6999	0	39792	32120	38560	
7000	0	39848	32128	38656	
7001	0	39904	32192	38784	
7002	0	39956	32236	38720	
7003	0	40008	32288	38716	
7004	0	40056	32272	38836	
7005	0	40108	32300	39028	
7006	0	40164	32420	39500	
7007	0	40212	32396	39960	
7008	0	40248	32512	40624	
7009	0	40296	32444	41208	
7010	0	40344	32372	41784	
7011	0	40384	32472	42040	
7012	0	40432	32532	41985	
7013	0	40472	32570	42060	
7014	0	40508	32886	41524	
7015	0	40552	31740	41729	
7016	0	40592	32132	41449	
7017	0	40625	31661	40328	
7018	0	40664	32124	48200	
7019	0	40696	33700	42272	
7020	0	40740	34316	41132	
7021	0	40777	32356	42148	
7022	0	40808	31716	43420	
7023	0	40825	32852	43912	
7024	0	40860	32664	44176	
7025	0	40896	32492	43144	
7026	0	40928	31996	42928	
7027	0	40956	31598	43380	
7028	0	40984	31168	44152	
7029	0	41016	30824	45240	
7030	0	41032	30869	45672	
7031	0	41056	29821	44544	
7032	0	41088	29161	44424	
7033	0	41116	28188	46668	
7034	0	41140	27161	48848	
7035	0	41160	26608	48584	
7036	0	41184	27800	48012	
7037	0	41208	28600	48300	
7038	0	41228	28040	47668	
7039	0	41248	27284	48896	
7040	0	41264	27244	48856	
7041	0	41296	28389	47776	
7042	0	41308	28281	48360	
7043	0	41336	28588	48064	
7044	0	41344	29125	47584	
7045	0	41356	29788	47428	
7046	0	41360	30322	47356	
7047	0	41388	30720	47368	
7048	0	41400	31080	47268	
7049	0	41416	31468	47028	
7050	0	41432	31881	46600	
7051	0	41444	32364	45868	
7052	0	41460	32893	45028	
7053	0	41464	33444	44128	
7054	0	41488	33984	43236	
7055	0	41488	34568	42333	
7056	0	41504	35120	41513	
7057	0	41508	35520	40612	
7058	0	41520	36036	39961	
7059	0	41536	36481	39416	
7060	0	41548	36792	38808	
7061	0	41552	37040	38272	
7062	0	41556	37212	37721	
7063	0	41564	37372	37268	
7064	0	41568	37468	36692	
7065	0	41572	37500	35904	
7066	0	41580	37432	35128	
7067	0	41580	37405	34468	
7068	0	41588	37392	33908	
7069	0	41588	37408	33496	
7070	0	41596	37364	33172	
7071	0	41588	37349	32912	
7072	0	41596	37348	32680	
7073	0	41588	37308	32464	
7074	0	41604	37248	32248	
7075	0	41584	37152	32032	
7076	0	41592	37164	31968	
7077	0	41592	37033	31884	
7078	0	41592	36924	31857	
7079	0	41580	36840	31800	
7080	0	41580	36580	31628	
7081	0	41572	36557	31752	
7082	0	41568	36220	31524	
7083	0	41572	36208	31724	
7084	0	41572	35860	31604	
7085	0	41556	35776	31840	
7086	0	41552	35544	31752	
7087	0	41544	35368	31780	
7088	0	41536	35081	31885	
7089	0	41528	34624	31973	
7090	0	41512	34222	32304	
7091	0	41504	33717	32537	
7092	0	41500	33229	32948	
7093	0	41484	32692	33392	
7094	0	41472	32116	33572	
7095	0	41453	31568	33881	
7096	0	41444	30976	34104	
7097	0	41436	30324	34344	
7098	0	41420	29568	34676	
7099	0	41408	28844	34964	
7100	0	41388	28240	35464	
7101	0	41376	27713	35944	
7102	0	41352	27212	36480	
7103	0	41336	26734	36952	
7104	0	41316	26224	37236	
7105	0	41304	25688	37464	
7106	0	41280	25114	37580	
7107	0	41264	24468	37728	
7108	0	41236	23812	37896	
7109	0	41216	23201	38124	
7110	0	41184	22685	38497	
7111	0	41168	22354	38684	
7112	0	41148	22212	39161	
7113	0	41128	22052	39416	
7114	0	41096	21922	39352	
7115	0	41076	21881	39196	
7116	0	41052	21884	38824	
7117	0	41020	22013	38585	
7118	0	40992	22240	38369	
7119	0	40952	22604	38096	
7120	0	40924	23108	37792	
7121	0	40896	23736	37481	
7122	0	40864	19192	41776	
7123	0	40828	8605	52388	
7124	0	40804	11741	28332	
7125	0	40768	29316	36936	
7126	0	40736	19968	46104	
7127	0	40688	25997	39460	
7128	0	40656	31368	44164	
7129	0	40624	32696	41904	
7130	0	40584	32797	39808	
7131	0	40544	35508	41888	
7132	0	40504	35372	39560	
7133	0	40464	36248	40176	
7134	0	40428	36464	41292	
7135	0	40384	34409	42140	
7136	0	40336	32685	42281	
7137	0	40293	31600	41348	
7138	0	40256	30884	39108	
7139	0	40200	30405	37050	
7140	0	40156	30668	35668	
7141	0	40108	30934	35256	
7142	0	40056	30880	35044	
7143	0	40016	31244	35412	
7144	0	39965	31560	35961	
7145	0	39908	31616	36876	
7146	0	39876	31916	38128	
7147	0	39812	32300	39172	
7148	0	39752	32664	39841	
7149	0	39704	32881	40128	
7150	0	39656	32872	39984	
7151	0	39597	32704	39536	
7152	0	39544	32504	39069	
7153	0	39480	32348	38640	
7154	0	39425	32297	38384	
7155	0	39364	32148	38356	
7156	0	39316	32092	38492	
7157	0	39260	32088	38564	
7158	0	39200	32136	38544	
7159	0	39136	32152	38608	
7160	0	39072	32212	38496	
7161	0	39008	32232	38440	
7162	0	38952	32238	38464	
7163	0	38880	32253	38612	
7164	0	38816	32322	38716	
7165	0	38748	32280	38784	
7166	0	38684	32340	38744	
7167	0	38604	32325	38644	
7168	0	38552	32340	38440	
7169	0	38480	32356	38420	
7170	0	38420	32240	38256	
7171	0	38348	32232	38220	
7172	0	38280	32156	38324	
7173	0	38208	32184	38346	
7174	0	38132	32200	38456	
7175	0	38064	32240	38484	
7176	0	37996	32248	38504	
7177	0	37912	32241	38428	
7178	0	37840	32252	38372	
7179	0	37776	32236	38364	
7180	0	37696	32244	38316	
7181	0	37620	32216	38288	
7182	0	37540	32216	38288	
7183	0	37472	32226	38312	
7184	0	37384	32213	38341	
7185	0	37312	32280	38368	
7186	0	37236	32288	38336	
7187	0	37156	32293	38332	
7188	0	37040	32296	38380	
7189	0	36996	32336	38436	
7190	0	36912	32412	38424	
7191	0	36832	32496	38444	
7192	0	36752	32468	38460	
7193	0	36672	32468	38496	
7194	0	36592	32461	38456	
7195	0	36504	32404	38348	
7196	0	36428	32408	38340	
7197	0	36329	32496	38432	
7198	0	36248	32512	38540	
7199	0	36172	32424	38472	
7200	0	36072	32416	38452	
7201	0	35992	32412	38516	
7202	0	35905	32400	38312	
7203	0	35820	32457	38254	
7204	0	35732	32436	38244	
7205	0	35644	32384	38332	
7206	0	35556	32344	38456	
7207	0	35468	32344	38428	
7208	0	35384	32376	38464	
7209	0	35296	32438	38476	
7210	0	35200	32484	38528	
7211	0	35116	32460	38436	
7212	0	35024	32412	38332	
7213	0	34940	32428	38336	
7214	0	34840	32384	38364	
7215	0	34748	32444	38308	
7216	0	34656	32456	38356	
7217	0	34568	32534	38528	
7218	0	34472	32549	38612	
7219	0	34384	32573	38688	
7220	0	34288	32584	38628	
7221	0	34196	32644	38544	
7222	0	34096	32625	38520	
7223	0	34016	32548	38464	
7224	0	33924	32528	38368	
7225	0	33832	32428	38432	
7226	0	33728	32416	38388	
7227	0	33645	32384	38440	
7228	0	33540	32425	38492	
7229	0	33444	32452	38552	
7230	0	33344	32429	38452	
7231	0	33260	32476	38356	
7232	0	33160	32472	38392	
7233	0	33065	32492	38356	
7234	0	32970	32500	38464	
7235	0	32876	32488	38564	
7236	0	32784	32460	38624	
7237	0	32688	32540	38656	
7238	0	32596	32641	38568	
7239	0	32486	32652	38504	
7240	0	32392	32504	38536	
7241	0	32296	32412	38616	
7242	0	32202	32408	38676	
7243	0	32105	32392	38692	
7244	0	32004	32484	38676	
7245	0	31913	32444	38732	
7246	0	31809	32472	38829	
7247	0	31717	32516	39044	
7248	0	31617	32513	39164	
7249	0	31525	32484	39216	
7250	0	31428	32496	39196	
7251	0	31328	32612	39312	
7252	0	31224	32557	39220	
7253	0	31132	32488	39352	
7254	0	31040	32532	39712	
7255	0	30940	32828	40022	
7256	0	30840	32704	40064	
7257	0	30745	32748	40060	
7258	0	30648	32552	40474	
7259	0	30549	32552	40148	
7260	0	30448	32720	41168	
7261	0	30356	32600	42284	
7262	0	30268	32512	43044	
7263	0	30168	31544	41916	
7264	0	30068	32852	42508	
7265	0	29976	32864	42164	
7266	0	29876	32809	42772	
7267	0	29788	32824	42893	
7268	0	29685	29505	40896	
7269	0	29596	34476	44172	
7270	0	29500	32956	41733	
7271	0	29412	32568	42880	
7272	0	29312	32005	42784	
7273	0	29220	31801	42944	
7274	0	29129	31364	42748	
7275	0	29036	31076	42880	
7276	0	28946	30880	43680	
7277	0	28852	31044	44012	
7278	0	28772	30724	44152	
7279	0	28673	30736	44608	
7280	0	28586	30508	45356	
7281	0	28492	29716	46020	
7282	0	28408	29452	47040	
7283	0	28322	29100	47224	
7284	0	28240	26196	45676	
7285	0	28144	24188	45384	
7286	0	28068	22820	45980	
7287	0	27984	23614	47232	
7288	0	27904	24540	46736	
7289	0	27816	22554	42328	
7290	0	27740	23600	42157	
7291	0	27656	25240	43792	
7292	0	27578	25968	43984	
7293	0	27500	26356	44472	
7294	0	27424	26556	44440	
7295	0	27344	27124	44320	
7296	0	27272	28004	44504	
7297	0	27196	28804	44508	
7298	0	27124	29476	44308	
7299	0	27052	30117	44020	
7300	0	26980	30782	43672	
7301	0	26916	31348	43240	
7302	0	26848	31829	42884	
7303	0	26780	32264	42448	
7304	0	26708	32792	41892	
7305	0	26644	33136	41153	
7306	0	26582	33360	40180	
7307	0	26520	33660	38940	
7308	0	26452	34052	37908	
7309	0	26389	34560	37012	
7310	0	26326	34918	36732	
7311	0	26272	35285	36620	
7312	0	26209	35692	36656	
7313	0	26152	36057	36664	
7314	0	26100	36376	36552	
7315	0	26036	36660	36264	
7316	0	25985	36864	35956	
7317	0	25936	37000	35588	
7318	0	25876	37088	35544	
7319	0	25824	37136	35220	
7320	0	25768	37180	34644	
7321	0	25721	37285	34760	
7322	0	25672	37304	34280	
7323	0	25618	37456	34289	
7324	0	25569	37460	33880	
7325	0	25520	37572	33928	
7326	0	25473	37568	33681	
7327	0	25426	37492	33466	
7328	0	25376	37472	33728	
7329	0	25336	37376	33604	
7330	0	25285	37256	33500	
7331	0	25241	37244	33600	
7332	0	25208	37040	33376	
7333	0	25156	36884	33137	
7334	0	25112	36764	32956	
7335	0	25074	36680	32964	
7336	0	25032	36592	32796	
7337	0	24988	36504	32748	
7338	0	24948	36436	32801	
7339	0	24905	36168	32416	
7340	0	24873	35968	32788	
7341	0	24832	35496	32440	
7342	0	24789	35240	33116	
7343	0	24756	34880	33260	
7344	0	24716	34496	33530	
7345	0	24672	34132	33876	
7346	0	24641	33753	34072	
7347	0	24602	33360	34272	
7348	0	24564	32980	34341	
7349	0	24525	32640	34478	
7350	0	24500	32173	34432	
7351	0	24460	31700	34512	
7352	0	24428	31172	34644	
7353	0	24396	30672	34880	
7354	0	24362	30024	35230	
7355	0	24328	29264	35668	
7356	0	24296	28552	36092	
7357	0	24260	27788	36428	
7358	0	24240	27004	36544	
7359	0	24204	26260	36700	
7360	0	24161	25424	36616	
7361	0	24134	24597	36328	
7362	0	24112	23956	36668	
7363	0	24080	23316	36528	
7364	0	24052	22868	37028	
7365	0	24020	22444	37089	
7366	0	23992	22232	37780	
7367	0	23968	21940	37536	
7368	0	23936	21940	38228	
7369	0	23904	21824	37844	
7370	0	23873	21836	38352	
7371	0	23854	21788	38552	
7372	0	23832	21676	38292	
7373	0	23796	21704	38272	
7374	0	23770	21804	37860	
7375	0	23748	10872	34800	
7376	0	23720	11304	55480	
7377	0	23700	16734	42220	
7378	0	23676	20341	37552	
7379	0	23645	22872	43436	
7380	0	23632	27413	40266	
7381	0	23608	28980	36660	
7382	0	23583	37160	38532	
7383	0	23556	39656	36792	
7384	0	23536	39316	38464	
7385	0	23512	36396	38268	
7386	0	23500	33917	41304	
7387	0	23476	30672	42340	
7388	0	23456	30130	40568	
7389	0	23434	30592	38836	
7390	0	23420	31412	36724	
7391	0	23400	31784	35700	
7392	0	23385	31676	35596	
7393	0	23364	31297	36096	
7394	0	23348	31572	36168	
7395	0	23340	32109	36497	
7396	0	23324	32484	37088	
7397	0	23312	32776	38596	
7398	0	23296	32936	39936	
7399	0	23288	33004	40682	
7400	0	23273	32956	40896	
7401	0	23268	32864	40672	
7402	0	23248	32684	40016	
7403	0	23244	32516	39312	
7404	0	23240	32448	38832	
7405	0	23232	32444	38488	
7406	0	23232	32373	38356	
7407	0	23232	32368	38404	
7408	0	23228	32428	38632	
7409	0	23224	32444	38756	
7410	0	23220	32468	38832	
7411	0	23217	32484	38904	
7412	0	23220	32460	38796	
7413	0	23224	32400	38676	
7414	0	23230	32420	38665	
7415	0	23232	32468	38672	
7416	0	23240	32476	38664	
7417	0	23256	32516	38604	
7418	0	23266	32484	38564	
7419	0	23262	32473	38524	
7420	0	23281	32440	38481	
7421	0	23292	32436	38464	
7422	0	23312	32412	38485	
7423	0	23328	32405	38409	
7424	0	23344	32408	38372	
7425	0	23364	32410	38356	
7426	0	23380	32416	38352	
7427	0	23417	32400	38312	
7428	0	23439	32384	38352	
7429	0	23465	32366	38344	
7430	0	23496	32392	38396	
7431	0	23525	32436	38394	
7432	0	23558	32445	38436	
7433	0	23596	32364	38456	
7434	0	23624	32320	38416	
7435	0	23668	32304	38364	
7436	0	23708	32308	38268	
7437	0	23745	32336	38260	
7438	0	23788	32368	38284	
7439	0	23840	32396	38280	
7440	0	23877	32396	38288	
7441	0	23932	32384	38324	
7442	0	23976	32392	38300	
7443	0	24032	32420	38320	
7444	0	24089	32480	38332	
7445	0	24148	32448	38361	
7446	0	24201	32436	38380	
7447	0	24260	32442	38368	
7448	0	24320	32428	38424	
7449	0	24378	32396	38472	
7450	0	24442	32400	38508	
7451	0	24506	32452	38509	
7452	0	24569	32512	38488	
7453	0	24634	32504	38432	
7454	0	24708	32504	38424	
7455	0	24776	32412	38329	
7456	0	24840	32344	38356	
7457	0	24917	32296	38392	
7458	0	24984	32256	38344	
7459	0	25060	32280	38396	
7460	0	25139	32356	38373	
7461	0	25216	32384	38388	
7462	0	25284	32416	38388	
7463	0	25368	32421	38376	
7464	0	25433	32440	38428	
7465	0	25509	32408	38424	
7466	0	25596	32408	38480	
7467	0	25678	32416	38416	
7468	0	25760	32400	38352	
7469	0	25837	32408	38332	
7470	0	25924	32380	38256	
7471	0	26004	32364	38196	
7472	0	26090	32372	38224	
7473	0	26168	32441	38312	
7474	0	26253	32464	38420	
7475	0	26340	32484	38472	
7476	0	26428	32453	38512	
7477	0	26514	32464	38464	
7478	0	26604	32441	38472	
7479	0	26692	32460	38488	
7480	0	26772	32452	38556	
7481	0	26861	32484	38508	
7482	0	26952	32500	38474	
7483	0	27045	32484	38376	
7484	0	27143	32462	38352	
7485	0	27220	32432	38344	
7486	0	27312	32385	38316	
7487	0	27400	32452	38264	
7488	0	27488	32428	38260	
7489	0	27584	32484	38356	
7490	0	27674	32592	38488	
7491	0	27760	32584	38568	
7492	0	27852	32537	38592	
7493	0	27941	32488	38572	
7494	0	28036	32532	38532	
7495	0	28116	32540	38656	
7496	0	28212	32570	38741	
7497	0	28300	32636	38856	
7498	0	28392	32628	38968	
7499	0	28480	32576	38972	
7500	0	28568	32553	38852	
7501	0	28656	32600	38884	
7502	0	28744	32604	38884	
7503	0	28836	32646	38888	
7504	0	28924	32720	38948	
7505	0	29004	32776	39160	
7506	0	29092	32808	39328	
7507	0	29178	32788	39584	
7508	0	29269	32809	39792	
7509	0	29354	32824	40268	
7510	0	29440	32840	40888	
7511	0	29528	32853	41260	
7512	0	29604	32912	41524	
7513	0	29692	33060	42204	
7514	0	29768	32808	42553	
7515	0	29864	32912	43012	
7516	0	29944	33248	43004	
7517	0	30028	32452	43680	
7518	0	30104	31776	42484	
7519	0	30181	30864	40548	
7520	0	30272	33232	46672	
7521	0	30352	34900	45924	
7522	0	30432	33360	43208	
7523	0	30512	32704	42580	
7524	0	30588	32204	42204	
7525	0	30660	32812	43488	
7526	0	30744	32476	43984	
7527	0	30824	31872	44108	
7528	0	30900	31660	44020	
7529	0	30980	31596	44720	
7530	0	31056	31500	45781	
7531	0	31132	31148	46108	
7532	0	31200	30164	47208	
7533	0	31284	29264	47656	
7534	0	31356	28300	47664	
7535	0	31440	27328	47592	
7536	0	31512	26600	47645	
7537	0	31584	26457	48044	
7538	0	31669	26764	48189	
7539	0	31740	24157	45656	
7540	0	31816	24548	45184	
7541	0	31890	25847	45304	
7542	0	31960	26056	45336	
7543	0	32041	26224	45680	
7544	0	32120	26848	46516	
7545	0	32200	27529	46960	
7546	0	32268	28274	47248	
7547	0	32345	28896	47076	
7548	0	32424	29352	46484	
7549	0	32512	29828	45764	
7550	0	32584	30424	45112	
7551	0	32664	31041	44608	
7552	0	32744	31648	44192	
7553	0	32828	32240	43660	
7554	0	32908	32904	43040	
7555	0	32989	33424	42301	
7556	0	33068	33992	41420	
7557	0	33156	34488	40313	
7558	0	33248	34964	39112	
7559	0	33329	35328	37401	
7560	0	33412	35792	36960	
7561	0	33504	36272	36896	
7562	0	33592	36692	36280	
7563	0	33680	37104	35896	
7564	0	33772	37393	35648	
7565	0	33856	37704	35364	
7566	0	33952	37904	35070	
7567	0	34044	38048	34776	
7568	0	34140	38160	34516	
7569	0	34236	38244	34220	
7570	0	34332	38268	33888	
7571	0	34428	38288	33556	
7572	0	34516	38324	33360	
7573	0	34612	38340	33056	
7574	0	34716	38360	32768	
7575	0	34816	38336	32508	
7576	0	34908	38300	32396	
7577	0	35016	38240	32264	
7578	0	35112	38112	32105	
7579	0	35216	38056	32020	
7580	0	35313	37904	31844	
7581	0	35416	37753	31714	
7582	0	35516	37612	31564	
7583	0	35616	37428	31388	
7584	0	35720	37248	31312	
7585	0	35824	37017	31232	
7586	0	35932	36717	31324	
7587	0	36024	36256	31420	
7588	0	36136	35868	31817	
7589	0	36232	35284	31784	
7590	0	36328	34888	32300	
7591	0	36432	34193	32128	
7592	0	36536	33824	32616	
7593	0	36632	32952	32488	
7594	0	36737	32244	32348	
7595	0	36840	31856	32841	
7596	0	36936	31188	32800	
7597	0	37028	30696	33016	
7598	0	37124	30236	33668	
7599	0	37216	29504	33824	
7600	0	37312	28838	34244	
7601	0	37408	28176	34968	
7602	0	37496	27408	35524	
7603	0	37592	26597	35952	
7604	0	37680	25732	36336	
7605	0	37764	25020	36992	
7606	0	37860	24136	36936	
7607	0	37944	23324	36972	
7608	0	38020	22504	36732	
7609	0	38108	22114	37188	
7610	0	38184	21632	37170	
7611	0	38272	21484	37526	
7612	0	38344	21344	37580	
7613	0	38428	21224	37488	
7614	0	38504	21372	37968	
7615	0	38580	21324	37696	
7616	0	38664	21440	37696	
7617	0	38728	21544	37472	
7618	0	38808	21734	37124	
7619	0	38876	22145	36936	
7620	0	38952	22648	36440	
7621	0	39013	23404	36088	
7622	0	39088	24249	35532	
7623	0	39152	25250	34941	
7624	0	39208	13732	40784	
7625	0	39280	23984	52096	
7626	0	39344	22665	44738	
7627	0	39404	20961	39876	
7628	0	39468	28296	47480	
7629	0	39520	35380	49788	
7630	0	39584	36120	41852	
7631	0	39644	38484	44728	
7632	0	39704	36172	42512	
7633	0	39760	34464	41636	
7634	0	39816	32616	40540	
7635	0	39880	30889	39212	
7636	0	39922	30968	36728	
7637	0	39984	31296	35432	
7638	0	40032	31340	34628	
7639	0	40092	31172	34797	
7640	0	40140	31076	35296	
7641	0	40196	30944	35492	
7642	0	40260	30981	35772	
7643	0	40305	31336	36780	
7644	0	40356	31652	37920	
7645	0	40408	32032	39224	
7646	0	40464	32512	40092	
7647	0	40512	32688	40152	
7648	0	40564	32708	40285	
7649	0	40612	32620	40188	
7650	0	40672	32472	39876	
7651	0	40720	32260	39612	
7652	0	40772	32092	39452	
7653	0	40820	32029	39329	
7654	0	40876	32032	39004	
7655	0	40912	32024	38736	
7656	0	40962	32000	38393	
7657	0	41016	32001	38044	
7658	0	41068	32032	37732	
7659	0	41120	31981	37648	
7660	0	41160	31980	37700	
7661	0	41220	31960	37776	
7662	0	41268	31964	37992	
7663	0	41305	32020	38177	
7664	0	41364	32096	38380	
7665	0	41408	32200	38508	
7666	0	41464	32148	38496	
7667	0	41520	32204	38600	
7668	0	41568	32168	38528	
7669	0	41616	32144	38564	
7670	0	41664	32144	38572	
7671	0	41716	32136	38538	
7672	0	41776	32140	38540	
7673	0	41824	32160	38528	
7674	0	41869	32154	38512	
7675	0	41912	32153	38536	
7676	0	41984	32156	38489	
7677	0	42024	32156	38472	
7678	0	42084	32149	38440	
7679	0	42136	32128	38468	
7680	0	42192	32136	38344	
7681	0	42240	32136	38388	
7682	0	42292	32160	38316	
7683	0	42348	32173	38412	
7684	0	42400	32164	38444	
7685	0	42452	32156	38380	
7686	0	42496	32176	38420	
7687	0	42552	32160	38576	
7688	0	42604	32176	38420	
7689	0	42660	32192	38520	
7690	0	42700	32146	38500	
7691	0	42752	32129	38520	
7692	0	42800	32148	38416	
7693	0	42860	32140	38496	
7694	0	42904	32152	38504	
7695	0	42948	32140	38404	
7696	0	42976	32160	38304	
7697	0	43044	32136	38428	
7698	0	43080	32153	38344	
7699	0	43120	32112	38300	
7700	0	43164	32084	38320	
7701	0	43208	32045	38208	
7702	0	43240	32028	38168	
7703	0	43288	32012	38038	
7704	0	43316	32036	38024	
7705	0	43356	32060	38124	
7706	0	43388	32084	38232	
7707	0	43424	32072	38352	
7708	0	43452	32068	38429	
7709	0	43476	32088	38368	
7710	0	43508	32056	38388	
7711	0	43540	32037	38296	
7712	0	43556	32056	38268	
7713	0	43588	32068	38168	
7714	0	43608	32064	38100	
7715	0	43632	32061	38052	
7716	0	43644	32084	38124	
7717	0	43652	32113	38212	
7718	0	43676	32152	38392	
7719	0	43684	32156	38532	
7720	0	43692	32152	38616	
7721	0	43708	32197	38692	
7722	0	43720	32220	38700	
7723	0	43724	32208	38636	
7724	0	43728	32170	38672	
7725	0	43728	32152	38672	
7726	0	43728	32160	38608	
7727	0	43720	32144	38540	
7728	0	43716	32125	38484	
7729	0	43721	32076	38388	
7730	0	43716	32072	38264	
7731	0	43704	32060	38120	
7732	0	43688	32064	38132	
7733	0	43676	32100	38244	
7734	0	43652	32164	38413	
7735	0	43636	32216	38652	
7736	0	43616	32245	38856	
7737	0	43608	32249	38992	
7738	0	43577	32304	39040	
7739	0	43552	32284	39072	
7740	0	43528	32244	39008	
7741	0	43488	32242	38980	
7742	0	43456	32274	39108	
7743	0	43424	32306	39204	
7744	0	43380	32281	39220	
7745	0	43360	32200	39164	
7746	0	43308	32160	38984	
7747	0	43272	32128	38832	
7748	0	43224	32148	38692	
7749	0	43168	32216	38818	
7750	0	43128	32256	38940	
7751	0	43072	32292	39232	
7752	0	43016	32252	39536	
7753	0	42968	32328	39864	
7754	0	42912	32336	40256	
7755	0	42852	32328	40496	
7756	0	42784	32338	40264	
7757	0	42728	32400	40056	
7758	0	42660	32296	40256	
7759	0	42592	32320	40556	
7760	0	42532	32361	40860	
7761	0	42460	32432	41404	
7762	0	42392	32132	42668	
7763	0	42316	31984	43612	
7764	0	42240	30017	41572	
7765	0	42168	32948	43696	
7766	0	42092	34132	43812	
7767	0	42008	32720	41852	
7768	0	41932	32472	42692	
7769	0	41844	32204	42104	
7770	0	41764	32604	41896	
7771	0	41680	32440	41580	
7772	0	41588	31914	41964	
7773	0	41506	31772	42572	
7774	0	41420	31384	43117	
7775	0	41332	31296	43776	
7776	0	41240	31405	44024	
7777	0	41152	31526	44400	
7778	0	41060	31600	45332	
7779	0	40964	31489	45705	
7780	0	40864	31288	45808	
7781	0	40772	30572	45936	
7782	0	40672	30472	46828	
7783	0	40584	29844	46464	
7784	0	40488	28748	46200	
7785	0	40384	27044	45184	
7786	0	40284	25366	43520	
7787	0	40185	23805	43848	
7788	0	40076	24169	40680	
7789	0	39972	26108	42266	
7790	0	39872	26456	44100	
7791	0	39764	26724	45312	
7792	0	39664	27160	46348	
7793	0	39560	27549	46516	
7794	0	39452	28220	46568	
7795	0	39352	28712	46636	
7796	0	39240	29052	46420	
7797	0	39120	29452	46024	
7798	0	39017	29820	45448	
7799	0	38916	30216	44656	
7800	0	38804	30592	43916	
7801	0	38700	31088	43244	
7802	0	38588	31396	42604	
7803	0	38480	31796	42404	
7804	0	38372	32240	41944	
7805	0	38260	32788	41632	
7806	0	38145	33332	41208	
7807	0	38040	33812	40672	
7808	0	37928	34272	40040	
7809	0	37820	34656	39372	
7810	0	37708	35005	38732	
7811	0	37596	35324	38156	
7812	0	37480	35604	37700	
7813	0	37372	35844	37168	
7814	0	37260	36048	36728	
7815	0	37156	36224	36316	
7816	0	37045	36416	35956	
7817	0	36936	36560	35640	
7818	0	36824	36702	35376	
7819	0	36718	36844	35274	
7820	0	36608	37048	35204	
7821	0	36496	37200	35076	
7822	0	36384	37316	34921	
7823	0	36276	37380	34636	
7824	0	36180	37472	34348	
7825	0	36056	37552	34104	
7826	0	35948	37624	33896	
7827	0	35844	37720	33672	
7828	0	35740	37748	33508	
7829	0	35636	37788	33398	
7830	0	35522	37860	33345	
7831	0	35420	37888	33400	
7832	0	35309	37924	33464	
7833	0	35200	37952	33484	
7834	0	35104	37928	33448	
7835	0	34988	37900	33420	
7836	0	34888	37832	33340	
7837	0	34784	37717	33276	
7838	0	34676	37620	33244	
7839	0	34577	37532	33262	
7840	0	34468	37376	33280	
7841	0	34368	37212	33290	
7842	0	34268	37028	33373	
7843	0	34156	36856	33444	
7844	0	34064	36688	33604	
7845	0	33956	36552	33748	
7846	0	33856	36352	33936	
7847	0	33752	36100	34100	
7848	0	33656	35824	34156	
7849	0	33552	35456	34076	
7850	0	33449	35053	34042	
7851	0	33360	34580	34112	
7852	0	33253	34056	34200	
7853	0	33165	33524	34336	
7854	0	33064	33001	34472	
7855	0	32960	32352	34720	
7856	0	32868	31692	34976	
7857	0	32770	30900	35232	
7858	0	32680	30096	35364	
7859	0	32580	29222	35713	
7860	0	32488	28420	36072	
7861	0	32384	27640	36560	
7862	0	32293	26872	37066	
7863	0	32208	26013	37665	
7864	0	32112	25204	38080	
7865	0	32016	24576	38264	
7866	0	31928	23856	38532	
7867	0	31832	23156	38804	
7868	0	31740	22560	38940	
7869	0	31652	22005	39232	
7870	0	31556	21508	39468	
7871	0	31460	21064	39416	
7872	0	31376	20752	39273	
7873	0	31288	20556	39104	
7874	0	31196	20464	38952	
7875	0	31104	20449	38872	
7876	0	31024	20561	38660	
7877	0	30936	20804	38272	
7878	0	30848	10600	41232	
7879	0	30760	19002	50928	
7880	0	30664	19546	45480	
7881	0	30585	15594	42044	
7882	0	30496	14127	36532	
7883	0	30406	11081	38244	
7884	0	30325	10766	37617	
7885	0	30244	23864	35560	
7886	0	30164	26688	40096	
7887	0	30077	33584	38400	
7888	0	29992	37108	39616	
7889	0	29912	37828	39316	
7890	0	29828	36608	40244	
7891	0	29744	35000	40912	
7892	0	29668	33680	40964	
7893	0	29580	33112	40221	
7894	0	29504	32292	39920	
7895	0	29426	31260	39192	
7896	0	29348	30680	37700	
7897	0	29272	31728	37096	
7898	0	29196	32104	37092	
7899	0	29116	32432	37036	
7900	0	29048	32620	37468	
7901	0	28972	32708	38160	
7902	0	28900	32724	38756	
7903	0	28821	32741	39164	
7904	0	28748	32784	39292	
7905	0	28676	32753	39008	
7906	0	28608	32704	38676	
7907	0	28533	32644	38312	
7908	0	28464	32620	38208	
7909	0	28392	32520	38192	
7910	0	28328	32513	38368	
7911	0	28261	32548	38576	
7912	0	28189	32600	38688	
7913	0	28129	32608	38676	
7914	0	28061	32584	38576	
7915	0	28000	32556	38520	
7916	0	27932	32596	38356	
7917	0	27864	32573	38352	
7918	0	27804	32600	38316	
7919	0	27748	32628	38320	
7920	0	27680	32637	38380	
7921	0	27620	32636	38408	
7922	0	27560	32632	38492	
7923	0	27500	32612	38489	
7924	0	27444	32616	38444	
7925	0	27380	32616	38381	
7926	0	27320	32636	38380	
7927	0	27268	32629	38349	
7928	0	27212	32604	38345	
7929	0	27156	32608	38380	
7930	0	27104	32600	38400	
7931	0	27047	32590	38440	
7932	0	26990	32604	38456	
7933	0	26932	32596	38436	
7934	0	26888	32612	38416	
7935	0	26837	32612	38384	
7936	0	26788	32609	38404	
7937	0	26729	32632	38396	
7938	0	26688	32624	38408	
7939	0	26640	32648	38444	
7940	0	26584	32632	38424	
7941	0	26540	32648	38428	
7942	0	26492	32660	38464	
7943	0	26452	32620	38493	
7944	0	26408	32617	38436	
7945	0	26362	32588	38368	
7946	0	26308	32628	38328	
7947	0	26272	32628	38313	
7948	0	26233	32628	38364	
7949	0	26180	32640	38360	
7950	0	26144	32640	38432	
7951	0	26104	32664	38456	
7952	0	26068	32672	38457	
7953	0	26024	32660	38404	
7954	0	25988	32660	38460	
7955	0	25948	32652	38468	
7956	0	25908	32648	38489	
7957	0	25872	32625	38445	
7958	0	25834	32628	38424	
7959	0	25792	32640	38424	
7960	0	25760	32617	38400	
7961	0	25720	32628	38420	
7962	0	25688	32612	38380	
7963	0	25648	32620	38400	
7964	0	25620	32600	38408	
7965	0	25580	32592	38412	
7966	0	25536	32600	38428	
7967	0	25508	32617	38420	
7968	0	25480	32652	38452	
7969	0	25444	32672	38428	
7970	0	25408	32636	38464	
7971	0	25376	32644	38476	
7972	0	25341	32618	38424	
7973	0	25297	32585	38348	
7974	0	25264	32564	38296	
7975	0	25236	32568	38280	
7976	0	25204	32536	38304	
7977	0	25172	32545	38304	
7978	0	25133	32569	38280	
7979	0	25104	32576	38312	
7980	0	25072	32577	38284	
7981	0	25032	32572	38340	
7982	0	24996	32529	38288	
7983	0	24970	32520	38288	
7984	0	24932	32524	38264	
7985	0	24900	32516	38368	
7986	0	24868	32392	37520	
7987	0	24836	32492	39254	
7988	0	24800	32428	39060	
7989	0	24772	32500	37028	
7990	0	24732	32552	38840	
7991	0	24708	32532	38344	
7992	0	24677	32536	38000	
7993	0	24644	32489	38472	
7994	0	24616	32544	38145	
7995	0	24580	32548	38448	
7996	0	24544	32552	38356	
7997	0	24522	32528	38412	
7998	0	24492	32520	38312	
7999	0	24460	32504	38376	
8000	0	24425	32508	38369	
8001	0	24392	32492	38436	
8002	0	24372	32484	38428	
8003	0	24349	32464	38448	
8004	0	24313	32456	38397	
8005	0	24288	32448	38432	
8006	0	24256	32464	38616	
8007	0	24229	32404	38512	
8008	0	24208	32352	38484	
8009	0	24188	32389	38624	
8010	0	24152	32312	38640	
8011	0	24121	32318	38584	
8012	0	24102	32330	38788	
8013	0	24097	32400	38964	
8014	0	24047	32528	38956	
8015	0	24032	32541	39036	
8016	0	24012	32533	38984	
8017	0	23984	32573	39072	
8018	0	23960	32505	39168	
8019	0	23936	32620	39560	
8020	0	23916	32509	39344	
8021	0	23885	32264	39460	
8022	0	23869	32384	39288	
8023	0	23840	32081	39048	
8024	0	23832	32113	39872	
8025	0	23800	32228	39976	
8026	0	23784	32260	40052	
8027	0	23764	32312	40404	
8028	0	23744	32364	40944	
8029	0	23724	31020	42588	
8030	0	23700	32108	44992	
8031	0	23685	32484	43596	
8032	0	23660	31668	41424	
8033	0	23652	32256	47188	
8034	0	23624	32548	42444	
8035	0	23612	31868	45252	
8036	0	23596	32224	45392	
8037	0	23581	32584	47484	
8038	0	23564	32268	42453	
8039	0	23544	33557	45964	
8040	0	23534	33540	47432	
8041	0	23516	33568	45236	
8042	0	23508	32792	44868	
8043	0	23480	33720	47416	
8044	0	23476	33780	46000	
8045	0	23464	33924	44664	
8046	0	23449	33908	44704	
8047	0	23438	34024	43904	
8048	0	23432	34749	42672	
8049	0	23424	35368	41800	
8050	0	23417	35200	40692	
8051	0	23401	34020	40780	
8052	0	23394	33344	39740	
8053	0	23392	33772	38344	
8054	0	23378	34806	38732	
8055	0	23378	35797	38508	
8056	0	23376	36720	37736	
8057	0	23370	37692	37890	
8058	0	23372	37756	38236	
8059	0	23372	37272	38656	
8060	0	23369	37104	37264	
8061	0	23376	38452	37440	
8062	0	23376	39388	37332	
8063	0	23384	39612	36476	
8064	0	23388	39632	36048	
8065	0	23396	39532	35636	
8066	0	23404	39368	34964	
8067	0	23408	39232	34436	
8068	0	23424	39232	34264	
8069	0	23436	39249	34362	
8070	0	23452	39360	34501	
8071	0	23465	39525	34696	
8072	0	23476	39672	34820	
8073	0	23496	39800	34948	
8074	0	23520	39872	35052	
8075	0	23548	39912	35112	
8076	0	23565	39896	35140	
8077	0	23597	39840	35168	
8078	0	23616	39776	35225	
8079	0	23649	39688	35313	
8080	0	23672	39528	35492	
8081	0	23712	39348	35796	
8082	0	23744	39100	36228	
8083	0	23780	38840	36706	
8084	0	23813	38612	37124	
8085	0	23856	38376	37384	
8086	0	23900	38148	37568	
8087	0	23936	37940	37764	
8088	0	23981	37684	38012	
8089	0	24028	37452	38165	
8090	0	24068	37236	38504	
8091	0	24126	37064	38924	
8092	0	24169	36956	39308	
8093	0	24224	36908	39544	
8094	0	24280	36840	39924	
8095	0	24332	36804	40088	
8096	0	24388	36710	40416	
8097	0	24452	36632	40812	
8098	0	24512	36552	40940	
8099	0	24570	36420	41380	
8100	0	24636	36296	42072	
8101	0	24696	36224	42488	
8102	0	24764	36244	42788	
8103	0	24832	35420	42596	
8104	0	24896	35464	43464	
8105	0	24965	35280	43440	
8106	0	25033	35020	43376	
8107	0	25104	34844	43589	
8108	0	25184	34396	43144	
8109	0	25248	33940	43044	
8110	0	25324	33600	42981	
8111	0	25402	33369	42864	
8112	0	25488	32832	42164	
8113	0	25556	32404	42516	
8114	0	25648	31816	41964	
8115	0	25720	31328	41920	
8116	0	25812	30944	42680	
8117	0	25892	30220	41544	
8118	0	25974	29840	42644	
8119	0	26062	29184	41580	
8120	0	26144	28572	41784	
8121	0	26228	27956	41832	
8122	0	26312	27289	41914	
8123	0	26408	26688	41576	
8124	0	26496	26228	41272	
8125	0	26588	25773	40860	
8126	0	26684	25408	40224	
8127	0	26768	25148	39536	
8128	0	26860	24964	38792	
8129	0	26956	24856	38276	
8130	0	27052	24826	37981	
8131	0	27143	24864	37837	
8132	0	27244	24928	37792	
8133	0	27344	25072	37728	
8134	0	27436	25250	37600	
8135	0	27536	25452	37450	
8136	0	27640	25610	37272	
8137	0	27736	25761	37156	
8138	0	27841	25853	37060	
8139	0	27940	25945	37000	
8140	0	28043	25980	36872	
8141	0	28140	25862	37428	
8142	0	28240	23937	42360	
8143	0	28352	24109	40000	
8144	0	28456	24228	36952	
8145	0	28552	25196	37528	
8146	0	28660	24616	37624	
8147	0	28764	23980	37388	
8148	0	28868	25564	38192	
8149	0	28976	28596	37484	
8150	0	29080	31916	37420	
8151	0	29180	32312	37284	
8152	0	29296	33888	38412	
8153	0	29400	35936	38584	
8154	0	29504	37028	38972	
8155	0	29616	36720	39808	
8156	0	29721	35492	38520	
8157	0	29832	34596	40280	
8158	0	29944	33668	40744	
8159	0	30049	33436	40712	
8160	0	30154	32904	40904	
8161	0	30268	32748	41456	
8162	0	30372	31876	41168	
8163	0	30488	30200	40916	
8164	0	30599	30688	39432	
8165	0	30708	31544	37404	
8166	0	30820	31572	37300	
8167	0	30928	32320	37956	
8168	0	31044	33088	38136	
8169	0	31160	33444	38770	
8170	0	31264	33133	38988	
8171	0	31388	32096	38804	
8172	0	31504	31784	38332	
8173	0	31616	31960	38084	
8174	0	31728	32288	38012	
8175	0	31840	32413	38224	
8176	0	31952	32692	38312	
8177	0	32068	32800	38373	
8178	0	32184	32836	38329	
8179	0	32312	32788	38208	
8180	0	32425	32721	38240	
8181	0	32537	32724	38324	
8182	0	32653	32756	38480	
8183	0	32760	32788	38592	
8184	0	32888	32816	38584	
8185	0	33004	32772	38544	
8186	0	33128	32776	38540	
8187	0	33236	32781	38504	
8188	0	33356	32776	38444	
8189	0	33472	32758	38492	
8190	0	33592	32752	38488	
8191	0	33704	32744	38508	
8192	0	33828	32740	38480	
8193	0	33944	32717	38402	
8194	0	34056	32717	38372	
8195	0	34184	32720	38372	
8196	0	34300	32728	38448	
8197	0	34413	32724	38440	
8198	0	34532	32744	38472	
8199	0	34648	32732	38496	
8200	0	34760	32720	38436	
8201	0	34888	32633	38380	
8202	0	35000	32672	38372	
8203	0	35124	32704	38361	
8204	0	35240	32692	38328	
8205	0	35356	32620	38381	
8206	0	35476	32616	38312	
8207	0	35592	32624	38336	
8208	0	35708	32644	38288	
8209	0	35824	32642	38329	
8210	0	35944	32593	38340	
8211	0	36057	32544	38336	
8212	0	36172	32584	38392	
8213	0	36288	32580	38400	
8214	0	36410	32557	38405	
8215	0	36524	32533	38421	
8216	0	36644	32525	38384	
8217	0	36756	32506	38296	
8218	0	36876	32472	38484	
8219	0	36985	32480	38412	
8220	0	37096	32430	38412	
8221	0	37208	32464	38460	
8222	0	37321	32512	38380	
8223	0	37436	32448	38400	
8224	0	37540	32436	38360	
8225	0	37632	32456	38449	
8226	0	37768	32456	38440	
8227	0	37876	32464	38320	
8228	0	37984	32400	38344	
8229	0	38096	32324	38440	
8230	0	38200	32388	38376	
8231	0	38300	32400	38432	
8232	0	38408	32404	38496	
8233	0	38516	32432	38600	
8234	0	38624	32465	38632	
8235	0	38728	32428	38596	
8236	0	38832	32345	38564	
8237	0	38932	32324	38736	
8238	0	39040	32292	38545	
8239	0	39136	32284	38556	
8240	0	39236	32332	38613	
8241	0	39336	32428	38740	
8242	0	39432	32393	38813	
8243	0	39528	32336	38840	
8244	0	39628	32256	38820	
8245	0	39728	32292	38868	
8246	0	39810	32241	38764	
8247	0	39912	32288	38688	
8248	0	40000	32284	38716	
8249	0	40092	32264	38560	
8250	0	40184	32172	38468	
8251	0	40272	32204	38424	
8252	0	40356	32188	38336	
8253	0	40436	32236	38592	
8254	0	40524	32216	38508	
8255	0	40617	32132	38640	
8256	0	40692	32196	39116	
8257	0	40776	32060	38569	
8258	0	40852	32064	38676	
8259	0	40936	32036	38660	
8260	0	41024	32008	38540	
8261	0	41104	31972	38684	
8262	0	41168	31992	38596	
8263	0	41248	32052	38456	
8264	0	41316	32024	38568	
8265	0	41396	32120	38728	
8266	0	41460	31924	38744	
8267	0	41536	32056	38900	
8268	0	41604	32228	39096	
8269	0	41668	32444	38344	
8270	0	41736	31852	34192	
8271	0	41800	29816	49764	
8272	0	41868	33476	30036	
8273	0	41940	30104	47824	
8274	0	42000	32085	38744	
8275	0	42064	30344	40264	
8276	0	42124	32080	38876	
8277	0	42176	30708	41664	
8278	0	42244	32160	38620	
8279	0	42296	30680	40644	
8280	0	42364	32189	39616	
8281	0	42420	31385	41152	
8282	0	42480	32585	38024	
8283	0	42536	31460	41764	
8284	0	42600	31924	38709	
8285	0	42652	31896	41864	
8286	0	42708	31712	40032	
8287	0	42768	31536	40872	
8288	0	42828	32120	39136	
8289	0	42884	31456	41520	
8290	0	42944	31612	39472	
8291	0	42996	31688	42220	
8292	0	43056	31874	40928	
8293	0	43104	31920	41924	
8294	0	43164	31912	41212	
8295	0	43216	32124	41416	
8296	0	43272	32173	41504	
8297	0	43324	32320	42112	
8298	0	43388	32264	42500	
8299	0	43432	32293	43180	
8300	0	43488	32136	43496	
8301	0	43545	31784	44552	
8302	0	43596	31768	44708	
8303	0	43652	31464	44884	
8304	0	43712	31444	44900	
8305	0	43764	31553	44940	
8306	0	43816	31237	44944	
8307	0	43864	31948	45404	
8308	0	43924	32004	46256	
8309	0	43976	32288	46552	
8310	0	44036	32736	47300	
8311	0	44088	33084	48072	
8312	0	44136	33444	48772	
8313	0	44196	33216	49728	
8314	0	44240	33050	49964	
8315	0	44296	32946	50144	
8316	0	44352	31496	48544	
8317	0	44412	30548	46084	
8318	0	44448	30236	44544	
8319	0	44508	32412	44992	
8320	0	44556	32996	44840	
8321	0	44612	31392	43560	
8322	0	44668	30800	42553	
8323	0	44704	30640	41416	
8324	0	44760	27956	36856	
8325	0	44820	25140	39364	
8326	0	44860	27456	36710	
8327	0	44920	30308	37124	
8328	0	44956	31917	37728	
8329	0	45008	32396	38240	
8330	0	45060	32456	39036	
8331	0	45096	31912	39684	
8332	0	45148	31296	39300	
8333	0	45200	31272	39080	
8334	0	45236	31645	38672	
8335	0	45288	32096	38848	
8336	0	45340	32368	39052	
8337	0	45384	32556	38488	
8338	0	45432	32916	37996	
8339	0	45472	33176	37788	
8340	0	45528	33248	37680	
8341	0	45568	33312	37620	
8342	0	45612	33404	37540	
8343	0	45648	33448	37216	
8344	0	45704	33476	36644	
8345	0	45744	33548	36160	
8346	0	45796	33620	35544	
8347	0	45832	33668	35068	
8348	0	45872	33692	34700	
8349	0	45924	33864	34504	
8350	0	45964	34036	34376	
8351	0	46008	34248	34308	
8352	0	46048	34544	34392	
8353	0	46092	34804	34468	
8354	0	46148	35048	34416	
8355	0	46176	35180	34272	
8356	0	46220	35264	34020	
8357	0	46264	35256	33772	
8358	0	46308	35204	33500	
8359	0	46352	35176	33272	
8360	0	46392	35124	33064	
8361	0	46436	35084	32912	
8362	0	46472	35032	32804	
8363	0	46512	35012	32834	
8364	0	46552	35012	32868	
8365	0	46592	34969	32904	
8366	0	46644	34932	32956	
8367	0	46660	34924	32908	
8368	0	46704	34900	32888	
8369	0	46752	34832	32824	
8370	0	46784	34732	32824	
8371	0	46812	34652	32878	
8372	0	46852	34572	33030	
8373	0	46884	34456	33157	
8374	0	46928	34260	33280	
8375	0	46960	34012	33428	
8376	0	46996	33724	33444	
8377	0	47020	33380	33576	
8378	0	47048	32992	33689	
8379	0	47080	32580	33740	
8380	0	47112	32144	33804	
8381	0	47144	31696	33840	
8382	0	47172	31212	33936	
8383	0	47204	30764	34088	
8384	0	47232	30312	34296	
8385	0	47256	29864	34516	
8386	0	47280	29317	34764	
8387	0	47316	28758	34986	
8388	0	47328	28165	35200	
8389	0	47360	27576	35460	
8390	0	47380	26968	35770	
8391	0	47408	26376	36124	
8392	0	47424	25848	36484	
8393	0	47444	25356	36740	
8394	0	47460	24938	36848	
8395	0	47480	24560	36948	
8396	0	47496	24308	37124	
8397	0	47512	24066	37345	
8398	0	47532	23946	37640	
8399	0	47556	23824	37824	
8400	0	47568	23720	37972	
8401	0	47568	23660	38188	
8402	0	47600	23581	38468	
8403	0	47600	23516	38716	
8404	0	47616	23484	38856	
8405	0	47620	22988	38944	
8406	0	47632	10411	45712	
8407	0	47648	10098	55468	
8408	0	47652	21288	36836	
8409	0	47664	19145	37424	
8410	0	47672	21916	51464	
8411	0	47672	30896	38744	
8412	0	47684	24136	33352	
8413	0	47684	27976	43100	
8414	0	47688	33392	37664	
8415	0	47688	35000	36456	
8416	0	47696	37448	38816	
8417	0	47692	41792	39728	
8418	0	47696	33928	37277	
8419	0	47700	32736	39664	
8420	0	47696	32948	44268	
8421	0	47692	30816	41336	
8422	0	47688	31744	38088	
8423	0	47696	31045	38549	
8424	0	47692	30457	36584	
8425	0	47688	31340	34232	
8426	0	47672	31960	33468	
8427	0	47672	31848	33890	
8428	0	47660	31636	34624	
8429	0	47664	31856	35852	
8430	0	47644	32248	36976	
8431	0	47636	32476	38368	
8432	0	47628	32532	40080	
8433	0	47628	32546	41584	
8434	0	47600	32576	41840	
8435	0	47608	32580	41796	
8436	0	47596	32484	41180	
8437	0	47576	32404	40196	
8438	0	47556	32376	39181	
8439	0	47544	32300	38254	
8440	0	47536	32248	37668	
8441	0	47516	32172	37440	
8442	0	47504	32116	37544	
8443	0	47484	32064	37836	
8444	0	47460	32097	38228	
8445	0	47440	32152	38548	
8446	0	47424	32244	38724	
8447	0	47408	32322	38680	
8448	0	47376	32340	38692	
8449	0	47368	32376	38748	
8450	0	47332	32373	38724	
8451	0	47316	32384	38636	
8452	0	47296	32360	38669	
8453	0	47264	32304	38628	
8454	0	47248	32260	38620	
8455	0	47212	32260	38676	
8456	0	47196	32249	38580	
8457	0	47168	32272	38488	
8458	0	47136	32292	38496	
8459	0	47108	32376	38416	
8460	0	47080	32300	38292	
8461	0	47056	32300	38336	
8462	0	47020	32272	38436	
8463	0	46996	32256	38332	
8464	0	46968	32260	38384	
8465	0	46932	32244	38344	
8466	0	46908	32280	38420	
8467	0	46876	32304	38468	
8468	0	46852	32280	38468	
8469	0	46816	32288	38488	
8470	0	46792	32304	38488	
8471	0	46760	32272	38424	
8472	0	46728	32296	38420	
8473	0	46708	32296	38392	
8474	0	46676	32300	38404	
8475	0	46652	32308	38416	
8476	0	46620	32297	38458	
8477	0	46596	32334	38521	
8478	0	46564	32328	38592	
8479	0	46536	32324	38568	
8480	0	46520	32316	38548	
8481	0	46492	32300	38464	
8482	0	46464	32296	38425	
8483	0	46432	32305	38352	
8484	0	46412	32332	38300	
8485	0	46388	32284	38296	
8486	0	46364	32236	38260	
8487	0	46336	32187	38273	
8488	0	46317	32168	38264	
8489	0	46296	32204	38204	
8490	0	46276	32216	38208	
8491	0	46253	32236	38220	
8492	0	46232	32268	38296	
8493	0	46208	32280	38320	
8494	0	46188	32296	38388	
8495	0	46168	32280	38392	
8496	0	46148	32278	38332	
8497	0	46124	32276	38308	
8498	0	46092	32293	38296	
8499	0	46080	32252	38320	
8500	0	46044	32193	38336	
8501	0	46028	32180	38368	
8502	0	46005	32176	38388	
8503	0	45988	32228	38340	
8504	0	45956	32248	38272	
8505	0	45938	32292	38296	
8506	0	45912	32328	38264	
8507	0	45876	32336	38364	
8508	0	45848	32328	38492	
8509	0	45816	32348	38576	
8510	0	45788	32304	38560	
8511	0	45760	32344	38576	
8512	0	45724	32432	38592	
8513	0	45684	32404	38668	
8514	0	45660	32400	38812	
8515	0	45628	32352	38888	
8516	0	45588	32288	38824	
8517	0	45544	32172	38572	
8518	0	45504	32160	38272	
8519	0	45468	32536	37881	
8520	0	45424	32684	36436	
8521	0	45376	32432	36005	
8522	0	45344	32328	38096	
8523	0	45292	32197	40060	
8524	0	45232	32161	40084	
8525	0	45184	32300	39236	
8526	0	45128	32184	38704	
8527	0	45072	32080	37860	
8528	0	45024	32060	36596	
8529	0	44960	32056	35996	
8530	0	44900	32068	36500	
8531	0	44836	32228	38000	
8532	0	44776	32404	39596	
8533	0	44720	32764	40476	
8534	0	44636	33004	40592	
8535	0	44568	33206	40268	
8536	0	44500	33188	40176	
8537	0	44424	32826	40624	
8538	0	44352	32697	40824	
8539	0	44276	32848	40444	
8540	0	44200	32768	39936	
8541	0	44116	32788	39769	
8542	0	44024	32888	39744	
8543	0	43964	32916	39692	
8544	0	43876	32836	39300	
8545	0	43780	32784	39056	
8546	0	43688	32705	39128	
8547	0	43604	32672	39384	
8548	0	43520	33104	40220	
8549	0	43436	32792	41056	
8550	0	43336	32944	41904	
8551	0	43244	33132	42804	
8552	0	43140	33488	43876	
8553	0	43048	33248	44696	
8554	0	42948	33480	44956	
8555	0	42852	32680	44816	
8556	0	42760	29472	41372	
8557	0	42660	28964	39413	
8558	0	42552	33661	36121	
8559	0	42457	33800	40472	
8560	0	42348	31388	40892	
8561	0	42248	31256	37612	
8562	0	42148	31668	36704	
8563	0	42048	31602	36832	
8564	0	41944	31760	37440	
8565	0	41844	31766	38556	
8566	0	41740	31776	39325	
8567	0	41644	31708	39044	
8568	0	41536	32172	38820	
8569	0	41440	32244	38992	
8570	0	41332	31988	39896	
8571	0	41232	32448	41048	
8572	0	41128	32368	41852	
8573	0	41036	31968	42476	
8574	0	40936	31624	42564	
8575	0	40832	31112	42324	
8576	0	40740	29774	42000	
8577	0	40640	30168	42456	
8578	0	40544	30516	43648	
8579	0	40448	30736	45184	
8580	0	40356	30968	46556	
8581	0	40256	30916	48064	
8582	0	40168	30928	49256	
8583	0	40072	29760	49508	
8584	0	39980	28140	49416	
8585	0	39888	26252	48928	
8586	0	39796	24676	47488	
8587	0	39712	25116	43264	
8588	0	39608	21640	45668	
8589	0	39524	18889	46208	
8590	0	39440	19740	38869	
8591	0	39340	23624	40792	
8592	0	39264	24756	43792	
8593	0	39168	24790	44664	
8594	0	39080	25640	45840	
8595	0	39000	26332	45272	
8596	0	38912	27472	44860	
8597	0	38820	28300	45008	
8598	0	38732	28892	45280	
8599	0	38652	29591	45652	
8600	0	38560	30380	45972	
8601	0	38480	31076	45936	
8602	0	38392	31712	45700	
8603	0	38308	32328	45436	
8604	0	38224	32946	45068	
8605	0	38140	33445	44304	
8606	0	38056	33752	42688	
8607	0	37972	34173	40548	
8608	0	37880	34721	38744	
8609	0	37792	35252	37528	
8610	0	37704	35752	36896	
8611	0	37620	36249	36400	
8612	0	37537	36784	35996	
8613	0	37448	37229	35444	
8614	0	37352	37540	34912	
8615	0	37276	37916	34656	
8616	0	37180	38268	34608	
8617	0	37096	38452	34625	
8618	0	37001	38456	34425	
8619	0	36908	38504	34340	
8620	0	36820	38212	33648	
8621	0	36732	38156	33316	
8622	0	36640	37904	32660	
8623	0	36552	37796	32368	
8624	0	36460	37582	31944	
8625	0	36368	37476	31720	
8626	0	36268	37352	31562	
8627	0	36168	37216	31468	
8628	0	36076	37152	31406	
8629	0	35980	37096	31372	
8630	0	35880	37037	31368	
8631	0	35792	36921	31436	
8632	0	35692	36800	31540	
8633	0	35593	36648	31684	
8634	0	35493	36468	31753	
8635	0	35388	36268	31792	
8636	0	35288	36008	31756	
8637	0	35196	35728	31626	
8638	0	35088	35428	31756	
8639	0	34988	35105	31900	
8640	0	34884	34684	31884	
8641	0	34781	34441	32492	
8642	0	34680	33648	31972	
8643	0	34576	33316	33118	
8644	0	34476	32809	33428	
8645	0	34360	31765	33326	
8646	0	34261	31080	33884	
8647	0	34148	30081	34072	
8648	0	34048	29564	35084	
8649	0	33936	28816	35124	
8650	0	33832	27856	33992	
8651	0	33713	27858	36168	
8652	0	33616	27216	36364	
8653	0	33504	26070	35428	
8654	0	33396	25804	37528	
8655	0	33292	24996	37628	
8656	0	33172	24185	37816	
8657	0	33068	23546	37868	
8658	0	32960	22920	37888	
8659	0	32848	22652	37796	
8660	0	32736	22356	37840	
8661	0	32620	22245	37812	
8662	0	32514	22234	37900	
8663	0	32404	22288	37956	
8664	0	32289	22386	37996	
8665	0	32172	22564	37956	
8666	0	32060	22788	38044	
8667	0	31944	22898	38160	
8668	0	31836	23096	38052	
8669	0	31728	23322	37984	
8670	0	31612	23588	37704	
8671	0	31496	23924	37440	
8672	0	31388	24320	37336	
8673	0	31268	13582	40032	
8674	0	31164	15324	55416	
8675	0	31040	26560	35468	
8676	0	30928	18832	36576	
8677	0	30824	24022	50024	
8678	0	30705	25968	41952	
8679	0	30588	34818	38656	
8680	0	30476	37812	36984	
8681	0	30368	41176	37836	
8682	0	30248	37701	39684	
8683	0	30136	35352	38746	
8684	0	30026	34400	38852	
8685	0	29904	32784	40036	
8686	0	29800	29292	39844	
8687	0	29685	29160	38260	
8688	0	29568	30057	36888	
8689	0	29456	31260	35461	
8690	0	29340	31400	34816	
8691	0	29229	31312	35240	
8692	0	29112	31548	35380	
8693	0	28996	31632	36516	
8694	0	28884	32060	37468	
8695	0	28769	32508	38244	
8696	0	28652	32812	39656	
8697	0	28544	33052	40712	
8698	0	28426	33096	41192	
8699	0	28300	32960	41068	
8700	0	28193	32760	40664	
8701	0	28072	32596	39988	
8702	0	27956	32484	39188	
8703	0	27840	32384	38632	
8704	0	27718	32348	38292	
8705	0	27604	32337	38160	
8706	0	27492	32332	38276	
8707	0	27368	32400	38424	
8708	0	27248	32445	38604	
8709	0	27134	32380	38676	
8710	0	27012	32376	38592	
8711	0	26888	32344	38448	
8712	0	26774	32368	38568	
8713	0	26656	32316	38248	
8714	0	26536	32424	38408	
8715	0	26408	32432	38496	
8716	0	26292	32472	38472	
8717	0	26178	32409	38560	
8718	0	26056	32465	38706	
8719	0	25940	32460	38788	
8720	0	25816	32432	38796	
8721	0	25696	32408	38716	
8722	0	25576	32388	38528	
8723	0	25456	32372	38232	
8724	0	25336	32344	38156	
8725	0	25216	32292	38196	
8726	0	25092	32336	38124	
8727	0	24980	32296	38217	
8728	0	24864	32340	38352	
8729	0	24748	32368	38446	
8730	0	24624	32396	38456	
8731	0	24508	32324	38624	
8732	0	24388	32378	38432	
8733	0	24273	32356	38424	
8734	0	24160	32320	38408	
8735	0	24038	32306	38288	
8736	0	23928	32240	38360	
8737	0	23802	32248	38324	
8738	0	23696	32196	38400	
8739	0	23580	32164	38408	
8740	0	23472	32144	38368	
8741	0	23361	32180	38368	
8742	0	23238	32188	38256	
8743	0	23136	32216	38272	
8744	0	23028	32168	38320	
8745	0	22916	32156	38408	
8746	0	22802	32136	38484	
8747	0	22696	32149	38548	
8748	0	22592	32178	38500	
8749	0	22476	32180	38388	
8750	0	22376	32188	38260	
8751	0	22265	32188	38220	
8752	0	22155	32130	38148	
8753	0	22052	32104	38200	
8754	0	21952	32072	38208	
8755	0	21841	32065	38156	
8756	0	21734	32016	38056	
8757	0	21634	32029	37944	
8758	0	21536	32025	37888	
8759	0	21428	32032	37965	
8760	0	21328	32036	38068	
8761	0	21220	32124	38288	
8762	0	21126	32160	38496	
8763	0	21025	32172	38636	
8764	0	20928	32221	38652	
8765	0	20824	32244	38576	
8766	0	20725	32224	38388	
8767	0	20620	32148	38193	
8768	0	20525	32072	38212	
8769	0	20428	32112	38216	
8770	0	20328	32204	38172	
8771	0	20232	32208	38248	
8772	0	20136	32228	38316	
8773	0	20037	32280	38460	
8774	0	19938	32232	38520	
8775	0	19844	32173	38540	
8776	0	19749	32124	38568	
8777	0	19660	32184	38576	
8778	0	19556	32205	38560	
8779	0	19472	32256	38684	
8780	0	19369	32360	38788	
8781	0	19276	32396	38964	
8782	0	19180	32346	39004	
8783	0	19085	32328	39164	
8784	0	18997	32244	39040	
8785	0	18904	32184	38896	
8786	0	18809	32184	38804	
8787	0	18720	32228	38648	
8788	0	18626	32220	38448	
8789	0	18536	32248	38420	
8790	0	18442	32208	38520	
8791	0	18352	32224	38672	
8792	0	18264	32244	38900	
8793	0	18172	32256	38976	
8794	0	18080	32284	39112	
8795	0	17984	32330	39144	
8796	0	17893	32336	39168	
8797	0	17812	32284	39145	
8798	0	17714	32312	39080	
8799	0	17626	32308	39104	
8800	0	17536	32348	39144	
8801	0	17452	32280	39372	
8802	0	17360	32232	39436	
8803	0	17277	32332	40180	
8804	0	17181	32277	40385	
8805	0	17092	32324	40336	
8806	0	17006	32096	40220	
8807	0	16922	32536	40216	
8808	0	16832	32274	40880	
8809	0	16748	32500	41650	
8810	0	16660	32001	41928	
8811	0	16572	31448	41072	
8812	0	16484	32228	40240	
8813	0	16404	32764	44120	
8814	0	16317	33178	42212	
8815	0	16236	32630	40936	
8816	0	16152	32320	41784	
8817	0	16068	32044	41437	
8818	0	15988	32400	42144	
8819	0	15904	32380	42316	
8820	0	15823	32216	42784	
8821	0	15744	31912	43640	
8822	0	15659	31540	44504	
8823	0	15588	31484	44568	
8824	0	15506	31520	44537	
8825	0	15425	31236	44876	
8826	0	15350	31412	45504	
8827	0	15272	30900	45884	
8828	0	15190	30968	46492	
8829	0	15120	30340	46596	
8830	0	15046	29200	46840	
8831	0	14976	27296	46900	
8832	0	14900	25492	46712	
8833	0	14826	24104	46368	
8834	0	14757	22760	44704	
8835	0	14688	21440	43152	
8836	0	14617	24180	44553	
8837	0	14545	25545	45976	
8838	0	14477	25616	46360	
8839	0	14412	25844	46768	
8840	0	14344	26077	46488	
8841	0	14277	26612	46180	
8842	0	14221	27198	45800	
8843	0	14152	27864	45292	
8844	0	14100	28808	44852	
8845	0	14032	29188	44464	
8846	0	13968	29908	44385	
8847	0	13912	30613	43996	
8848	0	13849	31236	43440	
8849	0	13788	31705	42880	
8850	0	13736	32212	42216	
8851	0	13680	32752	41628	
8852	0	13626	33284	40884	
8853	0	13577	33748	40032	
8854	0	13516	34244	39148	
8855	0	13472	34680	38360	
8856	0	13418	35008	37588	
8857	0	13368	35322	37058	
8858	0	13320	35636	36584	
8859	0	13272	35848	36168	
8860	0	13224	35980	35768	
8861	0	13181	36112	35344	
8862	0	13140	36220	34964	
8863	0	13092	36257	34644	
8864	0	13055	36304	34372	
8865	0	13006	36392	34264	
8866	0	12977	36448	34256	
8867	0	12933	36508	34282	
8868	0	12900	36528	34272	
8869	0	12868	36556	34216	
8870	0	12825	36560	34100	
8871	0	12789	36544	33968	
8872	0	12756	36528	33753	
8873	0	12725	36492	33564	
8874	0	12694	36532	33440	
8875	0	12672	36469	33364	
8876	0	12640	36436	33180	
8877	0	12610	36404	33056	
8878	0	12584	36376	32932	
8879	0	12560	36288	32837	
8880	0	12540	36216	32772	
8881	0	12514	36160	32764	
8882	0	12489	36113	32768	
8883	0	12477	36052	32716	
8884	0	12446	35988	32665	
8885	0	12426	35920	32680	
8886	0	12413	35790	32704	
8887	0	12392	35680	32788	
8888	0	12376	35560	32856	
8889	0	12358	35448	32953	
8890	0	12352	35240	33032	
8891	0	12337	35092	33172	
8892	0	12329	34848	33304	
8893	0	12312	34560	33372	
8894	0	12301	34257	33444	
8895	0	12298	33908	33616	
8896	0	12289	33504	33848	
8897	0	12289	33084	33968	
8898	0	12280	32732	34180	
8899	0	12277	32336	34401	
8900	0	12276	31809	34560	
8901	0	12273	31196	34748	
8902	0	12279	30478	35093	
8903	0	12281	29696	35472	
8904	0	12280	28940	35888	
8905	0	12286	28153	36304	
8906	0	12294	27277	36717	
8907	0	12300	26356	37136	
8908	0	12314	25496	37448	
8909	0	12328	24720	37496	
8910	0	12344	24122	37592	
8911	0	12354	23432	37292	
8912	0	12370	22944	37464	
8913	0	12385	22445	37296	
8914	0	12413	22085	37692	
8915	0	12434	21710	37608	
8916	0	12457	21464	37944	
8917	0	12484	21236	37889	
8918	0	12514	21057	37656	
8919	0	12540	21036	37768	
8920	0	12576	21044	37252	
8921	0	12613	21182	36816	
8922	0	12652	20392	37144	
8923	0	12684	19754	39784	
8924	0	12734	21340	41460	
8925	0	12781	19344	40028	
8926	0	12832	18802	43217	
8927	0	12873	6886	33768	
8928	0	12926	27104	38864	
8929	0	12981	28550	42744	
8930	0	13041	28328	45076	
8931	0	13096	35872	39096	
8932	0	13152	37880	37056	
8933	0	13218	37008	39380	
8934	0	13292	35496	39700	
8935	0	13360	33400	42128	
8936	0	13437	31168	43440	
8937	0	13504	30780	42624	
8938	0	13578	31820	40664	
8939	0	13661	32260	38828	
8940	0	13737	32218	38010	
8941	0	13828	31912	37408	
8942	0	13914	31440	36768	
8943	0	14004	31597	36080	
8944	0	14096	32020	35648	
8945	0	14196	31876	36228	
8946	0	14289	31940	36908	
8947	0	14394	31976	37632	
8948	0	14492	32068	38264	
8949	0	14596	32175	38936	
8950	0	14704	32332	39664	
8951	0	14812	32505	40108	
8952	0	14924	32564	40212	
8953	0	15034	32560	40196	
8954	0	15148	32517	39996	
8955	0	15261	32468	39648	
8956	0	15373	32425	39108	
8957	0	15496	32416	38792	
8958	0	15617	32384	38620	
8959	0	15737	32368	38464	
8960	0	15856	32160	38448	
8961	0	15976	32316	38532	
8962	0	16100	32268	38252	
8963	0	16230	32369	38264	
8964	0	16350	32352	38360	
8965	0	16488	32024	38320	
8966	0	16614	32248	38464	
8967	0	16745	32304	38456	
8968	0	16876	32432	38456	
8969	0	17012	32268	38532	
8970	0	17149	32365	38520	
8971	0	17288	32456	38444	
8972	0	17420	32268	38448	
8973	0	17568	32269	38528	
8974	0	17704	32336	38540	
8975	0	17840	32340	38556	
8976	0	17980	32384	38712	
8977	0	18120	32404	38748	
8978	0	18266	32456	38700	
8979	0	18416	32328	38848	
8980	0	18562	32432	38660	
8981	0	18708	32256	38700	
8982	0	18852	32298	38592	
8983	0	19005	32112	38488	
8984	0	19160	32216	38120	
8985	0	19300	32149	38256	
8986	0	19460	32160	38216	
8987	0	19618	32208	38140	
8988	0	19768	32080	38300	
8989	0	19926	32064	38400	
8990	0	20079	32072	38360	
8991	0	20233	32052	38349	
8992	0	20392	32056	38236	
8993	0	20553	32140	38176	
8994	0	20710	32144	38144	
8995	0	20870	32097	38108	
8996	0	21036	32054	38156	
8997	0	21197	32036	38196	
8998	0	21353	32012	38252	
8999	0	21520	32004	38400	
9000	0	21684	31992	38500	
9001	0	21844	32014	38480	
9002	0	22009	31964	38416	
9003	0	22172	31954	38188	
9004	0	22340	31952	38040	
9005	0	22494	32008	37884	
9006	0	22660	32056	37868	
9007	0	22824	32084	37748	
9008	0	22992	32080	37744	
9009	0	23156	32072	37860	
9010	0	23316	32060	37940	
9011	0	23488	32048	38020	
9012	0	23652	31972	38124	
9013	0	23812	31980	38112	
9014	0	23976	31929	38160	
9015	0	24144	31936	38176	
9016	0	24304	32048	38208	
9017	0	24469	32072	38200	
9018	0	24626	32056	38256	
9019	0	24782	32084	38240	
9020	0	24954	32044	38272	
9021	0	25112	31992	38300	
9022	0	25264	32064	38312	
9023	0	25432	32176	38341	
9024	0	25581	32260	38476	
9025	0	25737	32264	38636	
9026	0	25896	32264	38872	
9027	0	26052	32268	39036	
9028	0	26205	32229	39100	
9029	0	26365	32212	39108	
9030	0	26508	32164	38968	
9031	0	26660	32140	38880	
9032	0	26816	32176	38904	
9033	0	26964	32236	38904	
9034	0	27104	32277	38946	
9035	0	27256	32320	39084	
9036	0	27396	32309	39032	
9037	0	27548	32244	39044	
9038	0	27692	32180	38932	
9039	0	27824	32224	38964	
9040	0	27964	32248	39128	
9041	0	28100	32188	39228	
9042	0	28241	32260	39384	
9043	0	28376	32285	39677	
9044	0	28512	32244	39640	
9045	0	28644	32225	39720	
9046	0	28780	32192	39832	
9047	0	28905	32284	40028	
9048	0	29036	32292	40160	
9049	0	29164	32089	40144	
9050	0	29288	32328	40124	
9051	0	29412	31548	37682	
9052	0	29540	32236	43772	
9053	0	29660	33296	39004	
9054	0	29773	32764	40648	
9055	0	29900	32440	41184	
9056	0	30008	32620	41884	
9057	0	30128	32436	41364	
9058	0	30244	32424	41916	
9059	0	30352	32353	42440	
9060	0	30468	32332	42944	
9061	0	30582	32528	43240	
9062	0	30688	32320	43140	
9063	0	30796	32629	42920	
9064	0	30908	32904	42520	
9065	0	31012	32565	42272	
9066	0	31117	32328	42216	
9067	0	31220	31752	42884	
9068	0	31322	31484	42888	
9069	0	31420	31244	42952	
9070	0	31528	30956	42784	
9071	0	31618	30848	43816	
9072	0	31726	30838	43796	
9073	0	31820	30224	44420	
9074	0	31912	30268	44852	
9075	0	32014	30265	45888	
9076	0	32110	30072	46576	
9077	0	32196	29877	46032	
9078	0	32284	28613	45280	
9079	0	32374	27276	44884	
9080	0	32476	24872	44944	
9081	0	32564	24600	44896	
9082	0	32648	24409	45260	
9083	0	32736	23604	44104	
9084	0	32824	21710	44222	
9085	0	32916	22589	43084	
9086	0	33000	24189	44628	
9087	0	33088	24928	44028	
9088	0	33172	25756	44068	
9089	0	33256	26476	44424	
9090	0	33340	26952	44272	
9091	0	33420	27660	44388	
9092	0	33508	28204	44496	
9093	0	33592	28684	44192	
9094	0	33672	29376	43760	
9095	0	33745	30176	43136	
9096	0	33828	30940	42362	
9097	0	33920	31596	41256	
9098	0	33989	32488	40820	
9099	0	34072	33284	40464	
9100	0	34150	33960	39856	
9101	0	34230	34385	38964	
9102	0	34312	34792	38884	
9103	0	34396	35153	37908	
9104	0	34472	35444	37768	
9105	0	34548	35712	36928	
9106	0	34628	35936	36480	
9107	0	34704	36148	36160	
9108	0	34784	36306	35828	
9109	0	34864	36480	35544	
9110	0	34940	36576	35148	
9111	0	35017	36616	34720	
9112	0	35096	36693	34528	
9113	0	35164	36664	34057	
9114	0	35248	36649	33608	
9115	0	35322	36688	33440	
9116	0	35404	36684	33168	
9117	0	35484	36736	33036	
9118	0	35556	36744	32935	
9119	0	35632	36784	32840	
9120	0	35708	36845	32912	
9121	0	35784	36836	32812	
9122	0	35864	36840	32932	
9123	0	35936	36889	33136	
9124	0	36016	36656	32680	
9125	0	36100	36708	32945	
9126	0	36156	36576	32808	
9127	0	36233	36444	32776	
9128	0	36316	36452	32916	
9129	0	36384	36224	32600	
9130	0	36456	36216	32744	
9131	0	36536	35896	32328	
9132	0	36596	35904	32684	
9133	0	36677	35624	32400	
9134	0	36748	35376	32668	
9135	0	36820	35260	32944	
9136	0	36896	34969	33068	
9137	0	36954	34672	33240	
9138	0	37028	34356	33496	
9139	0	37108	33985	33784	
9140	0	37164	33596	33992	
9141	0	37244	33145	34172	
9142	0	37308	32516	34184	
9143	0	37372	31936	34232	
9144	0	37440	31340	34352	
9145	0	37508	30844	34484	
9146	0	37568	30400	34712	
9147	0	37644	29928	35052	
9148	0	37700	29408	35449	
9149	0	37768	28850	35864	
9150	0	37832	28217	36249	
9151	0	37892	27488	36540	
9152	0	37956	26680	36788	
9153	0	38016	25836	37092	
9154	0	38080	24824	37541	
9155	0	38132	24232	37628	
9156	0	38200	23662	37808	
9157	0	38256	23074	37896	
9158	0	38320	22592	37796	
9159	0	38372	22285	37676	
9160	0	38432	22060	37472	
9161	0	38492	21736	37384	
9162	0	38540	21560	37064	
9163	0	38596	21485	36709	
9164	0	38648	21442	36512	
9165	0	38704	21898	35976	
9166	0	38760	22245	35656	
9167	0	38812	22712	35264	
9168	0	38868	23434	34936	
9169	0	38916	16640	35437	
9170	0	38968	9902	36040	
9171	0	39020	19858	45892	
9172	0	39060	16074	23696	
9173	0	39120	18048	49328	
9174	0	39164	27617	46060	
9175	0	39212	33472	34288	
9176	0	39272	37857	36000	
9177	0	39312	40684	41304	
9178	0	39353	37472	37663	
9179	0	39409	35412	42048	
9180	0	39456	32264	44308	
9181	0	39492	29536	43132	
9182	0	39548	29560	42880	
9183	0	39580	31486	39876	
9184	0	39632	32098	37112	
9185	0	39668	31864	36232	
9186	0	39720	30888	35356	
9187	0	39764	31021	34512	
9188	0	39796	31461	34008	
9189	0	39836	31824	34320	
9190	0	39884	32020	35444	
9191	0	39924	32032	37216	
9192	0	39956	32048	38864	
9193	0	39996	32168	40056	
9194	0	40040	32230	40708	
9195	0	40076	32288	41024	
9196	0	40108	32353	40836	
9197	0	40136	32440	40312	
9198	0	40180	32448	39660	
9199	0	40220	32396	39048	
9200	0	40248	32324	38744	
9201	0	40284	32260	38521	
9202	0	40316	32238	38352	
9203	0	40340	32137	38384	
9204	0	40370	32156	38544	
9205	0	40404	32156	38612	
9206	0	40421	32124	38660	
9207	0	40464	32152	38552	
9208	0	40484	32188	38400	
9209	0	40512	32204	38249	
9210	0	40540	32224	38148	
9211	0	40564	32229	38104	
9212	0	40580	32224	38072	
9213	0	40608	32208	38216	
9214	0	40624	32180	38440	
9215	0	40644	32176	38332	
9216	0	40664	32264	38624	
9217	0	40680	32224	38512	
9218	0	40704	32292	38448	
9219	0	40720	32296	38488	
9220	0	40732	32216	38440	
9221	0	40744	32216	38472	
9222	0	40748	32228	38496	
9223	0	40764	32237	38488	
9224	0	40780	32284	38452	
9225	0	40788	32304	38472	
9226	0	40792	32289	38408	
9227	0	40800	32260	38414	
9228	0	40804	32208	38364	
9229	0	40808	32172	38352	
9230	0	40812	32194	38404	
9231	0	40809	32232	38394	
9232	0	40820	32265	38408	
9233	0	40812	32321	38392	
9234	0	40816	32296	38488	
9235	0	40804	32320	38592	
9236	0	40805	32324	38572	
9237	0	40804	32305	38536	
9238	0	40796	32296	38452	
9239	0	40796	32220	38384	
9240	0	40780	32208	38396	
9241	0	40764	32224	38360	
9242	0	40750	32224	38256	
9243	0	40740	32225	38176	
9244	0	40724	32260	38216	
9245	0	40708	32284	38300	
9246	0	40692	32265	38328	
9247	0	40664	32228	38348	
9248	0	40648	32202	38380	
9249	0	40616	32210	38432	
9250	0	40588	32272	38425	
9251	0	40564	32312	38464	
9252	0	40540	32288	38500	
9253	0	40504	32256	38389	
9254	0	40468	32217	38284	
9255	0	40432	32177	38183	
9256	0	40400	32140	38020	
9257	0	40360	32096	37844	
9258	0	40320	32120	37896	
9259	0	40280	32144	37868	
9260	0	40248	32187	37952	
9261	0	40200	32229	38052	
9262	0	40144	32240	38196	
9263	0	40096	32256	38401	
9264	0	40056	32244	38524	
9265	0	40008	32280	38616	
9266	0	39944	32288	38636	
9267	0	39900	32280	38504	
9268	0	39836	32304	38416	
9269	0	39780	32328	38336	
9270	0	39724	32292	38260	
9271	0	39660	32260	38260	
9272	0	39604	32280	38276	
9273	0	39540	32282	38344	
9274	0	39480	32281	38440	
9275	0	39404	32320	38572	
9276	0	39344	32360	38708	
9277	0	39276	32412	38857	
9278	0	39212	32400	39016	
9279	0	39136	32372	39088	
9280	0	39060	32376	39128	
9281	0	38976	32356	39048	
9282	0	38912	32357	38984	
9283	0	38832	32396	38956	
9284	0	38768	32450	38988	
9285	0	38680	32505	39156	
9286	0	38596	32512	39312	
9287	0	38528	32448	39424	
9288	0	38440	32384	39372	
9289	0	38346	32376	39312	
9290	0	38268	32364	39216	
9291	0	38184	32396	39264	
9292	0	38092	32372	39328	
9293	0	38008	32388	39472	
9294	0	37920	32313	40036	
9295	0	37824	32532	39897	
9296	0	37732	32734	40064	
9297	0	37636	32788	39968	
9298	0	37544	32312	40048	
9299	0	37452	32332	39929	
9300	0	37352	32372	39720	
9301	0	37252	32368	39664	
9302	0	37156	32553	39692	
9303	0	37056	32700	39788	
9304	0	36956	32736	40224	
9305	0	36856	32684	41336	
9306	0	36756	32205	41796	
9307	0	36656	33128	42576	
9308	0	36552	31836	43588	
9309	0	36448	31304	42828	
9310	0	36344	30825	40564	
9311	0	36236	33381	40452	
9312	0	36128	28276	37768	
9313	0	36016	34368	46100	
9314	0	35916	33392	44408	
9315	0	35804	32625	41572	
9316	0	35700	32649	41936	
9317	0	35600	32612	42780	
9318	0	35484	32852	43300	
9319	0	35376	32264	43192	
9320	0	35264	31892	43104	
9321	0	35153	31600	42384	
9322	0	35052	31372	43100	
9323	0	34940	31148	44220	
9324	0	34832	30970	44700	
9325	0	34728	30669	45008	
9326	0	34616	30456	45344	
9327	0	34505	30536	45568	
9328	0	34392	31508	46048	
9329	0	34284	31616	45980	
9330	0	34172	29225	45452	
9331	0	34064	27801	46372	
9332	0	33948	27862	45512	
9333	0	33848	24772	44672	
9334	0	33736	23556	43480	
9335	0	33632	25296	42868	
9336	0	33520	26912	44104	
9337	0	33408	26917	43808	
9338	0	33304	26920	44780	
9339	0	33200	26816	45280	
9340	0	33088	27018	45464	
9341	0	32976	27392	45704	
9342	0	32869	27718	45640	
9343	0	32772	28013	45252	
9344	0	32648	28462	44964	
9345	0	32560	28788	44452	
9346	0	32468	29188	43944	
9347	0	32352	29728	43556	
9348	0	32252	30304	42944	
9349	0	32156	30804	42176	
9350	0	32056	31349	41304	
9351	0	31953	31853	40428	
9352	0	31856	32277	39800	
9353	0	31756	32736	39188	
9354	0	31652	33240	38593	
9355	0	31560	33692	38040	
9356	0	31456	34056	37369	
9357	0	31357	34288	36621	
9358	0	31265	34573	36140	
9359	0	31168	34952	35828	
9360	0	31084	35289	35576	
9361	0	30985	35652	35392	
9362	0	30896	35936	35220	
9363	0	30800	36160	34972	
9364	0	30704	36320	34708	
9365	0	30620	36480	34480	
9366	0	30528	36616	34257	
9367	0	30437	36752	34148	
9368	0	30348	36837	34078	
9369	0	30260	36928	33896	
9370	0	30176	37064	33856	
9371	0	30080	37036	33596	
9372	0	30001	37052	33505	
9373	0	29909	37005	33272	
9374	0	29828	37024	33208	
9375	0	29744	37076	33115	
9376	0	29657	37120	33032	
9377	0	29578	37184	33104	
9378	0	29504	37172	33036	
9379	0	29420	37192	33000	
9380	0	29332	37120	33024	
9381	0	29256	37156	33141	
9382	0	29172	37012	33005	
9383	0	29092	37048	33113	
9384	0	29016	36852	32964	
9385	0	28940	36772	33008	
9386	0	28836	36604	33028	
9387	0	28784	36508	33104	
9388	0	28708	36352	33157	
9389	0	28628	36161	33112	
9390	0	28562	36036	33304	
9391	0	28480	35776	33372	
9392	0	28408	35456	33504	
9393	0	28341	35128	33680	
9394	0	28264	34752	33812	
9395	0	28196	34349	34012	
9396	0	28124	33948	34080	
9397	0	28048	33508	34100	
9398	0	27976	33080	34192	
9399	0	27912	32600	34340	
9400	0	27848	32072	34532	
9401	0	27776	31552	34868	
9402	0	27708	30969	35244	
9403	0	27644	30424	35720	
9404	0	27576	29752	36300	
9405	0	27508	28992	36920	
9406	0	27444	28084	37532	
9407	0	27380	27085	37984	
9408	0	27316	26200	38276	
9409	0	27252	25408	38460	
9410	0	27192	24661	38592	
9411	0	27132	24024	38568	
9412	0	27065	23348	38712	
9413	0	27004	22674	38776	
9414	0	26942	22413	38772	
9415	0	26878	22028	38880	
9416	0	26824	21696	38812	
9417	0	26766	21300	38916	
9418	0	26708	21424	38759	
9419	0	26640	21356	38873	
9420	0	26580	21383	38768	
9421	0	26529	20713	42460	
9422	0	26474	19580	45609	
9423	0	26416	20856	38320	
9424	0	26356	22464	38480	
9425	0	26308	13788	46964	
9426	0	26252	19848	55352	
9427	0	26200	18072	36084	
9428	0	26148	14760	42360	
9429	0	26096	13696	32673	
9430	0	26048	18796	36600	
9431	0	26000	28608	33889	
9432	0	25948	34921	34144	
9433	0	25908	37652	37021	
9434	0	25849	37164	33940	
9435	0	25808	36172	41244	
9436	0	25760	34168	42760	
9437	0	25714	32832	41948	
9438	0	25672	32124	41557	
9439	0	25628	31568	41024	
9440	0	25577	31732	40068	
9441	0	25537	32250	38996	
9442	0	25500	32240	38232	
9443	0	25464	31744	37696	
9444	0	25425	31697	37248	
9445	0	25392	32044	37114	
9446	0	25356	32256	37192	
9447	0	25316	32416	37704	
9448	0	25288	32493	38324	
9449	0	25244	32541	38908	
9450	0	25212	32556	39208	
9451	0	25184	32488	39112	
9452	0	25152	32458	38776	
9453	0	25120	32400	38388	
9454	0	25088	32372	38248	
9455	0	25060	32336	38196	
9456	0	25033	32388	38165	
9457	0	25004	32348	38268	
9458	0	24984	32372	38368	
9459	0	24952	32420	38516	
9460	0	24925	32420	38528	
9461	0	24901	32418	38493	
9462	0	24880	32420	38400	
9463	0	24852	32376	38324	
9464	0	24832	32384	38272	
9465	0	24807	32384	38328	
9466	0	24796	32384	38440	
9467	0	24764	32420	38468	
9468	0	24748	32432	38492	
9469	0	24732	32421	38440	
9470	0	24700	32400	38424	
9471	0	24692	32380	38349	
9472	0	24680	32412	38304	
9473	0	24664	32400	38312	
9474	0	24644	32392	38336	
9475	0	24632	32424	38368	
9476	0	24613	32420	38460	
9477	0	24600	32400	38480	
9478	0	24581	32404	38432	
9479	0	24574	32388	38364	
9480	0	24558	32396	38316	
9481	0	24552	32424	38284	
9482	0	24536	32448	38320	
9483	0	24521	32404	38424	
9484	0	24516	32416	38248	
9485	0	24504	32389	38432	
9486	0	24492	32416	38401	
9487	0	24482	32433	38412	
9488	0	24480	32396	38396	
9489	0	24464	32409	38372	
9490	0	24464	32416	38408	
9491	0	24456	32440	38380	
9492	0	24442	32426	38400	
9493	0	24437	32424	38380	
9494	0	24432	32432	38348	
9495	0	24425	32424	38360	
9496	0	24417	32409	38336	
9497	0	24417	32384	38372	
9498	0	24416	32398	38332	
9499	0	24408	32392	38348	
9500	0	24400	32424	38316	
9501	0	24396	32464	38324	
9502	0	24392	32448	38328	
9503	0	24389	32472	38400	
9504	0	24384	32388	38404	
9505	0	24380	32392	38396	
9506	0	24384	32385	38400	
9507	0	24376	32396	38320	
9508	0	24380	32384	38308	
9509	0	24372	32400	38320	
9510	0	24380	32405	38364	
9511	0	24373	32408	38385	
9512	0	24376	32416	38380	
9513	0	24377	32420	38413	
9514	0	24368	32404	38384	
9515	0	24376	32396	38412	
9516	0	24376	32384	38376	
9517	0	24380	32372	38416	
9518	0	24380	32417	38424	
9519	0	24388	32392	38437	
9520	0	24388	32409	38372	
9521	0	24389	32425	38352	
9522	0	24396	32400	38336	
9523	0	24410	32412	38300	
9524	0	24412	32428	38208	
9525	0	24420	32424	38112	
9526	0	24434	32388	38332	
9527	0	24448	32356	38368	
9528	0	24448	32372	38376	
9529	0	24468	32340	38496	
9530	0	24481	32280	38380	
9531	0	24492	32321	38272	
9532	0	24520	32272	38360	
9533	0	24528	32296	38368	
9534	0	24552	32352	38356	
9535	0	24572	32420	38300	
9536	0	24593	32384	38341	
9537	0	24620	32368	38306	
9538	0	24640	32322	38220	
9539	0	24672	32364	38324	
9540	0	24696	32276	38308	
9541	0	24716	32256	38244	
9542	0	24758	32216	38280	
9543	0	24788	32200	38144	
9544	0	24824	32260	38440	
9545	0	24856	32228	38484	
9546	0	24900	32264	38456	
9547	0	24936	32228	38444	
9548	0	24976	32132	38184	
9549	0	25026	32188	38220	
9550	0	25061	32173	38164	
9551	0	25112	32209	38136	
9552	0	25156	32218	38252	
9553	0	25204	32297	38400	
9554	0	25252	32236	38528	
9555	0	25308	32204	38612	
9556	0	25360	32256	38509	
9557	0	25412	32292	38732	
9558	0	25472	32290	38624	
9559	0	25524	32240	38616	
9560	0	25580	32376	38712	
9561	0	25636	32300	38840	
9562	0	25700	32404	38896	
9563	0	25760	32360	38804	
9564	0	25824	32444	39192	
9565	0	25888	32505	39272	
9566	0	25953	32468	39556	
9567	0	26016	32444	38968	
9568	0	26092	32300	39276	
9569	0	26164	31956	39728	
9570	0	26228	32204	40228	
9571	0	26304	32392	39268	
9572	0	26376	32552	39573	
9573	0	26452	32396	39872	
9574	0	26528	32364	40448	
9575	0	26604	31521	41944	
9576	0	26680	33101	43696	
9577	0	26760	33477	40792	
9578	0	26840	32612	40776	
9579	0	26916	31665	37248	
9580	0	27000	32704	47056	
9581	0	27088	33348	40736	
9582	0	27170	31180	40085	
9583	0	27256	32637	45912	
9584	0	27344	33036	42948	
9585	0	27432	31384	42360	
9586	0	27514	32241	46796	
9587	0	27608	32358	42580	
9588	0	27698	31748	45120	
9589	0	27796	31812	47744	
9590	0	27881	31820	45816	
9591	0	27972	31868	47256	
9592	0	28064	32413	47812	
9593	0	28168	32896	46620	
9594	0	28260	33152	46328	
9595	0	28356	33208	45528	
9596	0	28456	33676	44452	
9597	0	28552	33204	43492	
9598	0	28652	32036	42624	
9599	0	28756	30848	42196	
9600	0	28860	30233	41300	
9601	0	28960	30316	38244	
9602	0	29060	31128	38800	
9603	0	29157	32817	39884	
9604	0	29268	34064	39860	
9605	0	29360	35512	38076	
9606	0	29472	36108	36952	
9607	0	29569	37596	37576	
9608	0	29676	37800	39309	
9609	0	29780	37512	37864	
9610	0	29886	37636	36240	
9611	0	29988	39396	37696	
9612	0	30085	40392	37444	
9613	0	30196	40704	36296	
9614	0	30300	40760	35516	
9615	0	30400	40884	35152	
9616	0	30508	40912	34844	
9617	0	30612	41104	34156	
9618	0	30716	41268	34444	
9619	0	30814	41152	34429	
9620	0	30920	41176	34226	
9621	0	31020	41412	34304	
9622	0	31128	41596	34360	
9623	0	31221	41716	34308	
9624	0	31328	41760	34356	
9625	0	31428	41684	34532	
9626	0	31532	41536	34672	
9627	0	31624	41300	34626	
9628	0	31724	41112	34752	
9629	0	31824	40981	34912	
9630	0	31924	40768	35148	
9631	0	32028	40596	35464	
9632	0	32116	40352	35860	
9633	0	32218	40128	36304	
9634	0	32312	39840	36816	
9635	0	32404	39473	37361	
9636	0	32500	39112	37916	
9637	0	32602	38724	38436	
9638	0	32700	38308	38908	
9639	0	32784	37856	39392	
9640	0	32884	37384	40076	
9641	0	32980	37048	40552	
9642	0	33068	36684	40860	
9643	0	33153	36357	41624	
9644	0	33252	35952	41572	
9645	0	33344	35600	41992	
9646	0	33424	35290	42596	
9647	0	33526	34936	42765	
9648	0	33612	34694	43456	
9649	0	33700	34320	43720	
9650	0	33796	34044	44104	
9651	0	33884	33788	44544	
9652	0	33970	33636	45280	
9653	0	34053	33596	45716	
9654	0	34148	33209	45036	
9655	0	34236	32740	44504	
9656	0	34320	32357	44200	
9657	0	34412	32312	44952	
9658	0	34500	31832	44040	
9659	0	34588	31240	43416	
9660	0	34670	31048	43636	
9661	0	34760	30748	43373	
9662	0	34856	30497	42996	
9663	0	34930	30584	43568	
9664	0	35028	30004	42120	
9665	0	35108	29825	42128	
9666	0	35196	29604	42048	
9667	0	35280	29212	41336	
9668	0	35364	29064	41521	
9669	0	35456	28804	41496	
9670	0	35537	28512	41332	
9671	0	35628	28177	41092	
9672	0	35709	27812	40796	
9673	0	35804	27472	40600	
9674	0	35884	27176	40352	
9675	0	35968	26901	40041	
9676	0	36056	26716	39632	
9677	0	36144	26580	39192	
9678	0	36224	26514	38892	
9679	0	36312	26508	39168	
9680	0	36392	26688	38132	
9681	0	36480	26780	38025	
9682	0	36564	26901	37964	
9683	0	36648	26988	37816	
9684	0	36732	27062	37804	
9685	0	36816	27124	37800	
9686	0	36900	27124	37836	
9687	0	36992	27192	37900	
9688	0	37072	27214	37877	
9689	0	37160	27172	41424	
9690	0	37236	25292	41296	
9691	0	37324	25650	38940	
9692	0	37416	26260	37580	
9693	0	37496	26189	37850	
9694	0	37572	25640	37956	
9695	0	37660	25516	37920	
9696	0	37744	26500	37768	
9697	0	37820	27740	37293	
9698	0	37896	29568	36424	
9699	0	37980	30780	36666	
9700	0	38056	31872	37552	
9701	0	38144	33056	38468	
9702	0	38224	34040	38545	
9703	0	38308	34928	38680	
9704	0	38384	35278	39520	
9705	0	38464	34328	40828	
9706	0	38532	33676	41884	
9707	0	38617	32832	40576	
9708	0	38696	31884	39908	
9709	0	38780	31348	43708	
9710	0	38852	32049	40932	
9711	0	38924	29440	41552	
9712	0	39000	31244	37428	
9713	0	39072	34212	37312	
9714	0	39144	35440	37661	
9715	0	39220	34864	38576	
9716	0	39288	33604	39414	
9717	0	39360	32868	39740	
9718	0	39440	31984	37756	
9719	0	39512	31096	37588	
9720	0	39576	30708	38200	
9721	0	39656	31584	37784	
9722	0	39724	31900	38124	
9723	0	39792	32088	38432	
9724	0	39864	32160	38236	
9725	0	39932	32025	38073	
9726	0	40000	32177	37960	
9727	0	40060	32450	37952	
9728	0	40144	32472	38161	
9729	0	40204	32424	38408	
9730	0	40272	32388	38408	
9731	0	40328	32364	38280	
9732	0	40404	32341	38240	
9733	0	40476	32400	38264	
9734	0	40532	32460	38376	
9735	0	40600	32468	38500	
9736	0	40648	32437	38548	
9737	0	40716	32380	38624	
9738	0	40780	32397	38568	
9739	0	40840	32356	38512	
9740	0	40904	32316	38480	
9741	0	40960	32280	38428	
9742	0	41024	32297	38316	
9743	0	41080	32280	38384	
9744	0	41144	32296	38352	
9745	0	41192	32340	38316	
9746	0	41260	32320	38353	
9747	0	41316	32329	38324	
9748	0	41376	32336	38376	
9749	0	41436	32308	38328	
9750	0	41492	32292	38312	
9751	0	41560	32304	38352	
9752	0	41616	32348	38388	
9753	0	41672	32424	38456	
9754	0	41728	32430	38468	
9755	0	41792	32444	38448	
9756	0	41848	32384	38328	
9757	0	41896	32356	38300	
9758	0	41964	32348	38292	
9759	0	42016	32332	38336	
9760	0	42080	32316	38400	
9761	0	42144	32284	38300	
9762	0	42200	32316	38460	
9763	0	42272	32240	38308	
9764	0	42332	32224	38328	
9765	0	42392	32208	38324	
9766	0	42440	32252	38276	
9767	0	42512	32272	38349	
9768	0	42564	32276	38356	
9769	0	42636	32266	38324	
9770	0	42688	32260	38408	
9771	0	42752	32288	38464	
9772	0	42820	32312	38484	
9773	0	42876	32348	38468	
9774	0	42928	32276	38436	
9775	0	43000	32272	38448	
9776	0	43060	32228	38352	
9777	0	43116	32225	38332	
9778	0	43184	32212	38324	
9779	0	43236	32233	38292	
9780	0	43296	32256	38364	
9781	0	43360	32232	38448	
9782	0	43424	32268	38588	
9783	0	43480	32232	38528	
9784	0	43540	32212	38526	
9785	0	43596	32125	38512	
9786	0	43652	32156	38233	
9787	0	43712	32181	38141	
9788	0	43764	32188	38168	
9789	0	43816	32276	38310	
9790	0	43876	32232	38389	
9791	0	43936	32232	38428	
9792	0	43988	32244	38676	
9793	0	44048	32240	38624	
9794	0	44093	32322	38748	
9795	0	44145	32388	38880	
9796	0	44196	32338	38648	
9797	0	44240	32178	38480	
9798	0	44298	32300	38636	
9799	0	44344	32360	38640	
9800	0	44384	32304	38584	
9801	0	44432	32277	38756	
9802	0	44472	32296	38744	
9803	0	44516	32196	38568	
9804	0	44552	32044	38628	
9805	0	44600	31992	38456	
9806	0	44628	32104	38732	
9807	0	44672	32128	38496	
9808	0	44708	32153	38344	
9809	0	44736	32192	38384	
9810	0	44772	32142	38512	
9811	0	44796	32148	38508	
9812	0	44832	32108	38720	
9813	0	44860	32076	38732	
9814	0	44884	32157	38801	
9815	0	44908	31976	38836	
9816	0	44940	31916	38460	
9817	0	44948	32160	39008	
9818	0	44976	31904	39364	
9819	0	44993	32128	39056	
9820	0	45012	31914	38904	
9821	0	45028	31912	38836	
9822	0	45028	32248	39632	
9823	0	45044	31889	41952	
9824	0	45056	32944	40320	
9825	0	45056	31656	39532	
9826	0	45064	32188	39080	
9827	0	45076	32545	41396	
9828	0	45068	31796	40760	
9829	0	45080	32564	37652	
9830	0	45084	31856	41416	
9831	0	45080	31664	40524	
9832	0	45076	32044	42308	
9833	0	45076	31720	41160	
9834	0	45068	31769	40840	
9835	0	45061	31592	43008	
9836	0	45056	31712	42416	
9837	0	45040	31688	42560	
9838	0	45036	31456	43420	
9839	0	45016	31600	43520	
9840	0	45004	31335	44300	
9841	0	44992	31256	45056	
9842	0	44976	31176	44704	
9843	0	44960	31076	45208	
9844	0	44936	31048	45432	
9845	0	44924	31004	45548	
9846	0	44904	30976	46256	
9847	0	44872	31076	46800	
9848	0	44857	31193	47104	
9849	0	44825	31840	47400	
9850	0	44804	32124	47384	
9851	0	44768	32768	47532	
9852	0	44744	32532	48024	
9853	0	44720	33140	49180	
9854	0	44680	33780	49848	
9855	0	44652	34392	50568	
9856	0	44608	35116	50256	
9857	0	44580	36160	51020	
9858	0	44536	35296	49160	
9859	0	44496	33668	46188	
9860	0	44464	31860	45044	
9861	0	44416	30104	44704	
9862	0	44376	30216	45548	
9863	0	44328	30520	45832	
9864	0	44288	30530	43200	
9865	0	44236	25377	41452	
9866	0	44188	24968	38576	
9867	0	44140	29845	38904	
9868	0	44092	31368	39284	
9869	0	44032	31380	38912	
9870	0	43980	31308	40468	
9871	0	43924	31432	41400	
9872	0	43868	31688	40848	
9873	0	43812	31832	40552	
9874	0	43752	31876	40452	
9875	0	43680	32030	40245	
9876	0	43624	32361	39921	
9877	0	43556	32770	39392	
9878	0	43500	33212	38744	
9879	0	43428	33545	38240	
9880	0	43364	33896	37924	
9881	0	43300	34176	37688	
9882	0	43236	34400	37320	
9883	0	43160	34600	36808	
9884	0	43088	34738	36164	
9885	0	43008	34872	35508	
9886	0	42940	35132	34800	
9887	0	42864	35369	34309	
9888	0	42788	35616	33964	
9889	0	42704	35908	33660	
9890	0	42640	36284	33416	
9891	0	42552	36628	33248	
9892	0	42476	36924	33048	
9893	0	42396	37096	32788	
9894	0	42312	37264	32556	
9895	0	42224	37280	32204	
9896	0	42152	37276	31836	
9897	0	42057	37220	31505	
9898	0	41976	37232	31208	
9899	0	41896	37148	31029	
9900	0	41808	37104	30996	
9901	0	41716	37020	31016	
9902	0	41632	36932	31100	
9903	0	41532	36820	31180	
9904	0	41444	36698	31284	
9905	0	41348	36560	31336	
9906	0	41256	36396	31404	
9907	0	41153	36192	31508	
9908	0	41072	35992	31680	
9909	0	40976	35788	31856	
9910	0	40876	35572	32036	
9911	0	40780	35296	32240	
9912	0	40688	34736	32517	
9913	0	40580	34236	33124	
9914	0	40480	33832	33354	
9915	0	40384	33528	33428	
9916	0	40276	33220	33384	
9917	0	40164	32816	33188	
9918	0	40060	32400	32992	
9919	0	39960	32080	33004	
9920	0	39856	31681	33096	
9921	0	39744	31288	33336	
9922	0	39632	30905	33664	
9923	0	39528	30476	34068	
9924	0	39412	29980	34376	
9925	0	39304	29412	34708	
9926	0	39196	28720	34952	
9927	0	39084	28025	35284	
9928	0	38968	27366	35680	
9929	0	38848	26774	36052	
9930	0	38732	26249	36412	
9931	0	38624	25772	37112	
9932	0	38500	24948	36644	
9933	0	38384	24576	37712	
9934	0	38260	23912	37628	
9935	0	38140	23324	37677	
9936	0	38020	22900	37696	
9937	0	37896	22500	37120	
9938	0	37776	22556	37384	
9939	0	37648	22636	37453	
9940	0	37528	22836	37440	
9941	0	37408	18661	38272	
9942	0	37284	20074	46376	
9943	0	37156	22124	46212	
9944	0	37024	20292	43384	
9945	0	36904	10419	35576	
9946	0	36780	12380	53940	
9947	0	36648	24168	42116	
9948	0	36516	24650	45660	
9949	0	36388	28256	44792	
9950	0	36254	33656	40240	
9951	0	36128	36914	36428	
9952	0	36000	38908	37889	
9953	0	35868	35644	37544	
9954	0	35728	34561	40032	
9955	0	35612	32044	40452	
9956	0	35480	28940	39280	
9957	0	35348	28652	38736	
9958	0	35216	29864	36444	
9959	0	35080	32048	34448	
9960	0	34948	32256	33458	
9961	0	34808	31492	33908	
9962	0	34688	30784	34392	
9963	0	34552	30950	34456	
9964	0	34414	31488	34664	
9965	0	34288	31808	35664	
9966	0	34152	31933	37104	
9967	0	34020	32148	38912	
9968	0	33889	32548	40144	
9969	0	33764	32832	40840	
9970	0	33620	32936	41224	
9971	0	33500	32952	41408	
9972	0	33360	32904	41128	
9973	0	33236	32876	40580	
9974	0	33104	32760	40000	
9975	0	32968	32600	39337	
9976	0	32836	32432	38804	
9977	0	32708	32324	38348	
9978	0	32576	32288	38060	
9979	0	32438	32308	37960	
9980	0	32308	32336	38008	
9981	0	32185	32416	38144	
9982	0	32048	32464	38280	
9983	0	31922	32516	38384	
9984	0	31792	32612	38444	
9985	0	31656	32544	38396	
9986	0	31532	32652	38552	
9987	0	31400	32628	38560	
9988	0	31284	32632	38592	
9989	0	31161	32668	38730	
9990	0	31028	32664	38784	
9991	0	30901	32684	38808	
9992	0	30772	32713	38824	
9993	0	30648	32706	38828	
9994	0	30528	32740	38960	
9995	0	30404	32704	38648	
9996	0	30276	32696	38892	
9997	0	30168	32648	38724	
9998	0	30040	32644	38704	
9999	0	29924	32641	38680	
10000	0	29805	32624	38792	
10001	0	29689	32616	38541	
10002	0	29576	32648	38608	
10003	0	29456	32672	38512	
10004	0	29344	32632	38456	
10005	0	29228	32624	38404	
10006	0	29120	32520	38332	
10007	0	29012	32512	38220	
10008	0	28896	32516	38108	
10009	0	28788	32548	38088	
10010	0	28688	32592	38157	
10011	0	28584	32553	38176	
10012	0	28472	32560	38301	
10013	0	28365	32568	38484	
10014	0	28272	32581	38596	
10015	0	28172	32620	38804	
10016	0	28068	32636	38840	
10017	0	27972	32696	38904	
10018	0	27872	32713	38908	
10019	0	27777	32696	38960	
10020	0	27680	32652	38928	
10021	0	27588	32589	38893	
10022	0	27495	32628	38812	
10023	0	27406	32648	38784	
10024	0	27309	32649	38752	
10025	0	27216	32684	38772	
10026	0	27136	32696	38820	
10027	0	27036	32672	38752	
10028	0	26952	32624	38720	
10029	0	26872	32628	38656	
10030	0	26784	32612	38648	
10031	0	26704	32608	38533	
10032	0	26621	32580	38448	
10033	0	26536	32512	38496	
10034	0	26460	32456	38348	
10035	0	26376	32353	38489	
10036	0	26292	32428	38104	
10037	0	26208	32364	38104	
10038	0	26136	32305	38088	
10039	0	26053	32293	37860	
10040	0	25988	32196	37972	
10041	0	25912	32220	37912	
10042	0	25832	32256	37960	
10043	0	25764	32213	38104	
10044	0	25684	32188	38164	
10045	0	25616	32196	38224	
10046	0	25548	32192	38164	
10047	0	25468	32180	38165	
10048	0	25402	32160	38280	
10049	0	25328	32264	38388	
10050	0	25264	32344	38552	
10051	0	25188	32340	38588	
10052	0	25120	32321	38684	
10053	0	25056	32301	38708	
10054	0	24992	32265	38790	
10055	0	24932	32364	38820	
10056	0	24864	32476	38688	
10057	0	24788	32556	38668	
10058	0	24737	32512	38556	
10059	0	24668	32464	38636	
10060	0	24601	32496	38644	
10061	0	24532	32404	38777	
10062	0	24477	32358	38996	
10063	0	24416	32328	39032	
10064	0	24357	32268	38924	
10065	0	24296	32180	38805	
10066	0	24229	32184	38684	
10067	0	24172	32276	38544	
10068	0	24116	32293	38576	
10069	0	24060	32216	38724	
10070	0	23998	32202	38676	
10071	0	23940	32168	38624	
10072	0	23888	32101	38586	
10073	0	23832	32088	38468	
10074	0	23777	32112	38392	
10075	0	23717	32132	38360	
10076	0	23668	32228	38368	
10077	0	23608	32216	38568	
10078	0	23556	32144	38688	
10079	0	23505	32120	38768	
10080	0	23452	32140	38864	
10081	0	23396	32173	39008	
10082	0	23348	32220	39060	
10083	0	23292	32276	39256	
10084	0	23240	32317	39417	
10085	0	23192	32297	39672	
10086	0	23134	32720	40112	
10087	0	23090	32416	40724	
10088	0	23049	32296	41440	
10089	0	22996	32008	41546	
10090	0	22956	32148	38864	
10091	0	22896	31913	46208	
10092	0	22858	32065	44156	
10093	0	22820	33372	42588	
10094	0	22765	32381	42696	
10095	0	22722	32472	43964	
10096	0	22684	32752	43836	
10097	0	22644	32661	43276	
10098	0	22600	32944	43204	
10099	0	22560	32756	43812	
10100	0	22524	32516	44840	
10101	0	22480	32400	44980	
10102	0	22444	32665	45072	
10103	0	22412	32629	45044	
10104	0	22376	32336	44884	
10105	0	22340	31976	45108	
10106	0	22300	31472	45336	
10107	0	22272	31149	45532	
10108	0	22244	30677	45576	
10109	0	22216	30029	45940	
10110	0	22188	30748	46496	
10111	0	22158	31008	46216	
10112	0	22129	30216	45480	
10113	0	22112	28922	44952	
10114	0	22092	24036	44065	
10115	0	22063	22964	43040	
10116	0	22044	26508	42800	
10117	0	22024	27276	44688	
10118	0	22012	26764	44952	
10119	0	21992	26957	44980	
10120	0	21988	27576	44820	
10121	0	21974	28181	44380	
10122	0	21960	28704	44336	
10123	0	21956	29153	44032	
10124	0	21948	29712	43876	
10125	0	21941	30328	43744	
10126	0	21937	30781	43568	
10127	0	21944	31200	43241	
10128	0	21945	31642	42888	
10129	0	21952	32020	42432	
10130	0	21952	32356	41984	
10131	0	21961	32792	41504	
10132	0	21972	33116	40936	
10133	0	21982	33360	40324	
10134	0	22000	33672	39744	
10135	0	22016	33945	39300	
10136	0	22034	34233	39052	
10137	0	22056	34416	38740	
10138	0	22080	34644	38436	
10139	0	22108	34904	38164	
10140	0	22132	35148	37820	
10141	0	22156	35348	37496	
10142	0	22190	35564	37188	
10143	0	22229	35776	36908	
10144	0	22260	35941	36680	
10145	0	22304	36048	36504	
10146	0	22349	36181	36408	
10147	0	22392	36240	36204	
10148	0	22424	36264	35824	
10149	0	22480	36289	35392	
10150	0	22536	36368	34904	
10151	0	22588	36420	34388	
10152	0	22638	36456	33993	
10153	0	22698	36480	33656	
10154	0	22754	36572	33404	
10155	0	22817	36600	33252	
10156	0	22878	36600	33152	
10157	0	22940	36560	33072	
10158	0	23013	36476	33016	
10159	0	23088	36432	32946	
10160	0	23156	36280	32748	
10161	0	23228	36212	32598	
10162	0	23304	36032	32352	
10163	0	23376	35952	32276	
10164	0	23456	35756	32096	
10165	0	23540	35632	32172	
10166	0	23620	35344	32048	
10167	0	23704	35208	32120	
10168	0	23792	35016	32264	
10169	0	23880	34692	32265	
10170	0	23968	34380	32408	
10171	0	24064	34032	32560	
10172	0	24148	33668	32672	
10173	0	24240	33292	33004	
10174	0	24332	32856	33080	
10175	0	24428	32456	33196	
10176	0	24522	32036	33352	
10177	0	24624	31328	33608	
10178	0	24720	31204	33736	
10179	0	24828	30576	34101	
10180	0	24920	29816	34604	
10181	0	25025	29220	34500	
10182	0	25128	28600	34980	
10183	0	25232	27572	35541	
10184	0	25340	25780	36368	
10185	0	25448	26032	36180	
10186	0	25548	25388	36546	
10187	0	25658	24549	36708	
10188	0	25760	23874	36900	
10189	0	25876	22758	37300	
10190	0	25980	22608	37012	
10191	0	26088	22216	37340	
10192	0	26208	21744	37621	
10193	0	26320	21500	37980	
10194	0	26428	21544	38388	
10195	0	26538	20800	38472	
10196	0	26664	21404	39292	
10197	0	26765	21252	39961	
10198	0	26880	17153	40284	
10199	0	26992	8107	52772	
10200	0	27108	18053	45636	
10201	0	27228	16652	49268	
10202	0	27344	11680	41744	
10203	0	27457	15333	40285	
10204	0	27584	23492	35740	
10205	0	27704	26584	37816	
10206	0	27812	29020	36800	
10207	0	27934	32516	37032	
10208	0	28052	33872	36080	
10209	0	28169	34196	35616	
10210	0	28289	34940	35146	
10211	0	28408	36056	35212	
10212	0	28528	36464	37248	
10213	0	28648	34105	43744	
10214	0	28768	29673	42192	
10215	0	28896	29240	44800	
10216	0	29012	28076	42292	
10217	0	29129	30109	38600	
10218	0	29256	32336	37781	
10219	0	29377	33188	36884	
10220	0	29497	33712	37060	
10221	0	29620	32924	37477	
10222	0	29741	32266	38000	
10223	0	29864	32220	38292	
10224	0	29988	32386	38714	
10225	0	30112	32042	39240	
10226	0	30228	31796	39589	
10227	0	30356	31972	39476	
10228	0	30476	32164	38836	
10229	0	30600	32172	38056	
10230	0	30720	32052	37700	
10231	0	30840	31988	37616	
10232	0	30968	31968	37720	
10233	0	31085	32012	37984	
10234	0	31208	31976	38284	
10235	0	31336	32001	38480	
10236	0	31456	32024	38512	
10237	0	31576	32052	38496	
10238	0	31689	32112	38344	
10239	0	31820	32112	38248	
10240	0	31936	32124	38076	
10241	0	32064	32001	38208	
10242	0	32184	32016	38168	
10243	0	32300	32072	38168	
10244	0	32436	32104	38296	
10245	0	32552	32148	38392	
10246	0	32672	32144	38436	
10247	0	32792	32176	38416	
10248	0	32928	32141	38428	
10249	0	33044	32146	38292	
10250	0	33169	32104	38336	
10251	0	33300	32160	38261	
10252	0	33428	32150	38296	
10253	0	33548	32144	38352	
10254	0	33680	32152	38360	
10255	0	33812	32092	38456	
10256	0	33940	32088	38316	
10257	0	34076	32008	38336	
10258	0	34208	32012	38284	
10259	0	34336	31992	38200	
10260	0	34464	31908	38169	
10261	0	34596	31876	38180	
10262	0	34742	31888	38176	
10263	0	34876	31812	38217	
10264	0	35008	31836	38248	
10265	0	35152	31881	38284	
10266	0	35296	31936	38340	
10267	0	35428	31893	38400	
10268	0	35580	31912	38409	
10269	0	35720	31896	38380	
10270	0	35860	31904	38364	
10271	0	36000	31956	38344	
10272	0	36148	31984	38336	
10273	0	36288	32032	38396	
10274	0	36428	32017	38397	
10275	0	36584	32032	38416	
10276	0	36724	32036	38468	
10277	0	36868	31940	38476	
10278	0	37008	31872	38420	
10279	0	37148	31840	38396	
10280	0	37296	31800	38352	
10281	0	37444	31752	38304	
10282	0	37581	31772	38328	
10283	0	37720	31798	38284	
10284	0	37864	31824	38316	
10285	0	38004	31808	38300	
10286	0	38144	31788	38308	
10287	0	38284	31732	38360	
10288	0	38424	31752	38388	
10289	0	38552	31764	38380	
10290	0	38692	31768	38348	
10291	0	38824	31798	38264	
10292	0	38960	31848	38172	
10293	0	39088	31828	38112	
10294	0	39208	31784	38153	
10295	0	39336	31768	38224	
10296	0	39456	31772	38208	
10297	0	39588	31780	38233	
10298	0	39712	31824	38302	
10299	0	39828	31872	38396	
10300	0	39936	31892	38476	
10301	0	40056	31844	38496	
10302	0	40176	31852	38452	
10303	0	40280	31812	38368	
10304	0	40388	31788	38249	
10305	0	40492	31808	38232	
10306	0	40600	31772	38360	
10307	0	40704	31873	38336	
10308	0	40792	31904	38384	
10309	0	40896	31912	38304	
10310	0	40984	31908	38348	
10311	0	41068	31920	38373	
10312	0	41168	31932	38392	
10313	0	41252	31896	38372	
10314	0	41340	31844	38372	
10315	0	41412	31796	38380	
10316	0	41484	31744	38364	
10317	0	41568	31758	38268	
10318	0	41636	31808	38248	
10319	0	41704	31884	38368	
10320	0	41764	31912	38493	
10321	0	41832	31912	38624	
10322	0	41888	31917	38684	
10323	0	41952	31948	38708	
10324	0	42000	31994	38712	
10325	0	42048	32024	38736	
10326	0	42092	31960	38812	
10327	0	42144	31942	38816	
10328	0	42180	31957	38928	
10329	0	42224	32048	39096	
10330	0	42252	32072	39320	
10331	0	42288	32044	39664	
10332	0	42316	32048	40012	
10333	0	42344	32168	40332	
10334	0	42360	32292	40292	
10335	0	42376	32240	40328	
10336	0	42400	32340	40632	
10337	0	42412	32344	40472	
10338	0	42420	32392	40688	
10339	0	42424	32378	41065	
10340	0	42432	32308	41344	
10341	0	42432	31896	41112	
10342	0	42432	31540	41312	
10343	0	42412	31332	42232	
10344	0	42408	31144	43236	
10345	0	42392	31528	41740	
10346	0	42388	31740	43716	
10347	0	42364	32132	42388	
10348	0	42348	31696	40724	
10349	0	42324	32736	42400	
10350	0	42288	31992	41184	
10351	0	42268	30752	42376	
10352	0	42228	30897	42824	
10353	0	42208	30752	42552	
10354	0	42160	30912	43112	
10355	0	42120	30768	43904	
10356	0	42072	31269	44976	
10357	0	42024	31076	46532	
10358	0	41972	30016	47532	
10359	0	41920	28049	48640	
10360	0	41868	26676	48688	
10361	0	41812	25288	45870	
10362	0	41744	22904	44940	
10363	0	41692	22428	45296	
10364	0	41624	24224	43648	
10365	0	41556	25808	47056	
10366	0	41480	25784	47996	
10367	0	41408	25612	48668	
10368	0	41336	25408	48456	
10369	0	41260	25268	48032	
10370	0	41186	26064	48784	
10371	0	41096	26882	48812	
10372	0	41024	27738	48628	
10373	0	40936	28473	48396	
10374	0	40852	29008	47876	
10375	0	40762	29510	47244	
10376	0	40672	29928	46748	
10377	0	40580	30389	46220	
10378	0	40488	30909	45712	
10379	0	40396	31448	45056	
10380	0	40304	31964	44420	
10381	0	40208	32496	43768	
10382	0	40100	33052	43060	
10383	0	40008	33600	42420	
10384	0	39900	34264	41833	
10385	0	39796	34830	40744	
10386	0	39696	35272	39992	
10387	0	39589	35772	39256	
10388	0	39492	36332	38317	
10389	0	39384	36712	37232	
10390	0	39268	36680	35784	
10391	0	39168	36876	34496	
10392	0	39060	37544	33944	
10393	0	38945	38032	33800	
10394	0	38832	38528	33756	
10395	0	38720	38928	34044	
10396	0	38608	39184	34468	
10397	0	38492	39340	34620	
10398	0	38380	39504	34518	
10399	0	38268	39568	34168	
10400	0	38152	39532	33596	
10401	0	38044	39476	32936	
10402	0	37921	39400	32268	
10403	0	37808	39300	31744	
10404	0	37688	39280	31482	
10405	0	37568	39292	31504	
10406	0	37452	39336	31688	
10407	0	37333	39344	31888	
10408	0	37216	39277	32072	
10409	0	37100	39128	32192	
10410	0	36984	38960	32281	
10411	0	36864	38640	32204	
10412	0	36744	38360	32224	
10413	0	36636	38093	32368	
10414	0	36512	37728	32492	
10415	0	36396	37392	32629	
10416	0	36272	36836	32536	
10417	0	36160	36484	32976	
10418	0	36036	35944	33160	
10419	0	35920	35568	33712	
10420	0	35808	35020	33832	
10421	0	35692	34468	33956	
10422	0	35572	33897	34168	
10423	0	35456	33156	34336	
10424	0	35336	32152	34417	
10425	0	35228	31228	35000	
10426	0	35104	30116	35316	
10427	0	34992	29104	35733	
10428	0	34880	28252	36577	
10429	0	34768	27117	36880	
10430	0	34648	25932	37373	
10431	0	34536	24524	37472	
10432	0	34422	23285	37948	
10433	0	34304	21818	37268	
10434	0	34196	21232	38317	
10435	0	34084	20537	38800	
10436	0	33976	19776	38806	
10437	0	33866	19304	39316	
10438	0	33752	18804	39428	
10439	0	33640	18472	39552	
10440	0	33528	18428	39692	
10441	0	33424	18608	39540	
10442	0	33320	18956	39344	
10443	0	33212	19448	39156	
10444	0	33108	20062	38944	
10445	0	32996	20729	38780	
10446	0	32900	21508	38588	
10447	0	32800	22280	38212	
10448	0	32684	23108	37676	
10449	0	32592	24072	37188	
10450	0	32484	25102	36576	
10451	0	32384	25792	36016	
10452	0	32288	23244	35680	
10453	0	32192	24208	41972	
10454	0	32092	26696	42916	
10455	0	32005	28696	35456	
10456	0	31908	25386	35788	
10457	0	31816	31716	44752	
10458	0	31720	34028	40768	
10459	0	31632	34960	38600	
10460	0	31544	35242	40092	
10461	0	31456	34356	41560	
10462	0	31368	33457	41972	
10463	0	31284	33136	40384	
10464	0	31204	31932	40016	
10465	0	31124	30920	40352	
10466	0	31040	31012	38748	
10467	0	30964	31516	37008	
10468	0	30884	31312	36088	
10469	0	30808	31068	35572	
10470	0	30740	30964	35600	
10471	0	30658	31240	36044	
10472	0	30592	31680	36320	
10473	0	30524	32150	37008	
10474	0	30456	32396	37944	
10475	0	30388	32493	38500	
10476	0	30336	32480	39052	
10477	0	30264	32464	39484	
10478	0	30196	32372	39520	
10479	0	30136	32328	39580	
10480	0	30080	32288	39369	
10481	0	30020	32265	39140	
10482	0	29968	32256	38928	
10483	0	29908	32250	38756	
10484	0	29856	32224	38584	
10485	0	29804	32264	38517	
10486	0	29746	32272	38500	
10487	0	29704	32292	38468	
10488	0	29648	32320	38568	
10489	0	29604	32306	38552	
10490	0	29552	32273	38564	
10491	0	29508	32276	38592	
10492	0	29464	32289	38492	
10493	0	29412	32320	38440	
10494	0	29376	32348	38389	
10495	0	29332	32365	38348	
10496	0	29292	32356	38381	
10497	0	29248	32312	38400	
10498	0	29212	32304	38348	
10499	0	29173	32276	38368	
10500	0	29136	32280	38316	
10501	0	29104	32276	38300	
10502	0	29058	32288	38296	
10503	0	29024	32268	38312	
10504	0	28984	32256	38396	
10505	0	28960	32320	38413	
10506	0	28920	32332	38454	
10507	0	28892	32312	38456	
10508	0	28860	32306	38496	
10509	0	28821	32284	38428	
10510	0	28788	32268	38336	
10511	0	28756	32241	38261	
10512	0	28724	32304	38208	
10513	0	28704	32240	38196	
10514	0	28662	32296	38276	
10515	0	28634	32297	38316	
10516	0	28604	32306	38393	
10517	0	28572	32333	38520	
10518	0	28537	32360	38548	
10519	0	28504	32352	38528	
10520	0	28476	32364	38557	
10521	0	28450	32338	38560	
10522	0	28418	32324	38552	
10523	0	28380	32380	38536	
10524	0	28352	32364	38512	
10525	0	28320	32352	38516	
10526	0	28292	32360	38528	
10527	0	28264	32360	38592	
10528	0	28232	32334	38673	
10529	0	28200	32286	38636	
10530	0	28169	32261	38528	
10531	0	28140	32216	38412	
10532	0	28104	32224	38361	
10533	0	28073	32232	38284	
10534	0	28040	32253	38253	
10535	0	28008	32240	38256	
10536	0	27973	32273	38324	
10537	0	27948	32244	38320	
10538	0	27908	32212	38429	
10539	0	27876	32252	38404	
10540	0	27844	32256	38272	
10541	0	27812	32244	38296	
10542	0	27785	32256	38316	
10543	0	27756	32264	38272	
10544	0	27716	32264	38192	
10545	0	27684	32248	38149	
10546	0	27652	32216	38080	
10547	0	27616	32104	38024	
10548	0	27584	32088	38144	
10549	0	27556	32197	38240	
10550	0	27524	32244	38348	
10551	0	27488	32238	38408	
10552	0	27460	32192	38368	
10553	0	27428	32212	38352	
10554	0	27400	32224	38352	
10555	0	27368	32220	38312	
10556	0	27340	32244	38276	
10557	0	27305	32266	38356	
10558	0	27280	32316	38496	
10559	0	27252	32284	38644	
10560	0	27220	32264	38628	
10561	0	27200	32272	38568	
10562	0	27168	32256	38476	
10563	0	27152	32268	38544	
10564	0	27120	32313	38572	
10565	0	27096	32320	38560	
10566	0	27072	32312	38556	
10567	0	27052	32260	38500	
10568	0	27028	32192	38456	
10569	0	27008	32184	38484	
10570	0	26973	32165	38437	
10571	0	26964	32096	38480	
10572	0	26948	32120	38448	
10573	0	26934	32169	38400	
10574	0	26924	32168	38348	
10575	0	26901	32152	38304	
10576	0	26892	32128	38352	
10577	0	26882	32112	38368	
10578	0	26865	32128	38436	
10579	0	26862	32176	38596	
10580	0	26852	32256	38792	
10581	0	26848	32298	38996	
10582	0	26840	32344	39120	
10583	0	26840	32340	39212	
10584	0	26840	32376	39277	
10585	0	26837	32384	39405	
10586	0	26840	32364	39416	
10587	0	26848	32349	39576	
10588	0	26848	32368	39996	
10589	0	26848	32305	40792	
10590	0	26860	32637	41593	
10591	0	26881	32749	42250	
10592	0	26884	32640	42768	
10593	0	26894	32608	42908	
10594	0	26904	32024	42832	
10595	0	26928	32736	42520	
10596	0	26948	31728	41144	
10597	0	26968	31216	43616	
10598	0	26992	31168	43664	
10599	0	27024	32940	42896	
10600	0	27040	32596	42260	
10601	0	27068	32052	41620	
10602	0	27104	31476	42032	
10603	0	27130	31044	42460	
10604	0	27166	30576	42688	
10605	0	27200	30344	43108	
10606	0	27237	30908	43456	
10607	0	27276	31236	44472	
10608	0	27320	30484	45168	
10609	0	27360	29744	45976	
10610	0	27405	28668	46701	
10611	0	27452	27568	46572	
10612	0	27494	26832	45976	
10613	0	27542	25548	44956	
10614	0	27596	24121	43512	
10615	0	27648	25500	44640	
10616	0	27700	26216	46316	
10617	0	27752	26412	47208	
10618	0	27804	26742	48000	
10619	0	27868	27315	48220	
10620	0	27920	27392	48180	
10621	0	27976	27837	48288	
10622	0	28037	28552	48028	
10623	0	28100	29244	47616	
10624	0	28169	29856	47156	
10625	0	28228	30392	46740	
10626	0	28292	30848	46312	
10627	0	28364	31304	45808	
10628	0	28426	31744	45176	
10629	0	28496	32185	44612	
10630	0	28560	32604	44016	
10631	0	28640	32897	43444	
10632	0	28708	33288	42856	
10633	0	28776	33644	42328	
10634	0	28852	33957	41784	
10635	0	28917	34258	41264	
10636	0	29004	34520	40452	
10637	0	29076	34778	39364	
10638	0	29156	35060	38216	
10639	0	29234	35385	37212	
10640	0	29304	35708	36572	
10641	0	29384	35960	36271	
10642	0	29460	36160	36112	
10643	0	29536	36304	36004	
10644	0	29624	36428	35948	
10645	0	29704	36552	35820	
10646	0	29776	36624	35616	
10647	0	29864	36633	35272	
10648	0	29944	36588	34896	
10649	0	30028	36584	34572	
10650	0	30108	36592	34224	
10651	0	30196	36630	33904	
10652	0	30272	36704	33565	
10653	0	30360	36748	33188	
10654	0	30444	36836	32860	
10655	0	30528	36893	32648	
10656	0	30612	36944	32548	
10657	0	30696	36981	32532	
10658	0	30784	36944	32512	
10659	0	30876	37000	32656	
10660	0	30952	36864	32544	
10661	0	31040	36736	32508	
10662	0	31125	36568	32572	
10663	0	31208	36408	32608	
10664	0	31296	36284	32685	
10665	0	31388	36012	32480	
10666	0	31472	35989	32712	
10667	0	31564	35748	32528	
10668	0	31652	35752	32705	
10669	0	31744	35425	32473	
10670	0	31832	35104	32304	
10671	0	31920	35004	32608	
10672	0	32000	34696	32628	
10673	0	32096	34440	32784	
10674	0	32176	34228	32872	
10675	0	32264	33992	32900	
10676	0	32364	33684	33028	
10677	0	32449	33252	32956	
10678	0	32528	32969	33468	
10679	0	32632	32420	33448	
10680	0	32712	31316	32612	
10681	0	32800	31040	34232	
10682	0	32888	30152	34456	
10683	0	32980	29286	34924	
10684	0	33072	28600	35880	
10685	0	33164	27796	36176	
10686	0	33252	26965	36644	
10687	0	33344	26120	36916	
10688	0	33433	25096	36452	
10689	0	33520	24462	37416	
10690	0	33616	23584	37312	
10691	0	33696	22956	37860	
10692	0	33796	22196	37816	
10693	0	33884	21644	38156	
10694	0	33968	21100	38096	
10695	0	34064	20728	38144	
10696	0	34152	20488	37828	
10697	0	34240	20404	37440	
10698	0	34332	20526	37208	
10699	0	34416	20725	36812	
10700	0	34508	21026	36344	
10701	0	34604	21536	35806	
10702	0	34688	22196	35272	
10703	0	34776	23024	34969	
10704	0	34869	24036	34832	
10705	0	34960	21796	35786	
10706	0	35044	17980	48080	
10707	0	35136	21488	49812	
10708	0	35220	20284	35224	
10709	0	35308	12270	50861	
10710	0	35397	27588	35136	
10711	0	35488	32096	46228	
10712	0	35584	34528	36440	
10713	0	35670	37408	39453	
10714	0	35756	36456	39344	
10715	0	35852	34944	39124	
10716	0	35940	34092	41168	
10717	0	36024	32064	41856	
10718	0	36113	30776	41480	
10719	0	36208	31104	40696	
10720	0	36288	31524	39324	
10721	0	36384	31808	38152	
10722	0	36468	31896	37584	
10723	0	36560	31832	37112	
10724	0	36648	31765	36756	
10725	0	36737	31776	36426	
10726	0	36824	31968	36520	
10727	0	36924	32074	37106	
10728	0	37012	32044	37760	
10729	0	37104	32116	38356	
10730	0	37200	32256	38909	
10731	0	37292	32308	39500	
10732	0	37380	32293	39960	
10733	0	37476	32364	40160	
10734	0	37568	32320	40048	
10735	0	37656	32332	39804	
10736	0	37748	32312	39416	
10737	0	37836	32276	39161	
10738	0	37940	32192	38745	
10739	0	38021	32136	38520	
10740	0	38116	32074	38288	
10741	0	38208	32056	38148	
10742	0	38296	32040	38100	
10743	0	38380	32036	38124	
10744	0	38466	32052	38228	
10745	0	38552	32072	38245	
10746	0	38648	32136	38260	
10747	0	38732	32128	38284	
10748	0	38812	32184	38280	
10749	0	38900	32200	38352	
10750	0	38976	32208	38400	
10751	0	39060	32226	38432	
10752	0	39136	32096	38384	
10753	0	39212	32156	38428	
10754	0	39284	32256	38476	
10755	0	39368	32165	38637	
10756	0	39444	32172	38624	
10757	0	39520	32192	38617	
10758	0	39588	32192	38532	
10759	0	39656	32256	38608	
10760	0	39720	32252	38528	
10761	0	39789	32280	38504	
10762	0	39852	32260	38548	
10763	0	39920	32240	38584	
10764	0	39988	32184	38637	
10765	0	40040	32192	38665	
10766	0	40100	32224	38648	
10767	0	40144	32208	38528	
10768	0	40197	32196	38304	
10769	0	40260	32152	38148	
10770	0	40300	32120	38100	
10771	0	40352	32080	38064	
10772	0	40392	32044	38012	
10773	0	40440	32088	38024	
10774	0	40480	32144	38048	
10775	0	40516	32220	38112	
10776	0	40556	32180	38272	
10777	0	40588	32164	38436	
10778	0	40620	32164	38544	
10779	0	40644	32180	38528	
10780	0	40674	32224	38588	
10781	0	40700	32224	38556	
10782	0	40725	32252	38516	
10783	0	40740	32280	38452	
10784	0	40761	32296	38416	
10785	0	40772	32308	38444	
10786	0	40788	32300	38528	
10787	0	40800	32308	38576	
10788	0	40804	32312	38724	
10789	0	40804	32274	38756	
10790	0	40812	32256	38656	
10791	0	40816	32220	38496	
10792	0	40812	32196	38404	
10793	0	40804	32224	38352	
10794	0	40796	32228	38360	
10795	0	40781	32213	38400	
10796	0	40772	32216	38412	
10797	0	40756	32193	38456	
10798	0	40736	32196	38432	
10799	0	40716	32184	38368	
10800	0	40700	32158	38316	
10801	0	40664	32160	38232	
10802	0	40644	32180	38224	
10803	0	40608	32196	38220	
10804	0	40572	32155	38212	
10805	0	40540	32120	38196	
10806	0	40504	32120	38148	
10807	0	40460	32128	38040	
10808	0	40416	32097	37920	
10809	0	40364	32124	37858	
10810	0	40313	32140	37864	
10811	0	40264	32124	37921	
10812	0	40216	32148	38096	
10813	0	40160	32224	38208	
10814	0	40100	32244	38340	
10815	0	40036	32240	38496	
10816	0	39976	32256	38708	
10817	0	39908	32261	38868	
10818	0	39848	32264	38912	
10819	0	39772	32268	39008	
10820	0	39700	32268	38980	
10821	0	39628	32273	39100	
10822	0	39548	32260	39190	
10823	0	39472	32284	39160	
10824	0	39388	32320	39012	
10825	0	39312	32340	39008	
10826	0	39228	32353	39004	
10827	0	39144	32328	39172	
10828	0	39056	32340	39296	
10829	0	38972	32346	39380	
10830	0	38884	32356	39468	
10831	0	38792	32396	39604	
10832	0	38696	32404	39724	
10833	0	38604	32388	39828	
10834	0	38512	32389	39852	
10835	0	38412	33210	40088	
10836	0	38320	32440	39768	
10837	0	38216	32532	39836	
10838	0	38120	32540	39953	
10839	0	38016	32596	40392	
10840	0	37920	32576	41312	
10841	0	37816	32504	42184	
10842	0	37720	32416	42836	
10843	0	37604	32420	42593	
10844	0	37508	31944	42616	
10845	0	37404	31700	42672	
10846	0	37296	31136	42536	
10847	0	37192	31136	42820	
10848	0	37084	31460	40992	
10849	0	36976	29497	38428	
10850	0	36864	34880	45408	
10851	0	36756	32877	44840	
10852	0	36648	33152	44041	
10853	0	36536	31864	43064	
10854	0	36432	31376	42732	
10855	0	36312	31396	43816	
10856	0	36204	30992	44584	
10857	0	36088	30640	44017	
10858	0	35976	30580	43560	
10859	0	35868	30496	44020	
10860	0	35748	30700	44860	
10861	0	35628	31292	45708	
10862	0	35512	31622	46244	
10863	0	35400	30864	46580	
10864	0	35276	30720	46332	
10865	0	35160	29860	46160	
10866	0	35052	28520	45640	
10867	0	34936	27617	45788	
10868	0	34810	26928	45472	
10869	0	34700	26720	44644	
10870	0	34580	24517	44088	
10871	0	34460	24014	41801	
10872	0	34344	26049	42768	
10873	0	34220	27238	42472	
10874	0	34104	27536	42624	
10875	0	33984	27665	43508	
10876	0	33872	27832	44188	
10877	0	33752	28456	44724	
10878	0	33640	29016	45028	
10879	0	33516	29389	45188	
10880	0	33396	29720	45152	
10881	0	33281	30178	44893	
10882	0	33168	30596	44416	
10883	0	33060	30905	43772	
10884	0	32936	31180	43188	
10885	0	32828	31416	42568	
10886	0	32704	31672	41740	
10887	0	32592	31988	40852	
10888	0	32476	32361	39908	
10889	0	32372	32832	39104	
10890	0	32256	33284	38504	
10891	0	32144	33672	38136	
10892	0	32032	27757	39940	
10893	0	31930	35736	35120	
10894	0	31820	23978	45424	
10895	0	31712	25688	21808	
10896	0	31604	38312	35448	
10897	0	31501	38544	36204	
10898	0	31392	35884	31716	
10899	0	31292	37848	35620	
10900	0	31192	38204	38272	
10901	0	31092	37056	37128	
10902	0	30996	37341	38196	
10903	0	30896	37328	37904	
10904	0	30788	37044	36808	
10905	0	30700	36984	35376	
10906	0	30608	37048	34196	
10907	0	30512	37172	33540	
10908	0	30417	37132	33375	
10909	0	30324	37128	33128	
10910	0	30236	37408	32832	
10911	0	30145	37700	32632	
10912	0	30060	37948	32805	
10913	0	29972	38100	33032	
10914	0	29888	38180	33376	
10915	0	29804	38220	33684	
10916	0	29716	38260	34020	
10917	0	29640	38232	34207	
10918	0	29548	38092	34192	
10919	0	29480	37920	34000	
10920	0	29392	37708	33704	
10921	0	29320	37496	33296	
10922	0	29248	37405	32900	
10923	0	29168	37340	32576	
10924	0	29092	37288	32384	
10925	0	29024	37256	32352	
10926	0	28948	37264	32432	
10927	0	28872	37256	32648	
10928	0	28804	37188	32904	
10929	0	28736	37094	33120	
10930	0	28668	36876	33280	
10931	0	28602	36572	33404	
10932	0	28540	36224	33592	
10933	0	28478	35900	33888	
10934	0	28412	35588	34253	
10935	0	28344	35296	34696	
10936	0	28288	34968	35136	
10937	0	28220	34496	35564	
10938	0	28164	33880	35780	
10939	0	28104	33160	35976	
10940	0	28048	32322	36304	
10941	0	27988	31464	36876	
10942	0	27936	30170	37668	
10943	0	27882	28928	38784	
10944	0	27832	27684	39873	
10945	0	27780	26661	40588	
10946	0	27728	25880	40888	
10947	0	27680	25176	41064	
10948	0	27628	24484	40972	
10949	0	27584	23800	40640	
10950	0	27536	23252	40384	
10951	0	27500	22858	39924	
10952	0	27448	22604	39408	
10953	0	27408	22440	38944	
10954	0	27372	22448	38720	
10955	0	27328	22560	38664	
10956	0	27296	22660	38760	
10957	0	27260	22688	39108	
10958	0	27232	22636	39316	
10959	0	27189	22610	39396	
10960	0	27172	22569	39292	
10961	0	27140	22556	38980	
10962	0	27116	22608	38580	
10963	0	27088	22624	38177	
10964	0	27064	22636	37804	
10965	0	27052	22796	37484	
10966	0	27029	23056	37224	
10967	0	27016	23440	37008	
10968	0	27008	23973	36780	
10969	0	26993	24609	36448	
10970	0	26984	25060	38440	
10971	0	26985	14018	36672	
10972	0	26977	23661	34884	
10973	0	26978	34420	48604	
10974	0	26980	31524	36560	
10975	0	26992	33169	50932	
10976	0	26992	36560	50732	
10977	0	27000	35168	47720	
10978	0	27015	32624	46156	
10979	0	27032	32836	42832	
10980	0	27040	33180	37472	
10981	0	27065	32897	35368	
10982	0	27096	31964	35776	
10983	0	27114	31488	36297	
10984	0	27145	31709	37140	
10985	0	27176	31864	37440	
10986	0	27216	32448	37812	
10987	0	27252	32616	38528	
10988	0	27288	32756	39428	
10989	0	27332	32908	39724	
10990	0	27377	32856	39812	
10991	0	27432	31937	39860	
10992	0	27480	31961	39088	
10993	0	27536	31660	38104	
10994	0	27582	31620	38008	
10995	0	27644	31844	37816	
10996	0	27706	32300	37700	
10997	0	27760	32504	38524	
10998	0	27832	32540	38920	
10999	0	27896	32616	38865	
11000	0	27972	32636	38628	
11001	0	28032	32512	38424	
11002	0	28106	32464	38280	
11003	0	28176	32528	38261	
11004	0	28260	32608	38328	
11005	0	28336	32656	38413	
11006	0	28404	32688	38428	
11007	0	28492	32596	38436	
11008	0	28573	32696	38312	
11009	0	28656	32576	38241	
11010	0	28744	32504	38236	
11011	0	28832	32485	38208	
11012	0	28920	32500	38280	
11013	0	29012	32512	38293	
11014	0	29101	32432	38348	
11015	0	29200	32496	38268	
11016	0	29292	32480	38220	
11017	0	29385	32416	38292	
11018	0	29492	32394	38272	
11019	0	29580	32420	38296	
11020	0	29684	32426	38300	
11021	0	29788	32464	38284	
11022	0	29884	32460	38268	
11023	0	30000	32472	38252	
11024	0	30101	32506	38272	
11025	0	30204	32484	38336	
11026	0	30312	32492	38365	
11027	0	30432	32492	38452	
11028	0	30533	32481	38468	
11029	0	30648	32477	38464	
11030	0	30756	32484	38380	
11031	0	30872	32493	38308	
11032	0	30988	32480	38340	
11033	0	31104	32472	38320	
11034	0	31226	32470	38337	
11035	0	31336	32469	38348	
11036	0	31452	32496	38344	
11037	0	31568	32522	38364	
11038	0	31688	32513	38393	
11039	0	31812	32512	38420	
11040	0	31921	32500	38436	
11041	0	32044	32500	38396	
11042	0	32160	32492	38300	
11043	0	32288	32452	38324	
11044	0	32406	32480	38309	
11045	0	32528	32512	38272	
11046	0	32640	32492	38320	
11047	0	32769	32500	38304	
11048	0	32888	32541	38292	
11049	0	33008	32428	38420	
11050	0	33124	32456	38256	
11051	0	33248	32520	38080	
11052	0	33364	32473	38316	
11053	0	33480	32576	37981	
11054	0	33594	32408	38484	
11055	0	33713	32396	38484	
11056	0	33832	32281	38592	
11057	0	33940	32328	38560	
11058	0	34056	32425	38372	
11059	0	34172	32308	38484	
11060	0	34292	32384	38440	
11061	0	34388	32192	38486	
11062	0	34504	32140	38420	
11063	0	34620	32208	38501	
11064	0	34716	32176	38480	
11065	0	34828	32092	38420	
11066	0	34936	32072	38341	
11067	0	35040	32032	38312	
11068	0	35148	32068	38172	
11069	0	35248	32168	38064	
11070	0	35340	32176	37962	
11071	0	35444	32160	38032	
11072	0	35544	32132	38164	
11073	0	35636	32072	38256	
11074	0	35736	32024	38228	
11075	0	35832	32040	38160	
11076	0	35916	32016	38080	
11077	0	36012	32044	38164	
11078	0	36108	32132	38292	
11079	0	36189	32112	38480	
11080	0	36280	32116	38496	
11081	0	36364	32092	38448	
11082	0	36448	32068	38356	
11083	0	36532	32004	38388	
11084	0	36616	31972	38328	
11085	0	36700	31962	38297	
11086	0	36776	31952	38324	
11087	0	36844	31920	38372	
11088	0	36928	31856	38272	
11089	0	37008	31884	38280	
11090	0	37080	31888	38304	
11091	0	37152	31916	38420	
11092	0	37216	31897	38349	
11093	0	37292	31916	38436	
11094	0	37372	31964	38476	
11095	0	37432	31972	38500	
11096	0	37508	31968	38580	
11097	0	37568	31938	38532	
11098	0	37636	31992	38872	
11099	0	37708	31944	38664	
11100	0	37768	31908	38624	
11101	0	37828	31916	38576	
11102	0	37888	31880	38708	
11103	0	37952	31824	38657	
11104	0	38016	31856	38540	
11105	0	38076	31876	38748	
11106	0	38128	31816	38916	
11107	0	38188	31888	38500	
11108	0	38248	31652	38716	
11109	0	38300	31821	38777	
11110	0	38356	31752	39040	
11111	0	38412	31844	39240	
11112	0	38464	31978	39112	
11113	0	38512	32060	39312	
11114	0	38572	31276	39896	
11115	0	38616	31464	39004	
11116	0	38668	32288	38800	
11117	0	38712	31948	33672	
11118	0	38764	29988	48440	
11119	0	38820	30365	35756	
11120	0	38860	32208	45568	
11121	0	38908	31324	40052	
11122	0	38948	32496	41356	
11123	0	38988	31028	40616	
11124	0	39032	32552	39261	
11125	0	39072	30984	41789	
11126	0	39112	32364	37540	
11127	0	39152	31116	42780	
11128	0	39204	31936	38684	
11129	0	39233	31100	43616	
11130	0	39272	31308	41252	
11131	0	39316	31056	43240	
11132	0	39344	31008	44289	
11133	0	39384	30882	42448	
11134	0	39420	30948	45224	
11135	0	39456	31332	44500	
11136	0	39488	31098	45220	
11137	0	39512	31845	45412	
11138	0	39556	31792	45228	
11139	0	39592	32462	45672	
11140	0	39620	31352	45488	
11141	0	39648	32776	45900	
11142	0	39684	32172	46608	
11143	0	39720	32812	46196	
11144	0	39736	32772	45956	
11145	0	39780	33109	46156	
11146	0	39804	33424	46112	
11147	0	39832	33989	45804	
11148	0	39852	34716	45168	
11149	0	39884	35104	44744	
11150	0	39912	34684	44316	
11151	0	39936	32324	44468	
11152	0	39956	31188	43168	
11153	0	39984	31368	40073	
11154	0	40004	31676	39956	
11155	0	40032	33212	41933	
11156	0	40052	35972	42632	
11157	0	40068	37600	41468	
11158	0	40096	38524	39692	
11159	0	40104	39556	40976	
11160	0	40132	40768	40668	
11161	0	40152	41228	39308	
11162	0	40152	40624	36992	
11163	0	40184	40128	36376	
11164	0	40192	41200	36608	
11165	0	40208	42600	35860	
11166	0	40224	42584	35404	
11167	0	40232	41988	34480	
11168	0	40248	41728	34372	
11169	0	40260	41584	34960	
11170	0	40264	41320	35193	
11171	0	40276	41316	35388	
11172	0	40280	41396	35540	
11173	0	40284	41324	35444	
11174	0	40292	41240	35304	
11175	0	40288	41072	35400	
11176	0	40288	40816	35476	
11177	0	40296	40505	35596	
11178	0	40292	40248	35653	
11179	0	40288	40032	35648	
11180	0	40288	39852	35534	
11181	0	40292	39656	35468	
11182	0	40280	39476	35600	
11183	0	40272	39180	35924	
11184	0	40260	38948	36460	
11185	0	40252	38741	37140	
11186	0	40233	38492	37668	
11187	0	40224	38236	38168	
11188	0	40216	37972	38684	
11189	0	40184	37736	39052	
11190	0	40176	37533	39372	
11191	0	40148	37416	39480	
11192	0	40128	37220	39564	
11193	0	40112	37088	39972	
11194	0	40088	36960	40112	
11195	0	40060	36768	40444	
11196	0	40033	36604	40829	
11197	0	40000	36468	41216	
11198	0	39972	36304	41212	
11199	0	39944	36156	42932	
11200	0	39908	35936	42256	
11201	0	39865	35632	42340	
11202	0	39840	35300	43636	
11203	0	39784	35052	44968	
11204	0	39764	34400	44124	
11205	0	39712	33766	43860	
11206	0	39672	33352	44572	
11207	0	39628	32632	43780	
11208	0	39580	32120	43728	
11209	0	39528	31592	43588	
11210	0	39492	31097	44240	
11211	0	39432	30294	43117	
11212	0	39384	29669	42980	
11213	0	39325	29376	43124	
11214	0	39280	28968	43284	
11215	0	39224	28656	43984	
11216	0	39172	28206	42852	
11217	0	39104	27856	42632	
11218	0	39060	27486	42052	
11219	0	38992	27076	41340	
11220	0	38932	26621	40648	
11221	0	38876	26084	40140	
11222	0	38808	25598	39720	
11223	0	38745	25188	39336	
11224	0	38680	24880	38888	
11225	0	38612	24656	38548	
11226	0	38552	24553	38324	
11227	0	38484	24536	38201	
11228	0	38420	24644	38056	
11229	0	38348	24813	38020	
11230	0	38269	25064	42176	
11231	0	38200	24208	40046	
11232	0	38128	24854	38232	
11233	0	38060	25113	36928	
11234	0	37989	25484	36888	
11235	0	37908	25332	37128	
11236	0	37840	25592	37144	
11237	0	37764	26184	36724	
11238	0	37684	26816	36948	
11239	0	37612	26632	36681	
11240	0	37540	25188	35284	
11241	0	37458	24612	37728	
11242	0	37380	26408	39624	
11243	0	37308	30076	38956	
11244	0	37232	31252	41344	
11245	0	37156	32605	44876	
11246	0	37080	34696	45592	
11247	0	36996	34740	43100	
11248	0	36920	33828	39288	
11249	0	36841	33452	37612	
11250	0	36766	29860	40544	
11251	0	36680	30012	39872	
11252	0	36600	29872	40364	
11253	0	36532	30336	39768	
11254	0	36436	30804	37504	
11255	0	36372	30673	37168	
11256	0	36284	32421	37964	
11257	0	36212	33428	38508	
11258	0	36136	33344	38653	
11259	0	36044	32505	38672	
11260	0	35972	30676	37920	
11261	0	35904	31164	37652	
11262	0	35820	31280	37772	
11263	0	35744	31337	37944	
11264	0	35664	31704	38140	
11265	0	35586	32196	38172	
11266	0	35508	32417	38280	
11267	0	35432	32288	38216	
11268	0	35360	32085	38100	
11269	0	35272	32104	38069	
11270	0	35200	32204	38216	
11271	0	35120	32312	38296	
11272	0	35044	32328	38420	
11273	0	34964	32336	38432	
11274	0	34892	32312	38416	
11275	0	34824	32356	38380	
11276	0	34744	32361	38404	
11277	0	34657	32308	38396	
11278	0	34584	32333	38357	
11279	0	34505	32340	38336	
11280	0	34433	32324	38320	
11281	0	34356	32312	38284	
11282	0	34276	32372	38304	
11283	0	34204	32388	38384	
11284	0	34125	32457	38468	
11285	0	34052	32436	38480	
11286	0	33972	32432	38436	
11287	0	33889	32433	38533	
11288	0	33816	32436	38413	
11289	0	33740	32440	38364	
11290	0	33664	32392	38284	
11291	0	33584	32336	38444	
11292	0	33504	32424	38218	
11293	0	33424	32404	38228	
11294	0	33344	32384	38360	
11295	0	33273	32452	38232	
11296	0	33188	32436	38280	
11297	0	33112	32452	38236	
11298	0	33040	32372	38320	
11299	0	32952	32432	38244	
11300	0	32876	32420	38316	
11301	0	32796	32356	38292	
11302	0	32704	32420	38220	
11303	0	32626	32404	38340	
11304	0	32545	32385	38320	
11305	0	32468	32396	38312	
11306	0	32382	32380	38252	
11307	0	32296	32413	38284	
11308	0	32216	32428	38344	
11309	0	32132	32424	38392	
11310	0	32048	32416	38328	
11311	0	31961	32404	38288	
11312	0	31876	32392	38332	
11313	0	31792	32388	38300	
11314	0	31704	32468	38308	
11315	0	31617	32476	38372	
11316	0	31536	32472	38404	
11317	0	31444	32465	38416	
11318	0	31364	32533	38464	
11319	0	31276	32512	38409	
11320	0	31192	32468	38340	
11321	0	31104	32400	38336	
11322	0	31016	32412	38322	
11323	0	30924	32420	38316	
11324	0	30840	32388	38392	
11325	0	30752	32456	38464	
11326	0	30664	32386	38308	
11327	0	30580	32336	38328	
11328	0	30492	32364	38296	
11329	0	30400	32340	38212	
11330	0	30316	32316	38234	
11331	0	30228	32346	38236	
11332	0	30164	32313	38238	
11333	0	30064	32314	38244	
11334	0	29980	32336	38264	
11335	0	29892	32388	38388	
11336	0	29808	32276	38272	
11337	0	29728	32281	38288	
11338	0	29640	32308	38404	
11339	0	29560	32320	38468	
11340	0	29476	32288	38388	
11341	0	29392	32316	38416	
11342	0	29312	32276	38416	
11343	0	29232	32289	38480	
11344	0	29156	32340	38492	
11345	0	29068	32296	38496	
11346	0	29000	32344	38396	
11347	0	28912	32300	38460	
11348	0	28841	32344	38436	
11349	0	28768	32408	38340	
11350	0	28692	32394	38484	
11351	0	28608	32412	38444	
11352	0	28548	32396	38448	
11353	0	28460	32384	38520	
11354	0	28396	32352	38668	
11355	0	28320	32298	38648	
11356	0	28256	32260	38516	
11357	0	28184	32200	38584	
11358	0	28112	32116	38361	
11359	0	28044	32168	38432	
11360	0	27976	32132	38424	
11361	0	27920	32157	38368	
11362	0	27848	32228	38552	
11363	0	27788	32138	38464	
11364	0	27724	32045	38564	
11365	0	27656	32036	38600	
11366	0	27596	32005	38572	
11367	0	27536	32000	38752	
11368	0	27476	31961	38792	
11369	0	27416	31868	38676	
11370	0	27357	31940	38696	
11371	0	27305	31888	39044	
11372	0	27252	31884	39256	
11373	0	27200	31692	39224	
11374	0	27136	31834	39176	
11375	0	27085	31744	38916	
11376	0	27032	31917	38813	
11377	0	26981	32184	39088	
11378	0	26932	32100	39169	
11379	0	26881	32105	39536	
11380	0	26832	32036	39037	
11381	0	26784	30972	45296	
11382	0	26736	33232	46836	
11383	0	26692	33225	36820	
11384	0	26644	32278	39780	
11385	0	26600	31360	42709	
11386	0	26552	32336	42784	
11387	0	26508	32232	44988	
11388	0	26468	32072	42256	
11389	0	26424	31986	43292	
11390	0	26384	31866	42128	
11391	0	26340	31876	44088	
11392	0	26300	31712	42880	
11393	0	26253	32094	43812	
11394	0	26218	31040	43448	
11395	0	26182	31768	43276	
11396	0	26138	31044	45104	
11397	0	26102	31104	44632	
11398	0	26066	30489	45148	
11399	0	26024	30024	45652	
11400	0	25988	29804	45436	
11401	0	25956	30240	45901	
11402	0	25920	31984	45000	
11403	0	25884	31548	44632	
11404	0	25856	31764	45248	
11405	0	25824	31792	46032	
11406	0	25789	32638	47304	
11407	0	25760	32648	47500	
11408	0	25722	32276	46756	
11409	0	25696	31388	45541	
11410	0	25668	30548	45248	
11411	0	25644	30248	44776	
11412	0	25612	30053	43600	
11413	0	25592	28196	42136	
11414	0	25568	27112	39952	
11415	0	25554	25200	38800	
11416	0	25528	26321	42228	
11417	0	25514	27037	39200	
11418	0	25500	29856	42636	
11419	0	25484	30714	42992	
11420	0	25472	30848	43212	
11421	0	25462	31300	43176	
11422	0	25456	31608	43191	
11423	0	25456	31849	42908	
11424	0	25448	31684	41784	
11425	0	25452	31732	41588	
11426	0	25452	31840	41416	
11427	0	25456	32032	41080	
11428	0	25464	32288	40356	
11429	0	25476	32418	39604	
11430	0	25486	32640	39233	
11431	0	25504	32940	38868	
11432	0	25516	33304	38580	
11433	0	25545	33604	38304	
11434	0	25568	33842	38073	
11435	0	25597	34048	37760	
11436	0	25620	34240	37440	
11437	0	25656	34408	37168	
11438	0	25696	34572	36904	
11439	0	25728	34712	36636	
11440	0	25768	34840	36332	
11441	0	25816	34912	35981	
11442	0	25872	35017	35572	
11443	0	25912	35168	35156	
11444	0	25961	35312	34748	
11445	0	26020	35400	34484	
11446	0	26080	35513	34268	
11447	0	26137	35584	34124	
11448	0	26200	35624	33938	
11449	0	26264	35669	33764	
11450	0	26328	35716	33613	
11451	0	26400	35732	33464	
11452	0	26468	35756	33305	
11453	0	26544	35800	33140	
11454	0	26616	35828	33020	
11455	0	26690	35880	32901	
11456	0	26760	35889	32792	
11457	0	26848	35912	32700	
11458	0	26927	35908	32676	
11459	0	27006	35908	32700	
11460	0	27090	35904	32748	
11461	0	27173	35884	32797	
11462	0	27256	35832	32840	
11463	0	27340	35744	32933	
11464	0	27425	35684	33021	
11465	0	27508	35556	33088	
11466	0	27592	35444	33145	
11467	0	27680	35276	33208	
11468	0	27769	35072	33270	
11469	0	27856	34836	33276	
11470	0	27936	34500	33344	
11471	0	28032	34148	33420	
11472	0	28117	33741	33492	
11473	0	28204	33316	33600	
11474	0	28293	32805	33720	
11475	0	28377	32264	33806	
11476	0	28464	31601	33792	
11477	0	28553	30960	33956	
11478	0	28644	30176	34140	
11479	0	28732	29188	34312	
11480	0	28828	28384	34876	
11481	0	28880	27392	35364	
11482	0	28992	26552	36113	
11483	0	29078	25696	36760	
11484	0	29168	24956	37440	
11485	0	29248	24172	37732	
11486	0	29332	23396	37860	
11487	0	29416	22728	37860	
11488	0	29496	22206	37736	
11489	0	29588	21880	37428	
11490	0	29672	21828	37066	
11491	0	29752	22040	36772	
11492	0	29840	22272	36544	
11493	0	29920	22585	36480	
11494	0	30000	22916	36492	
11495	0	30084	23240	36556	
11496	0	30164	23582	36532	
11497	0	30252	23839	36292	
11498	0	30324	24080	35868	
11499	0	30408	24384	35468	
11500	0	30488	21748	34072	
11501	0	30576	11933	51136	
11502	0	30648	11480	43264	
11503	0	30728	20788	45244	
11504	0	30808	21554	41856	
11505	0	30892	17741	41820	
11506	0	30968	25634	42096	
11507	0	31052	30229	35612	
11508	0	31128	37076	33184	
11509	0	31216	37704	36500	
11510	0	31292	40288	40332	
11511	0	31376	35448	40732	
11512	0	31452	34232	43160	
11513	0	31540	32304	43336	
11514	0	31613	31162	42496	
11515	0	31689	29332	40244	
11516	0	31781	30416	38236	
11517	0	31868	30840	36140	
11518	0	31940	31424	34784	
11519	0	32032	31481	34077	
11520	0	32116	31786	33936	
11521	0	32192	32354	34960	
11522	0	32280	32505	37016	
11523	0	32366	32676	39708	
11524	0	32448	32809	41441	
11525	0	32537	32796	41956	
11526	0	32624	32600	41312	
11527	0	32714	32456	40180	
11528	0	32808	32368	38901	
11529	0	32894	32372	37880	
11530	0	32984	32462	37408	
11531	0	33076	32472	37580	
11532	0	33168	32384	38036	
11533	0	33260	32312	38496	
11534	0	33352	32256	38797	
11535	0	33452	32276	38840	
11536	0	33556	32328	38644	
11537	0	33640	32404	38408	
11538	0	33736	32308	38158	
11539	0	33832	32276	38092	
11540	0	33940	32224	38200	
11541	0	34045	32196	38372	
11542	0	34136	32284	38504	
11543	0	34240	32356	38504	
11544	0	34328	32345	38560	
11545	0	34448	32332	38572	
11546	0	34552	32244	38580	
11547	0	34656	32240	38516	
11548	0	34760	32172	38460	
11549	0	34872	32100	38508	
11550	0	34976	32144	38346	
11551	0	35088	32125	38516	
11552	0	35196	32097	38720	
11553	0	35296	32088	38584	
11554	0	35412	31976	38617	
11555	0	35524	31952	38500	
11556	0	35632	31816	38514	
11557	0	35740	31784	38496	
11558	0	35853	31632	38440	
11559	0	35968	31764	38476	
11560	0	36082	31824	38500	
11561	0	36196	31848	38448	
11562	0	36312	31884	38416	
11563	0	36416	31836	38348	
11564	0	36532	31794	38248	
11565	0	36659	31773	38212	
11566	0	36756	31764	38217	
11567	0	36872	31716	38228	
11568	0	36980	31700	38304	
11569	0	37096	31804	38040	
11570	0	37212	31800	37892	
11571	0	37324	31808	37932	
11572	0	37436	31784	38028	
11573	0	37552	31732	38145	
11574	0	37652	31700	38144	
11575	0	37776	31692	38208	
11576	0	37872	31704	38116	
11577	0	37992	31720	37968	
11578	0	38100	31644	37940	
11579	0	38204	31544	37792	
11580	0	38316	31520	37680	
11581	0	38416	31565	37492	
11582	0	38528	31570	37452	
11583	0	38628	31584	37476	
11584	0	38732	31517	37533	
11585	0	38836	31434	37620	
11586	0	38925	31441	37700	
11587	0	39040	31460	37876	
11588	0	39136	31556	38005	
11589	0	39240	31592	38108	
11590	0	39336	31644	38128	
11591	0	39432	31728	38144	
11592	0	39525	31764	38200	
11593	0	39601	31760	38240	
11594	0	39704	31764	38264	
11595	0	39796	31784	38252	
11596	0	39876	31784	38276	
11597	0	39968	31804	38256	
11598	0	40040	31801	38409	
11599	0	40128	31840	38588	
11600	0	40204	31869	38728	
11601	0	40280	31896	38816	
11602	0	40360	31857	38858	
11603	0	40424	31848	38832	
11604	0	40504	31776	38776	
11605	0	40568	31768	38680	
11606	0	40640	31848	38536	
11607	0	40696	31880	38372	
11608	0	40768	31860	38180	
11609	0	40828	31804	38056	
11610	0	40884	31808	38041	
11611	0	40948	31800	38249	
11612	0	40992	31752	38456	
11613	0	41040	31720	38692	
11614	0	41084	31736	38701	
11615	0	41128	31756	38768	
11616	0	41180	31784	38676	
11617	0	41208	31824	38696	
11618	0	41248	31824	38688	
11619	0	41276	31816	38768	
11620	0	41304	31780	38828	
11621	0	41336	31778	38741	
11622	0	41364	31782	38616	
11623	0	41380	31828	38540	
11624	0	41412	31813	38544	
11625	0	41424	31828	38632	
11626	0	41440	31796	38697	
11627	0	41456	31784	38772	
11628	0	41460	31772	38748	
11629	0	41472	31785	38956	
11630	0	41472	31693	38848	
11631	0	41472	31848	39076	
11632	0	41480	31785	39056	
11633	0	41472	31705	39360	
11634	0	41460	31724	40000	
11635	0	41458	31788	40224	
11636	0	41448	31688	40460	
11637	0	41440	31708	41056	
11638	0	41424	31573	41052	
11639	0	41408	31248	43760	
11640	0	41384	31628	42397	
11641	0	41356	32288	39256	
11642	0	41332	31684	42752	
11643	0	41304	31520	42264	
11644	0	41268	32260	42632	
11645	0	41232	32052	43060	
11646	0	41192	32140	42673	
11647	0	41152	31920	43012	
11648	0	41112	31952	43224	
11649	0	41065	31884	43472	
11650	0	41020	31720	43720	
11651	0	40960	31828	43868	
11652	0	40908	31708	44256	
11653	0	40853	31736	43904	
11654	0	40800	31794	43740	
11655	0	40732	31833	43852	
11656	0	40664	31768	44308	
11657	0	40592	31460	45425	
11658	0	40528	30704	44712	
11659	0	40460	30044	45296	
11660	0	40380	29473	47172	
11661	0	40304	29104	46992	
11662	0	40228	28352	47100	
11663	0	40144	26269	45848	
11664	0	40064	23884	45028	
11665	0	39976	22097	44712	
11666	0	39900	21704	44956	
11667	0	39796	22185	45216	
11668	0	39708	20304	45340	
11669	0	39620	21216	42880	
11670	0	39525	23088	45028	
11671	0	39429	23158	44704	
11672	0	39336	23658	44680	
11673	0	39248	25118	45677	
11674	0	39136	26180	45812	
11675	0	39033	26984	46020	
11676	0	38944	27860	46228	
11677	0	38836	28656	45956	
11678	0	38728	29348	45380	
11679	0	38632	29968	44572	
11680	0	38520	30484	43500	
11681	0	38408	30965	42444	
11682	0	38300	31508	41152	
11683	0	38188	32148	40240	
11684	0	38084	32992	39072	
11685	0	37966	33984	38081	
11686	0	37856	34840	37688	
11687	0	37741	35576	37160	
11688	0	37624	36160	37036	
11689	0	37512	36676	36872	
11690	0	37400	37156	36512	
11691	0	37284	37556	35965	
11692	0	37160	37988	34888	
11693	0	37040	38004	35024	
11694	0	36920	38212	34436	
11695	0	36800	38320	34064	
11696	0	36688	38444	33888	
11697	0	36560	38440	33528	
11698	0	36436	38460	33233	
11699	0	36312	38452	33154	
11700	0	36184	38397	33036	
11701	0	36064	38336	32968	
11702	0	35940	38253	32808	
11703	0	35808	38112	32696	
11704	0	35684	37900	32624	
11705	0	35556	37792	31968	
11706	0	35429	37524	32704	
11707	0	35296	37356	32388	
11708	0	35180	37213	32772	
11709	0	35052	37020	32324	
11710	0	34920	36816	32605	
11711	0	34784	36344	31144	
11712	0	34660	36196	32076	
11713	0	34521	35988	32401	
11714	0	34400	35628	32073	
11715	0	34268	35504	32544	
11716	0	34132	35104	32464	
11717	0	34004	34848	32348	
11718	0	33880	34572	33136	
11719	0	33736	34448	32704	
11720	0	33608	34326	31844	
11721	0	33480	33864	32872	
11722	0	33344	33408	31888	
11723	0	33208	33144	32992	
11724	0	33085	32716	32912	
11725	0	32952	32404	32128	
11726	0	32821	31680	34004	
11727	0	32683	31092	33908	
11728	0	32544	30420	34796	
11729	0	32420	29656	34556	
11730	0	32288	28921	35272	
11731	0	32160	28057	34836	
11732	0	32024	27312	35564	
11733	0	31884	26348	35172	
11734	0	31756	25560	35872	
11735	0	31620	24812	35648	
11736	0	31484	24180	36165	
11737	0	31360	23432	35560	
11738	0	31224	22954	36556	
11739	0	31093	22308	36256	
11740	0	30960	21808	37160	
11741	0	30836	21213	37208	
11742	0	30704	20696	37788	
11743	0	30564	20204	37860	
11744	0	30440	19788	37980	
11745	0	30305	19490	38132	
11746	0	30176	19338	38072	
11747	0	30052	19308	37976	
11748	0	29920	19387	37888	
11749	0	29792	19672	37788	
11750	0	29668	20162	37640	
11751	0	29540	20794	37400	
11752	0	29412	21584	37021	
11753	0	29288	13269	42592	
11754	0	29164	20730	46308	
11755	0	29042	25464	41408	
11756	0	28920	25673	39908	
11757	0	28800	24049	36776	
11758	0	28677	32624	40564	
11759	0	28548	37600	43916	
11760	0	28436	36328	43652	
11761	0	28316	34884	42560	
11762	0	28204	34328	45492	
11763	0	28084	32636	44892	
11764	0	27968	31900	42860	
11765	0	27856	32442	40612	
11766	0	27744	32328	38680	
11767	0	27636	32056	37488	
11768	0	27521	31908	36872	
11769	0	27412	31616	36461	
11770	0	27304	31552	36024	
11771	0	27196	31517	35952	
11772	0	27094	31384	36456	
11773	0	26988	31368	37352	
11774	0	26888	31408	37992	
11775	0	26785	31616	38388	
11776	0	26688	31720	38712	
11777	0	26590	31924	38636	
11778	0	26492	31848	38960	
11779	0	26400	31992	38732	
11780	0	26300	31936	39320	
11781	0	26212	32020	39292	
11782	0	26120	32122	39528	
11783	0	26028	32224	39536	
11784	0	25944	32192	39484	
11785	0	25860	32084	39748	
11786	0	25772	32100	39182	
11787	0	25688	31994	38908	
11788	0	25602	31976	38368	
11789	0	25528	31837	38076	
11790	0	25448	31625	38116	
11791	0	25364	31636	37864	
11792	0	25292	31528	38096	
11793	0	25220	31609	38208	
11794	0	25144	31788	37924	
11795	0	25072	31772	38300	
11796	0	25001	31852	37896	
11797	0	24932	31821	38284	
11798	0	24864	31862	38576	
11799	0	24800	31869	38670	
11800	0	24736	31928	38820	
11801	0	24668	31980	38860	
11802	0	24616	31896	38956	
11803	0	24552	31885	38876	
11804	0	24494	31864	38620	
11805	0	24436	31752	38416	
11806	0	24389	31730	38272	
11807	0	24328	31744	38068	
11808	0	24280	31776	38152	
11809	0	24224	31792	38214	
11810	0	24182	31820	38356	
11811	0	24128	31864	38376	
11812	0	24076	31852	38400	
11813	0	24029	31772	38336	
11814	0	23984	31712	38392	
11815	0	23937	31676	38308	
11816	0	23904	31676	38340	
11817	0	23852	31681	38240	
11818	0	23808	31624	38236	
11819	0	23765	31641	38232	
11820	0	23728	31620	38184	
11821	0	23690	31644	38108	
11822	0	23657	31560	38000	
11823	0	23613	31573	37932	
11824	0	23577	31648	37948	
11825	0	23548	31672	37921	
11826	0	23509	31652	37920	
11827	0	23476	31636	37908	
11828	0	23440	31584	37900	
11829	0	23408	31544	37708	
11830	0	23380	31584	37664	
11831	0	23360	31516	37804	
11832	0	23324	31566	37920	
11833	0	23296	31713	38040	
11834	0	23268	31801	38140	
11835	0	23242	31768	38188	
11836	0	23220	31672	38272	
11837	0	23188	31633	38304	
11838	0	23169	31636	38184	
11839	0	23143	31681	38168	
11840	0	23108	31772	38060	
11841	0	23104	31784	37937	
11842	0	23085	31756	38024	
11843	0	23069	31826	38068	
11844	0	23048	31808	38140	
11845	0	23036	31760	38093	
11846	0	23028	31736	38044	
11847	0	23012	31744	38086	
11848	0	22996	31753	38016	
11849	0	22988	31672	37984	
11850	0	22986	31652	37924	
11851	0	22984	31624	37848	
11852	0	22980	31728	37852	
11853	0	22977	31732	37784	
11854	0	22976	31768	37805	
11855	0	22977	31796	37734	
11856	0	22978	31645	37992	
11857	0	22992	31696	38256	
11858	0	23004	31828	38396	
11859	0	23008	31892	38380	
11860	0	23024	31904	38368	
11861	0	23024	31904	38456	
11862	0	23052	32029	38580	
11863	0	23069	32128	38836	
11864	0	23088	32166	39053	
11865	0	23116	32276	39164	
11866	0	23145	32328	39144	
11867	0	23172	32312	39224	
11868	0	23198	32328	39360	
11869	0	23230	32296	39444	
11870	0	23261	32304	39536	
11871	0	23300	32296	39592	
11872	0	23341	32228	39536	
11873	0	23389	32188	39432	
11874	0	23426	32141	39376	
11875	0	23464	32124	39121	
11876	0	23512	32020	38916	
11877	0	23566	31972	38825	
11878	0	23616	31972	38804	
11879	0	23668	32000	38864	
11880	0	23724	31997	39016	
11881	0	23777	32053	39136	
11882	0	23840	32129	39296	
11883	0	23900	32182	39708	
11884	0	23968	32192	39856	
11885	0	24024	32248	40044	
11886	0	24096	32265	40196	
11887	0	24164	32416	40332	
11888	0	24234	32468	40824	
11889	0	24304	32432	41192	
11890	0	24384	32412	41364	
11891	0	24456	32352	40916	
11892	0	24536	32120	41716	
11893	0	24616	31944	41048	
11894	0	24694	31592	42328	
11895	0	24776	30724	44004	
11896	0	24864	33101	42600	
11897	0	24944	32473	38792	
11898	0	25032	31894	43600	
11899	0	25120	32749	43912	
11900	0	25216	32772	43872	
11901	0	25304	32344	43056	
11902	0	25396	32352	42380	
11903	0	25493	31740	42984	
11904	0	25592	31600	43484	
11905	0	25684	31076	44356	
11906	0	25780	30505	45144	
11907	0	25888	30316	45464	
11908	0	25984	30212	44080	
11909	0	26082	30573	42345	
11910	0	26197	30748	42848	
11911	0	26296	30317	43200	
11912	0	26408	30620	46360	
11913	0	26505	30149	46704	
11914	0	26612	30048	46800	
11915	0	26720	29600	47220	
11916	0	26832	27160	45948	
11917	0	26944	24489	44505	
11918	0	27044	24212	44804	
11919	0	27157	24453	45220	
11920	0	27268	20568	40644	
11921	0	27380	21280	40328	
11922	0	27488	24096	43408	
11923	0	27604	24736	43976	
11924	0	27724	25017	44544	
11925	0	27826	25152	45108	
11926	0	27940	25521	45152	
11927	0	28060	26184	45476	
11928	0	28172	26848	45440	
11929	0	28285	27580	45024	
11930	0	28400	28480	44440	
11931	0	28516	29414	43784	
11932	0	28625	30221	43208	
11933	0	28744	30901	42773	
11934	0	28864	31404	42108	
11935	0	28972	31780	41356	
11936	0	29088	32200	40492	
11937	0	29200	32697	39442	
11938	0	29312	33168	38440	
11939	0	29430	33628	37648	
11940	0	29544	34077	37156	
11941	0	29652	34504	36977	
11942	0	29776	34816	36865	
11943	0	29888	35109	36640	
11944	0	30000	35333	36348	
11945	0	30108	35560	36044	
11946	0	30230	35776	35817	
11947	0	30340	35972	35628	
11948	0	30446	36096	35488	
11949	0	30560	36201	35248	
11950	0	30676	36244	35098	
11951	0	30784	36288	34788	
11952	0	30896	36316	34440	
11953	0	31016	36297	34020	
11954	0	31128	36288	33701	
11955	0	31232	36277	33460	
11956	0	31340	36336	33608	
11957	0	31452	36276	33252	
11958	0	31564	36368	33720	
11959	0	31676	36260	32913	
11960	0	31788	36461	33504	
11961	0	31892	36304	32032	
11962	0	32004	36548	33240	
11963	0	32108	36420	31772	
11964	0	32225	36632	32968	
11965	0	32328	36612	32633	
11966	0	32436	36720	33048	
11967	0	32544	36724	32777	
11968	0	32656	36652	32700	
11969	0	32764	36689	33176	
11970	0	32868	36596	32868	
11971	0	32977	36444	32777	
11972	0	33084	36232	32356	
11973	0	33192	36184	32896	
11974	0	33304	35908	32572	
11975	0	33412	35748	32860	
11976	0	33516	35428	32696	
11977	0	33628	35124	32794	
11978	0	33728	34792	32900	
11979	0	33840	34413	33004	
11980	0	33944	33996	33168	
11981	0	34053	33608	33294	
11982	0	34160	33172	33248	
11983	0	34264	32560	32140	
11984	0	34372	32084	33412	
11985	0	34468	31236	33448	
11986	0	34584	30388	33856	
11987	0	34692	29680	33800	
11988	0	34792	29012	35272	
11989	0	34904	28284	35732	
11990	0	35001	27398	36308	
11991	0	35108	26516	36712	
11992	0	35208	25500	36864	
11993	0	35312	24536	36688	
11994	0	35416	23572	37141	
11995	0	35520	22561	36712	
11996	0	35620	21860	37249	
11997	0	35728	21104	36920	
11998	0	35824	20532	37352	
11999	0	35932	20098	37676	
12000	0	36032	19809	37604	
12001	0	36128	19646	37808	
12002	0	36228	19594	37376	
12003	0	36328	19695	37252	
12004	0	36428	19834	36744	
12005	0	36532	11272	40268	
12006	0	36624	17064	46812	
12007	0	36724	13810	45780	
12008	0	36824	11453	45316	
12009	0	36920	12697	43848	
12010	0	37016	23068	37444	
12011	0	37116	30016	35248	
12012	0	37212	31800	36320	
12013	0	37312	35084	37968	
12014	0	37404	36904	40004	
12015	0	37500	36353	39072	
12016	0	37592	33529	38676	
12017	0	37680	31752	39208	
12018	0	37780	30152	39680	
12019	0	37876	30848	40172	
12020	0	37964	32477	38896	
12021	0	38056	33429	38644	
12022	0	38148	33524	39276	
12023	0	38244	32652	39392	
12024	0	38328	31396	39008	
12025	0	38424	30744	38472	
12026	0	38520	31392	37757	
12027	0	38592	31156	37552	
12028	0	38696	31456	37324	
12029	0	38784	31097	37340	
12030	0	38880	31501	37104	
12031	0	38956	31652	37028	
12032	0	39057	31788	37216	
12033	0	39140	31924	37508	
12034	0	39224	31993	37852	
12035	0	39317	32000	38256	
12036	0	39408	32008	38640	
12037	0	39488	31996	38984	
12038	0	39576	32020	39320	
12039	0	39664	32044	39289	
12040	0	39744	32129	39160	
12041	0	39832	32204	38796	
12042	0	39920	32260	38556	
12043	0	40008	32260	38296	
12044	0	40084	32240	38248	
12045	0	40168	32188	38284	
12046	0	40256	32144	38368	
12047	0	40346	32120	38396	
12048	0	40424	32128	38348	
12049	0	40504	32088	38252	
12050	0	40588	32108	38168	
12051	0	40672	32097	38205	
12052	0	40737	32136	38220	
12053	0	40836	32196	38244	
12054	0	40920	32264	38352	
12055	0	40992	32304	38368	
12056	0	41080	32272	38400	
12057	0	41156	32210	38437	
12058	0	41232	32192	38492	
12059	0	41316	32192	38428	
12060	0	41396	32200	38392	
12061	0	41472	32260	38409	
12062	0	41544	32316	38376	
12063	0	41632	32320	38412	
12064	0	41708	32304	38488	
12065	0	41780	32296	38585	
12066	0	41856	32308	38664	
12067	0	41928	32272	38772	
12068	0	42009	32269	38788	
12069	0	42080	32320	38688	
12070	0	42144	32320	38684	
12071	0	42224	32292	38552	
12072	0	42296	32304	38520	
12073	0	42360	33181	38808	
12074	0	42432	32096	38252	
12075	0	42496	32240	38300	
12076	0	42560	32292	38269	
12077	0	42617	32284	38280	
12078	0	42676	32428	38392	
12079	0	42744	31800	38228	
12080	0	42800	32080	38368	
12081	0	42860	32120	38248	
12082	0	42916	32112	38244	
12083	0	42960	32132	38276	
12084	0	43020	32212	38292	
12085	0	43068	31708	38088	
12086	0	43116	32006	38000	
12087	0	43160	32044	37900	
12088	0	43204	32080	37824	
12089	0	43240	32072	37652	
12090	0	43280	32100	37524	
12091	0	43312	32089	37556	
12092	0	43344	32088	37642	
12093	0	43376	32076	37776	
12094	0	43396	32104	37824	
12095	0	43428	32093	37912	
12096	0	43456	32120	38036	
12097	0	43464	32148	38052	
12098	0	43488	32160	38101	
12099	0	43500	32124	38180	
12100	0	43508	32097	38188	
12101	0	43516	32084	38156	
12102	0	43524	32132	38040	
12103	0	43528	32152	37976	
12104	0	43528	32152	37928	
12105	0	43532	32128	37856	
12106	0	43513	32120	37872	
12107	0	43512	32096	37976	
12108	0	43496	32136	38052	
12109	0	43488	32144	38108	
12110	0	43465	32188	38164	
12111	0	43452	32216	38224	
12112	0	43432	32192	38313	
12113	0	43400	32128	38276	
12114	0	43368	32120	38281	
12115	0	43348	32144	38292	
12116	0	43308	32196	38248	
12117	0	43272	32265	38324	
12118	0	43232	32332	38480	
12119	0	43188	32373	38717	
12120	0	43140	32356	39016	
12121	0	43096	32344	39028	
12122	0	43045	32370	39040	
12123	0	42992	32368	39265	
12124	0	42944	32392	39224	
12125	0	42884	32488	39360	
12126	0	42816	32524	39328	
12127	0	42760	32480	39656	
12128	0	42684	32416	39448	
12129	0	42616	32372	39424	
12130	0	42544	32332	39360	
12131	0	42476	32332	39308	
12132	0	42400	32296	39324	
12133	0	42320	32304	39524	
12134	0	42248	32328	39408	
12135	0	42160	32305	39536	
12136	0	42076	32284	39656	
12137	0	41992	32192	39716	
12138	0	41904	32188	39708	
12139	0	41816	32193	39608	
12140	0	41724	32236	39588	
12141	0	41636	32305	39632	
12142	0	41536	32516	39932	
12143	0	41440	32344	39520	
12144	0	41348	32296	39824	
12145	0	41252	32244	40156	
12146	0	41152	32164	40748	
12147	0	41048	32424	41884	
12148	0	40948	31800	40288	
12149	0	40840	32092	39944	
12150	0	40732	32714	43224	
12151	0	40626	31968	42692	
12152	0	40528	32380	42284	
12153	0	40408	32248	42260	
12154	0	40292	32645	41848	
12155	0	40176	32584	41032	
12156	0	40072	32192	40932	
12157	0	39956	31473	41636	
12158	0	39840	31210	41280	
12159	0	39724	30870	41672	
12160	0	39597	30804	41625	
12161	0	39480	30756	41620	
12162	0	39360	30081	45372	
12163	0	39232	31436	44324	
12164	0	39104	31888	43236	
12165	0	38984	31268	47440	
12166	0	38856	31068	43860	
12167	0	38720	30432	43556	
12168	0	38592	30168	44372	
12169	0	38464	30244	45100	
12170	0	38328	30024	45132	
12171	0	38200	29624	45608	
12172	0	38056	28616	45336	
12173	0	37924	28080	45784	
12174	0	37780	28610	43528	
12175	0	37648	23756	43056	
12176	0	37514	23798	38660	
12177	0	37372	26548	40464	
12178	0	37224	27132	41624	
12179	0	37088	27324	42924	
12180	0	36944	27505	44244	
12181	0	36800	27560	44588	
12182	0	36656	27877	44884	
12183	0	36512	28252	45056	
12184	0	36372	28412	44936	
12185	0	36220	28516	44724	
12186	0	36076	28585	44320	
12187	0	35924	28664	43764	
12188	0	35780	28776	43124	
12189	0	35628	28981	42540	
12190	0	35476	29280	42192	
12191	0	35336	29448	41788	
12192	0	35180	29620	41296	
12193	0	35032	29916	40760	
12194	0	34884	30368	40176	
12195	0	34725	30940	39624	
12196	0	34568	31456	39100	
12197	0	34424	31988	38780	
12198	0	34265	32500	38560	
12199	0	34120	32888	38352	
12200	0	33964	33196	37884	
12201	0	33804	33472	37364	
12202	0	33652	33764	36800	
12203	0	33500	34157	37002	
12204	0	33344	34276	36040	
12205	0	33184	34472	35992	
12206	0	33032	34544	35569	
12207	0	32868	34732	35504	
12208	0	32716	34813	35184	
12209	0	32560	34848	34532	
12210	0	32408	35012	34613	
12211	0	32252	35164	34328	
12212	0	32096	35128	33696	
12213	0	31932	35368	33668	
12214	0	31781	35425	33069	
12215	0	31620	35504	32654	
12216	0	31468	35788	32644	
12217	0	31316	35872	32444	
12218	0	31166	36044	32256	
12219	0	31012	36204	32121	
12220	0	30856	36348	32048	
12221	0	30696	36432	31988	
12222	0	30556	36504	31864	
12223	0	30396	36552	31812	
12224	0	30248	36624	31745	
12225	0	30101	36660	31656	
12226	0	29948	36704	31596	
12227	0	29800	36704	31561	
12228	0	29648	36652	31608	
12229	0	29504	36556	31656	
12230	0	29357	36488	31756	
12231	0	29220	36428	31936	
12232	0	29068	36329	32101	
12233	0	28929	36104	32228	
12234	0	28785	35880	32360	
12235	0	28648	35545	32352	
12236	0	28504	35161	32284	
12237	0	28372	34940	32692	
12238	0	28232	34421	32488	
12239	0	28100	34080	32865	
12240	0	27961	33424	32493	
12241	0	27830	33056	33092	
12242	0	27694	31994	31944	
12243	0	27562	31736	33184	
12244	0	27436	31080	33712	
12245	0	27308	30048	33144	
12246	0	27178	29105	34096	
12247	0	27056	28212	34940	
12248	0	26932	26789	34560	
12249	0	26808	26300	35968	
12250	0	26684	25440	36092	
12251	0	26560	24940	36960	
12252	0	26440	24249	36844	
12253	0	26324	23596	36660	
12254	0	26204	23122	37172	
12255	0	26081	22454	37064	
12256	0	25968	21968	37104	
12257	0	25856	21760	37108	
12258	0	25744	21544	36948	
12259	0	25632	21518	36696	
12260	0	25516	21572	36592	
12261	0	25408	21764	36288	
12262	0	25300	22068	35800	
12263	0	25188	22356	35228	
12264	0	25076	17117	37004	
12265	0	24972	20110	46340	
12266	0	24872	14601	42788	
12267	0	24768	5161	42164	
12268	0	24664	16534	38712	
12269	0	24556	22560	51400	
12270	0	24457	27012	47224	
12271	0	24356	37624	36704	
12272	0	24252	40193	39236	
12273	0	24160	37804	40224	
12274	0	24064	35472	41924	
12275	0	23967	32056	45484	
12276	0	23868	29484	44884	
12277	0	23777	31120	41616	
12278	0	23680	32700	38164	
12279	0	23590	32400	36436	
12280	0	23492	31796	35980	
12281	0	23406	31188	35560	
12282	0	23320	31489	35040	
12283	0	23232	31300	34880	
12284	0	23148	31696	35192	
12285	0	23060	31784	36300	
12286	0	22976	31844	37448	
12287	0	22893	32064	38240	
12288	0	22812	32260	38772	
12289	0	22728	32348	39196	
12290	0	22652	32420	39488	
12291	0	22576	32408	39513	
12292	0	22500	32404	39505	
12293	0	22420	32420	39424	
12294	0	22348	32408	39452	
12295	0	22280	32416	39468	
12296	0	22206	32404	39328	
12297	0	22134	32448	39304	
12298	0	22061	32421	39304	
12299	0	21996	32444	38880	
12300	0	21932	32464	38988	
12301	0	21869	32396	38744	
12302	0	21796	32460	38784	
12303	0	21745	32356	38276	
12304	0	21678	32372	38448	
12305	0	21624	32370	38492	
12306	0	21570	32425	38298	
12307	0	21509	32352	38413	
12308	0	21456	32392	38460	
12309	0	21404	32372	38520	
12310	0	21349	32388	38464	
12311	0	21302	32364	38464	
12312	0	21252	32388	38448	
12313	0	21208	32365	38420	
12314	0	21166	32396	38400	
12315	0	21125	32376	38360	
12316	0	21080	32380	38352	
12317	0	21040	32348	38357	
12318	0	21004	32368	38336	
12319	0	20968	32356	38313	
12320	0	20933	32368	38264	
12321	0	20893	32348	38248	
12322	0	20864	32356	38252	
12323	0	20836	32408	38220	
12324	0	20816	32384	38248	
12325	0	20784	32401	38216	
12326	0	20756	32348	38252	
12327	0	20740	32340	38265	
12328	0	20716	32392	38416	
12329	0	20692	32416	38424	
12330	0	20676	32432	38440	
12331	0	20660	32400	38396	
12332	0	20648	32402	38396	
12333	0	20634	32420	38416	
12334	0	20632	32428	38388	
12335	0	20628	32434	38392	
12336	0	20622	32428	38388	
12337	0	20612	32432	38344	
12338	0	20612	32420	38400	
12339	0	20612	32364	38400	
12340	0	20616	32384	38388	
12341	0	20622	32440	38412	
12342	0	20636	32444	38372	
12343	0	20636	32460	38296	
12344	0	20646	32452	38224	
12345	0	20664	32412	38240	
12346	0	20676	32372	38172	
12347	0	20700	32324	38140	
12348	0	20724	32348	38060	
12349	0	20744	32364	38128	
12350	0	20773	32384	38180	
12351	0	20796	32384	38169	
12352	0	20832	32396	38276	
12353	0	20858	32428	38334	
12354	0	20897	32436	38424	
12355	0	20932	32424	38520	
12356	0	20980	32397	38524	
12357	0	21024	32392	38472	
12358	0	21060	32404	38400	
12359	0	21116	32434	38326	
12360	0	21161	32489	38352	
12361	0	21216	32504	38360	
12362	0	21276	32504	38400	
12363	0	21341	32468	38421	
12364	0	21408	32464	38524	
12365	0	21466	32498	38596	
12366	0	21536	32489	38676	
12367	0	21604	32468	38644	
12368	0	21676	32449	38533	
12369	0	21729	32424	38436	
12370	0	21828	32422	38320	
12371	0	21910	32412	38256	
12372	0	21988	32452	38096	
12373	0	22077	32444	38012	
12374	0	22165	32453	38024	
12375	0	22258	32436	38100	
12376	0	22341	32428	38264	
12377	0	22433	32440	38336	
12378	0	22532	32504	38496	
12379	0	22628	32500	38592	
12380	0	22720	32504	38580	
12381	0	22834	32556	38660	
12382	0	22936	32616	38680	
12383	0	23040	32654	38756	
12384	0	23145	32652	38856	
12385	0	23260	32628	38813	
12386	0	23368	32580	38808	
12387	0	23476	32556	38780	
12388	0	23588	32588	38748	
12389	0	23704	32620	38780	
12390	0	23812	32660	38732	
12391	0	23938	32624	38828	
12392	0	24056	32608	38820	
12393	0	24177	32620	38880	
12394	0	24304	32636	38928	
12395	0	24421	32676	39056	
12396	0	24548	32648	39152	
12397	0	24668	32712	39309	
12398	0	24804	32684	39240	
12399	0	24932	32664	39208	
12400	0	25060	32640	39252	
12401	0	25184	32616	39200	
12402	0	25318	32601	39288	
12403	0	25448	32632	39380	
12404	0	25585	32620	39548	
12405	0	25712	32592	39548	
12406	0	25852	32640	39700	
12407	0	25984	32628	39576	
12408	0	26124	32580	39449	
12409	0	26260	32536	39380	
12410	0	26392	32769	40424	
12411	0	26528	32432	39833	
12412	0	26668	32552	39424	
12413	0	26807	32525	40176	
12414	0	26944	32732	40492	
12415	0	27088	32714	40808	
12416	0	27220	32796	41048	
12417	0	27368	32876	41268	
12418	0	27500	32880	41580	
12419	0	27648	32088	41612	
12420	0	27784	32396	43616	
12421	0	27926	31124	41552	
12422	0	28064	32052	40788	
12423	0	28206	32381	40316	
12424	0	28344	31292	38968	
12425	0	28492	32948	32757	
12426	0	28632	34088	46096	
12427	0	28768	32677	46093	
12428	0	28913	32432	44028	
12429	0	29048	32440	41932	
12430	0	29192	31360	40920	
12431	0	29332	31260	40680	
12432	0	29472	31301	41880	
12433	0	29612	31642	43624	
12434	0	29754	32172	44496	
12435	0	29888	32348	44608	
12436	0	30033	32096	44284	
12437	0	30176	31728	43828	
12438	0	30304	30968	44160	
12439	0	30440	30472	44440	
12440	0	30588	31008	45020	
12441	0	30728	30561	44612	
12442	0	30857	29404	44224	
12443	0	31004	28696	43136	
12444	0	31140	26797	42536	
12445	0	31272	24797	41860	
12446	0	31416	26156	40192	
12447	0	31556	27348	40480	
12448	0	31696	27576	40996	
12449	0	31833	27364	41776	
12450	0	31968	27222	42564	
12451	0	32105	27224	42800	
12452	0	32244	27608	43192	
12453	0	32384	27965	43344	
12454	0	32516	28200	43516	
12455	0	32656	28340	43860	
12456	0	32788	28528	44148	
12457	0	32924	28752	44340	
12458	0	33068	28960	44220	
12459	0	33200	29220	44096	
12460	0	33336	29345	43760	
12461	0	33476	29492	43552	
12462	0	33612	29737	43229	
12463	0	33744	30052	42896	
12464	0	33880	30345	42648	
12465	0	34008	30748	42320	
12466	0	34144	31177	41988	
12467	0	34276	31613	41648	
12468	0	34413	32024	41248	
12469	0	34540	32472	40896	
12470	0	34676	32912	40504	
12471	0	34812	33280	40164	
12472	0	34937	33616	39808	
12473	0	35072	33964	39385	
12474	0	35200	34245	39036	
12475	0	35332	34512	38740	
12476	0	35464	34740	38384	
12477	0	35588	34980	38008	
12478	0	35716	35192	37584	
12479	0	35844	35396	37196	
12480	0	35968	35680	36884	
12481	0	36085	36084	36888	
12482	0	36212	36188	36600	
12483	0	36336	36424	36704	
12484	0	36452	36580	36632	
12485	0	36576	36620	36428	
12486	0	36688	36852	36296	
12487	0	36808	36888	35904	
12488	0	36920	36984	35544	
12489	0	37032	37141	35256	
12490	0	37152	37172	34948	
12491	0	37264	37313	34624	
12492	0	37376	37460	34312	
12493	0	37480	37572	34016	
12494	0	37592	37668	33784	
12495	0	37700	37776	33632	
12496	0	37804	37861	33504	
12497	0	37908	37920	33436	
12498	0	38016	37900	33361	
12499	0	38116	37832	33308	
12500	0	38208	37728	33300	
12501	0	38308	37608	33252	
12502	0	38400	37604	33320	
12503	0	38496	37484	33316	
12504	0	38596	37380	33348	
12505	0	38684	37304	33372	
12506	0	38784	37216	33448	
12507	0	38869	37143	33584	
12508	0	38960	37052	33756	
12509	0	39052	36936	33964	
12510	0	39136	36804	34088	
12511	0	39216	36660	34197	
12512	0	39312	36484	34376	
12513	0	39392	36288	34472	
12514	0	39476	36036	34488	
12515	0	39562	35632	34408	
12516	0	39640	35080	34337	
12517	0	39720	34436	34409	
12518	0	39800	33784	34744	
12519	0	39873	33140	35249	
12520	0	39948	32484	35698	
12521	0	40029	31732	35901	
12522	0	40108	30780	36000	
12523	0	40176	29648	36197	
12524	0	40252	27964	36472	
12525	0	40324	27396	36768	
12526	0	40396	26296	36956	
12527	0	40464	25204	37284	
12528	0	40532	24204	37484	
12529	0	40600	23347	37680	
12530	0	40672	22562	37996	
12531	0	40740	21788	38240	
12532	0	40808	21188	38460	
12533	0	40872	20728	38436	
12534	0	40936	20325	38404	
12535	0	41004	20056	38524	
12536	0	41068	19970	38464	
12537	0	41128	19896	38233	
12538	0	41186	19864	37968	
12539	0	41252	19860	37757	
12540	0	41308	19884	37732	
12541	0	41376	19992	37756	
12542	0	41424	20112	37572	
12543	0	41488	20370	37301	
12544	0	41544	20833	36964	
12545	0	41604	21495	37528	
12546	0	41656	9445	44557	
12547	0	41708	20432	48320	
12548	0	41760	19276	43816	
12549	0	41812	14288	42532	
12550	0	41856	15095	53776	
12551	0	41916	23224	48968	
12552	0	41956	25728	50104	
12553	0	42009	33688	48728	
12554	0	42052	36056	38144	
12555	0	42096	34264	34817	
12556	0	42140	36040	33526	
12557	0	42180	31396	33693	
12558	0	42232	33392	37336	
12559	0	42264	33072	40164	
12560	0	42312	31037	41708	
12561	0	42340	30525	41000	
12562	0	42388	29676	39456	
12563	0	42416	29448	37272	
12564	0	42456	31436	36740	
12565	0	42484	32196	36440	
12566	0	42528	31916	37188	
12567	0	42552	31789	37924	
12568	0	42588	31960	38277	
12569	0	42616	32089	38584	
12570	0	42652	32057	38876	
12571	0	42672	32005	38808	
12572	0	42696	32008	38556	
12573	0	42728	31992	38346	
12574	0	42748	31977	38332	
12575	0	42776	32041	38400	
12576	0	42788	32077	38608	
12577	0	42816	32072	38640	
12578	0	42844	32073	38549	
12579	0	42856	32064	38400	
12580	0	42872	32056	38320	
12581	0	42892	32044	38352	
12582	0	42916	32092	38393	
12583	0	42932	32064	38472	
12584	0	42940	32054	38592	
12585	0	42948	32092	38580	
12586	0	42960	32152	38484	
12587	0	42977	32152	38448	
12588	0	42984	32158	38380	
12589	0	43000	32149	38380	
12590	0	43012	32120	38372	
12591	0	43012	32136	38316	
12592	0	43020	32156	38160	
12593	0	43028	32165	38104	
12594	0	43040	32136	38200	
12595	0	43044	32096	38308	
12596	0	43056	32088	38392	
12597	0	43052	32120	38372	
12598	0	43060	32096	38392	
12599	0	43060	32080	38364	
12600	0	43068	32072	38376	
12601	0	43072	32076	38420	
12602	0	43064	32068	38440	
12603	0	43068	32076	38456	
12604	0	43068	32096	38416	
12605	0	43064	32058	38460	
12606	0	43064	32060	38516	
12607	0	43056	32052	38516	
12608	0	43056	32040	38525	
12609	0	43036	32100	38484	
12610	0	43040	32092	38464	
12611	0	43036	32076	38432	
12612	0	43028	32089	38376	
12613	0	43016	32096	38344	
12614	0	43008	32084	38356	
12615	0	42992	32084	38373	
12616	0	42984	32092	38369	
12617	0	42976	32116	38396	
12618	0	42948	32136	38425	
12619	0	42940	32140	38456	
12620	0	42920	32148	38340	
12621	0	42900	32160	38304	
12622	0	42868	32140	38260	
12623	0	42856	32110	38276	
12624	0	42828	32120	38372	
12625	0	42804	32120	38472	
12626	0	42768	32136	38540	
12627	0	42744	32148	38589	
12628	0	42712	32176	38529	
12629	0	42680	32188	38584	
12630	0	42644	32148	38620	
12631	0	42600	32116	38608	
12632	0	42564	32101	38624	
12633	0	42524	32077	38668	
12634	0	42484	32056	38688	
12635	0	42444	32106	38605	
12636	0	42396	32116	38520	
12637	0	42336	32132	38512	
12638	0	42288	32160	38476	
12639	0	42240	32173	38492	
12640	0	42176	32192	38504	
12641	0	42116	32201	38512	
12642	0	42068	32192	38480	
12643	0	42004	32157	38344	
12644	0	41944	32108	38288	
12645	0	41876	32102	38268	
12646	0	41808	32141	38260	
12647	0	41736	32192	38328	
12648	0	41656	32229	38372	
12649	0	41588	32232	38392	
12650	0	41524	32220	38368	
12651	0	41448	32158	38368	
12652	0	41364	32128	38388	
12653	0	41288	32104	38436	
12654	0	41208	32124	38492	
12655	0	41116	32133	38462	
12656	0	41040	32148	38496	
12657	0	40952	32188	38484	
12658	0	40864	32216	38452	
12659	0	40776	32177	38484	
12660	0	40682	32133	38441	
12661	0	40596	32121	38504	
12662	0	40496	32144	38496	
12663	0	40408	32148	38484	
12664	0	40308	32165	38428	
12665	0	40216	32168	38440	
12666	0	40120	32192	38468	
12667	0	40016	32220	38524	
12668	0	39904	32208	38492	
12669	0	39812	32144	38468	
12670	0	39712	32108	38476	
12671	0	39612	32116	38532	
12672	0	39500	32140	38616	
12673	0	39392	32092	38588	
12674	0	39288	32117	38576	
12675	0	39176	32112	38580	
12676	0	39068	32088	38588	
12677	0	38958	32056	38524	
12678	0	38840	32105	38532	
12679	0	38732	32120	38620	
12680	0	38604	32153	38652	
12681	0	38492	32136	38756	
12682	0	38376	32168	38752	
12683	0	38260	32306	38772	
12684	0	38141	32216	38512	
12685	0	38028	32388	38560	
12686	0	37908	32316	38596	
12687	0	37780	32376	38980	
12688	0	37660	32420	40100	
12689	0	37536	32516	42160	
12690	0	37408	32312	43736	
12691	0	37285	31888	44120	
12692	0	37168	31632	43132	
12693	0	37040	31808	41596	
12694	0	36920	31481	40588	
12695	0	36784	31224	39521	
12696	0	36656	30496	40096	
12697	0	36524	32040	42796	
12698	0	36388	32808	42592	
12699	0	36256	32956	41592	
12700	0	36120	32704	41192	
12701	0	35996	32820	42588	
12702	0	35860	32816	42684	
12703	0	35728	33008	43204	
12704	0	35592	33008	43448	
12705	0	35460	32968	42860	
12706	0	35317	32344	43064	
12707	0	35180	32236	43624	
12708	0	35044	32142	43900	
12709	0	34909	32016	44076	
12710	0	34772	32040	44449	
12711	0	34628	31520	45116	
12712	0	34492	32548	48184	
12713	0	34348	32956	43608	
12714	0	34206	34076	43596	
12715	0	34069	33936	44836	
12716	0	33924	33600	43024	
12717	0	33780	33776	43304	
12718	0	33640	33628	43776	
12719	0	33500	33889	42768	
12720	0	33349	34516	41472	
12721	0	33209	35184	40576	
12722	0	33065	36832	39352	
12723	0	32920	39280	37232	
12724	0	32781	40248	36228	
12725	0	32628	39632	35660	
12726	0	32480	37504	34636	
12727	0	32336	37796	36428	
12728	0	32192	38808	37360	
12729	0	32041	39820	37272	
12730	0	31892	40052	36732	
12731	0	31752	39928	36692	
12732	0	31604	39500	36924	
12733	0	31456	39080	36964	
12734	0	31305	38917	36541	
12735	0	31160	38964	36052	
12736	0	31008	39052	35833	
12737	0	30865	38980	35876	
12738	0	30712	38857	36064	
12739	0	30565	38720	36300	
12740	0	30424	38580	36516	
12741	0	30268	38432	36748	
12742	0	30124	38264	36904	
12743	0	29984	37960	37380	
12744	0	29828	37692	37812	
12745	0	29682	37440	38077	
12746	0	29536	37184	38456	
12747	0	29384	36896	38828	
12748	0	29236	36592	39196	
12749	0	29104	36228	39657	
12750	0	28952	35914	40036	
12751	0	28808	35560	40484	
12752	0	28664	35264	40824	
12753	0	28520	34952	41226	
12754	0	28372	34656	41544	
12755	0	28232	34334	41916	
12756	0	28089	33984	42268	
12757	0	27949	33656	42640	
12758	0	27808	33336	42980	
12759	0	27668	33044	43288	
12760	0	27524	32856	43540	
12761	0	27380	32704	43736	
12762	0	27252	32433	44024	
12763	0	27109	32118	44420	
12764	0	26972	31764	44776	
12765	0	26837	31425	44984	
12766	0	26697	31144	45128	
12767	0	26568	30922	45244	
12768	0	26426	30704	45320	
12769	0	26305	30488	45408	
12770	0	26156	30309	45552	
12771	0	26028	30156	45624	
12772	0	25896	30028	45700	
12773	0	25768	29882	45732	
12774	0	25640	29732	45688	
12775	0	25512	29593	45580	
12776	0	25384	29436	45396	
12777	0	25252	29312	45212	
12778	0	25136	29173	44917	
12779	0	24996	29073	44608	
12780	0	24873	29000	44212	
12781	0	24744	28884	43924	
12782	0	24624	28792	43604	
12783	0	24500	28737	43328	
12784	0	24384	28652	43092	
12785	0	24256	28540	42916	
12786	0	24138	28337	42704	
12787	0	24012	28189	42448	
12788	0	23908	27988	42176	
12789	0	23788	27765	41796	
12790	0	23664	27536	41524	
12791	0	23560	27268	41380	
12792	0	23441	27044	41256	
12793	0	23328	26730	41100	
12794	0	23224	26532	41040	
12795	0	23112	26372	41014	
12796	0	22996	26160	41220	
12797	0	22900	26032	41360	
12798	0	22792	26032	41424	
12799	0	22688	26080	41376	
12800	0	22588	23772	43500	
12801	0	22485	21913	38888	
12802	0	22388	23666	38328	
12803	0	22296	25124	39176	
12804	0	22200	23536	37408	
12805	0	22105	22804	37056	
12806	0	22014	22436	38209	
12807	0	21924	22260	39496	
12808	0	21828	20601	40160	
12809	0	21744	19745	42112	
12810	0	21661	19808	41308	
12811	0	21580	19688	40524	
12812	0	21497	18638	39064	
12813	0	21424	17789	40072	
12814	0	21348	16568	38944	
12815	0	21276	15148	38308	
12816	0	21201	13128	38013	
12817	0	21137	12656	36772	
12818	0	21068	20118	38808	
12819	0	21006	26360	43808	
12820	0	20941	29684	40068	
12821	0	20890	31624	41184	
12822	0	20832	33508	40376	
12823	0	20784	34276	39568	
12824	0	20728	34024	39576	
12825	0	20676	33648	39096	
12826	0	20632	33344	39044	
12827	0	20594	32884	38892	
12828	0	20552	31820	38633	
12829	0	20520	30872	38620	
12830	0	20488	31248	38220	
12831	0	20452	32085	37796	
12832	0	20432	32488	38036	
12833	0	20408	32456	38456	
12834	0	20380	32260	38756	
12835	0	20364	32277	38874	
12836	0	20344	32380	38848	
12837	0	20336	32453	38720	
12838	0	20332	32384	38708	
12839	0	20321	32224	38712	
12840	0	20318	32076	38688	
12841	0	20324	32108	38676	
12842	0	20316	32164	38564	
12843	0	20329	32204	38548	
12844	0	20338	32280	38504	
12845	0	20349	32328	38440	
12846	0	20365	32252	38189	
12847	0	20382	32285	38136	
12848	0	20404	32313	38106	
12849	0	20427	32316	38096	
12850	0	20449	32316	38076	
12851	0	20480	32356	38092	
12852	0	20516	32357	38212	
12853	0	20544	32288	38356	
12854	0	20582	32280	38364	
12855	0	20624	32280	38400	
12856	0	20669	32296	38356	
12857	0	20714	32320	38344	
12858	0	20761	32332	38360	
12859	0	20808	32404	38464	
12860	0	20864	32384	38444	
12861	0	20922	32412	38508	
12862	0	20980	33332	39432	
12863	0	21040	31722	38146	
12864	0	21104	32176	38412	
12865	0	21172	32548	38560	
12866	0	21237	32320	38384	
12867	0	21314	31012	37508	
12868	0	21384	31929	38220	
12869	0	21452	32200	38412	
12870	0	21532	32304	38460	
12871	0	21609	32346	38470	
12872	0	21688	32304	38508	
12873	0	21776	32388	38376	
12874	0	21865	32236	38324	
12875	0	21952	32300	38416	
12876	0	22040	32324	38332	
12877	0	22133	32268	38296	
12878	0	22221	32272	38338	
12879	0	22312	32368	38396	
12880	0	22420	32352	38420	
12881	0	22512	32345	38476	
12882	0	22614	32326	38512	
12883	0	22720	32292	38484	
12884	0	22825	32233	38384	
12885	0	22928	32249	38361	
12886	0	23032	32296	38328	
12887	0	23153	32320	38344	
12888	0	23260	32324	38360	
12889	0	23368	32320	38372	
12890	0	23484	32360	38365	
12891	0	23600	32388	38416	
12892	0	23712	32344	38428	
12893	0	23838	32356	38456	
12894	0	23960	32333	38452	
12895	0	24080	32344	38438	
12896	0	24200	32376	38385	
12897	0	24328	32356	38380	
12898	0	24458	32384	38352	
12899	0	24580	32352	38332	
12900	0	24708	32352	38440	
12901	0	24837	32376	38336	
12902	0	24968	32393	38348	
12903	0	25104	32396	38392	
12904	0	25240	32380	38368	
12905	0	25372	32356	38356	
12906	0	25504	32360	38373	
12907	0	25640	32372	38368	
12908	0	25784	32348	38346	
12909	0	25914	32404	38352	
12910	0	26060	32408	38396	
12911	0	26192	32420	38436	
12912	0	26336	32380	38408	
12913	0	26484	32348	38400	
12914	0	26628	32344	38336	
12915	0	26764	32386	38340	
12916	0	26912	32429	38380	
12917	0	27056	32356	38392	
12918	0	27204	32344	38388	
12919	0	27349	32365	38388	
12920	0	27492	32413	38384	
12921	0	27637	32416	38372	
12922	0	27785	32445	38416	
12923	0	27936	32436	38360	
12924	0	28080	32376	38364	
12925	0	28233	32402	38296	
12926	0	28384	32432	38372	
12927	0	28520	32461	38332	
12928	0	28684	32480	38300	
12929	0	28824	32437	38436	
12930	0	28972	32416	38408	
12931	0	29117	32480	38384	
12932	0	29269	32496	38452	
12933	0	29404	32504	38432	
12934	0	29556	32472	38396	
12935	0	29704	32477	38400	
12936	0	29852	32464	38432	
12937	0	30000	32386	38372	
12938	0	30140	32480	38352	
12939	0	30288	32500	38464	
12940	0	30433	32528	38464	
12941	0	30581	32541	38384	
12942	0	30712	32468	38400	
12943	0	30864	32400	38388	
12944	0	31008	32249	38272	
12945	0	31140	32388	38196	
12946	0	31280	32440	38445	
12947	0	31416	32464	38372	
12948	0	31568	32520	38345	
12949	0	31700	32512	38320	
12950	0	31840	32413	38400	
12951	0	31976	32404	38444	
12952	0	32116	32472	38444	
12953	0	32240	32506	38444	
12954	0	32384	32484	38412	
12955	0	32514	32533	38457	
12956	0	32640	32509	38516	
12957	0	32776	32500	38644	
12958	0	32904	32417	38744	
12959	0	33028	32380	38844	
12960	0	33156	32424	38860	
12961	0	33284	32504	38692	
12962	0	33408	32520	38552	
12963	0	33532	32473	38520	
12964	0	33649	32480	38624	
12965	0	33776	32484	38692	
12966	0	33896	32524	38752	
12967	0	34008	32536	38736	
12968	0	34124	32516	38700	
12969	0	34244	32473	38700	
12970	0	34360	32376	38608	
12971	0	34476	32392	38664	
12972	0	34584	32440	38660	
12973	0	34692	32360	38624	
12974	0	34804	32428	38700	
12975	0	34912	32360	38612	
12976	0	35024	32348	38604	
12977	0	35128	32304	38572	
12978	0	35236	32312	38568	
12979	0	35336	32232	38564	
12980	0	35432	32348	38712	
12981	0	35540	32380	38858	
12982	0	35640	32398	39008	
12983	0	35740	32370	39076	
12984	0	35836	32404	39236	
12985	0	35924	32420	39468	
12986	0	36020	32644	39940	
12987	0	36112	33136	40600	
12988	0	36200	33181	40688	
12989	0	36288	33404	42344	
12990	0	36376	34848	46861	
12991	0	36460	34888	47936	
12992	0	36536	33508	45084	
12993	0	36624	31364	40120	
12994	0	36712	31548	42492	
12995	0	36790	32800	46400	
12996	0	36868	34032	47232	
12997	0	36944	34420	47524	
12998	0	37028	34464	46880	
12999	0	37100	34324	45980	
13000	0	37176	34164	45524	
13001	0	37244	33988	45768	
13002	0	37312	34692	45888	
13003	0	37392	35012	45132	
13004	0	37456	35512	44704	
13005	0	37532	35748	43784	
13006	0	37600	36404	42828	
13007	0	37668	37908	41972	
13008	0	37728	38708	40364	
13009	0	37796	38932	40024	
13010	0	37864	38712	39172	
13011	0	37928	38648	36756	
13012	0	37988	39216	37044	
13013	0	38045	39764	36856	
13014	0	38116	40104	37024	
13015	0	38172	40396	37836	
13016	0	38240	40440	38268	
13017	0	38300	40380	38080	
13018	0	38356	40164	37596	
13019	0	38416	39816	36940	
13020	0	38472	39468	36320	
13021	0	38528	39108	35876	
13022	0	38592	38832	35676	
13023	0	38645	38644	35640	
13024	0	38712	38480	35865	
13025	0	38772	38272	36144	
13026	0	38820	38056	36512	
13027	0	38884	37824	36868	
13028	0	38944	37536	37212	
13029	0	38996	37256	37484	
13030	0	39052	36928	37752	
13031	0	39104	36584	37960	
13032	0	39161	36306	38216	
13033	0	39212	35996	38364	
13034	0	39264	35692	38520	
13035	0	39328	35396	38688	
13036	0	39388	35140	38880	
13037	0	39436	34824	39080	
13038	0	39488	34540	39346	
13039	0	39540	34256	39640	
13040	0	39592	34012	39944	
13041	0	39644	33760	40256	
13042	0	39692	33542	40480	
13043	0	39748	33324	40724	
13044	0	39792	33136	40852	
13045	0	39848	32944	41032	
13046	0	39892	32780	41120	
13047	0	39948	32612	41356	
13048	0	39992	32464	41560	
13049	0	40036	32304	41733	
13050	0	40092	32140	41892	
13051	0	40128	32016	42048	
13052	0	40180	31864	42116	
13053	0	40224	31644	42296	
13054	0	40260	31392	42576	
13055	0	40308	31087	42720	
13056	0	40348	30733	42904	
13057	0	40392	30345	42952	
13058	0	40440	29900	43104	
13059	0	40480	29684	42132	
13060	0	40520	28866	43348	
13061	0	40556	28630	42660	
13062	0	40600	28260	41676	
13063	0	40632	27308	44596	
13064	0	40680	27220	41728	
13065	0	40708	26548	41868	
13066	0	40740	26533	40716	
13067	0	40776	26300	41044	
13068	0	40816	25664	40084	
13069	0	40848	24712	40408	
13070	0	40880	23716	40420	
13071	0	40916	22748	39768	
13072	0	40940	21760	39016	
13073	0	40972	21069	37520	
13074	0	41000	19648	36824	
13075	0	41044	18824	35740	
13076	0	41068	18370	34988	
13077	0	41096	18068	34856	
13078	0	41128	18013	35020	
13079	0	41160	18672	35392	
13080	0	41192	19574	35904	
13081	0	41200	19961	36252	
13082	0	41237	19748	36457	
13083	0	41272	19609	36564	
13084	0	41288	19710	36540	
13085	0	41312	19296	36720	
13086	0	41336	19896	36177	
13087	0	41368	20232	35744	
13088	0	41388	21149	42872	
13089	0	41412	17928	43648	
13090	0	41428	17996	36180	
13091	0	41452	24796	35548	
13092	0	41480	27488	36048	
13093	0	41500	27748	36048	
13094	0	41524	31520	37304	
13095	0	41540	36504	39516	
13096	0	41560	37872	38532	
13097	0	41580	38400	40556	
13098	0	41600	36248	43056	
13099	0	41612	28536	50652	
13100	0	41632	31264	47120	
13101	0	41652	29088	40492	
13102	0	41656	22440	41000	
13103	0	41680	29006	37144	
13104	0	41692	31424	36756	
13105	0	41700	32288	38168	
13106	0	41720	32976	38200	
13107	0	41728	33345	38024	
13108	0	41744	32640	38596	
13109	0	41756	31652	38552	
13110	0	41764	31469	38432	
13111	0	41772	31454	38572	
13112	0	41788	31524	38744	
13113	0	41792	31644	39028	
13114	0	41796	31820	39048	
13115	0	41800	31901	38812	
13116	0	41809	31916	38568	
13117	0	41808	31964	38308	
13118	0	41812	32013	38256	
13119	0	41816	32052	38304	
13120	0	41808	32088	38360	
13121	0	41816	32093	38444	
13122	0	41816	32133	38464	
13123	0	41812	32145	38496	
13124	0	41816	32164	38456	
13125	0	41800	32148	38392	
13126	0	41804	32128	38340	
13127	0	41792	32096	38320	
13128	0	41784	32108	38308	
13129	0	41756	32090	38316	
13130	0	41768	32096	38400	
13131	0	41760	32068	38440	
13132	0	41748	32068	38444	
13133	0	41740	32028	38504	
13134	0	41720	32008	38496	
13135	0	41704	32008	38496	
13136	0	41692	32032	38536	
13137	0	41668	32009	38524	
13138	0	41650	32024	38488	
13139	0	41632	32028	38508	
13140	0	41612	32052	38524	
13141	0	41588	32052	38536	
13142	0	41572	32068	38596	
13143	0	41550	32101	38584	
13144	0	41528	32112	38612	
13145	0	41496	32117	38556	
13146	0	41460	32120	38532	
13147	0	41432	32117	38504	
13148	0	41400	32084	38476	
13149	0	41380	32116	38460	
13150	0	41343	32082	38360	
13151	0	41304	32064	38336	
13152	0	41273	32072	38308	
13153	0	41232	32076	38320	
13154	0	41196	32084	38368	
13155	0	41152	32060	38388	
13156	0	41112	32096	38400	
13157	0	41068	32050	38344	
13158	0	41018	32060	38340	
13159	0	40976	32040	38400	
13160	0	40920	32040	38436	
13161	0	40884	32072	38444	
13162	0	40828	32064	38480	
13163	0	40776	32100	38464	
13164	0	40720	32116	38472	
13165	0	40672	32084	38464	
13166	0	40612	32056	38496	
13167	0	40549	32048	38484	
13168	0	40484	32050	38484	
13169	0	40428	32037	38448	
13170	0	40380	32017	38440	
13171	0	40308	32020	38408	
13172	0	40248	32016	38376	
13173	0	40176	32040	38382	
13174	0	40108	32052	38432	
13175	0	40044	32064	38464	
13176	0	39968	32092	38464	
13177	0	39897	32104	38432	
13178	0	39833	32092	38489	
13179	0	39756	32028	38440	
13180	0	39680	32092	38568	
13181	0	39608	32064	38536	
13182	0	39520	32040	38572	
13183	0	39448	32049	38580	
13184	0	39360	32032	38476	
13185	0	39280	32041	38472	
13186	0	39200	31992	38436	
13187	0	39112	32076	38412	
13188	0	39024	32017	38384	
13189	0	38945	31997	38412	
13190	0	38848	31969	38406	
13191	0	38768	31988	38424	
13192	0	38664	32008	38420	
13193	0	38580	32060	38488	
13194	0	38480	32048	38529	
13195	0	38388	32024	38548	
13196	0	38288	32089	38628	
13197	0	38197	32000	38600	
13198	0	38096	32005	38612	
13199	0	37992	31944	38548	
13200	0	37892	32012	38548	
13201	0	37788	32008	38504	
13202	0	37696	32012	38541	
13203	0	37576	32040	38556	
13204	0	37468	31952	38584	
13205	0	37368	31993	38608	
13206	0	37252	32000	38512	
13207	0	37148	32040	38496	
13208	0	37037	32145	38384	
13209	0	36928	32152	38496	
13210	0	36804	32116	38568	
13211	0	36696	32148	38552	
13212	0	36584	32148	38564	
13213	0	36468	32096	38820	
13214	0	36352	32136	38588	
13215	0	36232	31978	38700	
13216	0	36116	31921	38864	
13217	0	36004	32125	38706	
13218	0	35880	32132	39064	
13219	0	35768	32084	39096	
13220	0	35648	32048	39104	
13221	0	35520	32116	39685	
13222	0	35392	32224	39796	
13223	0	35272	32352	40124	
13224	0	35144	32148	40293	
13225	0	35024	32204	40032	
13226	0	34908	31712	39924	
13227	0	34776	31448	39572	
13228	0	34656	31196	39060	
13229	0	34532	30356	39632	
13230	0	34408	30540	41520	
13231	0	34285	31854	41128	
13232	0	34160	32148	39548	
13233	0	34032	32256	39236	
13234	0	33904	32708	39336	
13235	0	33780	32948	39472	
13236	0	33652	32692	39636	
13237	0	33540	32232	39320	
13238	0	33400	31744	39012	
13239	0	33280	31424	38928	
13240	0	33152	31312	39048	
13241	0	33024	31352	39184	
13242	0	32904	31556	39200	
13243	0	32777	31880	39320	
13244	0	32644	32004	39292	
13245	0	32524	31668	39472	
13246	0	32400	31149	39652	
13247	0	32280	30752	39953	
13248	0	32156	30745	40640	
13249	0	32028	31132	41576	
13250	0	31900	31628	42804	
13251	0	31776	32157	43896	
13252	0	31660	32588	45208	
13253	0	31540	32940	46656	
13254	0	31416	33266	47768	
13255	0	31296	33309	48696	
13256	0	31172	32904	50100	
13257	0	31052	33588	51012	
13258	0	30924	33688	52092	
13259	0	30808	34072	51812	
13260	0	30688	34420	51792	
13261	0	30568	35176	51624	
13262	0	30449	36112	51316	
13263	0	30337	36452	50248	
13264	0	30217	37176	49200	
13265	0	30100	37676	47052	
13266	0	29989	36737	43252	
13267	0	29872	35788	39588	
13268	0	29760	37196	36984	
13269	0	29652	39088	32877	
13270	0	29541	40696	28928	
13271	0	29432	45400	25788	
13272	0	29332	50040	25540	
13273	0	29224	50212	26201	
13274	0	29120	44304	26692	
13275	0	29022	42548	27864	
13276	0	28916	44370	31372	
13277	0	28824	46332	34492	
13278	0	28724	46432	34384	
13279	0	28628	44464	33488	
13280	0	28538	41720	33736	
13281	0	28444	39648	32880	
13282	0	28356	38472	31472	
13283	0	28260	38336	30122	
13284	0	28189	37129	30404	
13285	0	28104	36329	30624	
13286	0	28028	35832	31424	
13287	0	27952	35576	32584	
13288	0	27876	35412	33612	
13289	0	27804	35276	34496	
13290	0	27736	34912	35248	
13291	0	27672	34504	35968	
13292	0	27604	33857	36364	
13293	0	27544	33244	36560	
13294	0	27480	32812	36964	
13295	0	27433	32496	37064	
13296	0	27376	32080	36904	
13297	0	27328	31712	36944	
13298	0	27280	31461	37648	
13299	0	27240	31008	37640	
13300	0	27192	30516	37964	
13301	0	27160	29544	38084	
13302	0	27116	28224	38528	
13303	0	27088	27196	38996	
13304	0	27064	27190	39208	
13305	0	27040	27401	38816	
13306	0	27008	27000	38676	
13307	0	26996	26180	38464	
13308	0	26978	25408	38276	
13309	0	26960	24706	38136	
13310	0	26962	23933	37788	
13311	0	26952	23164	37468	
13312	0	26948	22357	37361	
13313	0	26952	21613	36945	
13314	0	26952	21024	37148	
13315	0	26953	20536	37528	
13316	0	26964	20261	37692	
13317	0	26984	20108	38876	
13318	0	26992	19620	39609	
13319	0	27017	19426	37808	
13320	0	27037	18980	37820	
13321	0	27056	18748	37256	
13322	0	27088	18516	36244	
13323	0	27116	18501	36820	
13324	0	27152	18725	35768	
13325	0	27189	19100	36368	
13326	0	27224	19121	34992	
13327	0	27272	19614	35568	
13328	0	27320	20036	35604	
13329	0	27360	19949	33896	
13330	0	27412	20504	35052	
13331	0	27456	20113	33832	
13332	0	27522	20533	34562	
13333	0	27572	20381	34616	
13334	0	27634	20649	34716	
13335	0	27696	20512	33528	
13336	0	27759	20704	35356	
13337	0	27820	20681	34000	
13338	0	27896	20792	35764	
13339	0	27960	20966	36128	
13340	0	28033	21342	36236	
13341	0	28104	21893	36300	
13342	0	28184	22544	36469	
13343	0	28257	23242	36816	
13344	0	28336	23993	37276	
13345	0	28420	24796	37728	
13346	0	28500	25768	38180	
13347	0	28576	26444	37372	
13348	0	28664	40772	49888	
13349	0	28749	40960	35364	
13350	0	28832	54672	40076	
13351	0	28924	49796	55024	
13352	0	29012	21478	37512	
13353	0	29108	24656	33320	
13354	0	29200	40665	34820	
13355	0	29281	35856	37696	
13356	0	29376	25173	40361	
13357	0	29468	23062	48164	
13358	0	29560	31736	48072	
13359	0	29652	34788	44156	
13360	0	29740	34912	41465	
13361	0	29833	34272	39396	
13362	0	29929	32064	39032	
13363	0	30021	31068	42148	
13364	0	30116	30823	41120	
13365	0	30208	23941	49600	
13366	0	30300	36600	46601	
13367	0	30392	30128	44588	
13368	0	30480	34776	52836	
13369	0	30572	34588	49004	
13370	0	30664	34481	44249	
13371	0	30752	33536	40300	
13372	0	30842	33248	39192	
13373	0	30932	32140	37684	
13374	0	31024	31332	36820	
13375	0	31108	31060	36804	
13376	0	31188	31104	37156	
13377	0	31292	31188	37752	
13378	0	31369	31388	38032	
13379	0	31457	31724	38436	
13380	0	31546	32154	38860	
13381	0	31624	32592	39346	
13382	0	31704	32976	39424	
13383	0	31788	32944	39344	
13384	0	31864	32560	39020	
13385	0	31948	32088	38644	
13386	0	32028	31872	38224	
13387	0	32108	31864	37972	
13388	0	32188	32156	38004	
13389	0	32256	32412	38416	
13390	0	32340	32500	38840	
13391	0	32408	32464	39068	
13392	0	32481	32324	39096	
13393	0	32561	32240	38952	
13394	0	32629	32216	38728	
13395	0	32696	32260	38624	
13396	0	32777	32296	38440	
13397	0	32848	32212	38560	
13398	0	32920	32184	38716	
13399	0	32992	32164	38757	
13400	0	33060	32144	38708	
13401	0	33121	32104	38600	
13402	0	33196	32116	38580	
13403	0	33264	32082	38320	
13404	0	33312	32048	38241	
13405	0	33400	31973	38204	
13406	0	33464	32068	37980	
13407	0	33540	32096	37680	
13408	0	33600	32105	37332	
13409	0	33668	32030	37400	
13410	0	33738	32052	37464	
13411	0	33808	31924	37376	
13412	0	33873	31984	37624	
13413	0	33940	32021	37780	
13414	0	34012	31964	37988	
13415	0	34080	32016	38048	
13416	0	34148	32136	38144	
13417	0	34220	32260	38232	
13418	0	34288	32408	38360	
13419	0	34360	32448	38464	
13420	0	34424	32328	38556	
13421	0	34496	32228	38772	
13422	0	34573	32104	38886	
13423	0	34644	32076	38816	
13424	0	34716	32096	38660	
13425	0	34784	32184	38424	
13426	0	34860	32152	38612	
13427	0	34936	32202	38784	
13428	0	35004	32092	39060	
13429	0	35084	32094	39116	
13430	0	35164	32076	39177	
13431	0	35232	32024	39200	
13432	0	35300	32033	39341	
13433	0	35384	31828	39277	
13434	0	35460	31780	39276	
13435	0	35534	31694	39476	
13436	0	35612	31780	39708	
13437	0	35688	31876	40077	
13438	0	35772	31888	40708	
13439	0	35852	31884	40972	
13440	0	35924	31653	42176	
13441	0	36000	31556	42700	
13442	0	36076	31804	43548	
13443	0	36160	32144	44848	
13444	0	36233	32554	45708	
13445	0	36308	31472	43044	
13446	0	36392	32500	44480	
13447	0	36464	33944	47692	
13448	0	36536	34776	49260	
13449	0	36612	34756	48368	
13450	0	36688	33684	47204	
13451	0	36764	32936	47276	
13452	0	36832	32289	48312	
13453	0	36912	33153	48852	
13454	0	36980	33626	49048	
13455	0	37040	35312	47492	
13456	0	37120	34168	50300	
13457	0	37184	34840	49200	
13458	0	37248	35860	48388	
13459	0	37312	35916	48672	
13460	0	37380	36364	50784	
13461	0	37436	36908	46920	
13462	0	37504	37728	41312	
13463	0	37552	37448	39592	
13464	0	37608	36268	38060	
13465	0	37664	36288	36068	
13466	0	37712	36104	34416	
13467	0	37789	35444	33020	
13468	0	37812	37864	32176	
13469	0	37860	44193	30432	
13470	0	37908	48372	27901	
13471	0	37948	48428	27744	
13472	0	37980	46597	31021	
13473	0	38028	42984	27676	
13474	0	38048	42156	27441	
13475	0	38084	42216	28817	
13476	0	38124	42104	31272	
13477	0	38137	41248	32980	
13478	0	38164	39932	33541	
13479	0	38188	38756	33492	
13480	0	38204	37853	33150	
13481	0	38224	36960	32864	
13482	0	38232	36161	32452	
13483	0	38244	35604	32328	
13484	0	38252	35306	32356	
13485	0	38260	35282	32676	
13486	0	38260	35372	33176	
13487	0	38260	35450	33840	
13488	0	38252	35476	34464	
13489	0	38253	35300	34757	
13490	0	38248	35008	34992	
13491	0	38236	34656	35280	
13492	0	38240	34372	35568	
13493	0	38212	34008	35860	
13494	0	38198	33494	36480	
13495	0	38180	32812	37180	
13496	0	38160	32276	37568	
13497	0	38124	31688	38396	
13498	0	38100	30998	38740	
13499	0	38072	30524	38976	
13500	0	38041	30184	39252	
13501	0	38008	29876	39012	
13502	0	37976	29504	38364	
13503	0	37932	29168	38104	
13504	0	37884	28749	37697	
13505	0	37848	28324	37600	
13506	0	37801	27996	37328	
13507	0	37752	27600	37408	
13508	0	37708	27156	37668	
13509	0	37652	27104	38344	
13510	0	37604	26268	37424	
13511	0	37556	25106	36740	
13512	0	37488	24756	36576	
13513	0	37432	24500	37136	
13514	0	37376	25124	40464	
13515	0	37312	23496	38169	
13516	0	37244	22720	37612	
13517	0	37184	22966	39296	
13518	0	37112	22748	39584	
13519	0	37044	21972	37880	
13520	0	36972	21792	38648	
13521	0	36904	20792	36484	
13522	0	36828	20548	37472	
13523	0	36756	20820	38884	
13524	0	36676	20373	38256	
13525	0	36596	20748	40020	
13526	0	36520	19608	37892	
13527	0	36436	19384	37860	
13528	0	36352	19509	37204	
13529	0	36272	19588	36397	
13530	0	36180	20201	36292	
13531	0	36092	19874	35272	
13532	0	36008	20292	35245	
13533	0	35908	20853	35280	
13534	0	35820	21428	35408	
13535	0	35720	22033	35800	
13536	0	35628	22476	36224	
13537	0	35524	22864	36576	
13538	0	35436	23234	36724	
13539	0	35332	23524	36624	
13540	0	35232	23786	36420	
13541	0	35136	24118	36272	
13542	0	35032	24444	36384	
13543	0	34920	24778	36820	
13544	0	34820	25280	37476	
13545	0	34716	26813	39060	
13546	0	34612	30676	43992	
13547	0	34496	36184	50272	
13548	0	34392	43504	38521	
13549	0	34272	50588	48992	
13550	0	34168	25996	48784	
13551	0	34056	12268	37636	
13552	0	33940	32140	41136	
13553	0	33832	40424	40572	
13554	0	33708	29892	37773	
13555	0	33596	25716	35089	
13556	0	33480	30092	40333	
13557	0	33368	33664	48792	
13558	0	33248	34357	50832	
13559	0	33132	34556	44868	
13560	0	33008	35564	38504	
13561	0	32888	18524	43280	
13562	0	32772	29630	22320	
13563	0	32649	34716	48560	
13564	0	32524	31164	51312	
13565	0	32405	32600	51668	
13566	0	32281	34188	47880	
13567	0	32159	34528	43912	
13568	0	32036	33785	41696	
13569	0	31912	31969	39800	
13570	0	31784	30664	38256	
13571	0	31664	30372	37180	
13572	0	31536	30732	36838	
13573	0	31416	31432	37582	
13574	0	31284	31828	38416	
13575	0	31161	32045	39088	
13576	0	31040	32184	39597	
13577	0	30912	32309	39628	
13578	0	30784	32346	39176	
13579	0	30657	32313	38317	
13580	0	30530	32213	37536	
13581	0	30408	32060	37328	
13582	0	30289	31920	37561	
13583	0	30157	31934	37964	
13584	0	30038	32056	38804	
13585	0	29912	32476	39470	
13586	0	29788	32760	39600	
13587	0	29664	32665	39532	
13588	0	29548	32440	39057	
13589	0	29420	32264	38453	
13590	0	29300	32169	37988	
13591	0	29176	32225	37708	
13592	0	29052	32293	37624	
13593	0	28932	32413	37937	
13594	0	28808	32388	38484	
13595	0	28696	32348	38912	
13596	0	28576	32276	39024	
13597	0	28452	32202	38988	
13598	0	28332	32261	38646	
13599	0	28224	32324	38368	
13600	0	28098	32348	38204	
13601	0	27984	32336	38208	
13602	0	27868	32304	38352	
13603	0	27760	32240	38552	
13604	0	27636	32209	38584	
13605	0	27536	32104	38540	
13606	0	27412	32160	38488	
13607	0	27304	31944	38304	
13608	0	27195	32060	38352	
13609	0	27080	32096	38024	
13610	0	26980	32234	37864	
13611	0	26868	32376	37776	
13612	0	26760	32272	37756	
13613	0	26656	32160	37617	
13614	0	26548	31856	37528	
13615	0	26444	31956	37556	
13616	0	26344	31780	37540	
13617	0	26237	31896	37772	
13618	0	26144	32004	37856	
13619	0	26040	32228	38216	
13620	0	25945	32425	38840	
13621	0	25848	32600	39440	
13622	0	25748	32560	40176	
13623	0	25656	32224	40504	
13624	0	25564	32028	40672	
13625	0	25472	32024	40172	
13626	0	25376	32088	39812	
13627	0	25288	32032	39464	
13628	0	25200	32064	39616	
13629	0	25116	32088	39736	
13630	0	25030	32200	40192	
13631	0	24944	32280	40272	
13632	0	24862	32208	40880	
13633	0	24788	32048	40969	
13634	0	24704	32004	41000	
13635	0	24628	31592	41276	
13636	0	24553	31564	41096	
13637	0	24477	31548	40650	
13638	0	24413	31880	40336	
13639	0	24340	31720	40192	
13640	0	24268	31788	41160	
13641	0	24200	32304	41992	
13642	0	24136	32841	42408	
13643	0	24085	33096	42861	
13644	0	24010	33312	43944	
13645	0	23964	33325	45272	
13646	0	23906	33520	46464	
13647	0	23856	33900	47388	
13648	0	23796	34240	48408	
13649	0	23752	34688	49444	
13650	0	23704	35492	50188	
13651	0	23656	35632	50660	
13652	0	23624	35932	51064	
13653	0	23580	36493	50792	
13654	0	23549	36501	49572	
13655	0	23512	37164	48060	
13656	0	23480	38092	47132	
13657	0	23448	37797	43120	
13658	0	23416	36420	40504	
13659	0	23404	36292	38164	
13660	0	23385	37393	33826	
13661	0	23368	38330	30789	
13662	0	23358	41656	28712	
13663	0	23342	48496	25680	
13664	0	23336	49308	27060	
13665	0	23336	44628	29053	
13666	0	23332	43369	30760	
13667	0	23332	44352	32760	
13668	0	23338	44288	35448	
13669	0	23340	43021	35368	
13670	0	23354	41280	35532	
13671	0	23364	39132	34340	
13672	0	23384	37716	32084	
13673	0	23404	36868	30282	
13674	0	23428	36112	29848	
13675	0	23452	35604	30112	
13676	0	23488	35745	30395	
13677	0	23522	35896	31128	
13678	0	23552	35876	31952	
13679	0	23592	35748	32845	
13680	0	23648	35556	33812	
13681	0	23688	35284	34433	
13682	0	23732	35028	34768	
13683	0	23796	34764	34964	
13684	0	23852	34460	35064	
13685	0	23912	34148	35120	
13686	0	23978	33824	35220	
13687	0	24044	33528	35496	
13688	0	24113	33204	35880	
13689	0	24189	32864	36680	
13690	0	24268	32316	37080	
13691	0	24356	31722	37244	
13692	0	24434	30997	37556	
13693	0	24520	30308	37614	
13694	0	24610	29776	37468	
13695	0	24704	29268	36556	
13696	0	24790	28968	36400	
13697	0	24896	29036	36740	
13698	0	24993	29056	37724	
13699	0	25098	28460	38245	
13700	0	25208	27710	40296	
13701	0	25317	27216	40078	
13702	0	25424	25760	36436	
13703	0	25536	25628	36100	
13704	0	25656	25341	36884	
13705	0	25768	26073	38945	
13706	0	25888	25545	40560	
13707	0	26000	23824	38953	
13708	0	26126	22812	38764	
13709	0	26250	22218	38596	
13710	0	26376	21368	37136	
13711	0	26504	20556	41204	
13712	0	26629	19616	40400	
13713	0	26762	18598	38880	
13714	0	26892	18030	37380	
13715	0	27024	17192	38720	
13716	0	27160	16532	36020	
13717	0	27296	16328	37780	
13718	0	27428	16253	38828	
13719	0	27562	16257	36648	
13720	0	27704	16444	36773	
13721	0	27844	16761	36484	
13722	0	27984	17480	38228	
13723	0	28124	18018	36224	
13724	0	28268	18376	35512	
13725	0	28405	18724	34660	
13726	0	28552	19414	34425	
13727	0	28702	20364	35048	
13728	0	28840	21264	35309	
13729	0	28984	21865	35392	
13730	0	29134	22732	35896	
13731	0	29284	23802	36732	
13732	0	29424	24768	37164	
13733	0	29576	25376	36813	
13734	0	29732	30936	42624	
13735	0	29880	35173	50112	
13736	0	30024	39972	36104	
13737	0	30180	51776	46944	
13738	0	30332	25450	43125	
13739	0	30484	7356	37444	
13740	0	30636	29661	34808	
13741	0	30784	39432	31140	
13742	0	30936	24928	33220	
13743	0	31092	26113	39396	
13744	0	31237	32424	49152	
13745	0	31392	38856	50084	
13746	0	31552	34840	44756	
13747	0	31708	34988	40432	
13748	0	31856	33940	40224	
13749	0	32009	31352	42053	
13750	0	32153	31770	44480	
13751	0	32316	32164	44328	
13752	0	32468	32172	42702	
13753	0	32620	32584	42320	
13754	0	32772	32836	42428	
13755	0	32928	32240	42256	
13756	0	33088	30260	39000	
13757	0	33232	32116	49345	
13758	0	33388	33072	32404	
13759	0	33532	32008	42213	
13760	0	33692	32564	42424	
13761	0	33844	33620	45596	
13762	0	33996	34434	45664	
13763	0	34148	33825	44212	
13764	0	34292	33057	42576	
13765	0	34440	32212	41232	
13766	0	34592	31840	39716	
13767	0	34736	31636	38200	
13768	0	34880	31628	37332	
13769	0	35024	31845	37056	
13770	0	35160	32020	37448	
13771	0	35308	32056	38120	
13772	0	35445	31901	38848	
13773	0	35576	31897	39148	
13774	0	35712	32040	39144	
13775	0	35844	32208	38808	
13776	0	35976	32204	38480	
13777	0	36104	32008	38392	
13778	0	36228	31784	38328	
13779	0	36344	31700	38284	
13780	0	36468	31797	38140	
13781	0	36588	31916	38080	
13782	0	36704	31948	38045	
13783	0	36812	31960	38092	
13784	0	36924	31868	38176	
13785	0	37024	31904	38104	
13786	0	37128	31872	38120	
13787	0	37236	31872	37996	
13788	0	37328	31900	38057	
13789	0	37428	31840	38120	
13790	0	37516	31888	38260	
13791	0	37596	32072	38348	
13792	0	37688	32172	38497	
13793	0	37764	32204	38656	
13794	0	37836	32156	38852	
13795	0	37904	32124	38892	
13796	0	37976	32112	38692	
13797	0	38040	31962	38588	
13798	0	38106	32000	38624	
13799	0	38160	31976	38664	
13800	0	38216	31972	38948	
13801	0	38272	32016	39012	
13802	0	38320	31920	39252	
13803	0	38364	31896	39120	
13804	0	38400	31780	39140	
13805	0	38432	31641	38932	
13806	0	38472	31712	38772	
13807	0	38512	31773	38948	
13808	0	38532	31785	39032	
13809	0	38556	31616	38892	
13810	0	38576	31628	38852	
13811	0	38592	31852	38496	
13812	0	38604	31964	38764	
13813	0	38616	31916	38714	
13814	0	38620	31676	39312	
13815	0	38620	31460	39296	
13816	0	38620	31292	39208	
13817	0	38616	31420	38984	
13818	0	38612	31600	38773	
13819	0	38600	31661	39044	
13820	0	38588	31608	39040	
13821	0	38576	31329	39780	
13822	0	38548	31660	40280	
13823	0	38532	31884	40004	
13824	0	38508	32192	40132	
13825	0	38484	32212	40700	
13826	0	38444	32322	41288	
13827	0	38400	32448	42252	
13828	0	38373	32741	42948	
13829	0	38329	32688	43408	
13830	0	38292	32461	44084	
13831	0	38240	32236	44705	
13832	0	38192	32112	45224	
13833	0	38148	32112	46336	
13834	0	38096	32576	46688	
13835	0	38028	33420	47424	
13836	0	37972	34400	47864	
13837	0	37912	34960	49060	
13838	0	37840	35532	49848	
13839	0	37776	36048	49776	
13840	0	37716	36196	49316	
13841	0	37640	36516	48784	
13842	0	37568	36948	48120	
13843	0	37492	37360	47248	
13844	0	37416	37140	46368	
13845	0	37336	36840	44077	
13846	0	37252	36520	39656	
13847	0	37172	36576	37533	
13848	0	37092	36872	34232	
13849	0	37004	38516	31381	
13850	0	36916	42300	29440	
13851	0	36832	48584	27333	
13852	0	36736	50080	27532	
13853	0	36652	46784	30680	
13854	0	36560	42720	30452	
13855	0	36460	43156	30740	
13856	0	36365	44484	32096	
13857	0	36260	44320	33356	
13858	0	36172	43044	34220	
13859	0	36064	41068	34281	
13860	0	35972	39516	33096	
13861	0	35868	38340	31684	
13862	0	35760	37221	31412	
13863	0	35660	36564	31144	
13864	0	35548	36122	31360	
13865	0	35436	35744	31752	
13866	0	35332	35712	31980	
13867	0	35225	35728	32425	
13868	0	35116	35656	33017	
13869	0	35008	35292	33456	
13870	0	34896	34792	33776	
13871	0	34784	34373	34248	
13872	0	34668	34004	34848	
13873	0	34548	33709	35124	
13874	0	34432	33240	35596	
13875	0	34316	32609	36136	
13876	0	34204	32328	36792	
13877	0	34080	31869	37688	
13878	0	33964	31164	38024	
13879	0	33848	30842	38449	
13880	0	33720	30330	39188	
13881	0	33604	29760	39240	
13882	0	33488	29064	39420	
13883	0	33356	28304	40721	
13884	0	33240	27680	43432	
13885	0	33120	26924	39716	
13886	0	32996	26874	36356	
13887	0	32864	26676	39604	
13888	0	32740	25944	38052	
13889	0	32620	25184	39264	
13890	0	32504	24600	39804	
13891	0	32380	24008	38888	
13892	0	32252	23296	38196	
13893	0	32132	22632	37324	
13894	0	32012	21973	37436	
13895	0	31884	21456	37616	
13896	0	31757	21068	37141	
13897	0	31636	20769	36472	
13898	0	31520	20398	36333	
13899	0	31396	20276	37756	
13900	0	31272	19941	35484	
13901	0	31160	20094	41352	
13902	0	31032	19552	34876	
13903	0	30920	19476	38900	
13904	0	30800	19554	35188	
13905	0	30678	19989	40288	
13906	0	30560	19735	34584	
13907	0	30446	19757	35720	
13908	0	30336	19612	35452	
13909	0	30212	19620	35144	
13910	0	30101	19436	34948	
13911	0	29988	19928	34204	
13912	0	29868	19976	34548	
13913	0	29760	20261	34561	
13914	0	29648	20540	34412	
13915	0	29536	20920	34292	
13916	0	29425	21488	34612	
13917	0	29320	21825	34250	
13918	0	29216	22492	34612	
13919	0	29109	23126	34933	
13920	0	29004	24580	40212	
13921	0	28896	24192	34420	
13922	0	28801	24876	35684	
13923	0	28688	21988	44020	
13924	0	28600	37684	47688	
13925	0	28496	41044	41360	
13926	0	28396	41240	41284	
13927	0	28300	14470	44248	
13928	0	28204	4611	30928	
13929	0	28108	27229	35744	
13930	0	28020	35864	38576	
13931	0	27928	33060	33972	
13932	0	27828	31937	36036	
13933	0	27748	34120	43988	
13934	0	27658	37576	55164	
13935	0	27572	33296	52996	
13936	0	27488	35428	48760	
13937	0	27404	33300	40364	
13938	0	27322	30564	43412	
13939	0	27244	30968	44572	
13940	0	27162	31994	43640	
13941	0	27085	32405	42668	
13942	0	27019	32428	40936	
13943	0	26940	25092	40164	
13944	0	26872	37356	35140	
13945	0	26800	33640	38116	
13946	0	26734	31984	43836	
13947	0	26664	33864	44292	
13948	0	26601	34264	44312	
13949	0	26541	33328	42924	
13950	0	26488	32720	41572	
13951	0	26432	32280	40641	
13952	0	26376	31828	39772	
13953	0	26324	31732	39200	
13954	0	26272	31836	38456	
13955	0	26224	31784	38208	
13956	0	26180	31608	38504	
13957	0	26136	31529	38976	
13958	0	26090	31768	39220	
13959	0	26052	32076	39556	
13960	0	26028	32188	37940	
13961	0	25984	31980	37440	
13962	0	25957	31792	36544	
13963	0	25924	31756	36333	
13964	0	25905	31816	36116	
13965	0	25888	31812	36204	
13966	0	25864	31808	36704	
13967	0	25852	31792	37312	
13968	0	25848	31744	37808	
13969	0	25832	31728	38201	
13970	0	25828	31756	38344	
13971	0	25824	31716	38352	
13972	0	25824	31768	38224	
13973	0	25829	31706	38180	
13974	0	25834	31760	38126	
13975	0	25861	31704	38168	
13976	0	25856	31812	38244	
13977	0	25880	31932	38124	
13978	0	25896	32096	37280	
13979	0	25921	31769	37744	
13980	0	25948	31616	37889	
13981	0	25984	31672	37680	
13982	0	26024	30536	40820	
13983	0	26060	32186	37168	
13984	0	26108	32136	37784	
13985	0	26156	32092	38112	
13986	0	26204	32052	38240	
13987	0	26256	32084	38456	
13988	0	26314	32032	38520	
13989	0	26372	31920	38548	
13990	0	26442	31612	38664	
13991	0	26512	32064	38020	
13992	0	26588	32052	38456	
13993	0	26656	32064	38752	
13994	0	26740	30362	41616	
13995	0	26818	32209	39297	
13996	0	26920	32108	40032	
13997	0	26994	31360	42080	
13998	0	27084	32156	40544	
13999	0	27180	30424	44032	
14000	0	27276	32020	39828	
14001	0	27380	31620	40112	
14002	0	27476	31632	40140	
14003	0	27596	30980	40468	
14004	0	27692	31489	39692	
14005	0	27804	32776	37684	
14006	0	27920	30856	41241	
14007	0	28028	32728	38836	
14008	0	28148	33236	38628	
14009	0	28270	32564	39876	
14010	0	28392	32348	40980	
14011	0	28521	32804	41056	
14012	0	28652	32456	43032	
14013	0	28785	32580	44476	
14014	0	28912	33204	45037	
14015	0	29048	33588	47296	
14016	0	29176	34144	48192	
14017	0	29327	34260	49065	
14018	0	29452	34796	50096	
14019	0	29597	35132	50192	
14020	0	29736	35680	50352	
14021	0	29888	36452	49592	
14022	0	30028	37256	48996	
14023	0	30172	37320	48352	
14024	0	30320	37492	47344	
14025	0	30476	37820	46272	
14026	0	30620	37984	44736	
14027	0	30772	38028	41528	
14028	0	30916	38384	36976	
14029	0	31080	38364	35012	
14030	0	31228	41676	35468	
14031	0	31381	42976	34256	
14032	0	31540	44240	34496	
14033	0	31696	44072	37269	
14034	0	31853	42700	36560	
14035	0	32008	40240	32328	
14036	0	32168	40128	32420	
14037	0	32328	40664	32280	
14038	0	32458	40100	33585	
14039	0	32648	38940	33768	
14040	0	32796	37492	33620	
14041	0	32960	36872	33340	
14042	0	33116	36832	32940	
14043	0	33272	36452	33408	
14044	0	33420	36282	33580	
14045	0	33584	36356	33364	
14046	0	33732	36488	33128	
14047	0	33888	36512	33116	
14048	0	34052	36404	33300	
14049	0	34197	36221	33561	
14050	0	34356	36060	33730	
14051	0	34508	35968	33776	
14052	0	34652	35884	34017	
14053	0	34800	35892	33908	
14054	0	34949	35716	34793	
14055	0	35096	35688	34948	
14056	0	35236	35436	36620	
14057	0	35388	35408	36680	
14058	0	35528	35184	37712	
14059	0	35648	35092	38444	
14060	0	35800	35065	38888	
14061	0	35928	34912	39168	
14062	0	36060	34824	39440	
14063	0	36192	34776	39664	
14064	0	36332	34744	39892	
14065	0	36452	34709	40196	
14066	0	36584	34644	40488	
14067	0	36696	34348	40784	
14068	0	36824	34333	41492	
14069	0	36944	34064	42076	
14070	0	37060	34012	42028	
14071	0	37164	32346	45032	
14072	0	37285	33076	44220	
14073	0	37396	32942	44292	
14074	0	37504	31896	45908	
14075	0	37612	32049	45856	
14076	0	37712	31089	46956	
14077	0	37816	29752	48544	
14078	0	37912	30164	48072	
14079	0	38010	30772	46288	
14080	0	38100	29151	47716	
14081	0	38196	28928	47128	
14082	0	38283	25852	50096	
14083	0	38368	27668	47268	
14084	0	38456	26581	48116	
14085	0	38524	26711	46392	
14086	0	38612	25656	47364	
14087	0	38680	24970	47072	
14088	0	38756	24478	46612	
14089	0	38824	23486	46080	
14090	0	38892	23752	45088	
14091	0	38960	23120	44444	
14092	0	39020	23608	42500	
14093	0	39080	21948	43132	
14094	0	39132	20908	42528	
14095	0	39189	20092	41412	
14096	0	39232	20193	39668	
14097	0	39284	18912	39025	
14098	0	39328	19746	37284	
14099	0	39365	18376	37380	
14100	0	39400	18220	37248	
14101	0	39436	18586	37280	
14102	0	39460	19309	37528	
14103	0	39488	20317	38304	
14104	0	39512	21312	38508	
14105	0	39532	22193	38860	
14106	0	39560	23080	39716	
14107	0	39568	24144	40152	
14108	0	39572	25084	40116	
14109	0	39584	25976	40040	
14110	0	39588	26812	39888	
14111	0	39584	27636	39700	
14112	0	39584	28384	39468	
14113	0	39576	29176	39108	
14114	0	39564	31056	40040	
14115	0	39548	16396	52356	
14116	0	39532	30032	24932	
14117	0	39520	46520	45652	
14118	0	39488	39973	49400	
14119	0	39460	40624	52004	
14120	0	39428	40412	49876	
14121	0	39388	32960	46420	
14122	0	39352	23816	47288	
14123	0	39316	18453	42268	
14124	0	39264	19892	38964	
14125	0	39208	23128	39568	
14126	0	39164	26692	41452	
14127	0	39096	29988	41972	
14128	0	39040	28684	44736	
14129	0	38980	32428	42840	
14130	0	38912	30308	41376	
14131	0	38836	28848	40504	
14132	0	38768	29336	38440	
14133	0	38684	29124	36656	
14134	0	38592	31601	38297	
14135	0	38512	30076	38796	
14136	0	38420	29500	39680	
14137	0	38328	30424	39744	
14138	0	38236	31644	38730	
14139	0	38140	32096	38044	
14140	0	38044	31633	37724	
14141	0	37936	31852	37584	
14142	0	37836	32364	37872	
14143	0	37728	32288	38260	
14144	0	37616	32144	38240	
14145	0	37508	32016	38352	
14146	0	37392	31936	38660	
14147	0	37280	31972	38736	
14148	0	37160	31908	38376	
14149	0	37040	32184	37996	
14150	0	36920	32372	38100	
14151	0	36797	32244	38496	
14152	0	36680	32064	38900	
14153	0	36560	31948	39340	
14154	0	36436	32120	39332	
14155	0	36308	31940	38532	
14156	0	36176	32068	38344	
14157	0	36060	31952	38008	
14158	0	35928	31836	38000	
14159	0	35808	32053	38032	
14160	0	35680	31488	38577	
14161	0	35544	31572	38632	
14162	0	35413	31780	38328	
14163	0	35296	31428	38384	
14164	0	35168	31460	38116	
14165	0	35032	31308	38293	
14166	0	34912	31380	38172	
14167	0	34788	31480	38320	
14168	0	34656	31568	38444	
14169	0	34528	31584	38416	
14170	0	34404	31584	38376	
14171	0	34284	31624	38405	
14172	0	34152	31660	38220	
14173	0	34029	31608	38576	
14174	0	33904	31544	38660	
14175	0	33788	31588	38268	
14176	0	33664	31580	38288	
14177	0	33536	31592	38244	
14178	0	33420	31592	37964	
14179	0	33300	31584	37784	
14180	0	33184	31648	37824	
14181	0	33063	31588	37400	
14182	0	32952	31620	37440	
14183	0	32828	31584	37412	
14184	0	32708	31644	37460	
14185	0	32600	31656	37576	
14186	0	32480	31680	37868	
14187	0	32364	31804	38004	
14188	0	32252	31844	38164	
14189	0	32144	31864	38344	
14190	0	32028	31856	38428	
14191	0	31916	31908	38610	
14192	0	31805	31824	38976	
14193	0	31696	31808	38996	
14194	0	31588	31742	38940	
14195	0	31476	31696	38804	
14196	0	31376	31772	38652	
14197	0	31268	31724	38476	
14198	0	31160	31676	38592	
14199	0	31048	31696	38632	
14200	0	30944	31600	39020	
14201	0	30840	31424	38988	
14202	0	30736	31137	39036	
14203	0	30629	31112	39360	
14204	0	30528	31580	39676	
14205	0	30432	31664	39852	
14206	0	30324	31648	39640	
14207	0	30229	31700	39764	
14208	0	30128	31444	40072	
14209	0	30032	31428	40028	
14210	0	29936	31161	41397	
14211	0	29832	30016	42112	
14212	0	29732	32184	40044	
14213	0	29644	32492	37572	
14214	0	29548	31140	39152	
14215	0	29453	30945	40828	
14216	0	29360	31664	39832	
14217	0	29272	31464	39514	
14218	0	29192	31488	40148	
14219	0	29093	31304	40988	
14220	0	29012	31696	41629	
14221	0	28924	31610	41908	
14222	0	28849	31392	42292	
14223	0	28768	31260	42712	
14224	0	28688	31504	42912	
14225	0	28612	31540	42856	
14226	0	28544	31592	42540	
14227	0	28468	31156	43436	
14228	0	28404	29872	44032	
14229	0	28332	31096	44400	
14230	0	28276	31528	44745	
14231	0	28204	30861	45412	
14232	0	28152	28972	46084	
14233	0	28096	29484	47441	
14234	0	28048	29892	48604	
14235	0	27996	30692	49128	
14236	0	27945	30668	48784	
14237	0	27908	30809	48344	
14238	0	27860	30213	48720	
14239	0	27824	30160	48356	
14240	0	27788	30420	48300	
14241	0	27760	30980	47772	
14242	0	27732	31789	47372	
14243	0	27700	32588	47116	
14244	0	27680	33725	46400	
14245	0	27657	35320	44648	
14246	0	27656	36320	41504	
14247	0	27632	37840	37952	
14248	0	27625	39724	34808	
14249	0	27620	34556	35176	
14250	0	27637	37549	45493	
14251	0	27624	46036	40944	
14252	0	27632	42728	32808	
14253	0	27640	41016	34352	
14254	0	27652	40960	38712	
14255	0	27668	41020	41296	
14256	0	27692	41784	41080	
14257	0	27708	41860	40408	
14258	0	27745	41352	40288	
14259	0	27772	40460	40376	
14260	0	27804	39760	40176	
14261	0	27836	39328	39704	
14262	0	27880	38952	39248	
14263	0	27928	38672	38836	
14264	0	27976	38400	38576	
14265	0	28036	38208	38360	
14266	0	28080	37733	38444	
14267	0	28148	37744	38656	
14268	0	28212	37648	39112	
14269	0	28276	37048	39884	
14270	0	28352	37156	40240	
14271	0	28428	36436	40948	
14272	0	28493	36400	41128	
14273	0	28577	34561	42408	
14274	0	28660	35780	41652	
14275	0	28744	35288	42080	
14276	0	28829	34664	42436	
14277	0	28924	34840	41824	
14278	0	29016	33325	43764	
14279	0	29116	33792	42944	
14280	0	29204	32504	44264	
14281	0	29312	33004	43804	
14282	0	29412	31428	45492	
14283	0	29520	31840	44996	
14284	0	29628	30765	46008	
14285	0	29736	31148	45424	
14286	0	29848	29772	46536	
14287	0	29965	27832	47652	
14288	0	30079	28684	47060	
14289	0	30196	27924	47488	
14290	0	30312	27536	47592	
14291	0	30436	27252	47672	
14292	0	30552	27048	47792	
14293	0	30684	26826	47884	
14294	0	30809	26615	47936	
14295	0	30932	26640	47840	
14296	0	31056	26408	47932	
14297	0	31188	26345	47936	
14298	0	31312	26337	47920	
14299	0	31445	26264	47936	
14300	0	31576	26168	47920	
14301	0	31708	26076	47704	
14302	0	31848	26056	47464	
14303	0	31969	26020	47236	
14304	0	32108	25932	47068	
14305	0	32241	26328	46396	
14306	0	32373	25749	46596	
14307	0	32512	25457	46540	
14308	0	32648	25268	46340	
14309	0	32777	25124	46112	
14310	0	32916	24924	45900	
14311	0	33048	25476	44932	
14312	0	33177	24796	45380	
14313	0	33312	24624	45400	
14314	0	33452	24480	45156	
14315	0	33580	24444	44968	
14316	0	33709	24352	44924	
14317	0	33840	24272	44888	
14318	0	33978	24180	44852	
14319	0	34116	24100	44688	
14320	0	34244	23964	44480	
14321	0	34380	23864	44280	
14322	0	34508	23812	44020	
14323	0	34640	23741	43765	
14324	0	34756	23617	43476	
14325	0	34888	23441	43152	
14326	0	35020	23386	42780	
14327	0	35148	23432	42228	
14328	0	35272	23264	42084	
14329	0	35400	23208	41792	
14330	0	35517	21842	42864	
14331	0	35640	23549	40936	
14332	0	35772	23228	40488	
14333	0	35892	24048	38368	
14334	0	36012	26472	36320	
14335	0	36129	27248	35748	
14336	0	36248	25100	37540	
14337	0	36376	24980	38748	
14338	0	36492	24276	39352	
14339	0	36608	21880	41996	
14340	0	36736	23216	40560	
14341	0	36844	23161	40140	
14342	0	36968	23376	39920	
14343	0	37092	23473	39088	
14344	0	37200	23116	38116	
14345	0	37316	22600	37896	
14346	0	37424	22192	37632	
14347	0	37536	21997	37164	
14348	0	37648	22036	36892	
14349	0	37768	22184	36521	
14350	0	37876	22412	36232	
14351	0	37984	22701	36226	
14352	0	38104	23009	36413	
14353	0	38212	23292	36704	
14354	0	38324	23542	36965	
14355	0	38428	23880	37132	
14356	0	38532	24242	37150	
14357	0	38648	24624	37068	
14358	0	38752	25016	37036	
14359	0	38856	25418	37057	
14360	0	38960	25872	37064	
14361	0	39072	26324	37042	
14362	0	39168	24292	46436	
14363	0	39272	17258	37860	
14364	0	39380	25845	37092	
14365	0	39476	33112	46576	
14366	0	39576	29882	32780	
14367	0	39672	28514	35776	
14368	0	39760	33356	37772	
14369	0	39872	36472	38740	
14370	0	39968	37108	40384	
14371	0	40052	36397	41245	
14372	0	40138	32592	42716	
14373	0	40228	29100	44164	
14374	0	40324	26913	42200	
14375	0	40408	26212	43476	
14376	0	40492	23105	41584	
14377	0	40576	22844	42473	
14378	0	40656	27104	41856	
14379	0	40740	29681	41364	
14380	0	40816	29452	40796	
14381	0	40896	26484	39808	
14382	0	40968	30816	39204	
14383	0	41040	29812	38380	
14384	0	41104	28980	38160	
14385	0	41176	31024	38912	
14386	0	41244	30260	38825	
14387	0	41312	30892	39184	
14388	0	41372	31072	39212	
14389	0	41432	30880	38932	
14390	0	41484	30708	38516	
14391	0	41536	30060	39100	
14392	0	41592	30229	41688	
14393	0	41637	28840	39848	
14394	0	41688	27924	39596	
14395	0	41728	29452	38936	
14396	0	41776	30536	38068	
14397	0	41812	31240	38392	
14398	0	41856	31248	38629	
14399	0	41896	31128	38764	
14400	0	41924	30676	38100	
14401	0	41948	30968	38313	
14402	0	41980	31256	38312	
14403	0	42004	31600	38688	
14404	0	42024	31220	38336	
14405	0	42052	31984	39324	
14406	0	42068	31068	37980	
14407	0	42076	31057	38296	
14408	0	42096	31164	38313	
14409	0	42108	31277	38212	
14410	0	42116	31244	38253	
14411	0	42120	31428	38612	
14412	0	42120	30934	37560	
14413	0	42120	31052	38292	
14414	0	42116	31004	38364	
14415	0	42116	31200	38232	
14416	0	42112	31272	38304	
14417	0	42093	32076	39120	
14418	0	42084	31269	37984	
14419	0	42068	31172	38452	
14420	0	42048	31196	38496	
14421	0	42036	31332	38548	
14422	0	42009	31645	38692	
14423	0	41976	31257	37960	
14424	0	41944	31336	38412	
14425	0	41916	31328	38390	
14426	0	41888	31732	38700	
14427	0	41860	31145	38048	
14428	0	41816	31192	38220	
14429	0	41768	31376	38156	
14430	0	41736	31268	38028	
14431	0	41688	31188	37896	
14432	0	41633	31109	38028	
14433	0	41588	31516	38244	
14434	0	41528	31117	37748	
14435	0	41464	31148	38116	
14436	0	41412	31192	38232	
14437	0	41349	31240	38324	
14438	0	41284	31336	38216	
14439	0	41216	31076	38101	
14440	0	41146	31024	38156	
14441	0	41068	30997	38344	
14442	0	40996	31240	38592	
14443	0	40920	31193	38176	
14444	0	40840	31232	38016	
14445	0	40762	31292	37848	
14446	0	40672	31145	37668	
14447	0	40592	31172	37700	
14448	0	40492	31156	37980	
14449	0	40408	31144	38152	
14450	0	40312	31112	37996	
14451	0	40220	31152	38288	
14452	0	40124	31184	38288	
14453	0	40020	31024	38068	
14454	0	39924	31060	38208	
14455	0	39813	31300	38336	
14456	0	39712	31016	38016	
14457	0	39604	31112	38124	
14458	0	39496	31156	38144	
14459	0	39384	31040	37896	
14460	0	39272	31124	38033	
14461	0	39156	31168	38172	
14462	0	39036	31064	38040	
14463	0	38912	31152	38348	
14464	0	38792	31020	38252	
14465	0	38672	31184	38236	
14466	0	38544	31070	38248	
14467	0	38424	31056	38209	
14468	0	38288	31080	38245	
14469	0	38164	31077	38420	
14470	0	38028	31136	38476	
14471	0	37892	31084	38480	
14472	0	37752	31168	38736	
14473	0	37612	31136	39104	
14474	0	37476	31160	39200	
14475	0	37332	31112	39560	
14476	0	37192	31168	40028	
14477	0	37052	31028	40217	
14478	0	36904	30672	39804	
14479	0	36748	30080	40720	
14480	0	36604	30832	39640	
14481	0	36456	31004	39036	
14482	0	36300	30192	40224	
14483	0	36156	29752	39728	
14484	0	36000	29576	40012	
14485	0	35852	30268	39760	
14486	0	35700	31169	43332	
14487	0	35540	29468	45920	
14488	0	35380	29516	42276	
14489	0	35220	29545	40696	
14490	0	35056	29232	44572	
14491	0	34904	31660	41996	
14492	0	34745	30372	44036	
14493	0	34580	30256	44269	
14494	0	34432	30472	44872	
14495	0	34268	30569	45988	
14496	0	34105	30800	46676	
14497	0	33940	29256	48144	
14498	0	33780	32041	48596	
14499	0	33624	28864	49352	
14500	0	33456	30972	47916	
14501	0	33300	29112	48804	
14502	0	33128	30096	47792	
14503	0	32968	25984	50176	
14504	0	32804	28705	48368	
14505	0	32640	28664	50116	
14506	0	32484	29164	49932	
14507	0	32322	29276	49152	
14508	0	32158	28565	48816	
14509	0	32000	29012	49624	
14510	0	31841	29632	49112	
14511	0	31676	30392	48256	
14512	0	31512	31372	47316	
14513	0	31356	33920	44824	
14514	0	31200	36090	40560	
14515	0	31040	36004	38232	
14516	0	30884	34333	37544	
14517	0	30724	37212	46024	
14518	0	30572	38260	39964	
14519	0	30420	36781	30850	
14520	0	30264	35784	33036	
14521	0	30120	35248	34452	
14522	0	29960	36024	36257	
14523	0	29820	37248	37184	
14524	0	29664	38020	37080	
14525	0	29536	38308	37600	
14526	0	29376	38020	37808	
14527	0	29232	37532	37392	
14528	0	29100	37216	37044	
14529	0	28960	37104	36480	
14530	0	28812	37192	35796	
14531	0	28682	37244	35200	
14532	0	28556	37204	34756	
14533	0	28426	37052	34376	
14534	0	28292	36844	34052	
14535	0	28172	36672	33788	
14536	0	28044	36448	33756	
14537	0	27924	36228	33824	
14538	0	27812	36056	34093	
14539	0	27696	35856	34384	
14540	0	27576	35692	34648	
14541	0	27460	35504	34900	
14542	0	27356	35272	35169	
14543	0	27249	35065	35457	
14544	0	27141	34852	35713	
14545	0	27048	34648	35857	
14546	0	26944	34413	35992	
14547	0	26848	34176	36177	
14548	0	26752	33933	36382	
14549	0	26660	33732	36400	
14550	0	26576	33410	36388	
14551	0	26488	32976	36424	
14552	0	26408	32288	36441	
14553	0	26316	31772	36092	
14554	0	26237	31256	36116	
14555	0	26164	30392	36028	
14556	0	26089	29740	35684	
14557	0	26024	28524	36156	
14558	0	25956	27912	36588	
14559	0	25892	27649	36176	
14560	0	25824	26924	36504	
14561	0	25764	26300	36700	
14562	0	25704	25746	36592	
14563	0	25656	25245	36636	
14564	0	25601	24828	36660	
14565	0	25552	24380	36664	
14566	0	25504	23906	36636	
14567	0	25464	23476	36692	
14568	0	25420	22936	36504	
14569	0	25392	22210	36108	
14570	0	25352	21413	35680	
14571	0	25320	20577	35044	
14572	0	25288	19958	34436	
14573	0	25276	19620	33717	
14574	0	25248	19244	33420	
14575	0	25232	19104	33204	
14576	0	25217	18764	33048	
14577	0	25208	18616	32688	
14578	0	25204	18350	32741	
14579	0	25196	18181	32684	
14580	0	25196	18588	32146	
14581	0	25196	18292	32516	
14582	0	25204	17874	32444	
14583	0	25205	17532	32176	
14584	0	25228	17612	31840	
14585	0	25236	17898	31424	
14586	0	25260	18218	31192	
14587	0	25280	18661	30980	
14588	0	25308	19278	31108	
14589	0	25336	19837	31368	
14590	0	25368	20113	31732	
14591	0	25404	20266	32221	
14592	0	25446	20420	32762	
14593	0	25488	20609	33180	
14594	0	25536	20794	33612	
14595	0	25584	20996	34040	
14596	0	25642	21202	34412	
14597	0	25700	21456	34684	
14598	0	25764	21789	34832	
14599	0	25829	22260	34928	
14600	0	25896	22632	34988	
14601	0	25976	22928	35240	
14602	0	26048	23232	35552	
14603	0	26124	23477	35880	
14604	0	26209	23796	36092	
14605	0	26294	24640	37104	
14606	0	26380	24833	36680	
14607	0	26476	25408	37176	
14608	0	26569	26012	37480	
14609	0	26672	28380	39736	
14610	0	26775	27364	37816	
14611	0	26882	37556	49676	
14612	0	26984	41248	41496	
14613	0	27092	44224	35604	
14614	0	27204	43086	52076	
14615	0	27316	11819	41984	
14616	0	27436	18664	37672	
14617	0	27550	37448	42536	
14618	0	27673	38416	39784	
14619	0	27796	25969	37764	
14620	0	27912	25672	43968	
14621	0	28042	32804	48976	
14622	0	28164	33792	52352	
14623	0	28297	32344	45260	
14624	0	28428	33020	41900	
14625	0	28560	30096	39109	
14626	0	28696	28941	40008	
14627	0	28824	30120	37096	
14628	0	28961	25925	48464	
14629	0	29096	41488	40848	
14630	0	29228	25096	49088	
14631	0	29368	31448	49388	
14632	0	29504	32900	47260	
14633	0	29638	32568	45032	
14634	0	29780	31978	41088	
14635	0	29913	31672	39568	
14636	0	30060	30944	38016	
14637	0	30188	30556	36504	
14638	0	30333	30860	36084	
14639	0	30464	31244	36136	
14640	0	30612	31328	36500	
14641	0	30744	30972	36912	
14642	0	30884	30885	36712	
14643	0	31016	30956	37124	
14644	0	31156	31200	37300	
14645	0	31296	31268	37920	
14646	0	31424	31368	38308	
14647	0	31568	31364	38624	
14648	0	31700	31316	38804	
14649	0	31832	31232	38804	
14650	0	31962	31521	39148	
14651	0	32096	31548	39260	
14652	0	32221	31480	38948	
14653	0	32360	31405	38812	
14654	0	32484	31368	38569	
14655	0	32608	31297	38528	
14656	0	32736	31237	38448	
14657	0	32852	31304	38464	
14658	0	32980	31216	38460	
14659	0	33096	31120	38420	
14660	0	33220	31180	38324	
14661	0	33328	31396	38224	
14662	0	33452	31488	37756	
14663	0	33557	31698	37717	
14664	0	33664	31672	37688	
14665	0	33776	31204	38244	
14666	0	33888	30936	39668	
14667	0	33984	30792	38124	
14668	0	34096	31020	36928	
14669	0	34184	30588	38272	
14670	0	34296	31220	37260	
14671	0	34388	31496	36304	
14672	0	34481	31088	37444	
14673	0	34572	31436	36225	
14674	0	34660	30948	37369	
14675	0	34748	31372	36444	
14676	0	34832	31029	37576	
14677	0	34912	31696	36748	
14678	0	35000	31032	38501	
14679	0	35065	31508	37844	
14680	0	35140	30876	39592	
14681	0	35220	31089	39024	
14682	0	35296	29905	42068	
14683	0	35360	30596	39616	
14684	0	35428	29856	41060	
14685	0	35496	30068	39684	
14686	0	35552	30052	39232	
14687	0	35616	30261	38972	
14688	0	35676	30460	39000	
14689	0	35732	30728	38572	
14690	0	35784	30724	38956	
14691	0	35832	30792	39212	
14692	0	35892	30374	39944	
14693	0	35932	29872	40920	
14694	0	35976	30616	42852	
14695	0	36020	30928	44080	
14696	0	36056	31472	45708	
14697	0	36100	32176	47140	
14698	0	36132	32528	48632	
14699	0	36160	32364	49952	
14700	0	36200	31744	50925	
14701	0	36224	31640	51868	
14702	0	36256	32052	52472	
14703	0	36280	32972	52800	
14704	0	36296	33736	52984	
14705	0	36320	34452	53516	
14706	0	36344	35368	52216	
14707	0	36356	35280	49796	
14708	0	36374	36024	48280	
14709	0	36384	36852	44804	
14710	0	36384	36576	40776	
14711	0	36388	38492	35880	
14712	0	36404	40804	32272	
14713	0	36392	39656	30036	
14714	0	36400	42904	30396	
14715	0	36388	47604	30596	
14716	0	36388	48184	29680	
14717	0	36372	45040	31184	
14718	0	36352	44744	34816	
14719	0	36340	46288	38492	
14720	0	36336	46096	39664	
14721	0	36316	44208	38668	
14722	0	36288	42092	37164	
14723	0	36260	41080	33480	
14724	0	36236	39928	30769	
14725	0	36210	38992	29596	
14726	0	36184	38588	28884	
14727	0	36144	38016	29240	
14728	0	36103	37549	30316	
14729	0	36068	37360	31460	
14730	0	36024	37100	32660	
14731	0	35984	36680	33656	
14732	0	35938	36084	34276	
14733	0	35888	35410	34506	
14734	0	35836	34756	34510	
14735	0	35792	34368	34264	
14736	0	35736	33896	34248	
14737	0	35672	33248	35080	
14738	0	35612	32812	35780	
14739	0	35556	32348	35616	
14740	0	35500	31385	35964	
14741	0	35428	30516	35968	
14742	0	35372	29808	36284	
14743	0	35304	28701	37196	
14744	0	35232	28384	37288	
14745	0	35160	27386	37668	
14746	0	35092	26314	38344	
14747	0	35009	25764	37904	
14748	0	34944	24841	37904	
14749	0	34864	24412	36656	
14750	0	34788	23686	36284	
14751	0	34712	22984	35724	
14752	0	34628	22716	34452	
14753	0	34556	21996	34509	
14754	0	34472	21568	34696	
14755	0	34388	21668	33928	
14756	0	34305	20890	37844	
14757	0	34212	20309	39488	
14758	0	34128	20940	36512	
14759	0	34048	20556	35004	
14760	0	33952	20245	34788	
14761	0	33868	20156	36360	
14762	0	33785	19988	34144	
14763	0	33692	19932	36352	
14764	0	33600	19609	35224	
14765	0	33500	19254	36624	
14766	0	33412	18796	37464	
14767	0	33316	18612	36497	
14768	0	33224	18224	38916	
14769	0	33132	18208	35664	
14770	0	33029	17972	36868	
14771	0	32924	17824	35808	
14772	0	32824	18340	36056	
14773	0	32724	18716	41624	
14774	0	32624	19038	34528	
14775	0	32524	19572	36236	
14776	0	32425	20017	35160	
14777	0	32320	20860	35676	
14778	0	32208	21476	37241	
14779	0	32097	21981	35520	
14780	0	32000	22612	35840	
14781	0	31892	23146	35213	
14782	0	31776	23760	35044	
14783	0	31682	24248	34928	
14784	0	31568	24800	35488	
14785	0	31464	25248	35500	
14786	0	31344	25792	35564	
14787	0	31244	26614	37832	
14788	0	31132	25940	54076	
14789	0	31024	40400	45892	
14790	0	30900	39948	45960	
14791	0	30788	39380	49832	
14792	0	30682	15171	36277	
14793	0	30569	19794	31976	
14794	0	30460	37576	36908	
14795	0	30344	35612	33384	
14796	0	30228	22832	37904	
14797	0	30112	25649	40328	
14798	0	30008	29968	41880	
14799	0	29892	31920	46276	
14800	0	29781	32036	42696	
14801	0	29668	32344	38296	
14802	0	29548	32776	37152	
14803	0	29444	31576	39308	
14804	0	29324	30928	41208	
14805	0	29216	31926	37312	
14806	0	29100	31632	39024	
14807	0	28992	31112	41676	
14808	0	28876	32880	36776	
14809	0	28768	31440	41948	
14810	0	28660	30092	43852	
14811	0	28548	31150	34940	
14812	0	28444	31912	42024	
14813	0	28332	31140	41936	
14814	0	28220	29920	41600	
14815	0	28120	31496	41424	
14816	0	28012	30864	40724	
14817	0	27904	31260	40092	
14818	0	27812	31140	40560	
14819	0	27705	31428	38392	
14820	0	27597	31348	39260	
14821	0	27504	31680	38524	
14822	0	27400	31684	39644	
14823	0	27308	31502	40416	
14824	0	27208	31572	40352	
14825	0	27112	31668	40196	
14826	0	27016	31712	39596	
14827	0	26920	31638	38908	
14828	0	26840	31576	38368	
14829	0	26748	31416	37848	
14830	0	26656	31384	37302	
14831	0	26572	31408	36872	
14832	0	26492	31404	36792	
14833	0	26404	31517	36952	
14834	0	26324	31549	37252	
14835	0	26252	31552	37517	
14836	0	26176	31644	37892	
14837	0	26096	31744	38184	
14838	0	26020	31808	38304	
14839	0	25948	31656	38096	
14840	0	25877	31512	38156	
14841	0	25820	31480	38144	
14842	0	25752	31516	38124	
14843	0	25689	31502	38184	
14844	0	25640	31509	38276	
14845	0	25576	31552	38328	
14846	0	25528	31513	38372	
14847	0	25476	31436	38352	
14848	0	25432	31416	38288	
14849	0	25384	31293	37992	
14850	0	25336	31168	37816	
14851	0	25304	31281	37864	
14852	0	25269	31376	37212	
14853	0	25228	31336	37540	
14854	0	25204	31380	37792	
14855	0	25176	31508	37328	
14856	0	25148	31358	37920	
14857	0	25122	30228	40536	
14858	0	25104	31396	37836	
14859	0	25084	31228	38164	
14860	0	25072	31944	36744	
14861	0	25056	31184	38248	
14862	0	25056	31936	37048	
14863	0	25052	31312	38660	
14864	0	25052	31968	37760	
14865	0	25048	30512	40680	
14866	0	25060	31540	38772	
14867	0	25068	29970	40960	
14868	0	25072	30836	38997	
14869	0	25096	30988	38292	
14870	0	25108	31308	37504	
14871	0	25122	30408	38880	
14872	0	25152	30340	39528	
14873	0	25180	31096	38360	
14874	0	25208	31412	38036	
14875	0	25249	31320	37924	
14876	0	25280	31072	38616	
14877	0	25316	30756	39396	
14878	0	25360	30725	40130	
14879	0	25408	30844	41572	
14880	0	25464	31640	42744	
14881	0	25508	32460	43456	
14882	0	25568	33012	44880	
14883	0	25632	33220	46688	
14884	0	25688	33384	48020	
14885	0	25748	33496	49257	
14886	0	25820	33380	50048	
14887	0	25892	33268	51020	
14888	0	25964	33816	50361	
14889	0	26044	34232	49648	
14890	0	26120	34476	48688	
14891	0	26204	34640	47220	
14892	0	26284	34668	45384	
14893	0	26372	34436	43552	
14894	0	26460	34542	41136	
14895	0	26556	34728	38540	
14896	0	26644	34681	36216	
14897	0	26748	36048	32580	
14898	0	26845	39460	30496	
14899	0	26946	46476	28632	
14900	0	27050	51776	29600	
14901	0	27156	52280	30512	
14902	0	27265	47800	32977	
14903	0	27372	45196	35057	
14904	0	27488	45412	36608	
14905	0	27604	45104	40140	
14906	0	27716	44384	40324	
14907	0	27825	43096	40116	
14908	0	27949	40844	39028	
14909	0	28072	39236	36500	
14910	0	28192	37936	34908	
14911	0	28320	37096	33540	
14912	0	28440	36552	32261	
14913	0	28572	36124	31789	
14914	0	28696	35376	32484	
14915	0	28828	35136	33216	
14916	0	28952	35080	34112	
14917	0	29088	34856	35028	
14918	0	29220	34396	35800	
14919	0	29356	33817	36352	
14920	0	29486	33208	36736	
14921	0	29620	32664	36980	
14922	0	29760	32245	37664	
14923	0	29896	31664	37756	
14924	0	30024	31084	37544	
14925	0	30170	30040	37368	
14926	0	30304	28960	36816	
14927	0	30445	28076	36440	
14928	0	30584	27304	36208	
14929	0	30724	26704	35680	
14930	0	30868	26136	35036	
14931	0	31008	25568	34452	
14932	0	31148	24856	34124	
14933	0	31296	24258	33864	
14934	0	31432	23312	38308	
14935	0	31580	23264	35256	
14936	0	31720	23112	33628	
14937	0	31872	22214	33972	
14938	0	32016	21865	36088	
14939	0	32160	21358	35892	
14940	0	32296	17850	44960	
14941	0	32448	18541	38212	
14942	0	32592	15964	54476	
14943	0	32740	11656	21036	
14944	0	32892	21448	33632	
14945	0	33040	19500	33648	
14946	0	33184	15572	31142	
14947	0	33328	16688	35500	
14948	0	33472	13882	40376	
14949	0	33628	17380	36324	
14950	0	33776	17537	37385	
14951	0	33918	18206	35396	
14952	0	34068	19464	35268	
14953	0	34220	20316	35380	
14954	0	34368	20856	35504	
14955	0	34520	21412	36064	
14956	0	34657	22144	36444	
14957	0	34812	22996	36752	
14958	0	34956	23832	36804	
14959	0	35096	24540	36640	
14960	0	35244	25228	36572	
14961	0	35388	25893	36489	
14962	0	35536	26428	36592	
14963	0	35668	26860	36916	
14964	0	35816	27032	37377	
14965	0	35956	26944	37820	
14966	0	36096	26672	37824	
14967	0	36236	26536	38300	
14968	0	36364	25952	36764	
14969	0	36504	26344	38504	
14970	0	36632	26488	38672	
14971	0	36772	23496	44184	
14972	0	36904	29460	49680	
14973	0	37028	37312	39936	
14974	0	37148	36924	43712	
14975	0	37277	23486	43208	
14976	0	37400	16348	37313	
14977	0	37524	26276	37684	
14978	0	37648	34348	39236	
14979	0	37760	33988	39416	
14980	0	37872	28204	39012	
14981	0	37980	28781	36760	
14982	0	38096	29592	38012	
14983	0	38200	29608	40260	
14984	0	38300	30080	43121	
14985	0	38404	31400	43824	
14986	0	38500	32276	41596	
14987	0	38596	31758	38296	
14988	0	38692	31552	36320	
14989	0	38772	31608	35988	
14990	0	38868	31528	36353	
14991	0	38949	31412	36632	
14992	0	39024	31256	36332	
14993	0	39104	31488	35853	
14994	0	39180	31304	36172	
14995	0	39248	30832	34884	
14996	0	39308	27296	49724	
14997	0	39372	35780	33292	
14998	0	39440	32258	49240	
14999	0	39496	28012	53384	
15000	0	39548	30732	48912	
15001	0	39600	32345	47396	
15002	0	39640	32608	43568	
15003	0	39688	32068	40204	
15004	0	39732	31392	38272	
15005	0	39764	31052	37532	
15006	0	39800	30976	37400	
15007	0	39828	30984	37700	
15008	0	39853	31036	38112	
15009	0	39872	31224	38593	
15010	0	39892	31336	38985	
15011	0	39908	31400	39068	
15012	0	39920	31364	38904	
15013	0	39940	31352	38560	
15014	0	39940	31360	38268	
15015	0	39948	31432	38044	
15016	0	39948	31364	38020	
15017	0	39944	31241	37952	
15018	0	39940	31145	37900	
15019	0	39932	31140	37856	
15020	0	39920	31334	37920	
15021	0	39904	31672	38308	
15022	0	39884	31728	38493	
15023	0	39856	31460	38516	
15024	0	39828	31312	38128	
15025	0	39808	31288	37892	
15026	0	39764	31204	37772	
15027	0	39732	31290	37952	
15028	0	39700	31333	38208	
15029	0	39652	31372	38300	
15030	0	39604	31436	38208	
15031	0	39553	31310	39114	
15032	0	39504	31290	38036	
15033	0	39452	31292	37752	
15034	0	39392	31296	37940	
15035	0	39320	31420	36572	
15036	0	39260	31252	38152	
15037	0	39192	31153	36684	
15038	0	39120	31002	38160	
15039	0	39040	30976	36704	
15040	0	38972	30944	37932	
15041	0	38880	31228	36256	
15042	0	38796	31200	37460	
15043	0	38720	31637	35720	
15044	0	38624	31300	37472	
15045	0	38528	31120	37680	
15046	0	38432	31153	36384	
15047	0	38332	31000	37660	
15048	0	38236	31084	37896	
15049	0	38129	31676	36042	
15050	0	38028	31072	38136	
15051	0	37912	30716	42056	
15052	0	37808	31340	37592	
15053	0	37696	30996	38472	
15054	0	37576	30041	42776	
15055	0	37468	30676	37804	
15056	0	37352	30436	38344	
15057	0	37228	31001	36408	
15058	0	37108	30617	37952	
15059	0	36988	31481	36064	
15060	0	36856	30748	38224	
15061	0	36732	31497	36862	
15062	0	36608	30568	39072	
15063	0	36480	31164	37792	
15064	0	36352	28812	43721	
15065	0	36212	30401	39897	
15066	0	36080	30936	39192	
15067	0	35948	30056	42476	
15068	0	35824	29976	43116	
15069	0	35680	30328	43400	
15070	0	35540	29760	44568	
15071	0	35408	31968	43760	
15072	0	35268	32665	45800	
15073	0	35137	33472	46492	
15074	0	35000	33456	47448	
15075	0	34869	33485	47684	
15076	0	34717	33425	48064	
15077	0	34584	33184	48520	
15078	0	34444	33149	49380	
15079	0	34304	33620	49540	
15080	0	34172	33852	48976	
15081	0	34028	34356	48688	
15082	0	33888	34700	47816	
15083	0	33760	35124	46908	
15084	0	33620	35056	44412	
15085	0	33484	35468	41248	
15086	0	33345	35413	38440	
15087	0	33212	35556	34857	
15088	0	33080	38488	32536	
15089	0	32953	40316	31104	
15090	0	32812	46032	30788	
15091	0	32680	47572	31996	
15092	0	32548	44660	36228	
15093	0	32417	41748	35500	
15094	0	32296	41776	36048	
15095	0	32168	43664	37980	
15096	0	32032	43612	38800	
15097	0	31916	42368	38188	
15098	0	31784	40464	37496	
15099	0	31668	38956	35324	
15100	0	31552	38292	33780	
15101	0	31424	37808	32956	
15102	0	31316	37316	32489	
15103	0	31196	36672	32720	
15104	0	31084	36448	32712	
15105	0	30972	36336	32472	
15106	0	30864	36028	32676	
15107	0	30752	35644	33112	
15108	0	30648	35188	33376	
15109	0	30540	34716	33440	
15110	0	30433	34280	33394	
15111	0	30332	33760	33392	
15112	0	30236	33228	33521	
15113	0	30132	32865	33872	
15114	0	30036	32641	34016	
15115	0	29944	32440	34288	
15116	0	29840	32132	34516	
15117	0	29760	31796	34556	
15118	0	29664	31480	34404	
15119	0	29568	31024	34010	
15120	0	29477	30348	34080	
15121	0	29384	29816	34665	
15122	0	29312	28880	35612	
15123	0	29220	27892	36353	
15124	0	29141	27104	36780	
15125	0	29056	26253	36672	
15126	0	28972	25368	37028	
15127	0	28892	23245	40288	
15128	0	28816	24122	35352	
15129	0	28732	24772	33821	
15130	0	28660	23316	35300	
15131	0	28576	22069	35948	
15132	0	28504	20800	35794	
15133	0	28432	20276	36276	
15134	0	28360	20048	35556	
15135	0	28288	19600	35760	
15136	0	28217	19356	35832	
15137	0	28140	18722	36268	
15138	0	28064	18376	36473	
15139	0	27996	18152	36464	
15140	0	27932	18008	36552	
15141	0	27869	17884	36428	
15142	0	27796	17782	36332	
15143	0	27728	17753	36252	
15144	0	27668	17601	39272	
15145	0	27602	18185	35084	
15146	0	27544	18448	38904	
15147	0	27480	18489	33984	
15148	0	27416	18892	35348	
15149	0	27360	19432	36840	
15150	0	27292	19981	34972	
15151	0	27240	20396	35056	
15152	0	27184	20936	34776	
15153	0	27128	21378	34968	
15154	0	27080	21580	34996	
15155	0	27028	22025	35876	
15156	0	26978	22393	35689	
15157	0	26936	22964	35872	
15158	0	26881	23621	36200	
15159	0	26832	24740	37696	
15160	0	26788	23712	48864	
15161	0	26744	37024	36324	
15162	0	26712	40128	44656	
15163	0	26680	33505	45784	
15164	0	26640	11248	34765	
15165	0	26598	22875	32536	
15166	0	26576	37252	40416	
15167	0	26548	39060	38448	
15168	0	26512	27984	38090	
15169	0	26490	24804	35860	
15170	0	26468	29660	39268	
15171	0	26448	31424	45508	
15172	0	26432	32713	47128	
15173	0	26416	32808	44496	
15174	0	26404	32704	42065	
15175	0	26388	31224	40660	
15176	0	26384	29164	40536	
15177	0	26384	29644	41252	
15178	0	26372	30460	40864	
15179	0	26384	31188	40272	
15180	0	26378	30413	37848	
15181	0	26386	23588	50776	
15182	0	26392	32904	41024	
15183	0	26404	26888	38156	
15184	0	26408	32040	43712	
15185	0	26432	31768	46936	
15186	0	26441	31993	46956	
15187	0	26460	32628	43973	
15188	0	26488	32636	41884	
15189	0	26508	32248	40236	
15190	0	26544	31768	39096	
15191	0	26572	31240	38164	
15192	0	26605	30857	37608	
15193	0	26640	30788	37568	
15194	0	26680	30820	37712	
15195	0	26724	30952	37784	
15196	0	26756	31185	37652	
15197	0	26812	31320	37606	
15198	0	26856	31252	37392	
15199	0	26912	31206	37072	
15200	0	26968	31140	37228	
15201	0	27009	31260	37464	
15202	0	27080	31420	37704	
15203	0	27132	31464	38196	
15204	0	27196	31396	38292	
15205	0	27260	31504	38653	
15206	0	27328	31628	39052	
15207	0	27392	31740	39188	
15208	0	27464	31776	38944	
15209	0	27528	31708	38588	
15210	0	27602	31624	38140	
15211	0	27680	31592	37828	
15212	0	27751	31536	37648	
15213	0	27836	31536	37720	
15214	0	27912	31488	37924	
15215	0	27992	31472	38088	
15216	0	28072	31436	38200	
15217	0	28156	31508	38216	
15218	0	28244	31600	38232	
15219	0	28328	31674	38392	
15220	0	28416	31713	38576	
15221	0	28508	31734	38636	
15222	0	28600	31652	38780	
15223	0	28692	31512	38796	
15224	0	28788	31416	38664	
15225	0	28880	31324	38456	
15226	0	28976	31372	38216	
15227	0	29080	31397	38052	
15228	0	29176	31468	37836	
15229	0	29276	31524	37736	
15230	0	29376	31532	37796	
15231	0	29492	31492	37896	
15232	0	29592	31360	38264	
15233	0	29704	31316	38360	
15234	0	29797	31184	38458	
15235	0	29904	31145	38576	
15236	0	30016	31164	38900	
15237	0	30128	31352	38908	
15238	0	30240	31328	39069	
15239	0	30353	31172	39568	
15240	0	30462	31136	38880	
15241	0	30580	30752	39224	
15242	0	30692	30716	39456	
15243	0	30816	30608	39416	
15244	0	30928	30617	38940	
15245	0	31045	30776	38392	
15246	0	31160	30700	39156	
15247	0	31280	30676	40966	
15248	0	31408	31084	40260	
15249	0	31528	30980	40208	
15250	0	31644	30957	40310	
15251	0	31768	30836	40432	
15252	0	31889	30326	40956	
15253	0	32008	31324	42044	
15254	0	32140	31840	42332	
15255	0	32264	32488	43204	
15256	0	32384	32960	43840	
15257	0	32516	32960	44860	
15258	0	32640	32510	45476	
15259	0	32764	31432	45920	
15260	0	32896	31072	46364	
15261	0	33020	30760	46724	
15262	0	33152	30552	47160	
15263	0	33272	31605	47444	
15264	0	33408	31704	47768	
15265	0	33536	32124	48540	
15266	0	33668	33200	48548	
15267	0	33796	33637	48936	
15268	0	33920	34060	48108	
15269	0	34049	34504	47408	
15270	0	34180	34976	46096	
15271	0	34308	34476	45616	
15272	0	34440	34666	45180	
15273	0	34572	34936	42560	
15274	0	34696	35420	39904	
15275	0	34828	37256	36773	
15276	0	34952	38588	34232	
15277	0	35080	43084	33948	
15278	0	35208	44928	32364	
15279	0	35332	45809	31809	
15280	0	35464	46132	31109	
15281	0	35584	44808	30706	
15282	0	35713	41800	33076	
15283	0	35833	41176	35428	
15284	0	35956	41572	36520	
15285	0	36065	41960	37432	
15286	0	36192	41692	37760	
15287	0	36304	40948	36540	
15288	0	36416	40217	35040	
15289	0	36540	39461	33748	
15290	0	36644	38888	32548	
15291	0	36764	38372	31666	
15292	0	36872	37672	31544	
15293	0	36976	37028	31976	
15294	0	37084	36512	32385	
15295	0	37184	36204	32800	
15296	0	37292	35928	33444	
15297	0	37384	35633	33760	
15298	0	37496	35332	33840	
15299	0	37596	34852	33449	
15300	0	37688	34280	33024	
15301	0	37776	33744	32716	
15302	0	37868	33308	32780	
15303	0	37952	32758	33138	
15304	0	38044	32153	33564	
15305	0	38124	31401	33904	
15306	0	38208	30580	34068	
15307	0	38288	29569	34080	
15308	0	38372	28504	34484	
15309	0	38444	27564	34676	
15310	0	38524	26944	34901	
15311	0	38596	26402	34888	
15312	0	38664	25920	34836	
15313	0	38728	25580	34636	
15314	0	38792	25136	34620	
15315	0	38864	24686	34720	
15316	0	38920	24340	34996	
15317	0	38976	23805	35504	
15318	0	39032	22792	38848	
15319	0	39084	22424	35672	
15320	0	39136	21913	34221	
15321	0	39188	21220	34288	
15322	0	39228	20294	35908	
15323	0	39280	19706	35092	
15324	0	39312	18982	36164	
15325	0	39360	16466	46016	
15326	0	39396	7459	37460	
15327	0	39424	14044	33664	
15328	0	39460	30972	17922	
15329	0	39488	29342	40544	
15330	0	39516	18228	32650	
15331	0	39532	12845	34981	
15332	0	39552	12822	40556	
15333	0	39572	16652	38124	
15334	0	39584	17432	42592	
15335	0	39593	18596	37464	
15336	0	39596	19296	33216	
15337	0	39616	20736	33412	
15338	0	39616	21205	34808	
15339	0	39612	20610	36316	
15340	0	39608	20440	37064	
15341	0	39604	21207	37672	
15342	0	39592	22148	37840	
15343	0	39588	23072	37516	
15344	0	39576	23872	37308	
15345	0	39548	24550	37496	
15346	0	39524	25072	37952	
15347	0	39504	25564	38504	
15348	0	39472	26196	38908	
15349	0	39452	27052	38928	
15350	0	39408	23736	46272	
15351	0	39376	30012	41692	
15352	0	39336	28289	43668	
15353	0	39292	27909	38820	
15354	0	39256	22129	36476	
15355	0	39204	23456	36324	
15356	0	39160	30244	34836	
15357	0	39104	31268	35760	
15358	0	39049	28080	36352	
15359	0	38992	28104	37656	
15360	0	38940	30108	38852	
15361	0	38872	32168	41600	
15362	0	38812	33496	41688	
15363	0	38736	32184	40204	
15364	0	38676	31308	38736	
15365	0	38600	31188	37520	
15366	0	38528	31561	36620	
15367	0	38444	31108	37348	
15368	0	38380	30928	37632	
15369	0	38296	30640	37740	
15370	0	38216	30444	37668	
15371	0	38132	30740	36889	
15372	0	38040	31090	37640	
15373	0	37960	31360	37988	
15374	0	37864	31261	37888	
15375	0	37768	30996	39324	
15376	0	37676	30468	40056	
15377	0	37597	19949	43812	
15378	0	37492	36204	35025	
15379	0	37388	30028	44764	
15380	0	37296	29897	46304	
15381	0	37192	31640	48272	
15382	0	37084	31850	44773	
15383	0	36976	31672	42574	
15384	0	36880	31904	40520	
15385	0	36760	31672	38992	
15386	0	36658	31148	38381	
15387	0	36544	30884	38160	
15388	0	36436	30832	38404	
15389	0	36320	30889	38896	
15390	0	36200	30940	39348	
15391	0	36084	30996	39368	
15392	0	35981	30937	38996	
15393	0	35852	30888	38536	
15394	0	35736	30848	37988	
15395	0	35601	30708	37528	
15396	0	35488	30628	37160	
15397	0	35356	30636	36756	
15398	0	35236	30932	36598	
15399	0	35108	31428	36748	
15400	0	34976	31660	37096	
15401	0	34864	31552	37604	
15402	0	34728	31300	38100	
15403	0	34596	31024	38292	
15404	0	34464	30924	38184	
15405	0	34336	30900	38196	
15406	0	34204	31041	38245	
15407	0	34076	30980	38364	
15408	0	33944	30922	38592	
15409	0	33804	30912	39192	
15410	0	33672	30981	38452	
15411	0	33540	31084	37884	
15412	0	33409	31136	37476	
15413	0	33272	30912	38248	
15414	0	33148	31296	37400	
15415	0	33010	31652	36252	
15416	0	32884	31448	39064	
15417	0	32748	31552	36268	
15418	0	32628	31368	36776	
15419	0	32492	31201	36164	
15420	0	32368	31364	36484	
15421	0	32236	31308	36524	
15422	0	32112	31161	36786	
15423	0	31988	31009	37000	
15424	0	31864	30886	37188	
15425	0	31744	30832	37280	
15426	0	31620	30804	37424	
15427	0	31508	30776	37460	
15428	0	31393	30828	37704	
15429	0	31280	31020	38105	
15430	0	31164	31324	38597	
15431	0	31060	31332	38872	
15432	0	30948	31452	38936	
15433	0	30832	31704	39052	
15434	0	30732	32056	39168	
15435	0	30624	31856	38956	
15436	0	30508	31506	38900	
15437	0	30416	31236	38981	
15438	0	30324	31280	38852	
15439	0	30233	31220	38636	
15440	0	30136	31161	38420	
15441	0	30048	31056	38400	
15442	0	29946	31164	38436	
15443	0	29860	31272	38540	
15444	0	29772	31276	39152	
15445	0	29693	31040	39436	
15446	0	29608	30732	39928	
15447	0	29528	29992	42220	
15448	0	29452	30764	39868	
15449	0	29376	31228	39036	
15450	0	29296	30412	41984	
15451	0	29228	31205	39280	
15452	0	29152	30384	41288	
15453	0	29084	31108	39808	
15454	0	29026	31065	39360	
15455	0	28960	30612	39824	
15456	0	28892	30508	40904	
15457	0	28828	30850	39008	
15458	0	28768	31420	38604	
15459	0	28712	31348	40316	
15460	0	28660	31325	41960	
15461	0	28596	31388	41988	
15462	0	28540	30784	42784	
15463	0	28496	30929	43576	
15464	0	28445	31060	44992	
15465	0	28396	31440	45988	
15466	0	28352	32773	46792	
15467	0	28300	32952	47724	
15468	0	28268	32448	49304	
15469	0	28224	32110	50884	
15470	0	28184	32873	51852	
15471	0	28140	33500	53040	
15472	0	28112	34008	54604	
15473	0	28072	34898	55044	
15474	0	28041	35880	55148	
15475	0	28008	37680	55192	
15476	0	27984	39008	55096	
15477	0	27960	39508	54992	
15478	0	27933	40456	54752	
15479	0	27904	40704	51624	
15480	0	27882	40737	47968	
15481	0	27864	41776	44528	
15482	0	27848	43400	44448	
15483	0	27836	46544	45764	
15484	0	27820	48228	42860	
15485	0	27808	44464	44104	
15486	0	27800	40549	37653	
15487	0	27792	38332	37444	
15488	0	27788	38340	41132	
15489	0	27784	39584	44740	
15490	0	27784	39736	46040	
15491	0	27788	38496	46052	
15492	0	27796	36872	44688	
15493	0	27797	35976	40820	
15494	0	27808	34632	38756	
15495	0	27810	34114	36656	
15496	0	27824	34072	35212	
15497	0	27836	34304	34396	
15498	0	27852	34404	34288	
15499	0	27876	34176	34976	
15500	0	27888	34068	36060	
15501	0	27921	34036	37360	
15502	0	27948	34064	38744	
15503	0	27968	34012	40176	
15504	0	28000	33788	41388	
15505	0	28032	33448	42128	
15506	0	28068	33004	42304	
15507	0	28096	32484	42152	
15508	0	28140	32024	41856	
15509	0	28177	31816	40800	
15510	0	28216	31204	41064	
15511	0	28260	30584	41064	
15512	0	28296	30244	41184	
15513	0	28352	29604	41696	
15514	0	28398	29538	41756	
15515	0	28444	29017	42420	
15516	0	28496	28712	42848	
15517	0	28556	28513	43192	
15518	0	28612	28552	43472	
15519	0	28664	28668	43748	
15520	0	28728	28672	44012	
15521	0	28792	28612	44172	
15522	0	28848	28628	44472	
15523	0	28916	28780	44840	
15524	0	28984	28576	44956	
15525	0	29049	28360	45460	
15526	0	29124	27850	46152	
15527	0	29196	27184	46768	
15528	0	29273	26577	47352	
15529	0	29352	26117	47724	
15530	0	29432	25682	47876	
15531	0	29520	25116	47809	
15532	0	29597	24404	47732	
15533	0	29692	23712	47856	
15534	0	29780	23057	48160	
15535	0	29868	22421	48684	
15536	0	29980	21780	49512	
15537	0	30068	21168	50284	
15538	0	30168	20476	50868	
15539	0	30272	19748	51324	
15540	0	30376	18980	50880	
15541	0	30480	18097	51264	
15542	0	30592	17364	51076	
15543	0	30712	16880	50104	
15544	0	30821	16348	50016	
15545	0	30944	15792	49764	
15546	0	31056	14961	49936	
15547	0	31189	14658	48576	
15548	0	31316	14155	47856	
15549	0	31440	9520	51376	
15550	0	31576	7380	47217	
15551	0	31704	13820	42980	
15552	0	31837	13428	44984	
15553	0	31972	10826	41256	
15554	0	32117	10356	40312	
15555	0	32256	12526	37788	
15556	0	32388	15011	35152	
15557	0	32544	17418	33945	
15558	0	32684	18940	33588	
15559	0	32832	19748	34196	
15560	0	32984	19324	35364	
15561	0	33125	18700	37532	
15562	0	33280	18342	38120	
15563	0	33428	18824	38840	
15564	0	33588	19634	38732	
15565	0	33744	20641	39240	
15566	0	33896	22008	40376	
15567	0	34048	21556	38340	
15568	0	34208	21868	37116	
15569	0	34360	22124	35972	
15570	0	34524	22549	36136	
15571	0	34680	22692	36184	
15572	0	34836	23168	36472	
15573	0	34996	23552	36036	
15574	0	35156	23637	36004	
15575	0	35300	24560	34636	
15576	0	35464	23710	35844	
15577	0	35620	23980	35636	
15578	0	35778	24440	35076	
15579	0	35932	23476	35460	
15580	0	36084	22384	36528	
15581	0	36240	21965	36300	
15582	0	36392	20704	36532	
15583	0	36544	19956	35204	
15584	0	36697	20101	36976	
15585	0	36844	20477	40712	
15586	0	37000	24213	39968	
15587	0	37140	26872	41092	
15588	0	37285	29657	41948	
15589	0	37436	29972	42024	
15590	0	37580	29976	41272	
15591	0	37728	33592	43624	
15592	0	37868	26116	38876	
15593	0	38000	25560	37888	
15594	0	38144	28118	38072	
15595	0	38280	30453	37999	
15596	0	38412	31912	38680	
15597	0	38548	32341	39160	
15598	0	38688	31624	39257	
15599	0	38821	30864	38852	
15600	0	38948	30524	38500	
15601	0	39076	30468	38276	
15602	0	39205	30548	38312	
15603	0	39324	30636	38516	
15604	0	39448	30864	38648	
15605	0	39584	31120	38760	
15606	0	39700	31216	38804	
15607	0	39820	31173	38780	
15608	0	39936	31100	38688	
15609	0	40056	31104	38564	
15610	0	40168	31199	38544	
15611	0	40276	31297	38516	
15612	0	40400	31388	38528	
15613	0	40496	31401	38424	
15614	0	40608	31413	38632	
15615	0	40716	31424	38540	
15616	0	40822	31356	38580	
15617	0	40924	31552	38688	
15618	0	41024	31304	38556	
15619	0	41128	31148	38557	
15620	0	41228	31384	39092	
15621	0	41324	31094	38332	
15622	0	41420	31076	38496	
15623	0	41508	30792	38392	
15624	0	41604	30976	38208	
15625	0	41696	31332	37996	
15626	0	41784	30988	37888	
15627	0	41880	31068	37768	
15628	0	41957	31056	37756	
15629	0	42036	31012	37808	
15630	0	42132	31130	37924	
15631	0	42216	31033	37788	
15632	0	42288	31056	38000	
15633	0	42368	31012	37840	
15634	0	42432	31016	37944	
15635	0	42504	30968	37860	
15636	0	42580	31048	37936	
15637	0	42648	30996	37852	
15638	0	42708	30988	37892	
15639	0	42772	30912	37926	
15640	0	42833	30894	38108	
15641	0	42892	30942	38008	
15642	0	42940	30856	38040	
15643	0	42992	30977	38140	
15644	0	43044	30888	38020	
15645	0	43088	30880	38068	
15646	0	43136	30912	38080	
15647	0	43180	30820	37936	
15648	0	43216	30848	38064	
15649	0	43260	30848	38112	
15650	0	43285	30816	38045	
15651	0	43317	30812	38208	
15652	0	43344	30796	38136	
15653	0	43360	30696	38016	
15654	0	43374	30749	37980	
15655	0	43400	30912	37712	
15656	0	43424	30864	37560	
15657	0	43432	30692	38113	
15658	0	43444	30970	37624	
15659	0	43452	30934	37816	
15660	0	43456	31028	37904	
15661	0	43456	30976	37476	
15662	0	43448	30888	37732	
15663	0	43456	30916	37728	
15664	0	43448	30964	37740	
15665	0	43429	30932	37884	
15666	0	43420	30952	37848	
15667	0	43404	30848	37928	
15668	0	43380	30812	38124	
15669	0	43364	30792	38116	
15670	0	43332	30780	38244	
15671	0	43312	30756	38156	
15672	0	43280	30809	38280	
15673	0	43240	30720	37992	
15674	0	43212	30696	38164	
15675	0	43168	30748	38112	
15676	0	43124	30782	38312	
15677	0	43072	30696	37912	
15678	0	43024	30638	38324	
15679	0	42972	30700	38488	
15680	0	42908	30796	37960	
15681	0	42864	30556	37933	
15682	0	42792	30670	38081	
15683	0	42724	30612	38232	
15684	0	42652	30636	38216	
15685	0	42584	30484	38256	
15686	0	42512	30496	38084	
15687	0	42424	30576	38077	
15688	0	42336	30852	38380	
15689	0	42260	30520	38344	
15690	0	42176	30305	38332	
15691	0	42080	30710	38649	
15692	0	41977	30648	38532	
15693	0	41888	30624	38724	
15694	0	41780	30184	38212	
15695	0	41680	30320	39120	
15696	0	41572	30252	37788	
15697	0	41464	30061	38704	
15698	0	41348	30080	38673	
15699	0	41240	29488	38876	
15700	0	41128	29777	39488	
15701	0	41000	30544	37272	
15702	0	40880	31234	35972	
15703	0	40752	29752	39632	
15704	0	40624	28109	41848	
15705	0	40500	30204	38676	
15706	0	40365	31120	37392	
15707	0	40228	29130	40304	
15708	0	40096	29148	41516	
15709	0	39948	30664	38208	
15710	0	39812	30064	39553	
15711	0	39668	28044	41672	
15712	0	39520	30004	39760	
15713	0	39372	30404	39128	
15714	0	39228	28972	40608	
15715	0	39076	29952	40424	
15716	0	38930	29820	40836	
15717	0	38776	29748	41340	
15718	0	38616	29369	42132	
15719	0	38456	29504	42340	
15720	0	38304	29724	42512	
15721	0	38140	29640	42912	
15722	0	37984	29352	43384	
15723	0	37820	28550	43900	
15724	0	37656	29068	44472	
15725	0	37496	29036	44152	
15726	0	37320	28220	43848	
15727	0	37156	28036	43464	
15728	0	36996	28596	44392	
15729	0	36828	28632	45280	
15730	0	36656	28992	45312	
15731	0	36488	29324	45200	
15732	0	36320	29341	45328	
15733	0	36153	29138	45804	
15734	0	35976	28882	46088	
15735	0	35820	28549	46444	
15736	0	35644	28409	47016	
15737	0	35460	28964	48104	
15738	0	35292	29649	48232	
15739	0	35128	30468	47752	
15740	0	34952	33212	47176	
15741	0	34780	35976	43936	
15742	0	34608	32176	39568	
15743	0	34436	31608	42588	
15744	0	34264	34788	46228	
15745	0	34089	37420	40552	
15746	0	33928	39088	34628	
15747	0	33753	36101	35337	
15748	0	33584	32836	34372	
15749	0	33408	32169	35316	
15750	0	33236	34422	35633	
15751	0	33064	36592	36556	
15752	0	32900	36709	36892	
15753	0	32725	35952	37464	
15754	0	32561	35432	38340	
15755	0	32384	35288	38744	
15756	0	32220	35228	38596	
15757	0	32052	35165	37980	
15758	0	31876	35104	37376	
15759	0	31713	35012	36852	
15760	0	31544	34961	36521	
15761	0	31376	34917	36284	
15762	0	31208	34896	36145	
15763	0	31044	34832	36108	
15764	0	30884	34734	36116	
15765	0	30720	34621	36064	
15766	0	30552	34528	36176	
15767	0	30385	34392	36366	
15768	0	30228	34212	36492	
15769	0	30060	33976	36576	
15770	0	29894	33725	36596	
15771	0	29736	33484	36576	
15772	0	29581	33244	36536	
15773	0	29424	33029	36504	
15774	0	29241	32832	36520	
15775	0	29102	32592	36536	
15776	0	28949	32396	36636	
15777	0	28785	32164	36668	
15778	0	28640	31968	36705	
15779	0	28480	31725	36760	
15780	0	28328	31584	36856	
15781	0	28166	31424	36937	
15782	0	28025	31280	37040	
15783	0	27876	31056	37184	
15784	0	27728	31112	37356	
15785	0	27580	30856	37644	
15786	0	27436	30676	37860	
15787	0	27296	30544	37992	
15788	0	27144	30340	38048	
15789	0	27000	30229	38120	
15790	0	26861	29852	38308	
15791	0	26721	29716	38408	
15792	0	26584	29664	38452	
15793	0	26452	29600	38536	
15794	0	26320	29580	38712	
15795	0	26184	29528	38852	
15796	0	26052	29474	39044	
15797	0	25924	29388	39348	
15798	0	25797	29184	39464	
15799	0	25677	28768	39372	
15800	0	25548	28417	39312	
15801	0	25426	28212	39444	
15802	0	25302	28060	39560	
15803	0	25188	27836	39758	
15804	0	25068	27524	39884	
15805	0	24954	27124	40028	
15806	0	24856	26548	40092	
15807	0	24736	25936	40096	
15808	0	24634	25416	40656	
15809	0	24528	24700	40680	
15810	0	24430	24036	40928	
15811	0	24332	23428	40964	
15812	0	24236	22936	40552	
15813	0	24148	22468	40000	
15814	0	24056	21944	39504	
15815	0	23976	21344	38992	
15816	0	23904	20801	38404	
15817	0	23813	20248	37704	
15818	0	23733	19656	36908	
15819	0	23664	19648	36104	
15820	0	23596	18504	35700	
15821	0	23528	18162	35469	
15822	0	23468	17850	35008	
15823	0	23417	16964	34708	
15824	0	23356	15874	34200	
15825	0	23301	17149	33972	
15826	0	23261	16784	33588	
15827	0	23217	16752	33384	
15828	0	23182	15576	32980	
15829	0	23150	17716	33188	
15830	0	23112	17770	32944	
15831	0	23088	18256	32740	
15832	0	23068	18971	32610	
15833	0	23056	19693	32608	
15834	0	23040	20405	32692	
15835	0	23025	21122	32720	
15836	0	23032	21820	32708	
15837	0	23028	22448	32732	
15838	0	23032	23071	32776	
15839	0	23044	23700	32892	
15840	0	23053	24306	32964	
15841	0	23069	24932	33148	
15842	0	23100	25584	33244	
15843	0	23120	26265	33404	
15844	0	23149	26847	33468	
15845	0	23190	27417	33600	
15846	0	23228	27832	33720	
15847	0	23273	28241	33872	
15848	0	23328	28540	34036	
15849	0	23376	28768	34256	
15850	0	23436	28876	34420	
15851	0	23496	28896	34541	
15852	0	23570	29000	34644	
15853	0	23636	29002	34748	
15854	0	23716	28956	35040	
15855	0	23800	28684	35250	
15856	0	23880	28377	35404	
15857	0	23968	28168	35608	
15858	0	24056	27708	35629	
15859	0	24152	27304	35664	
15860	0	24256	29229	36132	
15861	0	24361	27361	35912	
15862	0	24470	28392	36005	
15863	0	24576	27560	36112	
15864	0	24684	30316	36704	
15865	0	24804	27544	36388	
15866	0	24924	29536	36936	
15867	0	25052	27489	36632	
15868	0	25178	31893	37694	
15869	0	25308	27825	36773	
15870	0	25444	29945	36952	
15871	0	25580	28212	36668	
15872	0	25712	27852	36232	
15873	0	25853	28232	36264	
15874	0	25988	28757	35928	
15875	0	26136	27556	35788	
15876	0	26284	28096	35732	
15877	0	26428	26454	35284	
15878	0	26580	27684	35640	
15879	0	26732	29464	45648	
15880	0	26884	29248	38972	
15881	0	27037	34848	42852	
15882	0	27198	34930	40376	
15883	0	27344	16016	35680	
15884	0	27508	16260	34632	
15885	0	27665	32356	32852	
15886	0	27817	32524	33048	
15887	0	27980	27865	39248	
15888	0	28137	30440	42992	
15889	0	28297	32440	44844	
15890	0	28456	33192	46796	
15891	0	28612	32148	44332	
15892	0	28772	31136	40044	
15893	0	28940	31220	38312	
15894	0	29090	31040	38000	
15895	0	29248	31508	39608	
15896	0	29408	31336	39904	
15897	0	29564	31113	39020	
15898	0	29713	18749	28344	
15899	0	29868	35997	43296	
15900	0	30028	30068	47060	
15901	0	30176	27716	54852	
15902	0	30332	30248	55104	
15903	0	30472	31492	48353	
15904	0	30624	31264	41888	
15905	0	30764	30773	37940	
15906	0	30912	30132	36112	
15907	0	31065	30296	36329	
15908	0	31200	30932	37165	
15909	0	31336	31028	37888	
15910	0	31480	30660	38460	
15911	0	31620	30696	38432	
15912	0	31752	30908	38004	
15913	0	31884	30968	37628	
15914	0	32012	31008	37588	
15915	0	32144	31092	37924	
15916	0	32272	31077	37988	
15917	0	32392	31240	37780	
15918	0	32516	31385	37512	
15919	0	32640	31200	37524	
15920	0	32756	30948	38032	
15921	0	32873	30840	38572	
15922	0	32992	30900	38624	
15923	0	33108	31160	38528	
15924	0	33216	31372	38268	
15925	0	33328	31268	37936	
15926	0	33440	31216	37756	
15927	0	33540	31145	37648	
15928	0	33652	31076	37652	
15929	0	33752	30956	37780	
15930	0	33860	30852	37812	
15931	0	33957	30880	37816	
15932	0	34065	30904	37720	
15933	0	34157	30968	37680	
15934	0	34256	30992	37500	
15935	0	34356	30885	37532	
15936	0	34448	30928	37228	
15937	0	34540	30836	37456	
15938	0	34632	30432	38872	
15939	0	34724	30856	37380	
15940	0	34818	30784	37684	
15941	0	34912	30900	36901	
15942	0	35000	30785	37444	
15943	0	35081	30860	37332	
15944	0	35172	30390	37952	
15945	0	35252	31168	36992	
15946	0	35344	30937	37324	
15947	0	35424	31000	37296	
15948	0	35512	30936	37516	
15949	0	35601	30912	37528	
15950	0	35673	30820	37688	
15951	0	35760	30764	37712	
15952	0	35836	30768	37780	
15953	0	35920	30724	37860	
15954	0	36004	30720	37905	
15955	0	36080	30836	37832	
15956	0	36154	30904	37852	
15957	0	36232	30869	37876	
15958	0	36308	30944	38024	
15959	0	36388	30924	38116	
15960	0	36464	30892	37892	
15961	0	36532	30998	37824	
15962	0	36616	30912	37772	
15963	0	36685	30876	37780	
15964	0	36756	30788	37917	
15965	0	36812	30692	38020	
15966	0	36896	30581	38096	
15967	0	36960	30900	38160	
15968	0	37032	30876	38128	
15969	0	37097	31328	38076	
15970	0	37164	30912	37928	
15971	0	37220	30788	37972	
15972	0	37288	31540	37428	
15973	0	37348	30816	38140	
15974	0	37408	30261	38780	
15975	0	37460	30748	38440	
15976	0	37524	31600	37172	
15977	0	37572	28356	42742	
15978	0	37624	30820	38559	
15979	0	37672	31568	37337	
15980	0	37724	29412	40920	
15981	0	37772	30584	39276	
15982	0	37816	31564	36324	
15983	0	37856	29120	40464	
15984	0	37908	29336	40068	
15985	0	37940	31616	35828	
15986	0	37984	29946	39161	
15987	0	38012	26728	43688	
15988	0	38037	31376	38648	
15989	0	38074	31416	38956	
15990	0	38092	29081	42908	
15991	0	38117	28716	44336	
15992	0	38144	30652	42368	
15993	0	38156	31176	45384	
15994	0	38176	29732	44776	
15995	0	38184	31784	44381	
15996	0	38192	32216	46848	
15997	0	38200	33038	49652	
15998	0	38196	33816	50144	
15999	0	38200	34380	49768	
16000	0	38192	33856	49024	
16001	0	38192	33044	48976	
16002	0	38188	32840	48960	
16003	0	38176	32232	48056	
16004	0	38160	33305	48128	
16005	0	38144	33558	47040	
16006	0	38120	33753	45864	
16007	0	38092	34136	44504	
16008	0	38072	34945	42284	
16009	0	38036	35436	39488	
16010	0	38000	35117	36740	
16011	0	37964	37028	32484	
16012	0	37924	40124	33192	
16013	0	37876	43604	31092	
16014	0	37832	45228	31632	
16015	0	37776	43508	31672	
16016	0	37720	41276	32640	
16017	0	37664	39836	31372	
16018	0	37600	40472	31512	
16019	0	37544	41436	33504	
16020	0	37468	41080	35536	
16021	0	37408	39840	36092	
16022	0	37332	38825	35880	
16023	0	37264	38236	34638	
16024	0	37176	37400	34452	
16025	0	37094	37032	33696	
16026	0	37012	36560	33297	
16027	0	36916	36364	33072	
16028	0	36836	36332	32944	
16029	0	36740	36320	32924	
16030	0	36644	36232	33120	
16031	0	36548	36072	33656	
16032	0	36448	35880	34044	
16033	0	36348	35636	34264	
16034	0	36244	35316	34576	
16035	0	36136	34868	35085	
16036	0	36028	34266	35740	
16037	0	35920	33732	35492	
16038	0	35808	32936	36576	
16039	0	35684	32589	36724	
16040	0	35569	32064	36617	
16041	0	35460	31356	38220	
16042	0	35336	31072	36880	
16043	0	35204	30588	36656	
16044	0	35084	30028	37224	
16045	0	34957	29444	37560	
16046	0	34832	29065	37372	
16047	0	34696	28620	36992	
16048	0	34564	28141	36852	
16049	0	34432	27540	37108	
16050	0	34297	26672	37176	
16051	0	34168	25893	36544	
16052	0	34021	25212	35516	
16053	0	33884	24832	35272	
16054	0	33744	24393	35608	
16055	0	33600	23892	36300	
16056	0	33464	23182	36972	
16057	0	33320	22264	37416	
16058	0	33172	21250	37524	
16059	0	33024	20184	37588	
16060	0	32880	19084	38568	
16061	0	32728	19198	35512	
16062	0	32580	18234	34945	
16063	0	32428	15629	36988	
16064	0	32276	18113	32744	
16065	0	32120	16240	33548	
16066	0	31980	16618	32268	
16067	0	31817	14932	33728	
16068	0	31672	16146	32013	
16069	0	31513	16152	32576	
16070	0	31362	16446	32852	
16071	0	31204	17088	32276	
16072	0	31058	17512	33153	
16073	0	30908	18132	33532	
16074	0	30740	18781	33824	
16075	0	30584	19492	33952	
16076	0	30432	20296	34024	
16077	0	30276	21128	34132	
16078	0	30121	21880	34268	
16079	0	29972	22497	34392	
16080	0	29824	23050	34576	
16081	0	29665	23568	34944	
16082	0	29516	24000	35424	
16083	0	29372	24144	36040	
16084	0	29213	24240	36788	
16085	0	29068	24224	35808	
16086	0	28913	24420	41088	
16087	0	28773	24484	36524	
16088	0	28628	24728	37528	
16089	0	28484	21797	52428	
16090	0	28341	34880	42204	
16091	0	28196	35548	41017	
16092	0	28053	37220	46612	
16093	0	27913	22709	40784	
16094	0	27778	14580	36440	
16095	0	27640	31180	37428	
16096	0	27500	42992	39344	
16097	0	27369	31036	37184	
16098	0	27236	25472	37104	
16099	0	27104	28001	39136	
16100	0	26972	30504	45168	
16101	0	26842	30908	48520	
16102	0	26720	31025	46544	
16103	0	26585	32224	40712	
16104	0	26468	32732	37484	
16105	0	26340	31617	38384	
16106	0	26221	30393	40400	
16107	0	26100	30768	40332	
16108	0	25984	31348	38708	
16109	0	25860	31570	37377	
16110	0	25752	31672	36792	
16111	0	25642	31328	38040	
16112	0	25528	31140	38628	
16113	0	25424	25236	40964	
16114	0	25308	33196	36892	
16115	0	25216	30752	41848	
16116	0	25112	29696	43276	
16117	0	25018	30468	44837	
16118	0	24925	30920	45988	
16119	0	24824	30889	45292	
16120	0	24736	31228	41868	
16121	0	24648	31320	39688	
16122	0	24557	31116	38304	
16123	0	24472	31032	37556	
16124	0	24400	31040	37240	
16125	0	24320	30984	37336	
16126	0	24249	30812	37624	
16127	0	24176	30740	37812	
16128	0	24101	30900	37744	
16129	0	24050	31220	37688	
16130	0	23986	31420	37764	
16131	0	23936	31368	37876	
16132	0	23885	31216	37908	
16133	0	23829	31040	37912	
16134	0	23780	30824	37780	
16135	0	23724	30861	37356	
16136	0	23704	31088	37072	
16137	0	23668	31256	37220	
16138	0	23632	31440	37281	
16139	0	23600	31500	37724	
16140	0	23580	31421	38224	
16141	0	23557	31333	38576	
16142	0	23540	31288	38688	
16143	0	23528	31244	38624	
16144	0	23514	31176	38344	
16145	0	23510	31168	38124	
16146	0	23504	31288	37864	
16147	0	23506	31436	37736	
16148	0	23501	31493	37856	
16149	0	23508	31342	38244	
16150	0	23520	31036	38384	
16151	0	23528	30800	38168	
16152	0	23544	30937	37685	
16153	0	23565	31118	37188	
16154	0	23588	31256	36852	
16155	0	23622	31268	36708	
16156	0	23644	31276	36889	
16157	0	23673	31240	37224	
16158	0	23716	31216	37672	
16159	0	23744	31012	37960	
16160	0	23792	31040	38108	
16161	0	23840	31256	38400	
16162	0	23892	31233	38708	
16163	0	23940	31176	38636	
16164	0	24000	31140	38532	
16165	0	24060	31240	38656	
16166	0	24116	31253	38828	
16167	0	24184	31265	38824	
16168	0	24252	31112	39160	
16169	0	24324	31160	38192	
16170	0	24408	30664	38464	
16171	0	24477	30128	38260	
16172	0	24560	30892	37112	
16173	0	24633	31572	35913	
16174	0	24724	31158	36680	
16175	0	24816	31720	35996	
16176	0	24905	31092	37298	
16177	0	24996	30972	37672	
16178	0	25100	30732	38532	
16179	0	25196	31156	38296	
16180	0	25300	30556	40028	
16181	0	25408	28430	43292	
16182	0	25510	30458	41292	
16183	0	25620	30553	42016	
16184	0	25732	30848	41896	
16185	0	25852	30956	42552	
16186	0	25960	31000	43360	
16187	0	26080	30386	44116	
16188	0	26200	30772	44024	
16189	0	26324	31176	44152	
16190	0	26449	31940	44376	
16191	0	26572	32104	45184	
16192	0	26696	32392	45592	
16193	0	26830	32692	45992	
16194	0	26960	33012	46388	
16195	0	27088	32762	46948	
16196	0	27224	32460	47644	
16197	0	27357	32732	47949	
16198	0	27496	33200	47368	
16199	0	27641	33532	46676	
16200	0	27776	33844	45800	
16201	0	27920	33824	45076	
16202	0	28068	33572	43772	
16203	0	28212	33921	42156	
16204	0	28353	34540	40568	
16205	0	28513	34440	37884	
16206	0	28649	37032	35432	
16207	0	28804	37516	33992	
16208	0	28960	41408	32660	
16209	0	29108	44708	32097	
16210	0	29265	48624	32028	
16211	0	29416	46464	32081	
16212	0	29572	42640	32754	
16213	0	29728	41952	34880	
16214	0	29880	43056	35764	
16215	0	30028	43848	38097	
16216	0	30192	42740	38884	
16217	0	30349	40980	38312	
16218	0	30504	39352	36996	
16219	0	30660	38280	35196	
16220	0	30826	37428	33948	
16221	0	30984	37004	33364	
16222	0	31136	36544	33184	
16223	0	31296	36012	33588	
16224	0	31448	35852	34052	
16225	0	31614	35872	34380	
16226	0	31776	35864	34688	
16227	0	31928	35824	35020	
16228	0	32096	35648	35360	
16229	0	32252	35416	35540	
16230	0	32404	35194	35704	
16231	0	32560	34932	35972	
16232	0	32716	34752	36292	
16233	0	32876	34476	36324	
16234	0	33036	33968	36260	
16235	0	33188	33464	36320	
16236	0	33340	32832	36312	
16237	0	33504	32056	36020	
16238	0	33660	31177	35453	
16239	0	33820	30288	35072	
16240	0	33976	29465	34492	
16241	0	34138	29060	33988	
16242	0	34286	28925	34052	
16243	0	34444	28884	34468	
16244	0	34592	28421	35669	
16245	0	34752	28001	37856	
16246	0	34912	27216	40200	
16247	0	35064	25920	41008	
16248	0	35216	22014	41876	
16249	0	35360	23081	38076	
16250	0	35512	24533	35556	
16251	0	35668	22932	37261	
16252	0	35812	20960	37808	
16253	0	35964	19592	37000	
16254	0	36108	20064	35713	
16255	0	36257	17622	36728	
16256	0	36392	17560	36884	
16257	0	36528	18068	35500	
16258	0	36684	17898	34232	
16259	0	36820	15298	38044	
16260	0	36960	16638	33008	
16261	0	37092	15402	35216	
16262	0	37224	15916	32621	
16263	0	37356	15249	34013	
16264	0	37492	15576	32096	
16265	0	37608	15212	33329	
16266	0	37744	15236	33321	
16267	0	37864	15546	32784	
16268	0	37984	16097	32588	
16269	0	38104	16705	32628	
16270	0	38216	17219	32904	
16271	0	38328	17674	33052	
16272	0	38444	18012	33552	
16273	0	38550	18533	33408	
16274	0	38656	19240	33666	
16275	0	38756	19908	33792	
16276	0	38860	20596	33864	
16277	0	38952	21200	34080	
16278	0	39048	21858	34400	
16279	0	39144	22632	34776	
16280	0	39224	23432	35260	
16281	0	39308	24268	35752	
16282	0	39392	28744	45504	
16283	0	39468	35220	46656	
16284	0	39540	48432	46776	
16285	0	39612	43060	49460	
16286	0	39684	33600	49636	
16287	0	39744	21484	35700	
16288	0	39808	29576	33949	
16289	0	39868	39728	33544	
16290	0	39920	33608	35832	
16291	0	39976	27181	36585	
16292	0	40020	25233	44012	
16293	0	40052	28368	49896	
16294	0	40100	29972	44929	
16295	0	40144	31342	38056	
16296	0	40173	31328	35652	
16297	0	40196	31420	36752	
16298	0	40224	31044	40256	
16299	0	40248	30932	41456	
16300	0	40260	30940	40249	
16301	0	40272	20148	38532	
16302	0	40288	39057	38088	
16303	0	40293	32136	40092	
16304	0	40296	27962	49496	
16305	0	40292	28964	49428	
16306	0	40284	31416	45001	
16307	0	40280	31848	41360	
16308	0	40268	31192	38732	
16309	0	40248	30720	37992	
16310	0	40236	30572	38184	
16311	0	40208	30656	38160	
16312	0	40184	30632	38072	
16313	0	40144	30650	38680	
16314	0	40104	30854	39556	
16315	0	40068	31004	39768	
16316	0	40028	30996	39476	
16317	0	39980	30962	38904	
16318	0	39928	30868	38204	
16319	0	39876	30762	37665	
16320	0	39816	30749	37096	
16321	0	39752	30812	36716	
16322	0	39684	30916	36684	
16323	0	39616	31052	36708	
16324	0	39540	31106	36840	
16325	0	39464	31024	37104	
16326	0	39388	30992	37540	
16327	0	39308	30928	37920	
16328	0	39216	30792	38336	
16329	0	39128	30800	38368	
16330	0	39028	30860	38336	
16331	0	38936	31040	38068	
16332	0	38836	31144	37904	
16333	0	38736	31126	37936	
16334	0	38624	31005	38204	
16335	0	38516	30896	38348	
16336	0	38404	30796	38336	
16337	0	38296	30792	38296	
16338	0	38176	30768	38192	
16339	0	38052	30780	37700	
16340	0	37932	30872	37540	
16341	0	37816	30836	37096	
16342	0	37676	30780	37524	
16343	0	37560	30688	37500	
16344	0	37429	30560	37116	
16345	0	37300	30724	37648	
16346	0	37169	30592	38016	
16347	0	37036	30806	36769	
16348	0	36896	30672	38188	
16349	0	36752	30868	37044	
16350	0	36620	30176	42776	
16351	0	36476	30585	37972	
16352	0	36344	30820	36712	
16353	0	36196	30120	40496	
16354	0	36056	30694	38704	
16355	0	35909	30760	37416	
16356	0	35760	29784	42368	
16357	0	35616	30080	38548	
16358	0	35468	30352	36828	
16359	0	35324	29281	42416	
16360	0	35168	30244	37876	
16361	0	35020	30836	36825	
16362	0	34876	29708	40372	
16363	0	34724	30281	39084	
16364	0	34580	30148	39744	
16365	0	34432	29992	40308	
16366	0	34272	29829	41024	
16367	0	34124	29729	41993	
16368	0	33976	30734	42596	
16369	0	33821	31348	43944	
16370	0	33672	31372	45605	
16371	0	33516	31328	47132	
16372	0	33372	31552	48436	
16373	0	33220	31436	49920	
16374	0	33074	32236	51020	
16375	0	32928	32564	51632	
16376	0	32776	33145	52456	
16377	0	32632	33572	52508	
16378	0	32488	33812	51732	
16379	0	32336	34448	50740	
16380	0	32192	35320	49548	
16381	0	32052	36216	46824	
16382	0	31904	35656	44624	
16383	0	31764	35388	41524	
16384	0	31624	36144	37392	
16385	0	31488	38540	34148	
16386	0	31352	40840	31106	
16387	0	31212	45464	28944	
16388	0	31076	51084	28533	
16389	0	30936	51680	28944	
16390	0	30812	47556	32044	
16391	0	30684	47500	36704	
16392	0	30548	48080	41120	
16393	0	30416	46652	41820	
16394	0	30300	44972	40832	
16395	0	30176	42636	39752	
16396	0	30048	41332	35516	
16397	0	29920	40212	33248	
16398	0	29808	39337	32164	
16399	0	29684	38996	31652	
16400	0	29564	38832	31780	
16401	0	29448	38816	32256	
16402	0	29329	38752	33012	
16403	0	29224	38208	33480	
16404	0	29108	37381	34060	
16405	0	28996	36688	34336	
16406	0	28884	35636	35672	
16407	0	28788	35124	35352	
16408	0	28684	34336	35705	
16409	0	28576	33564	36076	
16410	0	28472	32732	36324	
16411	0	28376	32060	36600	
16412	0	28277	31420	36848	
16413	0	28180	30564	36600	
16414	0	28089	29876	36520	
16415	0	27992	29340	36008	
16416	0	27901	28769	35304	
16417	0	27808	28052	34136	
16418	0	27726	27545	33824	
16419	0	27644	27008	34512	
16420	0	27554	26448	36008	
16421	0	27476	25700	37156	
16422	0	27400	25065	37472	
16423	0	27316	24504	38812	
16424	0	27252	21940	46592	
16425	0	27168	21898	34960	
16426	0	27104	23104	32296	
16427	0	27036	22176	34768	
16428	0	26974	20644	35992	
16429	0	26908	19941	35244	
16430	0	26841	19976	34320	
16431	0	26788	17564	41184	
16432	0	26728	18874	33928	
16433	0	26681	17112	40952	
16434	0	26636	18118	34724	
16435	0	26588	16011	41965	
16436	0	26532	16960	34428	
16437	0	26500	15628	35536	
16438	0	26452	15068	36164	
16439	0	26420	15228	35144	
16440	0	26384	15180	33724	
16441	0	26344	15177	34944	
16442	0	26320	15344	33776	
16443	0	26292	15952	33288	
16444	0	26261	16873	33384	
16445	0	26240	17822	32380	
16446	0	26217	18858	32416	
16447	0	26197	19956	32672	
16448	0	26180	20970	33138	
16449	0	26164	21856	33284	
16450	0	26160	22680	33709	
16451	0	26152	23368	33992	
16452	0	26149	24045	34328	
16453	0	26145	24446	34352	
16454	0	26140	25320	36320	
16455	0	26148	25188	34454	
16456	0	26153	26946	37712	
16457	0	26157	28828	52364	
16458	0	26168	35080	39857	
16459	0	26180	47689	45740	
16460	0	26196	22797	46076	
16461	0	26220	7118	33092	
16462	0	26236	19432	34348	
16463	0	26265	40088	43048	
16464	0	26293	37120	38460	
16465	0	26324	28437	37692	
16466	0	26356	29088	38638	
16467	0	26394	31268	42424	
16468	0	26433	30730	51420	
16469	0	26476	28956	50128	
16470	0	26520	31593	44856	
16471	0	26570	30716	37868	
16472	0	26621	29516	35984	
16473	0	26676	30581	35732	
16474	0	26728	31492	36332	
16475	0	26785	30280	33588	
16476	0	26856	34236	46880	
16477	0	26916	35264	33696	
16478	0	26984	29705	48185	
16479	0	27058	28646	47908	
16480	0	27124	30692	49460	
16481	0	27200	32352	45084	
16482	0	27276	32313	42176	
16483	0	27357	31356	39720	
16484	0	27436	30733	38596	
16485	0	27512	30815	38416	
16486	0	27596	31308	38132	
16487	0	27680	31616	37964	
16488	0	27772	31524	38194	
16489	0	27856	31184	38632	
16490	0	27944	30908	38960	
16491	0	28032	30813	38592	
16492	0	28132	30852	37880	
16493	0	28228	31168	37328	
16494	0	28316	31496	37324	
16495	0	28412	31660	37532	
16496	0	28512	31549	37860	
16497	0	28608	31436	38068	
16498	0	28708	31316	38028	
16499	0	28800	31330	38116	
16500	0	28904	31373	38448	
16501	0	29000	31464	38744	
16502	0	29100	31552	38928	
16503	0	29204	31496	39020	
16504	0	29296	31316	38960	
16505	0	29404	31136	38680	
16506	0	29508	31137	38044	
16507	0	29604	31152	37720	
16508	0	29708	31188	37496	
16509	0	29816	31148	37528	
16510	0	29921	31200	37480	
16511	0	30020	31268	37488	
16512	0	30120	31332	37504	
16513	0	30228	31140	37912	
16514	0	30336	30997	38220	
16515	0	30436	31136	38357	
16516	0	30536	31264	37732	
16517	0	30640	31281	37348	
16518	0	30752	30788	38208	
16519	0	30852	31042	39300	
16520	0	30956	31028	38216	
16521	0	31061	31204	38104	
16522	0	31161	31236	37892	
16523	0	31280	30740	38656	
16524	0	31384	31088	39988	
16525	0	31492	30988	37624	
16526	0	31584	30900	36672	
16527	0	31700	30740	38732	
16528	0	31796	30856	36696	
16529	0	31908	30656	36996	
16530	0	32008	30940	36985	
16531	0	32109	31233	36256	
16532	0	32220	30656	39140	
16533	0	32328	30656	37652	
16534	0	32436	30140	38144	
16535	0	32545	30136	39116	
16536	0	32640	30224	38228	
16537	0	32744	30257	38336	
16538	0	32860	29220	42756	
16539	0	32960	29868	41332	
16540	0	33068	29932	40804	
16541	0	33168	29672	43584	
16542	0	33269	30625	42136	
16543	0	33384	30236	43348	
16544	0	33484	29728	43400	
16545	0	33586	31053	43944	
16546	0	33688	31001	43600	
16547	0	33800	31356	44428	
16548	0	33900	31469	44996	
16549	0	34000	31360	45880	
16550	0	34104	31552	46660	
16551	0	34209	31808	47416	
16552	0	34312	31960	47984	
16553	0	34420	32408	48440	
16554	0	34516	32892	48312	
16555	0	34624	33292	48320	
16556	0	34724	33820	47848	
16557	0	34816	34524	47008	
16558	0	34924	34684	45948	
16559	0	35020	34544	44672	
16560	0	35128	34457	43448	
16561	0	35216	34360	40736	
16562	0	35316	34792	38156	
16563	0	35420	35396	36070	
16564	0	35520	37300	34124	
16565	0	35608	41080	33270	
16566	0	35708	44892	31664	
16567	0	35801	47980	31676	
16568	0	35896	44628	31093	
16569	0	35984	41836	32908	
16570	0	36088	41652	35552	
16571	0	36176	42532	38020	
16572	0	36260	42668	40224	
16573	0	36352	41632	39836	
16574	0	36444	40132	38824	
16575	0	36528	38976	36436	
16576	0	36620	37933	34148	
16577	0	36704	37472	32672	
16578	0	36780	37004	31952	
16579	0	36864	36405	31868	
16580	0	36956	36056	31996	
16581	0	37024	35960	32245	
16582	0	37100	35908	32690	
16583	0	37176	35884	33216	
16584	0	37248	35744	33765	
16585	0	37324	35452	34080	
16586	0	37396	35024	34284	
16587	0	37466	34524	34592	
16588	0	37524	33884	35148	
16589	0	37592	33101	35672	
16590	0	37656	32392	36029	
16591	0	37716	31508	36180	
16592	0	37772	31020	36004	
16593	0	37832	30580	35680	
16594	0	37888	30109	35636	
16595	0	37940	29532	35692	
16596	0	37984	28956	35733	
16597	0	38032	28576	35368	
16598	0	38080	28176	34800	
16599	0	38117	27760	34218	
16600	0	38168	27392	33960	
16601	0	38200	27116	33896	
16602	0	38244	26860	33989	
16603	0	38272	26452	34056	
16604	0	38320	26041	34308	
16605	0	38348	25765	35052	
16606	0	38364	25309	35536	
16607	0	38396	24756	36164	
16608	0	38420	23860	37220	
16609	0	38448	20821	42384	
16610	0	38472	22668	35208	
16611	0	38488	24060	32468	
16612	0	38500	22656	33896	
16613	0	38512	21312	33692	
16614	0	38532	20661	34589	
16615	0	38532	20272	35292	
16616	0	38544	20320	33644	
16617	0	38544	18228	39544	
16618	0	38556	18944	34700	
16619	0	38548	18408	34433	
16620	0	38552	18072	35448	
16621	0	38548	17368	39964	
16622	0	38536	17564	33568	
16623	0	38524	17417	34672	
16624	0	38516	17340	32408	
16625	0	38496	17774	34356	
16626	0	38488	17838	34392	
16627	0	38464	17832	33413	
16628	0	38456	18208	33616	
16629	0	38424	18588	33772	
16630	0	38400	19114	33688	
16631	0	38372	19749	33600	
16632	0	38344	20421	33752	
16633	0	38312	21044	34024	
16634	0	38277	21732	34454	
16635	0	38233	22577	33492	
16636	0	38204	23149	34612	
16637	0	38169	23372	36552	
16638	0	38124	24412	34776	
16639	0	38080	22516	39440	
16640	0	38036	26775	51168	
16641	0	37980	33489	44020	
16642	0	37929	38868	37504	
16643	0	37880	30756	43520	
16644	0	37828	17244	38132	
16645	0	37776	19070	33212	
16646	0	37712	30624	36872	
16647	0	37648	33148	38556	
16648	0	37588	30348	39332	
16649	0	37532	29113	41288	
16650	0	37468	30384	38948	
16651	0	37400	31024	40512	
16652	0	37336	30701	46516	
16653	0	37272	30060	48576	
16654	0	37196	31432	45164	
16655	0	37124	30688	40500	
16656	0	37048	29540	37104	
16657	0	36972	29824	34216	
16658	0	36900	29452	36532	
16659	0	36816	29789	36332	
16660	0	36744	30128	36614	
16661	0	36653	30316	36485	
16662	0	36580	30352	36352	
16663	0	36496	30477	38080	
16664	0	36416	27205	41756	
16665	0	36332	34992	32804	
16666	0	36252	30962	40540	
16667	0	36164	30000	47760	
16668	0	36076	30532	45608	
16669	0	35992	31212	45660	
16670	0	35896	31308	42708	
16671	0	35816	30712	40704	
16672	0	35724	30460	38984	
16673	0	35633	30522	38208	
16674	0	35548	30668	38308	
16675	0	35456	30772	38744	
16676	0	35368	30768	39052	
16677	0	35274	30548	39085	
16678	0	35188	30465	38676	
16679	0	35100	30536	38000	
16680	0	35008	30664	37312	
16681	0	34904	30804	37636	
16682	0	34828	30832	37796	
16683	0	34728	30817	37628	
16684	0	34636	30666	37820	
16685	0	34552	30684	37100	
16686	0	34452	30756	36696	
16687	0	34360	30744	36484	
16688	0	34268	30817	36440	
16689	0	34173	30940	36488	
16690	0	34088	31025	36724	
16691	0	33984	30920	37014	
16692	0	33892	30764	37288	
16693	0	33812	30708	37460	
16694	0	33712	30548	37496	
16695	0	33616	30444	37424	
16696	0	33524	30444	37360	
16697	0	33428	30460	37180	
16698	0	33344	30412	37212	
16699	0	33252	31020	37504	
16700	0	33152	31329	38256	
16701	0	33072	31244	38916	
16702	0	32980	31068	39040	
16703	0	32880	30804	38820	
16704	0	32800	31172	38048	
16705	0	32704	29712	39440	
16706	0	32612	30868	37636	
16707	0	32528	31488	36953	
16708	0	32444	30908	37596	
16709	0	32352	31268	36992	
16710	0	32266	31060	37276	
16711	0	32184	31020	37288	
16712	0	32108	30832	37277	
16713	0	32020	30728	37212	
16714	0	31936	30612	37032	
16715	0	31862	30573	36936	
16716	0	31780	30476	36688	
16717	0	31704	30429	36564	
16718	0	31620	30508	36696	
16719	0	31552	30760	37272	
16720	0	31465	31124	38188	
16721	0	31404	31017	38668	
16722	0	31328	31009	38980	
16723	0	31260	31245	39572	
16724	0	31189	31100	39468	
16725	0	31124	31080	39104	
16726	0	31052	30848	38992	
16727	0	30996	30782	38880	
16728	0	30932	30676	38708	
16729	0	30864	30621	38772	
16730	0	30808	30288	39532	
16731	0	30749	30588	39540	
16732	0	30684	30693	39008	
16733	0	30632	30916	38029	
16734	0	30576	29874	41100	
16735	0	30528	30568	38328	
16736	0	30472	31080	37460	
16737	0	30420	29796	41512	
16738	0	30373	31000	38464	
16739	0	30321	31281	38036	
16740	0	30280	29460	41352	
16741	0	30232	30749	38932	
16742	0	30192	31232	38508	
16743	0	30152	30140	40332	
16744	0	30114	30205	39680	
16745	0	30076	30556	39840	
16746	0	30040	30792	40172	
16747	0	30000	30820	40984	
16748	0	29972	30812	42252	
16749	0	29940	30672	43336	
16750	0	29909	30688	44652	
16751	0	29884	30332	45992	
16752	0	29853	30629	47488	
16753	0	29832	31785	48908	
16754	0	29804	32372	50304	
16755	0	29788	33188	51048	
16756	0	29769	34028	51564	
16757	0	29748	34884	51820	
16758	0	29736	34981	52340	
16759	0	29720	35388	52428	
16760	0	29705	36012	52560	
16761	0	29693	36828	53028	
16762	0	29684	37064	51972	
16763	0	29684	37908	50212	
16764	0	29676	38324	48028	
16765	0	29669	38328	45304	
16766	0	29668	40176	46868	
16767	0	29668	41624	48464	
16768	0	29672	42904	48132	
16769	0	29664	40996	50548	
16770	0	29673	38504	44916	
16771	0	29680	36712	42488	
16772	0	29684	36624	42840	
16773	0	29688	37372	44144	
16774	0	29704	37426	44176	
16775	0	29716	36748	42800	
16776	0	29728	35785	41300	
16777	0	29741	35124	39328	
16778	0	29760	34656	37548	
16779	0	29772	33940	36596	
16780	0	29800	33704	35752	
16781	0	29816	33710	35072	
16782	0	29840	33728	34696	
16783	0	29856	33738	34524	
16784	0	29884	33756	34824	
16785	0	29916	33756	35213	
16786	0	29940	33784	35488	
16787	0	29970	33800	35756	
16788	0	30001	33856	36160	
16789	0	30036	33808	36604	
16790	0	30068	33672	36484	
16791	0	30102	33568	36884	
16792	0	30148	33644	36568	
16793	0	30172	33680	36537	
16794	0	30212	33736	36504	
16795	0	30252	33828	36644	
16796	0	30294	33820	36872	
16797	0	30328	33894	37568	
16798	0	30368	33800	37900	
16799	0	30408	33529	39176	
16800	0	30458	33312	39572	
16801	0	30504	32996	40412	
16802	0	30544	32780	40577	
16803	0	30592	32476	40928	
16804	0	30632	32148	41144	
16805	0	30682	31733	41472	
16806	0	30732	31600	41232	
16807	0	30784	31204	41592	
16808	0	30832	31034	41516	
16809	0	30881	30633	42024	
16810	0	30928	30026	42616	
16811	0	30981	30004	42304	
16812	0	31032	29632	42536	
16813	0	31085	29348	42760	
16814	0	31140	29092	43084	
16815	0	31196	28832	43540	
16816	0	31252	28537	43977	
16817	0	31304	28216	44640	
16818	0	31364	27752	45432	
16819	0	31416	27184	46213	
16820	0	31476	26432	47048	
16821	0	31540	25564	47856	
16822	0	31596	24585	48436	
16823	0	31660	23688	48392	
16824	0	31720	22154	49936	
16825	0	31788	21828	48940	
16826	0	31849	20784	49376	
16827	0	31912	20236	48824	
16828	0	31976	19676	48204	
16829	0	32036	18652	48784	
16830	0	32112	18308	48192	
16831	0	32176	17808	47289	
16832	0	32248	16820	48056	
16833	0	32320	16692	46124	
16834	0	32388	16037	45496	
16835	0	32458	15684	43996	
16836	0	32532	15172	43024	
16837	0	32600	14985	41380	
16838	0	32669	15848	39822	
16839	0	32748	16432	38860	
16840	0	32828	15831	40940	
16841	0	32900	14413	38568	
16842	0	32980	16104	37200	
16843	0	33056	17144	37432	
16844	0	33132	17085	37032	
16845	0	33216	16853	36048	
16846	0	33289	17128	35984	
16847	0	33376	18297	36288	
16848	0	33452	16356	39252	
16849	0	33540	18945	34788	
16850	0	33625	15936	36045	
16851	0	33708	18986	35432	
16852	0	33794	18261	37048	
16853	0	33872	17200	36893	
16854	0	33956	16584	35200	
16855	0	34052	18808	36552	
16856	0	34132	19052	36192	
16857	0	34220	19388	35680	
16858	0	34312	19494	35492	
16859	0	34404	19604	35008	
16860	0	34504	20228	35180	
16861	0	34596	20288	34772	
16862	0	34688	20412	34776	
16863	0	34776	20600	34412	
16864	0	34880	20953	35880	
16865	0	34980	21121	35796	
16866	0	35076	21278	35264	
16867	0	35172	22776	35896	
16868	0	35280	26104	40509	
16869	0	35376	28832	41856	
16870	0	35480	29586	42800	
16871	0	35588	30636	43500	
16872	0	35692	29473	43732	
16873	0	35804	25148	42280	
16874	0	35904	23296	39436	
16875	0	36012	26832	38628	
16876	0	36116	25976	37716	
16877	0	36220	27808	37976	
16878	0	36332	29281	38036	
16879	0	36452	30536	38340	
16880	0	36554	31624	38488	
16881	0	36672	30392	40312	
16882	0	36780	28392	38640	
16883	0	36888	24161	38158	
16884	0	37008	26628	37244	
16885	0	37116	29164	37020	
16886	0	37228	30956	37271	
16887	0	37340	30841	37872	
16888	0	37448	30476	38224	
16889	0	37556	30356	38308	
16890	0	37672	30668	38304	
16891	0	37792	30820	38277	
16892	0	37888	30724	38420	
16893	0	38008	30652	38444	
16894	0	38108	30656	38392	
16895	0	38212	30825	38478	
16896	0	38316	30816	38412	
16897	0	38421	30812	38472	
16898	0	38520	30837	38473	
16899	0	38624	30545	38255	
16900	0	38720	30624	38172	
16901	0	38816	30604	38104	
16902	0	38916	30644	38044	
16903	0	39009	30545	37968	
16904	0	39101	30588	37992	
16905	0	39196	30700	37996	
16906	0	39284	30464	37840	
16907	0	39372	30588	37764	
16908	0	39468	30576	37692	
16909	0	39544	30480	37620	
16910	0	39628	30580	37652	
16911	0	39712	30628	37804	
16912	0	39796	30540	37828	
16913	0	39864	30600	37952	
16914	0	39936	30520	37844	
16915	0	40008	30532	37808	
16916	0	40076	30548	37716	
16917	0	40152	30552	37632	
16918	0	40216	30536	37592	
16919	0	40280	30544	37613	
16920	0	40336	30508	37696	
16921	0	40384	30393	37788	
16922	0	40448	30512	37776	
16923	0	40496	30496	37676	
16924	0	40556	30412	37716	
16925	0	40600	30436	37722	
16926	0	40648	30400	37792	
16927	0	40684	30412	37882	
16928	0	40736	30436	37924	
16929	0	40768	30448	38028	
16930	0	40804	30456	37904	
16931	0	40836	30356	38012	
16932	0	40848	30332	37836	
16933	0	40872	30344	37976	
16934	0	40906	30357	37702	
16935	0	40928	30276	37784	
16936	0	40952	30269	37688	
16937	0	40964	30128	38088	
16938	0	40972	30122	37632	
16939	0	40980	29968	38028	
16940	0	40988	30100	37856	
16941	0	40996	30292	37652	
16942	0	40993	30416	37533	
16943	0	40992	30456	37404	
16944	0	40985	30601	37220	
16945	0	40976	30604	37384	
16946	0	40972	30600	37425	
16947	0	40954	30596	37584	
16948	0	40944	30492	37744	
16949	0	40920	30412	37792	
16950	0	40904	30377	37760	
16951	0	40880	30304	37756	
16952	0	40853	30336	37808	
16953	0	40820	30300	37836	
16954	0	40776	30264	37836	
16955	0	40756	30321	37760	
16956	0	40720	30456	37676	
16957	0	40680	30352	37808	
16958	0	40640	30308	37864	
16959	0	40592	30337	37804	
16960	0	40536	30348	37860	
16961	0	40496	30332	37780	
16962	0	40436	30356	37736	
16963	0	40384	30344	37576	
16964	0	40324	30254	37728	
16965	0	40276	30224	37709	
16966	0	40200	30128	37660	
16967	0	40136	30049	37788	
16968	0	40069	30061	37781	
16969	0	40000	30048	37752	
16970	0	39924	30048	37765	
16971	0	39848	29949	37888	
16972	0	39772	29972	38096	
16973	0	39689	29801	38120	
16974	0	39608	29896	37997	
16975	0	39520	29796	38308	
16976	0	39440	29729	38509	
16977	0	39352	29548	38505	
16978	0	39260	29432	38352	
16979	0	39168	29268	37876	
16980	0	39068	29228	38656	
16981	0	38976	29500	38876	
16982	0	38876	29320	39476	
16983	0	38780	29605	38184	
16984	0	38672	30032	37640	
16985	0	38564	29621	38820	
16986	0	38465	29944	38100	
16987	0	38356	30032	37208	
16988	0	38244	28596	38028	
16989	0	38136	29812	38432	
16990	0	38028	30088	38524	
16991	0	37909	29785	38958	
16992	0	37796	29476	39344	
16993	0	37680	29220	39440	
16994	0	37568	29172	39556	
16995	0	37444	29092	39744	
16996	0	37328	29084	39812	
16997	0	37200	29028	39860	
16998	0	37080	29272	40540	
16999	0	36960	29004	41156	
17000	0	36836	28621	42092	
17001	0	36712	28336	43200	
17002	0	36584	27772	43452	
17003	0	36452	27848	43493	
17004	0	36336	27716	43480	
17005	0	36200	27712	43616	
17006	0	36068	27406	43864	
17007	0	35940	26324	43852	
17008	0	35812	27436	43513	
17009	0	35680	28456	43596	
17010	0	35552	28820	44420	
17011	0	35420	29084	44648	
17012	0	35284	29077	44884	
17013	0	35160	28984	45516	
17014	0	35016	28868	46204	
17015	0	34884	28345	46700	
17016	0	34764	28118	46900	
17017	0	34628	27612	46564	
17018	0	34492	27282	46800	
17019	0	34356	27064	47008	
17020	0	34232	27808	47216	
17021	0	34092	29754	46496	
17022	0	33956	31996	45688	
17023	0	33828	35096	43544	
17024	0	33696	33792	39728	
17025	0	33564	29068	36656	
17026	0	33428	30352	45200	
17027	0	33292	35508	44364	
17028	0	33168	41892	42012	
17029	0	33033	44028	35928	
17030	0	32898	37345	35341	
17031	0	32773	33640	35104	
17032	0	32644	33365	36977	
17033	0	32512	35288	37928	
17034	0	32388	37684	38200	
17035	0	32260	38152	36952	
17036	0	32128	37392	36856	
17037	0	32004	35950	37376	
17038	0	31872	35036	37884	
17039	0	31744	34600	37824	
17040	0	31616	34472	37216	
17041	0	31496	34628	36580	
17042	0	31360	34940	36240	
17043	0	31248	35160	36116	
17044	0	31120	35197	36080	
17045	0	30998	35096	36032	
17046	0	30869	35036	35988	
17047	0	30754	34981	35944	
17048	0	30632	34996	35960	
17049	0	30512	35029	36028	
17050	0	30392	35008	36168	
17051	0	30272	34992	36348	
17052	0	30160	34865	36568	
17053	0	30040	34716	36808	
17054	0	29921	34564	37004	
17055	0	29804	34409	37246	
17056	0	29700	34244	37428	
17057	0	29580	34080	37604	
17058	0	29472	33888	37812	
17059	0	29356	33712	38016	
17060	0	29244	33473	38256	
17061	0	29132	33240	38472	
17062	0	29028	32952	38820	
17063	0	28916	32632	39128	
17064	0	28804	32341	39432	
17065	0	28696	31768	39776	
17066	0	28594	31592	40036	
17067	0	28492	29736	40584	
17068	0	28384	30300	40788	
17069	0	28276	29708	41145	
17070	0	28176	28628	41344	
17071	0	28080	28653	41464	
17072	0	27969	26660	41721	
17073	0	27876	27492	41828	
17074	0	27780	25936	42228	
17075	0	27672	24892	42488	
17076	0	27577	25289	42556	
17077	0	27480	24440	42800	
17078	0	27389	24012	42816	
17079	0	27292	23764	42724	
17080	0	27200	23556	42580	
17081	0	27096	23396	42672	
17082	0	27009	23192	43052	
17083	0	26920	22884	43412	
17084	0	26828	22550	43860	
17085	0	26736	22260	44236	
17086	0	26652	22032	44328	
17087	0	26562	21864	44184	
17088	0	26481	21777	43900	
17089	0	26392	21736	43488	
17090	0	26304	21717	42932	
17091	0	26229	21776	42448	
17092	0	26156	21916	41852	
17093	0	26064	22120	41433	
17094	0	25984	22396	41128	
17095	0	25912	22740	40872	
17096	0	25828	23048	40788	
17097	0	25757	23344	40780	
17098	0	25690	23800	40844	
17099	0	25616	24193	40832	
17100	0	25548	23785	40424	
17101	0	25475	23412	39788	
17102	0	25408	25044	40232	
17103	0	25346	24489	39420	
17104	0	25272	22785	38600	
17105	0	25218	25328	38984	
17106	0	25152	24937	38472	
17107	0	25096	24336	38084	
17108	0	25044	25664	37984	
17109	0	24984	25395	38400	
17110	0	24936	23384	37856	
17111	0	24884	25316	38393	
17112	0	24832	23904	37856	
17113	0	24792	22880	37188	
17114	0	24752	24576	37536	
17115	0	24700	24612	37636	
17116	0	24661	22272	36800	
17117	0	24624	24012	36988	
17118	0	24596	21580	36572	
17119	0	24560	23500	36708	
17120	0	24530	22920	36416	
17121	0	24497	22804	36100	
17122	0	24468	22739	35820	
17123	0	24454	22776	35532	
17124	0	24436	22832	35264	
17125	0	24412	22944	35101	
17126	0	24404	23137	34884	
17127	0	24392	23296	34832	
17128	0	24380	23431	34680	
17129	0	24372	23526	34748	
17130	0	24368	23716	34728	
17131	0	24372	23912	34700	
17132	0	24376	24164	34644	
17133	0	24372	24348	34705	
17134	0	24384	24528	34696	
17135	0	24392	24668	34746	
17136	0	24412	24756	34864	
17137	0	24424	24741	34984	
17138	0	24448	24776	35140	
17139	0	24472	21544	45168	
17140	0	24492	18348	29224	
17141	0	24528	21844	34532	
17142	0	24553	28744	41828	
17143	0	24592	27813	36188	
17144	0	24624	22767	36256	
17145	0	24688	21956	36540	
17146	0	24717	25698	36200	
17147	0	24765	31640	35668	
17148	0	24812	32960	35468	
17149	0	24872	32460	37904	
17150	0	24936	33700	40716	
17151	0	24996	33520	41484	
17152	0	25056	31336	40868	
17153	0	25124	28920	39684	
17154	0	25192	26524	39800	
17155	0	25273	24784	38972	
17156	0	25344	23909	38088	
17157	0	25424	25120	37488	
17158	0	25508	26408	37325	
17159	0	25592	28068	37960	
17160	0	25676	29580	38508	
17161	0	25765	30721	38752	
17162	0	25856	31796	38720	
17163	0	25953	32264	39504	
17164	0	26050	33864	40696	
17165	0	26142	30348	36688	
17166	0	26244	26856	38288	
17167	0	26348	27076	37952	
17168	0	26448	29352	37796	
17169	0	26560	29769	37908	
17170	0	26664	29864	37704	
17171	0	26780	30220	37614	
17172	0	26888	30684	37628	
17173	0	26993	30945	37744	
17174	0	27109	30884	37836	
17175	0	27220	30804	37776	
17176	0	27332	30856	37720	
17177	0	27456	30921	37680	
17178	0	27576	30805	37788	
17179	0	27692	30708	37884	
17180	0	27808	30608	37961	
17181	0	27926	30588	37984	
17182	0	28052	30568	37908	
17183	0	28168	30612	37928	
17184	0	28288	30625	37960	
17185	0	28413	30606	38084	
17186	0	28536	30637	38116	
17187	0	28656	30672	38076	
17188	0	28780	30677	37968	
17189	0	28900	30696	37876	
17190	0	29024	30613	37736	
17191	0	29144	30576	37724	
17192	0	29280	30560	37724	
17193	0	29401	30541	37706	
17194	0	29536	30528	37816	
17195	0	29656	30496	37900	
17196	0	29780	30504	37952	
17197	0	29912	30600	37838	
17198	0	30036	30628	37742	
17199	0	30160	30628	37596	
17200	0	30294	30609	37540	
17201	0	30424	30616	37536	
17202	0	30552	30616	37568	
17203	0	30686	30613	37596	
17204	0	30816	30596	37568	
17205	0	30948	30613	37604	
17206	0	31084	30588	37620	
17207	0	31212	30588	37636	
17208	0	31341	30593	37670	
17209	0	31481	30604	37712	
17210	0	31612	30610	37724	
17211	0	31756	30540	37728	
17212	0	31888	30556	37692	
17213	0	32028	30528	37664	
17214	0	32160	30508	37648	
17215	0	32300	30477	37632	
17216	0	32440	30496	37597	
17217	0	32576	30456	37620	
17218	0	32706	30424	37604	
17219	0	32856	30380	37605	
17220	0	32988	30356	37680	
17221	0	33132	30356	37688	
17222	0	33260	30393	37692	
17223	0	33400	30344	37724	
17224	0	33536	30360	37752	
17225	0	33676	30360	37756	
17226	0	33813	30324	37824	
17227	0	33948	30344	37817	
17228	0	34088	30324	37808	
17229	0	34224	30327	37796	
17230	0	34356	30352	37797	
17231	0	34504	30372	37800	
17232	0	34632	30416	37752	
17233	0	34768	30408	37784	
17234	0	34904	30340	37792	
17235	0	35032	30321	37788	
17236	0	35164	30336	37764	
17237	0	35296	30373	37720	
17238	0	35428	30408	37744	
17239	0	35556	30397	37809	
17240	0	35676	30428	37892	
17241	0	35808	30384	38020	
17242	0	35936	30344	38088	
17243	0	36064	30308	38072	
17244	0	36184	30384	38093	
17245	0	36312	30388	37920	
17246	0	36417	30341	37952	
17247	0	36537	30336	37920	
17248	0	36657	30440	37992	
17249	0	36784	30500	37940	
17250	0	36892	30524	38212	
17251	0	37004	30488	38108	
17252	0	37120	30484	38212	
17253	0	37228	30416	37984	
17254	0	37340	30440	37920	
17255	0	37444	30433	37853	
17256	0	37552	30330	37964	
17257	0	37664	30264	37728	
17258	0	37756	30384	38112	
17259	0	37864	30276	38236	
17260	0	37964	30308	38160	
17261	0	38057	30064	38624	
17262	0	38148	30064	38233	
17263	0	38236	29888	38128	
17264	0	38332	29796	38284	
17265	0	38428	29956	37073	
17266	0	38520	29804	36792	
17267	0	38593	29844	36352	
17268	0	38680	29760	35824	
17269	0	38765	29663	36172	
17270	0	38840	30684	35136	
17271	0	38912	30420	35708	
17272	0	38992	29852	36388	
17273	0	39060	30292	36640	
17274	0	39128	30352	37476	
17275	0	39196	29657	38592	
17276	0	39264	29381	39832	
17277	0	39328	29284	40688	
17278	0	39392	28216	42188	
17279	0	39448	28688	42640	
17280	0	39504	28954	43180	
17281	0	39564	27912	43868	
17282	0	39616	27800	43932	
17283	0	39664	27684	43756	
17284	0	39716	29984	44205	
17285	0	39760	30241	44572	
17286	0	39792	30224	45256	
17287	0	39844	30280	45076	
17288	0	39880	30156	44441	
17289	0	39920	30124	44272	
17290	0	39952	29408	44144	
17291	0	39984	29018	43780	
17292	0	40024	29580	43637	
17293	0	40044	29460	44020	
17294	0	40068	29973	44277	
17295	0	40092	30109	45380	
17296	0	40120	30492	46000	
17297	0	40140	31200	46380	
17298	0	40148	31792	46076	
17299	0	40164	32632	45692	
17300	0	40184	33376	45120	
17301	0	40192	33596	43613	
17302	0	40192	32665	43316	
17303	0	40204	33088	41084	
17304	0	40212	33372	38292	
17305	0	40208	35008	36740	
17306	0	40204	36616	34284	
17307	0	40208	38464	31276	
17308	0	40204	43388	30920	
17309	0	40196	46952	32596	
17310	0	40184	48976	32120	
17311	0	40172	48448	31857	
17312	0	40148	44904	33364	
17313	0	40136	42040	36096	
17314	0	40120	41228	38304	
17315	0	40096	42312	38960	
17316	0	40076	43428	38044	
17317	0	40040	42360	37644	
17318	0	40016	40000	37434	
17319	0	39984	37328	37752	
17320	0	39944	37288	35296	
17321	0	39912	37736	33908	
17322	0	39880	36656	33700	
17323	0	39824	35960	33508	
17324	0	39776	35924	33260	
17325	0	39738	35628	33564	
17326	0	39688	34853	34656	
17327	0	39632	33796	35477	
17328	0	39580	32904	35860	
17329	0	39520	32220	36512	
17330	0	39460	31532	37104	
17331	0	39400	29409	38085	
17332	0	39332	31160	37488	
17333	0	39262	29868	38064	
17334	0	39200	29976	37664	
17335	0	39121	30580	36784	
17336	0	39048	29192	36780	
17337	0	38973	28160	36513	
17338	0	38892	28928	35724	
17339	0	38808	27248	34852	
17340	0	38728	26972	34364	
17341	0	38632	26600	34836	
17342	0	38549	26068	35557	
17343	0	38454	26068	36528	
17344	0	38360	25634	37252	
17345	0	38264	24969	38304	
17346	0	38168	23776	39336	
17347	0	38064	22856	39276	
17348	0	37960	22145	38440	
17349	0	37848	21422	37348	
17350	0	37748	18456	37076	
17351	0	37636	21074	34816	
17352	0	37520	20191	34508	
17353	0	37404	19685	34137	
17354	0	37296	19308	33916	
17355	0	37166	19904	32732	
17356	0	37049	19148	33173	
17357	0	36922	18644	33072	
17358	0	36792	18380	32600	
17359	0	36660	19317	30501	
17360	0	36532	18172	31888	
17361	0	36396	17689	31852	
17362	0	36256	17345	31596	
17363	0	36124	17585	31208	
17364	0	35972	18096	30656	
17365	0	35840	18600	30280	
17366	0	35693	19056	30321	
17367	0	35548	19418	30772	
17368	0	35400	19688	31444	
17369	0	35252	19900	32152	
17370	0	35101	20192	32660	
17371	0	34949	20714	32921	
17372	0	34797	21424	32948	
17373	0	34641	22184	32978	
17374	0	34484	22832	33112	
17375	0	34336	23397	33332	
17376	0	34168	23856	33760	
17377	0	34016	24250	33972	
17378	0	33849	24904	34760	
17379	0	33688	25220	34796	
17380	0	33521	26368	36345	
17381	0	33352	26361	35724	
17382	0	33196	26316	35072	
17383	0	33032	27292	36272	
17384	0	32856	27076	35344	
17385	0	32692	24928	51648	
17386	0	32524	41620	37493	
17387	0	32360	47792	46940	
17388	0	32192	23933	46264	
17389	0	32024	7050	28868	
17390	0	31856	21252	32436	
17391	0	31684	45076	31908	
17392	0	31516	31364	33556	
17393	0	31353	18968	44196	
17394	0	31176	26840	46848	
17395	0	31012	30780	51648	
17396	0	30844	30128	46664	
17397	0	30680	31004	42072	
17398	0	30509	30585	39844	
17399	0	30348	29584	40656	
17400	0	30184	29896	42020	
17401	0	30020	30118	43256	
17402	0	29856	27392	34956	
17403	0	29697	32078	50568	
17404	0	29536	38352	41544	
17405	0	29376	26620	51844	
17406	0	29216	28224	47600	
17407	0	29056	29468	49536	
17408	0	28905	30688	43772	
17409	0	28748	30676	40650	
17410	0	28592	30593	38436	
17411	0	28445	30020	36636	
17412	0	28288	29860	35288	
17413	0	28144	29760	34957	
17414	0	27996	29860	35440	
17415	0	27856	30016	36120	
17416	0	27701	30088	36792	
17417	0	27564	30140	36972	
17418	0	27424	30208	36654	
17419	0	27280	30309	36380	
17420	0	27138	30320	36140	
17421	0	27004	30715	36904	
17422	0	26872	30761	37188	
17423	0	26742	30668	37488	
17424	0	26608	30729	37832	
17425	0	26476	30432	37752	
17426	0	26342	30536	38360	
17427	0	26220	30416	38900	
17428	0	26100	30420	38892	
17429	0	25972	30540	38536	
17430	0	25860	30621	38088	
17431	0	25736	30628	37912	
17432	0	25620	30673	37720	
17433	0	25504	30596	37708	
17434	0	25392	30504	37704	
17435	0	25280	30480	37860	
17436	0	25170	30456	37856	
17437	0	25072	30573	37864	
17438	0	24964	30689	37752	
17439	0	24866	30792	37396	
17440	0	24772	30840	37228	
17441	0	24676	30856	37130	
17442	0	24581	30709	37204	
17443	0	24492	30568	37308	
17444	0	24404	30500	37400	
17445	0	24320	30472	37504	
17446	0	24240	30492	37572	
17447	0	24168	30416	37584	
17448	0	24092	30528	37596	
17449	0	24026	30640	37788	
17450	0	23952	30704	37888	
17451	0	23892	30640	37901	
17452	0	23821	30492	37984	
17453	0	23768	30420	37936	
17454	0	23708	30396	37860	
17455	0	23664	30460	37724	
17456	0	23616	30468	37672	
17457	0	23572	30548	37568	
17458	0	23532	30240	38164	
17459	0	23488	30496	37312	
17460	0	23452	30000	37872	
17461	0	23428	30428	37232	
17462	0	23404	29684	39192	
17463	0	23380	30602	37164	
17464	0	23361	30596	37477	
17465	0	23348	30957	36556	
17466	0	23340	30613	37388	
17467	0	23324	30524	37324	
17468	0	23328	30376	37624	
17469	0	23324	30664	36956	
17470	0	23328	30441	37436	
17471	0	23336	30220	37984	
17472	0	23348	30400	37396	
17473	0	23360	28692	40636	
17474	0	23380	30325	37640	
17475	0	23400	30516	37337	
17476	0	23428	29790	39172	
17477	0	23460	30536	37632	
17478	0	23485	30254	38400	
17479	0	23524	30200	38276	
17480	0	23564	30364	37320	
17481	0	23605	28753	40088	
17482	0	23648	29992	37328	
17483	0	23691	30368	36844	
17484	0	23754	29837	37413	
17485	0	23812	30212	37025	
17486	0	23872	30520	37356	
17487	0	23941	30221	37644	
17488	0	24004	30064	38312	
17489	0	24076	29868	38864	
17490	0	24148	29484	39576	
17491	0	24224	29112	40616	
17492	0	24305	28772	41632	
17493	0	24384	28729	42476	
17494	0	24480	28984	43125	
17495	0	24564	29252	44720	
17496	0	24656	29206	43960	
17497	0	24756	30352	46316	
17498	0	24841	31361	47480	
17499	0	24940	31580	48724	
17500	0	25037	30940	49104	
17501	0	25144	30508	48896	
17502	0	25248	30300	48784	
17503	0	25352	30630	49012	
17504	0	25456	30806	48624	
17505	0	25580	31388	48252	
17506	0	25688	31930	47684	
17507	0	25800	32505	46428	
17508	0	25912	33228	45236	
17509	0	26032	33704	44240	
17510	0	26164	33504	42997	
17511	0	26272	33776	41808	
17512	0	26400	34212	39368	
17513	0	26520	34808	36980	
17514	0	26644	35580	35258	
17515	0	26764	36512	34324	
17516	0	26896	40524	34112	
17517	0	27012	42888	32288	
17518	0	27144	45612	33892	
17519	0	27280	45468	33753	
17520	0	27412	42688	35618	
17521	0	27540	40632	33196	
17522	0	27672	40368	32644	
17523	0	27792	41264	33444	
17524	0	27928	41396	35452	
17525	0	28069	40417	36900	
17526	0	28188	38848	36824	
17527	0	28324	37752	36048	
17528	0	28457	37008	35156	
17529	0	28588	36468	34052	
17530	0	28718	35980	33417	
17531	0	28852	35600	33140	
17532	0	28976	35184	33120	
17533	0	29116	34960	33460	
17534	0	29240	34920	33778	
17535	0	29372	34904	34177	
17536	0	29508	34760	34696	
17537	0	29640	34420	35136	
17538	0	29761	34084	35513	
17539	0	29888	33852	36164	
17540	0	30021	33472	36444	
17541	0	30144	33188	36548	
17542	0	30273	32912	36520	
17543	0	30400	32528	36528	
17544	0	30524	32172	36357	
17545	0	30652	31730	36480	
17546	0	30780	31248	36081	
17547	0	30900	30484	35748	
17548	0	31024	29632	35228	
17549	0	31149	28881	35172	
17550	0	31268	28274	35268	
17551	0	31389	27738	35573	
17552	0	31516	27184	35594	
17553	0	31636	26948	35240	
17554	0	31752	26821	35172	
17555	0	31872	26672	35236	
17556	0	31996	26272	35228	
17557	0	32108	25740	35212	
17558	0	32228	25528	35216	
17559	0	32348	24924	34406	
17560	0	32464	23824	34256	
17561	0	32576	22662	35176	
17562	0	32692	22858	35157	
17563	0	32804	22361	32828	
17564	0	32920	22869	35096	
17565	0	33032	21728	32508	
17566	0	33144	21312	33148	
17567	0	33256	20572	34892	
17568	0	33360	19844	35236	
17569	0	33472	18734	31888	
17570	0	33580	17776	30912	
17571	0	33677	17144	36460	
17572	0	33780	16430	31356	
17573	0	33882	15984	32452	
17574	0	33976	15546	29456	
17575	0	34080	15529	31384	
17576	0	34168	15108	28264	
17577	0	34265	15528	30528	
17578	0	34364	15489	27910	
17579	0	34461	16182	30110	
17580	0	34540	16540	28604	
17581	0	34624	17336	30652	
17582	0	34716	17714	30760	
17583	0	34789	18685	31456	
17584	0	34880	19344	31590	
17585	0	34956	19568	33104	
17586	0	35032	21256	32402	
17587	0	35108	22121	32852	
17588	0	35172	23101	33048	
17589	0	35250	25888	35756	
17590	0	35316	24940	48412	
17591	0	35384	36704	38234	
17592	0	35445	44172	42016	
17593	0	35508	28557	43152	
17594	0	35572	11375	34161	
17595	0	35628	17640	35008	
17596	0	35680	36948	40849	
17597	0	35732	38244	32818	
17598	0	35776	27724	35220	
17599	0	35832	25764	36904	
17600	0	35872	28496	42676	
17601	0	35920	30560	50104	
17602	0	35964	28508	46664	
17603	0	35996	31100	43172	
17604	0	36041	31013	39820	
17605	0	36072	29208	40652	
17606	0	36109	29052	42616	
17607	0	36140	29332	43796	
17608	0	36168	29608	42484	
17609	0	36200	19384	40848	
17610	0	36224	36344	44588	
17611	0	36245	32160	37284	
17612	0	36272	27348	46572	
17613	0	36276	29384	45180	
17614	0	36308	30574	44096	
17615	0	36320	31348	41560	
17616	0	36328	30712	39392	
17617	0	36336	30104	37996	
17618	0	36342	29840	37180	
17619	0	36349	29881	36764	
17620	0	36352	30065	37280	
17621	0	36356	30472	37756	
17622	0	36356	30196	38648	
17623	0	36348	29820	38860	
17624	0	36340	29708	38504	
17625	0	36340	29844	38044	
17626	0	36328	30104	37688	
17627	0	36312	30264	37680	
17628	0	36296	30388	38132	
17629	0	36276	30520	38376	
17630	0	36256	30608	38213	
17631	0	36232	30456	38080	
17632	0	36212	30388	38076	
17633	0	36184	30353	38124	
17634	0	36148	30244	38364	
17635	0	36117	30176	38492	
17636	0	36084	30392	38400	
17637	0	36048	30613	38144	
17638	0	36004	30640	37782	
17639	0	35965	30580	37508	
17640	0	35924	30496	37340	
17641	0	35872	30440	37252	
17642	0	35820	30308	37376	
17643	0	35769	30216	37468	
17644	0	35716	30180	37500	
17645	0	35656	30120	37552	
17646	0	35604	30156	37552	
17647	0	35544	30208	37560	
17648	0	35476	30224	37644	
17649	0	35412	30204	37768	
17650	0	35348	30252	37776	
17651	0	35276	30228	37456	
17652	0	35208	29504	39308	
17653	0	35128	30016	37948	
17654	0	35048	30330	37280	
17655	0	34976	29728	38408	
17656	0	34896	30139	37852	
17657	0	34812	30692	36481	
17658	0	34732	30268	38216	
17659	0	34644	30651	36616	
17660	0	34558	30296	37396	
17661	0	34468	30812	35904	
17662	0	34380	30068	37412	
17663	0	34284	28492	40104	
17664	0	34192	30000	36984	
17665	0	34104	29616	37464	
17666	0	34004	30172	37048	
17667	0	33900	28668	40144	
17668	0	33804	30064	37114	
17669	0	33701	28992	40716	
17670	0	33608	30172	36872	
17671	0	33500	28748	40896	
17672	0	33392	29772	37328	
17673	0	33280	27119	43464	
17674	0	33172	29756	37532	
17675	0	33068	29640	37697	
17676	0	32952	29586	38320	
17677	0	32844	31136	36032	
17678	0	32732	27693	40604	
17679	0	32620	30269	36984	
17680	0	32512	28964	38632	
17681	0	32396	29548	38308	
17682	0	32288	30996	37356	
17683	0	32168	29221	39564	
17684	0	32056	30522	38532	
17685	0	31944	29136	40568	
17686	0	31824	28976	41052	
17687	0	31708	29072	41220	
17688	0	31600	28360	44548	
17689	0	31488	29696	45296	
17690	0	31376	31296	46016	
17691	0	31260	32002	46924	
17692	0	31148	31600	48600	
17693	0	31032	31792	49400	
17694	0	30924	31892	49684	
17695	0	30812	32156	50224	
17696	0	30702	32384	49896	
17697	0	30588	32536	49436	
17698	0	30476	33053	48840	
17699	0	30372	33336	47977	
17700	0	30260	33368	46688	
17701	0	30148	33472	45232	
17702	0	30044	33992	44044	
17703	0	29940	34208	40412	
17704	0	29832	34957	37932	
17705	0	29728	35412	35508	
17706	0	29628	38396	32912	
17707	0	29532	43968	31552	
17708	0	29422	47973	30424	
17709	0	29329	46556	32220	
17710	0	29228	42040	34304	
17711	0	29128	40404	34092	
17712	0	29032	41452	34488	
17713	0	28929	42584	36668	
17714	0	28840	41976	37976	
17715	0	28740	40674	38348	
17716	0	28649	39572	36832	
17717	0	28568	38688	34728	
17718	0	28472	38008	33214	
17719	0	28380	37644	32261	
17720	0	28294	37388	31824	
17721	0	28212	36804	32012	
17722	0	28124	36532	32376	
17723	0	28040	36568	32640	
17724	0	27956	36532	33004	
17725	0	27880	36429	33692	
17726	0	27796	36132	34570	
17727	0	27716	35632	35289	
17728	0	27636	34968	35772	
17729	0	27564	34496	36300	
17730	0	27490	34028	36880	
17731	0	27417	33594	36880	
17732	0	27345	33168	36900	
17733	0	27272	32617	36944	
17734	0	27204	32052	37242	
17735	0	27134	31416	36929	
17736	0	27072	30752	36644	
17737	0	27008	30080	35704	
17738	0	26936	28936	35552	
17739	0	26880	27808	35684	
17740	0	26813	27024	35301	
17741	0	26756	26312	35616	
17742	0	26704	25792	35088	
17743	0	26648	25248	35628	
17744	0	26589	24373	36148	
17745	0	26536	24056	36728	
17746	0	26477	23752	37376	
17747	0	26432	23231	37696	
17748	0	26386	21856	39408	
17749	0	26334	19998	37352	
17750	0	26288	21974	33614	
17751	0	26245	22114	33420	
17752	0	26204	20512	33876	
17753	0	26164	19228	33889	
17754	0	26122	18724	32984	
17755	0	26080	17106	35461	
17756	0	26048	17224	34244	
17757	0	26012	17298	32801	
17758	0	25980	16644	32892	
17759	0	25948	16724	31664	
17760	0	25912	14657	35076	
17761	0	25892	16276	30656	
17762	0	25858	15708	31356	
17763	0	25833	16202	29150	
17764	0	25808	16321	30664	
17765	0	25789	16205	32113	
17766	0	25760	17204	30596	
17767	0	25756	17420	31436	
17768	0	25732	17953	31792	
17769	0	25720	18403	31764	
17770	0	25701	19028	31568	
17771	0	25696	19830	31128	
17772	0	25688	20520	31672	
17773	0	25676	21168	31864	
17774	0	25680	21776	31884	
17775	0	25673	22352	31924	
17776	0	25676	22802	32188	
17777	0	25665	23197	32884	
17778	0	25680	23376	32988	
17779	0	25697	23978	38503	
17780	0	25696	29017	46572	
17781	0	25704	32504	46936	
17782	0	25720	47636	47100	
17783	0	25736	23376	43268	
17784	0	25752	6250	32449	
17785	0	25772	25533	33164	
17786	0	25792	41112	34748	
17787	0	25820	28964	37080	
17788	0	25848	29020	36548	
17789	0	25880	27824	43164	
17790	0	25920	29228	49568	
17791	0	25952	29860	51224	
17792	0	25988	30585	46084	
17793	0	26036	30373	40769	
17794	0	26077	30128	36948	
17795	0	26128	29641	38588	
17796	0	26176	30361	38664	
17797	0	26236	30261	39256	
17798	0	26285	30560	38076	
17799	0	26348	32072	38720	
17800	0	26420	26972	45064	
17801	0	26481	35200	37172	
17802	0	26544	30792	41912	
17803	0	26620	28936	45464	
17804	0	26688	29004	45840	
17805	0	26760	29928	44656	
17806	0	26840	30108	41424	
17807	0	26925	30368	39424	
17808	0	27006	30820	38285	
17809	0	27096	30902	37453	
17810	0	27181	30662	37092	
17811	0	27269	30336	37668	
17812	0	27368	30188	38508	
17813	0	27456	30202	38828	
17814	0	27549	30265	38516	
17815	0	27648	30272	37944	
17816	0	27744	30388	37380	
17817	0	27848	30692	36837	
17818	0	27948	30880	36492	
17819	0	28052	30880	36320	
17820	0	28157	30716	36196	
17821	0	28252	30560	36408	
17822	0	28368	30297	36784	
17823	0	28488	30109	37188	
17824	0	28584	30213	37400	
17825	0	28700	30417	37352	
17826	0	28810	30516	37172	
17827	0	28921	30592	37068	
17828	0	29036	30656	36936	
17829	0	29152	30660	36852	
17830	0	29268	30544	36824	
17831	0	29384	30392	36822	
17832	0	29501	30332	36940	
17833	0	29624	30416	37104	
17834	0	29744	30424	37188	
17835	0	29856	30520	37272	
17836	0	29984	30540	37520	
17837	0	30104	30528	37816	
17838	0	30217	30532	38064	
17839	0	30344	30376	38156	
17840	0	30464	30392	37992	
17841	0	30588	30272	37872	
17842	0	30714	30372	37321	
17843	0	30840	30442	37036	
17844	0	30964	30612	36944	
17845	0	31088	30696	37140	
17846	0	31216	30560	37476	
17847	0	31340	30312	37724	
17848	0	31468	30124	37908	
17849	0	31596	30040	38200	
17850	0	31720	30000	38260	
17851	0	31848	29836	38604	
17852	0	31976	29824	38632	
17853	0	32100	29985	38168	
17854	0	32232	30144	37516	
17855	0	32348	29692	39184	
17856	0	32480	29844	37800	
17857	0	32600	29580	38112	
17858	0	32724	29605	37992	
17859	0	32852	29912	37056	
17860	0	32984	29492	38092	
17861	0	33109	29860	37500	
17862	0	33226	30124	37356	
17863	0	33352	29004	39568	
17864	0	33476	29764	38580	
17865	0	33601	30129	38336	
17866	0	33724	28836	40832	
17867	0	33844	29560	39492	
17868	0	33964	29953	39212	
17869	0	34088	28997	40276	
17870	0	34212	29748	40228	
17871	0	34332	29668	40708	
17872	0	34460	30460	40404	
17873	0	34560	30496	40944	
17874	0	34680	30492	41288	
17875	0	34808	30368	41604	
17876	0	34928	30073	41992	
17877	0	35036	29780	42232	
17878	0	35156	29604	42752	
17879	0	35274	29484	42976	
17880	0	35388	29692	43612	
17881	0	35500	29984	43964	
17882	0	35620	30212	44608	
17883	0	35725	30560	44916	
17884	0	35840	30868	45072	
17885	0	35948	31234	45132	
17886	0	36064	31692	44876	
17887	0	36168	31858	44532	
17888	0	36280	31928	43924	
17889	0	36381	32072	43264	
17890	0	36492	32236	42432	
17891	0	36592	33472	41084	
17892	0	36696	34420	39144	
17893	0	36800	34976	35936	
17894	0	36900	36852	36188	
17895	0	37000	38544	34368	
17896	0	37096	38924	34192	
17897	0	37196	42816	33292	
17898	0	37288	46757	35848	
17899	0	37376	46896	33464	
17900	0	37472	42008	33392	
17901	0	37564	40852	34976	
17902	0	37656	40037	36793	
17903	0	37741	41044	39612	
17904	0	37832	41232	40792	
17905	0	37909	40062	40164	
17906	0	38004	38464	39520	
17907	0	38080	37728	37508	
17908	0	38156	36380	36492	
17909	0	38240	36072	34529	
17910	0	38312	35852	33668	
17911	0	38392	35828	33352	
17912	0	38468	35656	33281	
17913	0	38532	35136	33628	
17914	0	38600	34852	34228	
17915	0	38664	34720	34764	
17916	0	38732	34536	35416	
17917	0	38792	34292	35944	
17918	0	38848	33844	36416	
17919	0	38916	33377	36932	
17920	0	38964	32968	37432	
17921	0	39024	32544	37428	
17922	0	39068	32090	37464	
17923	0	39128	31684	36988	
17924	0	39168	31124	36896	
17925	0	39216	30540	36340	
17926	0	39261	30076	36152	
17927	0	39300	29572	36140	
17928	0	39344	29120	36128	
17929	0	39380	28528	36044	
17930	0	39416	27828	36096	
17931	0	39452	27340	35805	
17932	0	39484	26924	35416	
17933	0	39512	25956	35288	
17934	0	39544	25692	36161	
17935	0	39564	23201	40104	
17936	0	39588	21976	36304	
17937	0	39612	22948	34824	
17938	0	39632	22890	33876	
17939	0	39644	21928	34092	
17940	0	39660	21304	33808	
17941	0	39672	16590	41792	
17942	0	39680	18820	34112	
17943	0	39684	16981	34968	
17944	0	39696	16212	34180	
17945	0	39708	15848	33048	
17946	0	39700	15667	31868	
17947	0	39700	14594	31609	
17948	0	39692	13448	31376	
17949	0	39700	12816	30596	
17950	0	39680	13569	27780	
17951	0	39680	13288	28452	
17952	0	39656	13668	27636	
17953	0	39648	14163	27860	
17954	0	39636	14562	27500	
17955	0	39616	15056	28052	
17956	0	39592	15588	27910	
17957	0	39560	16340	28180	
17958	0	39544	17148	28988	
17959	0	39512	17905	29760	
17960	0	39480	18688	29992	
17961	0	39448	19424	30732	
17962	0	39416	20248	31296	
17963	0	39380	21052	31840	
17964	0	39340	21832	32372	
17965	0	39300	22628	32908	
17966	0	39264	23460	33456	
17967	0	39216	26561	48600	
17968	0	39164	41868	46168	
17969	0	39124	41628	44148	
17970	0	39060	42072	49888	
17971	0	39008	14640	45112	
17972	0	38952	8641	25904	
17973	0	38892	31444	36936	
17974	0	38837	42544	39926	
17975	0	38780	29720	37864	
17976	0	38712	25372	41240	
17977	0	38656	26170	45228	
17978	0	38580	28918	53808	
17979	0	38516	28740	48916	
17980	0	38460	30772	41944	
17981	0	38380	29232	38252	
17982	0	38312	28658	39776	
17983	0	38244	29664	40752	
17984	0	38169	30500	41785	
17985	0	38096	30352	41428	
17986	0	38024	19993	42999	
17987	0	37945	37840	36512	
17988	0	37872	31792	39512	
17989	0	37792	28589	43800	
17990	0	37720	29448	43396	
17991	0	37640	30241	42756	
17992	0	37560	29996	40917	
17993	0	37484	29808	37177	
17994	0	37396	29685	37824	
17995	0	37324	29980	37740	
17996	0	37228	30096	36364	
17997	0	37156	29804	39064	
17998	0	37065	30088	36912	
17999	0	36984	29873	39100	
18000	0	36900	30128	37796	
18001	0	36808	30100	38388	
18002	0	36720	30192	37768	
18003	0	36641	30100	38032	
18004	0	36544	30144	37692	
18005	0	36461	30260	37325	
18006	0	36372	30400	37074	
18007	0	36272	30508	36768	
18008	0	36192	30528	36836	
18009	0	36100	30448	37297	
18010	0	36000	30336	37792	
18011	0	35916	30164	38100	
18012	0	35816	30104	38148	
18013	0	35728	30109	37992	
18014	0	35640	30108	37724	
18015	0	35540	30076	37460	
18016	0	35452	30116	37168	
18017	0	35360	30132	37104	
18018	0	35264	30216	37096	
18019	0	35168	30240	37164	
18020	0	35072	30132	37272	
18021	0	34977	30032	37417	
18022	0	34892	29988	37380	
18023	0	34792	30028	37280	
18024	0	34696	30040	37184	
18025	0	34600	30113	37060	
18026	0	34508	30097	36960	
18027	0	34413	30304	36728	
18028	0	34316	30373	36536	
18029	0	34232	30393	36636	
18030	0	34136	30368	36956	
18031	0	34040	30284	37312	
18032	0	33944	30148	37692	
18033	0	33856	29956	37916	
18034	0	33768	29696	37648	
18035	0	33676	29997	37956	
18036	0	33580	28896	39672	
18037	0	33492	30177	37769	
18038	0	33401	30849	36680	
18039	0	33312	30224	38236	
18040	0	33216	30496	37304	
18041	0	33128	29188	40972	
18042	0	33045	30020	37668	
18043	0	32950	29089	41124	
18044	0	32868	29844	37376	
18045	0	32780	29720	37564	
18046	0	32684	30581	35856	
18047	0	32604	29948	36884	
18048	0	32516	30077	36544	
18049	0	32428	31160	35440	
18050	0	32352	30513	36352	
18051	0	32260	30408	36521	
18052	0	32176	30240	36761	
18053	0	32096	28308	38820	
18054	0	32016	30196	37396	
18055	0	31936	29792	38212	
18056	0	31852	30216	38376	
18057	0	31769	29533	39292	
18058	0	31688	28092	41376	
18059	0	31608	29672	39352	
18060	0	31520	28644	40660	
18061	0	31441	29656	39328	
18062	0	31372	28476	39992	
18063	0	31288	29425	37880	
18064	0	31208	29157	38036	
18065	0	31132	29509	37568	
18066	0	31064	29376	37860	
18067	0	30980	29708	37868	
18068	0	30908	29704	38012	
18069	0	30832	29477	38756	
18070	0	30768	29657	39924	
18071	0	30688	30456	40864	
18072	0	30613	30457	42524	
18073	0	30544	30396	44320	
18074	0	30472	30556	45724	
18075	0	30408	31086	46823	
18076	0	30344	31372	48052	
18077	0	30273	31608	49076	
18078	0	30208	31720	49908	
18079	0	30140	32029	49968	
18080	0	30080	32025	49176	
18081	0	30016	32101	47972	
18082	0	29945	31880	46812	
18083	0	29888	32080	45580	
18084	0	29832	32172	44888	
18085	0	29764	32536	43889	
18086	0	29712	33248	43028	
18087	0	29642	34348	41252	
18088	0	29592	33804	39432	
18089	0	29536	35696	38428	
18090	0	29480	36768	34900	
18091	0	29424	40156	34616	
18092	0	29376	45436	33268	
18093	0	29321	51224	33149	
18094	0	29280	51072	36180	
18095	0	29228	48744	39672	
18096	0	29257	44116	39940	
18097	0	29136	42704	37684	
18098	0	29084	42572	39588	
18099	0	29044	41976	41396	
18100	0	29000	40880	41572	
18101	0	28960	39576	39776	
18102	0	28920	37604	38276	
18103	0	28880	37096	36328	
18104	0	28836	35772	35320	
18105	0	28808	35984	34872	
18106	0	28768	35396	34948	
18107	0	28736	35120	35320	
18108	0	28708	35084	35772	
18109	0	28680	35048	36252	
18110	0	28644	34908	36800	
18111	0	28616	34733	37372	
18112	0	28596	34484	37888	
18113	0	28570	34240	38080	
18114	0	28548	33924	38076	
18115	0	28528	33560	37916	
18116	0	28513	33200	37668	
18117	0	28473	32821	37624	
18118	0	28480	32600	37332	
18119	0	28466	32096	37820	
18120	0	28460	32004	37524	
18121	0	28456	31677	37852	
18122	0	28448	31408	38296	
18123	0	28444	31132	38892	
18124	0	28444	30776	39560	
18125	0	28448	30384	40168	
18126	0	28460	29970	40704	
18127	0	28460	28848	42076	
18128	0	28472	28816	41065	
18129	0	28480	28240	40817	
18130	0	28494	27386	41960	
18131	0	28518	26668	42868	
18132	0	28540	26412	43040	
18133	0	28568	25336	45068	
18134	0	28592	25144	44344	
18135	0	28624	24652	44100	
18136	0	28653	23380	45844	
18137	0	28693	23460	44112	
18138	0	28721	23036	43525	
18139	0	28776	22590	42876	
18140	0	28820	21949	42672	
18141	0	28868	20012	43300	
18142	0	28916	19160	43612	
18143	0	28973	19508	45084	
18144	0	29028	19920	42480	
18145	0	29089	20153	40872	
18146	0	29142	19536	41372	
18147	0	29204	16930	42476	
18148	0	29272	17876	41408	
18149	0	29344	17504	40816	
18150	0	29412	17552	40460	
18151	0	29484	17532	39404	
18152	0	29556	14572	37832	
18153	0	29624	17968	37320	
18154	0	29708	17165	36440	
18155	0	29784	14080	35508	
18156	0	29864	18569	34816	
18157	0	29944	18642	34284	
18158	0	30032	19358	33948	
18159	0	30121	20161	33900	
18160	0	30201	20840	34124	
18161	0	30284	21482	34556	
18162	0	30376	21993	35068	
18163	0	30464	22477	35972	
18164	0	30558	23424	35808	
18165	0	30644	24288	35732	
18166	0	30740	24669	35868	
18167	0	30825	25198	36168	
18168	0	30920	25800	36684	
18169	0	31024	26521	37152	
18170	0	31104	27352	37596	
18171	0	31208	28241	38344	
18172	0	31304	29220	39152	
18173	0	31404	30628	39257	
18174	0	31497	31904	39072	
18175	0	31596	32772	38700	
18176	0	31692	33440	38120	
18177	0	31792	34060	37424	
18178	0	31900	33300	44048	
18179	0	31988	19340	40184	
18180	0	32073	34723	22628	
18181	0	32196	37593	47608	
18182	0	32296	36980	42816	
18183	0	32389	32040	47596	
18184	0	32492	30176	48928	
18185	0	32592	26157	47432	
18186	0	32696	22636	42844	
18187	0	32792	20432	37552	
18188	0	32888	22546	36528	
18189	0	32988	21025	38160	
18190	0	33092	26852	49868	
18191	0	33188	11440	39200	
18192	0	33288	12740	36460	
18193	0	33388	27448	36316	
18194	0	33492	35288	35912	
18195	0	33588	34373	37468	
18196	0	33684	27544	37005	
18197	0	33784	28396	37648	
18198	0	33888	30501	38348	
18199	0	33984	28848	37504	
18200	0	34080	27300	36636	
18201	0	34164	28992	36960	
18202	0	34280	30397	37148	
18203	0	34388	30277	37364	
18204	0	34480	30129	37504	
18205	0	34576	30109	37272	
18206	0	34673	30052	37252	
18207	0	34776	29868	37460	
18208	0	34876	29744	37764	
18209	0	34969	29816	38256	
18210	0	35068	30032	38740	
18211	0	35168	30200	38320	
18212	0	35264	30292	37720	
18213	0	35364	30272	37524	
18214	0	35460	30256	37532	
18215	0	35548	30176	37760	
18216	0	35648	30085	37776	
18217	0	35748	30008	37668	
18218	0	35840	29988	37612	
18219	0	35940	30016	37364	
18220	0	36032	29924	37268	
18221	0	36124	29960	37256	
18222	0	36221	29900	37273	
18223	0	36313	29648	37502	
18224	0	36412	29500	37460	
18225	0	36508	29424	37532	
18226	0	36600	29430	37580	
18227	0	36696	29600	37392	
18228	0	36784	29856	37216	
18229	0	36888	30000	37056	
18230	0	36980	30105	36984	
18231	0	37084	30096	37072	
18232	0	37172	30070	37084	
18233	0	37260	30048	37168	
18234	0	37360	29940	37288	
18235	0	37452	29900	37484	
18236	0	37556	29760	37652	
18237	0	37656	29744	37592	
18238	0	37748	29700	37688	
18239	0	37852	29766	37540	
18240	0	37944	29728	37520	
18241	0	38048	29764	37368	
18242	0	38145	29736	37408	
18243	0	38249	29741	37362	
18244	0	38340	29760	37280	
18245	0	38444	29796	37048	
18246	0	38548	29784	36972	
18247	0	38648	29825	36924	
18248	0	38752	29912	36848	
18249	0	38852	29848	36833	
18250	0	38956	29904	36748	
18251	0	39052	29936	36766	
18252	0	39160	29928	36912	
18253	0	39264	29896	37028	
18254	0	39364	29796	37228	
18255	0	39468	29716	37428	
18256	0	39568	29736	37489	
18257	0	39668	29657	37744	
18258	0	39773	29548	37964	
18259	0	39868	29569	37879	
18260	0	39968	29593	37988	
18261	0	40072	29641	37968	
18262	0	40172	29648	37924	
18263	0	40264	29680	37944	
18264	0	40344	29641	38072	
18265	0	40460	29572	38016	
18266	0	40552	29548	38008	
18267	0	40656	29425	38176	
18268	0	40744	29401	38328	
18269	0	40842	29269	38100	
18270	0	40928	29040	38108	
18271	0	41016	29004	38572	
18272	0	41104	29140	39140	
18273	0	41192	29472	38588	
18274	0	41272	29628	37604	
18275	0	41356	29253	37924	
18276	0	41428	29077	38728	
18277	0	41524	28900	39396	
18278	0	41604	28389	39856	
18279	0	41680	27962	41168	
18280	0	41756	27048	44100	
18281	0	41828	27532	44588	
18282	0	41912	28420	43532	
18283	0	41976	28372	43756	
18284	0	42048	26836	44680	
18285	0	42116	27102	45068	
18286	0	42188	27220	45120	
18287	0	42260	26216	44928	
18288	0	42324	27357	45764	
18289	0	42384	28274	45904	
18290	0	42444	28133	46248	
18291	0	42496	27972	46868	
18292	0	42560	27881	47500	
18293	0	42613	27924	47920	
18294	0	42668	27908	48236	
18295	0	42700	28068	48346	
18296	0	42756	28052	48240	
18297	0	42804	28132	48604	
18298	0	42848	27828	47924	
18299	0	42896	28112	47672	
18300	0	42928	28888	47148	
18301	0	42968	29972	46520	
18302	0	43001	31744	46168	
18303	0	43040	34860	44977	
18304	0	43072	34156	40772	
18305	0	43080	31049	36297	
18306	0	43108	31162	41936	
18307	0	43136	33620	45428	
18308	0	43156	38852	40536	
18309	0	43168	43652	38900	
18310	0	43184	38592	34212	
18311	0	43200	36400	33754	
18312	0	43208	33921	34400	
18313	0	43212	35240	36008	
18314	0	43220	38072	38388	
18315	0	43216	38680	38388	
18316	0	43208	37772	38128	
18317	0	43204	36352	38344	
18318	0	43204	35652	38424	
18319	0	43188	35748	37604	
18320	0	43173	36032	36552	
18321	0	43156	36100	35920	
18322	0	43136	36000	35700	
18323	0	43112	35744	35712	
18324	0	43084	35492	35860	
18325	0	43060	35284	36044	
18326	0	43032	35104	36300	
18327	0	42996	34952	36624	
18328	0	42956	34657	36988	
18329	0	42916	34368	37412	
18330	0	42872	34100	37872	
18331	0	42828	33876	38049	
18332	0	42780	33700	37996	
18333	0	42724	33536	37912	
18334	0	42668	33669	37868	
18335	0	42620	33280	37864	
18336	0	42552	32656	37776	
18337	0	42492	32277	38084	
18338	0	42424	31972	38449	
18339	0	42352	31758	38664	
18340	0	42285	31496	38840	
18341	0	42208	31140	39108	
18342	0	42132	30656	39328	
18343	0	42048	30128	39652	
18344	0	41968	29570	39888	
18345	0	41880	29468	39604	
18346	0	41788	28581	40104	
18347	0	41708	28656	39792	
18348	0	41616	27964	40232	
18349	0	41516	27992	40108	
18350	0	41424	27524	40560	
18351	0	41316	27184	40856	
18352	0	41220	26896	41168	
18353	0	41116	26622	41556	
18354	0	41012	26392	41956	
18355	0	40904	26254	42388	
18356	0	40796	26138	42740	
18357	0	40680	26012	43076	
18358	0	40568	25896	43384	
18359	0	40440	25732	43728	
18360	0	40336	25536	43916	
18361	0	40221	25328	44032	
18362	0	40096	25137	44232	
18363	0	39976	24896	44424	
18364	0	39856	24628	44556	
18365	0	39724	24329	44708	
18366	0	39608	24017	44820	
18367	0	39472	23772	44804	
18368	0	39352	23521	44656	
18369	0	39224	23216	44436	
18370	0	39092	22876	44072	
18371	0	38960	22752	43188	
18372	0	38824	21845	43408	
18373	0	38688	22320	42080	
18374	0	38556	21872	47892	
18375	0	38420	14290	32672	
18376	0	38288	21220	35720	
18377	0	38148	20581	39516	
18378	0	38012	16940	40052	
18379	0	37868	13944	36200	
18380	0	37732	14560	37112	
18381	0	37592	15816	37492	
18382	0	37452	16040	36964	
18383	0	37304	15468	36513	
18384	0	37164	16304	34568	
18385	0	37020	18850	33128	
18386	0	36884	20113	32760	
18387	0	36736	19386	32752	
18388	0	36592	18576	32788	
18389	0	36452	18464	33241	
18390	0	36312	18788	33224	
18391	0	36160	18788	33489	
18392	0	36024	18916	33744	
18393	0	35872	18784	33620	
18394	0	35732	18620	32864	
18395	0	35576	18318	32836	
18396	0	35432	18162	32816	
18397	0	35288	17865	32812	
18398	0	35140	17440	31797	
18399	0	34992	16502	31560	
18400	0	34856	15561	30596	
18401	0	34708	13980	29596	
18402	0	34564	11284	29136	
18403	0	34416	9091	28400	
18404	0	34272	10504	27413	
18405	0	34136	18697	30116	
18406	0	33988	22684	40552	
18407	0	33844	27554	37148	
18408	0	33700	27448	38696	
18409	0	33564	29972	41740	
18410	0	33416	30192	40040	
18411	0	33276	30536	39096	
18412	0	33132	31701	38420	
18413	0	32996	32368	38585	
18414	0	32858	30360	37040	
18415	0	32728	27672	35696	
18416	0	32588	28032	36404	
18417	0	32452	29448	36768	
18418	0	32320	30612	37036	
18419	0	32180	30108	37340	
18420	0	32052	29188	37453	
18421	0	31936	29096	37440	
18422	0	31796	29552	37472	
18423	0	31668	29944	37664	
18424	0	31540	29660	37816	
18425	0	31420	29464	37840	
18426	0	31288	29536	37768	
18427	0	31168	29752	37668	
18428	0	31040	29892	37564	
18429	0	30928	29916	37492	
18430	0	30812	29881	37428	
18431	0	30688	29928	37424	
18432	0	30576	29856	37472	
18433	0	30464	29824	37524	
18434	0	30352	29804	37476	
18435	0	30244	29836	37412	
18436	0	30136	29924	37312	
18437	0	30032	30008	37192	
18438	0	29928	30044	37160	
18439	0	29828	30072	37184	
18440	0	29728	30092	37196	
18441	0	29628	30136	37204	
18442	0	29536	30124	37216	
18443	0	29432	30116	37217	
18444	0	29346	30124	37236	
18445	0	29250	30101	37228	
18446	0	29160	30118	37196	
18447	0	29076	30117	37188	
18448	0	28984	30100	37185	
18449	0	28904	30068	37268	
18450	0	28832	30044	37296	
18451	0	28737	30020	37348	
18452	0	28664	30016	37376	
18453	0	28592	30016	37360	
18454	0	28517	30016	37324	
18455	0	28448	30060	37272	
18456	0	28368	30060	37244	
18457	0	28294	30054	37220	
18458	0	28232	30044	37244	
18459	0	28148	30084	37252	
18460	0	28088	30104	37248	
18461	0	28028	30064	37220	
18462	0	27960	30085	37208	
18463	0	27896	30124	37228	
18464	0	27840	30144	37268	
18465	0	27776	30170	37232	
18466	0	27720	30188	37176	
18467	0	27664	30185	37156	
18468	0	27604	30160	37160	
18469	0	27548	30145	37176	
18470	0	27492	30144	37200	
18471	0	27440	30124	37181	
18472	0	27384	30130	37165	
18473	0	27336	30121	37212	
18474	0	27284	30124	37148	
18475	0	27232	30117	37160	
18476	0	27184	30104	37189	
18477	0	27144	30116	37244	
18478	0	27092	30108	37256	
18479	0	27048	30108	37252	
18480	0	27008	30112	37248	
18481	0	26962	30056	37208	
18482	0	26920	30053	37220	
18483	0	26876	30080	37216	
18484	0	26832	30121	37220	
18485	0	26804	30052	37288	
18486	0	26752	30140	37272	
18487	0	26716	30100	37256	
18488	0	26672	30101	37260	
18489	0	26640	30060	37304	
18490	0	26604	29968	37326	
18491	0	26568	29860	37452	
18492	0	26538	29761	37712	
18493	0	26505	29904	37756	
18494	0	26464	30136	37296	
18495	0	26437	30176	37108	
18496	0	26408	30228	36932	
18497	0	26376	30272	37141	
18498	0	26344	30296	37316	
18499	0	26312	30132	37637	
18500	0	26284	30180	37800	
18501	0	26256	30117	38264	
18502	0	26228	29920	38560	
18503	0	26208	29656	38972	
18504	0	26176	29328	38892	
18505	0	26156	28620	39817	
18506	0	26136	28969	39012	
18507	0	26112	28361	39568	
18508	0	26089	28352	39668	
18509	0	26064	28464	39288	
18510	0	26041	27997	39372	
18511	0	26028	27932	39740	
18512	0	26012	28100	39556	
18513	0	25989	27504	38240	
18514	0	25976	27238	40832	
18515	0	25964	28172	43068	
18516	0	25944	28576	41872	
18517	0	25932	27924	41280	
18518	0	25924	27108	41600	
18519	0	25920	29160	44212	
18520	0	25900	28152	42916	
18521	0	25900	28212	43480	
18522	0	25892	27416	43908	
18523	0	25888	27733	44152	
18524	0	25888	28328	44372	
18525	0	25884	28352	44728	
18526	0	25884	27905	45176	
18527	0	25881	27476	45216	
18528	0	25888	26756	45580	
18529	0	25892	26816	45916	
18530	0	25896	25748	45216	
18531	0	25904	26348	45752	
18532	0	25913	26209	46136	
18533	0	25926	25988	46884	
18534	0	25940	26656	46861	
18535	0	25948	25904	46084	
18536	0	25965	25844	46044	
18537	0	25984	26260	45784	
18538	0	25997	26748	45684	
18539	0	26016	27640	45673	
18540	0	26040	29084	45636	
18541	0	26060	31312	45632	
18542	0	26092	33744	43904	
18543	0	26124	34544	39220	
18544	0	26145	32612	36920	
18545	0	26176	31536	47568	
18546	0	26208	38212	46108	
18547	0	26240	40484	36768	
18548	0	26277	37296	31717	
18549	0	26316	34432	34808	
18550	0	26353	33664	36456	
18551	0	26396	35616	38485	
18552	0	26440	37772	38812	
18553	0	26480	38236	38112	
18554	0	26532	37420	38660	
18555	0	26576	36213	39332	
18556	0	26621	35520	39588	
18557	0	26676	35308	39076	
18558	0	26725	35496	38113	
18559	0	26788	35844	37428	
18560	0	26845	36004	37068	
18561	0	26901	35912	37040	
18562	0	26952	35664	37064	
18563	0	27020	35412	37042	
18564	0	27080	35184	37036	
18565	0	27144	35001	37148	
18566	0	27220	34828	37320	
18567	0	27284	34537	37624	
18568	0	27352	34226	37956	
18569	0	27424	33893	38256	
18570	0	27500	33552	38536	
18571	0	27576	33288	38748	
18572	0	27641	33004	38940	
18573	0	27717	32920	38812	
18574	0	27801	32136	39060	
18575	0	27876	32285	38856	
18576	0	27960	31701	39092	
18577	0	28036	31584	38904	
18578	0	28120	31156	39144	
18579	0	28208	30768	39197	
18580	0	28288	30396	39240	
18581	0	28376	30068	39293	
18582	0	28460	29732	39488	
18583	0	28544	29345	39776	
18584	0	28628	29020	40016	
18585	0	28716	28696	40308	
18586	0	28804	28336	40528	
18587	0	28900	27996	40704	
18588	0	28984	27672	40812	
18589	0	29076	27356	40940	
18590	0	29169	27036	41236	
18591	0	29260	26676	41536	
18592	0	29352	26349	41808	
18593	0	29452	26064	42032	
18594	0	29540	25690	42120	
18595	0	29632	25264	42296	
18596	0	29728	24700	42536	
18597	0	29824	23984	42736	
18598	0	29920	23286	42800	
18599	0	30020	22568	42560	
18600	0	30120	21824	42224	
18601	0	30208	21224	41444	
18602	0	30308	20740	40520	
18603	0	30400	20444	39704	
18604	0	30501	20664	39177	
18605	0	30600	20824	38804	
18606	0	30696	20230	38768	
18607	0	30800	18770	38676	
18608	0	30900	18516	38716	
18609	0	30996	18084	38760	
18610	0	31096	17860	38760	
18611	0	31196	15944	37424	
18612	0	31300	15416	36666	
18613	0	31408	17186	37401	
18614	0	31504	17448	37428	
18615	0	31612	14342	34208	
18616	0	31712	15096	33812	
18617	0	31816	17888	34836	
18618	0	31920	17544	34192	
18619	0	32024	15242	32060	
18620	0	32128	17972	32728	
18621	0	32228	18862	33192	
18622	0	32336	17416	31821	
18623	0	32448	18433	32017	
18624	0	32544	17829	31381	
18625	0	32660	17845	31364	
18626	0	32764	18120	31412	
18627	0	32864	18656	31712	
18628	0	32980	19228	31909	
18629	0	33080	19952	32208	
18630	0	33188	20671	32468	
18631	0	33293	21352	32752	
18632	0	33396	21924	33008	
18633	0	33509	22693	34565	
18634	0	33620	17512	33936	
18635	0	33728	18064	29037	
18636	0	33836	22768	31277	
18637	0	33942	27244	41192	
18638	0	34056	25341	35960	
18639	0	34156	22108	34868	
18640	0	34264	23076	35176	
18641	0	34380	28049	35580	
18642	0	34488	32828	36388	
18643	0	34592	32937	37148	
18644	0	34696	33544	39476	
18645	0	34804	33672	40092	
18646	0	34908	30104	42020	
18647	0	35010	27532	42496	
18648	0	35116	25392	41072	
18649	0	35224	25400	38732	
18650	0	35329	24632	36444	
18651	0	35428	24853	35952	
18652	0	35532	26118	36397	
18653	0	35632	27192	37340	
18654	0	35732	28296	38108	
18655	0	35828	29984	38708	
18656	0	35928	29776	37516	
18657	0	36024	35220	41248	
18658	0	36116	29956	37820	
18659	0	36204	29528	36808	
18660	0	36304	25308	37344	
18661	0	36397	27844	36989	
18662	0	36484	29628	37512	
18663	0	36568	29352	38004	
18664	0	36660	28833	37792	
18665	0	36744	29208	37580	
18666	0	36825	29392	37536	
18667	0	36912	29380	37588	
18668	0	36996	29504	37448	
18669	0	37060	29646	37428	
18670	0	37152	29656	37456	
18671	0	37232	29661	37521	
18672	0	37300	29656	37536	
18673	0	37372	29696	37568	
18674	0	37440	29756	37612	
18675	0	37512	29752	37569	
18676	0	37584	29780	37528	
18677	0	37648	29776	37432	
18678	0	37712	29785	37384	
18679	0	37780	29828	37356	
18680	0	37836	29805	37388	
18681	0	37904	29825	37376	
18682	0	37952	29812	37412	
18683	0	38016	29829	37440	
18684	0	38072	29884	37497	
18685	0	38120	29913	37520	
18686	0	38173	29884	37572	
18687	0	38216	29868	37596	
18688	0	38272	29848	37592	
18689	0	38320	29832	37556	
18690	0	38364	29834	37488	
18691	0	38400	29840	37460	
18692	0	38440	29852	37404	
18693	0	38492	29896	37368	
18694	0	38516	29940	37248	
18695	0	38548	30045	37176	
18696	0	38592	30077	37108	
18697	0	38616	30026	37128	
18698	0	38648	30056	37168	
18699	0	38672	30048	37228	
18700	0	38700	30020	37300	
18701	0	38712	29952	37316	
18702	0	38736	29957	37368	
18703	0	38756	30000	37397	
18704	0	38776	29868	37409	
18705	0	38789	29960	37440	
18706	0	38804	30101	37508	
18707	0	38816	30108	37524	
18708	0	38816	30056	37528	
18709	0	38828	29940	37537	
18710	0	38832	29885	37524	
18711	0	38828	29840	37426	
18712	0	38832	29796	37336	
18713	0	38832	29856	37284	
18714	0	38816	29844	37112	
18715	0	38812	29928	37213	
18716	0	38808	29808	37252	
18717	0	38800	29997	37344	
18718	0	38784	29892	37368	
18719	0	38768	29976	37516	
18720	0	38752	30008	37604	
18721	0	38728	30196	37848	
18722	0	38704	30252	37952	
18723	0	38688	30304	38028	
18724	0	38656	30309	38117	
18725	0	38632	30200	38232	
18726	0	38596	30036	38384	
18727	0	38564	30256	38168	
18728	0	38528	30052	38128	
18729	0	38496	29984	38228	
18730	0	38448	29780	38472	
18731	0	38412	29964	37756	
18732	0	38368	29732	37444	
18733	0	38316	29385	37104	
18734	0	38268	28924	36420	
18735	0	38216	29116	35728	
18736	0	38160	29580	35540	
18737	0	38112	29812	35852	
18738	0	38044	30096	36544	
18739	0	37988	30160	37424	
18740	0	37928	29992	38136	
18741	0	37868	29472	39088	
18742	0	37796	29136	39872	
18743	0	37732	28852	40900	
18744	0	37668	28820	41464	
18745	0	37596	29328	41528	
18746	0	37516	29392	41372	
18747	0	37456	28348	40920	
18748	0	37368	27064	40532	
18749	0	37292	26096	40172	
18750	0	37217	26513	39376	
18751	0	37132	27660	38356	
18752	0	37056	28068	37837	
18753	0	36965	28432	37336	
18754	0	36880	28800	37128	
18755	0	36792	29104	37436	
18756	0	36700	29424	37852	
18757	0	36608	29660	38400	
18758	0	36528	29456	39476	
18759	0	36436	29028	41237	
18760	0	36344	28212	43396	
18761	0	36244	27464	45824	
18762	0	36148	27128	47936	
18763	0	36046	26840	49540	
18764	0	35952	26697	51200	
18765	0	35856	27148	52432	
18766	0	35748	27820	53268	
18767	0	35652	28440	54344	
18768	0	35545	29320	53600	
18769	0	35436	29952	52512	
18770	0	35340	28652	51492	
18771	0	35228	28848	49900	
18772	0	35132	30048	47952	
18773	0	35016	30888	45368	
18774	0	34904	32732	44280	
18775	0	34808	34864	42804	
18776	0	34692	37064	40360	
18777	0	34588	36269	38468	
18778	0	34476	38596	35888	
18779	0	34368	41224	34240	
18780	0	34248	45312	33548	
18781	0	34144	49837	34856	
18782	0	34024	55356	33992	
18783	0	33920	54928	34944	
18784	0	33796	48330	34332	
18785	0	33684	45688	34365	
18786	0	33576	48216	36676	
18787	0	33456	49052	37036	
18788	0	33344	47448	37348	
18789	0	33224	45232	37080	
18790	0	33116	43416	36900	
18791	0	32992	41944	36812	
18792	0	32880	40260	36845	
18793	0	32768	38940	36672	
18794	0	32648	38052	36168	
18795	0	32536	37148	36124	
18796	0	32418	35972	36421	
18797	0	32308	34884	37064	
18798	0	32192	34116	37112	
18799	0	32084	33024	38088	
18800	0	31962	31808	38712	
18801	0	31856	30444	38992	
18802	0	31736	29229	39020	
18803	0	31629	28196	38644	
18804	0	31516	27649	38300	
18805	0	31408	27314	38016	
18806	0	31290	27156	37984	
18807	0	31182	26894	37852	
18808	0	31080	26572	37720	
18809	0	30972	26264	37428	
18810	0	30856	25802	37152	
18811	0	30752	24720	36542	
18812	0	30648	24504	36204	
18813	0	30549	23116	36324	
18814	0	30441	22088	36168	
18815	0	30336	22012	37213	
18816	0	30240	21861	38048	
18817	0	30136	21321	38284	
18818	0	30052	20398	38312	
18819	0	29945	19474	37828	
18820	0	29845	18872	36784	
18821	0	29752	16576	37256	
18822	0	29652	17977	35328	
18823	0	29564	16962	34896	
18824	0	29468	18212	33552	
18825	0	29370	16553	33688	
18826	0	29280	15256	33364	
18827	0	29196	16624	32560	
18828	0	29096	11300	33148	
18829	0	29012	17550	31076	
18830	0	28928	15280	31452	
18831	0	28836	14896	31032	
18832	0	28748	15116	30896	
18833	0	28660	15894	30740	
18834	0	28580	17213	30156	
18835	0	28488	16916	30180	
18836	0	28404	17490	30152	
18837	0	28312	18304	30188	
18838	0	28232	19140	30248	
18839	0	28149	20008	30280	
18840	0	28076	20865	30396	
18841	0	27996	21540	30652	
18842	0	27908	22116	31152	
18843	0	27830	22481	31636	
18844	0	27752	22944	32368	
18845	0	27680	23340	32712	
18846	0	27604	23756	33421	
18847	0	27532	24149	34668	
18848	0	27456	24364	34304	
18849	0	27392	24706	34828	
18850	0	27320	25012	35198	
18851	0	27248	25168	35084	
18852	0	27192	25528	35452	
18853	0	27122	25748	35736	
18854	0	27064	25840	35561	
18855	0	27008	26284	35968	
18856	0	26952	26716	36460	
18857	0	26896	26509	36384	
18858	0	26844	27400	37496	
18859	0	26792	26812	37012	
18860	0	26752	27481	37792	
18861	0	26704	27356	37688	
18862	0	26668	28048	38184	
18863	0	26632	28460	38136	
18864	0	26593	31356	45516	
18865	0	26561	30956	48320	
18866	0	26532	44332	47364	
18867	0	26500	41192	43952	
18868	0	26482	40960	44552	
18869	0	26460	15553	33765	
18870	0	26437	19408	35168	
18871	0	26428	37160	34644	
18872	0	26416	29630	39261	
18873	0	26402	21752	40249	
18874	0	26402	22884	44172	
18875	0	26400	25224	43408	
18876	0	26400	28788	38237	
18877	0	26400	29888	35774	
18878	0	26412	29920	35716	
18879	0	26424	30296	37074	
18880	0	26428	30544	38596	
18881	0	26444	30556	39208	
18882	0	26464	30377	38816	
18883	0	26480	30368	38325	
18884	0	26500	30496	38184	
18885	0	26536	30809	37672	
18886	0	26562	18096	37032	
18887	0	26593	36869	36020	
18888	0	26636	29588	43068	
18889	0	26664	24576	49376	
18890	0	26708	26776	50620	
18891	0	26748	29036	47840	
18892	0	26796	29788	43684	
18893	0	26842	29649	39920	
18894	0	26888	29661	37928	
18895	0	26940	29656	37276	
18896	0	27000	29685	36944	
18897	0	27056	29964	37157	
18898	0	27109	30036	37748	
18899	0	27168	29845	38296	
18900	0	27232	29528	38376	
18901	0	27298	29480	38060	
18902	0	27360	29628	37160	
18903	0	27436	29888	36312	
18904	0	27500	30097	36052	
18905	0	27574	30208	35968	
18906	0	27648	30317	36088	
18907	0	27716	30308	36364	
18908	0	27788	30312	36668	
18909	0	27872	30284	37120	
18910	0	27948	30068	37372	
18911	0	28036	29864	37588	
18912	0	28108	29844	37780	
18913	0	28200	29825	37808	
18914	0	28284	29929	37809	
18915	0	28365	30052	37772	
18916	0	28452	30088	37672	
18917	0	28540	30052	37576	
18918	0	28632	30276	37356	
18919	0	28721	30364	37428	
18920	0	28809	30480	37392	
18921	0	28900	30352	37416	
18922	0	29004	30117	37356	
18923	0	29104	29837	37536	
18924	0	29196	29696	37289	
18925	0	29294	29672	36952	
18926	0	29392	29740	36938	
18927	0	29496	29792	36980	
18928	0	29589	29760	37377	
18929	0	29693	29624	37816	
18930	0	29796	29428	37880	
18931	0	29900	29422	38082	
18932	0	30005	29352	38228	
18933	0	30120	29196	38176	
18934	0	30224	29000	38096	
18935	0	30330	28988	38304	
18936	0	30436	29068	38264	
18937	0	30544	29656	38008	
18938	0	30652	29940	38080	
18939	0	30760	29228	38736	
18940	0	30888	28696	38720	
18941	0	30993	28872	38028	
18942	0	31106	29348	36744	
18943	0	31213	29448	35957	
18944	0	31329	29480	35228	
18945	0	31448	29736	34536	
18946	0	31564	30138	34072	
18947	0	31680	30525	34092	
18948	0	31792	30628	34488	
18949	0	31920	30881	34900	
18950	0	32033	31096	35605	
18951	0	32156	30680	36260	
18952	0	32276	29678	37454	
18953	0	32393	28656	39408	
18954	0	32520	27816	41120	
18955	0	32632	26805	42808	
18956	0	32760	27713	43600	
18957	0	32880	27724	44869	
18958	0	33016	28144	46492	
18959	0	33129	28240	47260	
18960	0	33257	28040	47240	
18961	0	33380	28012	46644	
18962	0	33492	27900	46144	
18963	0	33621	27700	45764	
18964	0	33752	27500	45376	
18965	0	33876	27846	44832	
18966	0	33996	28148	44352	
18967	0	34124	28528	44620	
18968	0	34252	28640	45168	
18969	0	34376	30424	45336	
18970	0	34500	30625	45324	
18971	0	34625	31112	45416	
18972	0	34748	31109	45376	
18973	0	34876	31169	44356	
18974	0	35000	31232	44484	
18975	0	35120	33056	41876	
18976	0	35248	33910	38836	
18977	0	35372	34840	36908	
18978	0	35500	34716	34356	
18979	0	35620	36944	32968	
18980	0	35744	41080	33568	
18981	0	35864	46288	33392	
18982	0	35988	48180	33097	
18983	0	36112	49888	32604	
18984	0	36228	48752	33924	
18985	0	36336	45568	37904	
18986	0	36472	43872	42568	
18987	0	36588	42848	44280	
18988	0	36712	41928	43892	
18989	0	36832	40352	42996	
18990	0	36944	39104	39832	
18991	0	37056	37932	37444	
18992	0	37168	37324	35076	
18993	0	37288	37152	33604	
18994	0	37400	37036	32636	
18995	0	37516	36260	32588	
18996	0	37624	35648	33144	
18997	0	37728	35108	34188	
18998	0	37840	34497	35480	
18999	0	37948	33644	36480	
19000	0	38057	32709	36992	
19001	0	38152	31984	37000	
19002	0	38252	31416	36820	
19003	0	38352	30880	36612	
19004	0	38456	30401	36344	
19005	0	38556	30261	36204	
19006	0	38646	29800	35524	
19007	0	38744	28616	36304	
19008	0	38828	28260	36052	
19009	0	38928	27624	36368	
19010	0	39012	26952	36888	
19011	0	39100	26481	36442	
19012	0	39180	24845	37080	
19013	0	39264	25532	35196	
19014	0	39344	24920	34632	
19015	0	39420	24440	33924	
19016	0	39496	23621	33808	
19017	0	39568	22920	33724	
19018	0	39644	23006	32836	
19019	0	39716	22384	32664	
19020	0	39776	20756	33556	
19021	0	39844	21616	31808	
19022	0	39900	19844	33002	
19023	0	39968	20922	31056	
19024	0	40020	18814	33200	
19025	0	40076	19106	32601	
19026	0	40140	20381	30812	
19027	0	40176	20964	30208	
19028	0	40232	21264	30264	
19029	0	40272	21728	29312	
19030	0	40320	21424	31000	
19031	0	40356	21464	31772	
19032	0	40408	20560	36168	
19033	0	40440	22228	31816	
19034	0	40477	22200	31464	
19035	0	40504	20897	35888	
19036	0	40529	21757	32724	
19037	0	40556	21192	32748	
19038	0	40576	21160	33409	
19039	0	40608	20306	33232	
19040	0	40616	20341	32732	
19041	0	40640	19886	33344	
19042	0	40644	19634	32268	
19043	0	40664	19458	31756	
19044	0	40668	19552	30756	
19045	0	40672	19904	30069	
19046	0	40680	20050	30370	
19047	0	40672	20021	30340	
19048	0	40672	20821	29737	
19049	0	40672	20256	30968	
19050	0	40664	19916	31864	
19051	0	40656	16361	34436	
19052	0	40640	21380	48476	
19053	0	40624	28572	47844	
19054	0	40604	36933	44825	
19055	0	40584	15961	39968	
19056	0	40560	8814	31384	
19057	0	40536	26624	31796	
19058	0	40500	31760	32788	
19059	0	40476	30520	40544	
19060	0	40448	31236	41064	
19061	0	40416	30336	44776	
19062	0	40364	28852	47608	
19063	0	40332	28992	48496	
19064	0	40288	29252	44884	
19065	0	40244	26228	36344	
19066	0	40188	29866	44344	
19067	0	40136	32100	41680	
19068	0	40084	28445	44816	
19069	0	40032	27864	45676	
19070	0	39964	28668	45804	
19071	0	39904	30128	43040	
19072	0	39841	30329	40424	
19073	0	39776	29808	37550	
19074	0	39716	29104	36684	
19075	0	39644	29365	36349	
19076	0	39572	29989	35420	
19077	0	39489	29701	34424	
19078	0	39424	28860	33522	
19079	0	39352	27792	34104	
19080	0	39256	28656	35008	
19081	0	39184	29812	35737	
19082	0	39092	30076	38108	
19083	0	39016	29872	38480	
19084	0	38924	30008	40192	
19085	0	38840	29848	39484	
19086	0	38744	29684	38472	
19087	0	38652	29597	37568	
19088	0	38552	29612	37181	
19089	0	38460	29748	37408	
19090	0	38360	29752	37972	
19091	0	38260	29825	38432	
19092	0	38168	29950	38428	
19093	0	38060	30016	38424	
19094	0	37953	29977	38320	
19095	0	37844	29924	38300	
19096	0	37737	29809	38000	
19097	0	37636	29584	37388	
19098	0	37528	29280	36228	
19099	0	37408	29568	35376	
19100	0	37304	30096	34816	
19101	0	37188	30324	34716	
19102	0	37072	30288	34756	
19103	0	36960	30148	34804	
19104	0	36836	30060	34768	
19105	0	36717	30057	34852	
19106	0	36604	29988	35168	
19107	0	36484	29945	35984	
19108	0	36368	29917	37156	
19109	0	36232	29724	38244	
19110	0	36120	29532	39104	
19111	0	36000	29389	39688	
19112	0	35864	29224	40092	
19113	0	35740	29084	40144	
19114	0	35622	29076	40104	
19115	0	35489	28428	41384	
19116	0	35360	29240	39000	
19117	0	35232	29508	37440	
19118	0	35108	29476	36040	
19119	0	34972	29592	36580	
19120	0	34852	29640	35508	
19121	0	34724	29348	36412	
19122	0	34588	30096	35304	
19123	0	34460	29208	36601	
19124	0	34332	29985	35372	
19125	0	34200	29234	36832	
19126	0	34060	29692	35768	
19127	0	33936	27104	39732	
19128	0	33800	29105	36244	
19129	0	33672	29528	35812	
19130	0	33544	27532	38860	
19131	0	33412	29404	36944	
19132	0	33280	29972	36856	
19133	0	33152	29316	37868	
19134	0	33024	29562	37412	
19135	0	32884	29012	37496	
19136	0	32760	28713	37029	
19137	0	32625	27840	37636	
19138	0	32496	28428	36344	
19139	0	32364	27228	37248	
19140	0	32225	27852	37448	
19141	0	32096	28088	37196	
19142	0	31972	28628	37652	
19143	0	31840	29316	38304	
19144	0	31720	28636	39696	
19145	0	31585	28798	41653	
19146	0	31460	29076	41928	
19147	0	31337	29501	42396	
19148	0	31204	29856	43452	
19149	0	31080	30308	44700	
19150	0	30956	30337	44752	
19151	0	30836	30269	45244	
19152	0	30704	30240	45620	
19153	0	30588	30424	45088	
19154	0	30461	30481	44593	
19155	0	30344	30848	44204	
19156	0	30228	31300	42864	
19157	0	30096	31952	41336	
19158	0	29992	32576	39072	
19159	0	29868	33560	37172	
19160	0	29756	34008	36544	
19161	0	29640	38224	36784	
19162	0	29521	42488	36765	
19163	0	29416	46360	36756	
19164	0	29304	44032	36192	
19165	0	29192	40440	36576	
19166	0	29084	39080	39956	
19167	0	28980	39112	40636	
19168	0	28868	38832	40888	
19169	0	28764	38580	39544	
19170	0	28664	36980	38429	
19171	0	28560	35564	36772	
19172	0	28468	35381	35360	
19173	0	28376	35361	34041	
19174	0	28272	34900	33784	
19175	0	28170	34396	33972	
19176	0	28080	33978	34336	
19177	0	27997	33825	34810	
19178	0	27908	33764	35188	
19179	0	27816	33780	35364	
19180	0	27732	33722	35388	
19181	0	27641	33681	35460	
19182	0	27569	33628	35400	
19183	0	27489	33488	35488	
19184	0	27404	33488	35204	
19185	0	27328	33272	35740	
19186	0	27256	33072	35972	
19187	0	27184	33000	35709	
19188	0	27104	32776	35968	
19189	0	27040	32568	36440	
19190	0	26976	32352	36429	
19191	0	26908	32097	36464	
19192	0	26842	31844	36688	
19193	0	26780	31540	36708	
19194	0	26732	30996	36114	
19195	0	26664	30792	35712	
19196	0	26604	30488	34988	
19197	0	26548	30444	34171	
19198	0	26492	30172	33600	
19199	0	26444	29685	33481	
19200	0	26392	29176	33776	
19201	0	26340	28406	34521	
19202	0	26292	28052	34953	
19203	0	26244	27280	34932	
19204	0	26204	26256	36100	
19205	0	26159	21248	38380	
19206	0	26112	21361	35012	
19207	0	26064	24632	32640	
19208	0	26026	24424	33152	
19209	0	25988	18844	37140	
19210	0	25956	21312	32020	
19211	0	25916	19016	31876	
19212	0	25884	18178	31548	
19213	0	25850	17441	30621	
19214	0	25820	16834	28962	
19215	0	25768	16278	27774	
19216	0	25756	14632	28132	
19217	0	25724	12227	31092	
19218	0	25700	14376	26144	
19219	0	25672	14221	26260	
19220	0	25652	14809	24624	
19221	0	25626	15401	25425	
19222	0	25600	15944	26348	
19223	0	25580	16377	25176	
19224	0	25561	16596	27120	
19225	0	25536	17029	27936	
19226	0	25521	17764	29012	
19227	0	25508	18888	27036	
19228	0	25492	20028	28776	
19229	0	25480	21184	29296	
19230	0	25468	16794	37296	
19231	0	25464	29645	41180	
19232	0	25452	36312	38656	
19233	0	25444	29080	39460	
19234	0	25432	7764	34992	
19235	0	25428	14817	24804	
19236	0	25428	30960	36808	
19237	0	25432	34972	42740	
19238	0	25436	31568	35020	
19239	0	25436	31376	40464	
19240	0	25444	32248	43665	
19241	0	25448	27801	54264	
19242	0	25452	24028	50496	
19243	0	25460	29140	45152	
19244	0	25476	27260	38793	
19245	0	25488	26720	40602	
19246	0	25505	29257	41292	
19247	0	25517	29356	40580	
19248	0	25540	24232	52728	
19249	0	25562	33332	41504	
19250	0	25592	28196	47076	
19251	0	25609	30280	46556	
19252	0	25641	30904	46068	
19253	0	25670	29688	43180	
19254	0	25704	28770	40084	
19255	0	25744	28873	37660	
19256	0	25776	28977	36216	
19257	0	25809	29101	35432	
19258	0	25860	29680	34441	
19259	0	25906	29952	34348	
19260	0	25952	30024	34334	
19261	0	26008	29836	34436	
19262	0	26049	29881	34852	
19263	0	26109	30180	35009	
19264	0	26168	30444	35024	
19265	0	26220	30306	35012	
19266	0	26284	30108	35012	
19267	0	26344	29888	35452	
19268	0	26416	29788	36833	
19269	0	26488	29898	38364	
19270	0	26552	30004	39572	
19271	0	26628	29585	39692	
19272	0	26692	29328	39548	
19273	0	26775	29268	38880	
19274	0	26856	29372	38320	
19275	0	26932	29588	37800	
19276	0	27014	29354	38048	
19277	0	27104	29828	37400	
19278	0	27176	30361	36778	
19279	0	27276	28276	39288	
19280	0	27372	29008	39636	
19281	0	27468	29292	38256	
19282	0	27560	29057	37392	
19283	0	27656	27502	42041	
19284	0	27758	28900	38960	
19285	0	27864	29688	37024	
19286	0	27964	28788	39321	
19287	0	28066	30149	36224	
19288	0	28172	30319	36224	
19289	0	28284	30016	35380	
19290	0	28397	30109	34112	
19291	0	28512	30072	33472	
19292	0	28620	30132	33060	
19293	0	28740	30184	32677	
19294	0	28860	30252	32160	
19295	0	28984	26620	33960	
19296	0	29104	30828	32028	
19297	0	29222	26965	33856	
19298	0	29352	31100	33744	
19299	0	29476	31509	34488	
19300	0	29596	30128	34976	
19301	0	29724	30648	35152	
19302	0	29856	30180	37428	
19303	0	29984	26624	38156	
19304	0	30116	28474	38292	
19305	0	30248	30208	39320	
19306	0	30386	29124	40060	
19307	0	30520	29248	40528	
19308	0	30652	28236	40616	
19309	0	30796	27868	40520	
19310	0	30932	28122	40600	
19311	0	31072	27752	39844	
19312	0	31205	28701	39404	
19313	0	31345	27760	39164	
19314	0	31488	28618	38376	
19315	0	31620	28212	39132	
19316	0	31768	28596	39204	
19317	0	31908	29041	38928	
19318	0	32033	28216	40836	
19319	0	32192	28784	42440	
19320	0	32324	29278	43048	
19321	0	32472	29732	43952	
19322	0	32608	29856	44728	
19323	0	32749	29508	45744	
19324	0	32892	29448	46640	
19325	0	33032	29581	47068	
19326	0	33168	29657	46996	
19327	0	33304	29796	47240	
19328	0	33453	30020	46704	
19329	0	33584	30378	46548	
19330	0	33724	30784	45468	
19331	0	33864	30864	44372	
19332	0	34004	31040	43804	
19333	0	34141	31664	42972	
19334	0	34268	32524	41416	
19335	0	34404	33156	38912	
19336	0	34536	34412	37441	
19337	0	34664	34712	36560	
19338	0	34788	36393	35044	
19339	0	34916	37636	34636	
19340	0	35044	39304	33508	
19341	0	35172	40368	34408	
19342	0	35296	39532	35384	
19343	0	35424	37704	34172	
19344	0	35540	36668	32836	
19345	0	35660	37128	33137	
19346	0	35772	37540	34428	
19347	0	35897	36901	35652	
19348	0	36008	35844	35608	
19349	0	36116	35193	34720	
19350	0	36220	35072	33680	
19351	0	36332	34161	33096	
19352	0	36448	33908	32800	
19353	0	36548	33568	32768	
19354	0	36652	33180	32832	
19355	0	36756	33036	33065	
19356	0	36860	33140	33340	
19357	0	36956	33292	33568	
19358	0	37056	33350	33924	
19359	0	37144	33209	34141	
19360	0	37236	33098	34272	
19361	0	37344	33020	34492	
19362	0	37432	32826	34749	
19363	0	37528	32660	34848	
19364	0	37616	32472	34866	
19365	0	37696	32324	34920	
19366	0	37784	32272	34776	
19367	0	37868	32328	34568	
19368	0	37956	32504	34448	
19369	0	38044	32556	34604	
19370	0	38128	32480	34996	
19371	0	38200	32112	35568	
19372	0	38280	31320	37036	
19373	0	38364	30700	37540	
19374	0	38432	30642	37304	
19375	0	38504	30180	37540	
19376	0	38580	29732	37793	
19377	0	38656	28744	40052	
19378	0	38724	29200	38880	
19379	0	38796	26832	40504	
19380	0	38856	29297	35656	
19381	0	38928	30704	34452	
19382	0	38992	29020	34868	
19383	0	39064	27445	35468	
19384	0	39108	26589	37508	
19385	0	39176	27476	34525	
19386	0	39224	26217	37184	
19387	0	39286	26160	33720	
19388	0	39336	25508	33145	
19389	0	39384	24366	35772	
19390	0	39424	24004	32048	
19391	0	39480	23296	36244	
19392	0	39516	23288	33060	
19393	0	39556	23142	33696	
19394	0	39592	22896	32180	
19395	0	39620	22681	33132	
19396	0	39664	22640	38008	
19397	0	39681	21652	31172	
19398	0	39712	21836	38800	
19399	0	39736	20112	29732	
19400	0	39744	19566	33298	
19401	0	39764	19221	28100	
19402	0	39780	18761	30757	
19403	0	39792	18506	31860	
19404	0	39796	18754	28928	
19405	0	39804	18649	29534	
19406	0	39800	18813	28992	
19407	0	39800	19032	28054	
19408	0	39781	19069	28898	
19409	0	39776	19372	27732	
19410	0	39760	19598	27856	
19411	0	39744	19652	28940	
19412	0	39724	20041	28705	
19413	0	39692	20262	29009	
19414	0	39660	20612	29456	
19415	0	39624	20880	27750	
19416	0	39588	10472	44132	
19417	0	39548	29980	44864	
19418	0	39508	39452	40392	
19419	0	39456	14084	33189	
19420	0	39404	8852	32592	
19421	0	39341	19840	26584	
19422	0	39292	26652	32964	
19423	0	39220	31308	41912	
19424	0	39156	32368	45240	
19425	0	39088	32637	48288	
19426	0	39008	31664	51180	
19427	0	38940	27616	55316	
19428	0	38856	27993	47004	
19429	0	38776	28668	37024	
19430	0	38700	26946	36696	
19431	0	38593	28280	38824	
19432	0	38512	30948	39532	
19433	0	38416	22398	48612	
19434	0	38324	35713	35136	
19435	0	38228	30964	42160	
19436	0	38120	29481	44332	
19437	0	38016	29424	42748	
19438	0	37904	29984	44466	
19439	0	37796	29133	41884	
19440	0	37688	28700	38620	
19441	0	37568	28872	36656	
19442	0	37456	29184	35820	
19443	0	37341	29640	35770	
19444	0	37228	30036	35897	
19445	0	37108	30036	36034	
19446	0	36984	29604	36712	
19447	0	36868	29216	37560	
19448	0	36740	29140	38116	
19449	0	36612	29356	38052	
19450	0	36480	29748	37348	
19451	0	36360	29988	36480	
19452	0	36226	29957	35828	
19453	0	36096	29944	35744	
19454	0	35972	30008	36193	
19455	0	35840	29984	36928	
19456	0	35712	29754	37508	
19457	0	35577	29512	37884	
19458	0	35456	29436	38092	
19459	0	35304	29408	37880	
19460	0	35180	29474	37600	
19461	0	35040	29529	37216	
19462	0	34912	29444	36904	
19463	0	34780	29360	36888	
19464	0	34649	29377	36688	
19465	0	34512	28385	38037	
19466	0	34388	29673	36128	
19467	0	34252	29524	36440	
19468	0	34124	29441	36364	
19469	0	33992	30508	35172	
19470	0	33872	29496	36132	
19471	0	33732	29284	36744	
19472	0	33608	27024	39250	
19473	0	33472	29524	36068	
19474	0	33353	29380	36636	
19475	0	33224	29561	35297	
19476	0	33105	29681	36104	
19477	0	32980	29560	36292	
19478	0	32844	27824	39208	
19479	0	32724	30084	35416	
19480	0	32608	29716	35956	
19481	0	32480	29636	35897	
19482	0	32360	29500	35941	
19483	0	32240	29372	35952	
19484	0	32116	29404	36088	
19485	0	31997	29344	36224	
19486	0	31882	27280	37500	
19487	0	31768	30244	36052	
19488	0	31652	29624	36872	
19489	0	31536	29440	37384	
19490	0	31420	29488	37628	
19491	0	31308	25696	38080	
19492	0	31196	29764	37416	
19493	0	31082	29404	37144	
19494	0	30976	29261	36796	
19495	0	30864	31490	37612	
19496	0	30749	29953	36576	
19497	0	30640	28456	36460	
19498	0	30532	30000	36740	
19499	0	30428	31056	37884	
19500	0	30328	29888	37672	
19501	0	30224	30468	38388	
19502	0	30116	29460	38092	
19503	0	30016	29109	38224	
19504	0	29908	29180	38052	
19505	0	29812	29432	37916	
19506	0	29704	29504	37825	
19507	0	29616	29500	37716	
19508	0	29508	29388	37616	
19509	0	29408	29365	37628	
19510	0	29312	29236	37584	
19511	0	29208	26996	37412	
19512	0	29116	29209	37424	
19513	0	29016	27196	37476	
19514	0	28924	29160	37440	
19515	0	28826	30264	37340	
19516	0	28740	27020	38148	
19517	0	28640	29360	38149	
19518	0	28545	30688	38336	
19519	0	28456	28060	38768	
19520	0	28364	29868	38708	
19521	0	28268	26513	40025	
19522	0	28184	28368	39952	
19523	0	28088	29428	41572	
19524	0	28008	27068	42904	
19525	0	27913	29524	42800	
19526	0	27832	29321	44764	
19527	0	27741	30204	45124	
19528	0	27652	30280	46192	
19529	0	27576	30180	46300	
19530	0	27492	29824	46376	
19531	0	27408	29432	46604	
19532	0	27321	28996	46404	
19533	0	27244	29604	47244	
19534	0	27160	30096	46860	
19535	0	27084	30772	46900	
19536	0	27008	31224	46836	
19537	0	26928	32032	45952	
19538	0	26853	32704	45408	
19539	0	26784	33120	44532	
19540	0	26704	33625	43044	
19541	0	26636	33936	41748	
19542	0	26556	34828	40856	
19543	0	26496	35936	38340	
19544	0	26428	37914	36288	
19545	0	26362	39672	36036	
19546	0	26296	41468	36380	
19547	0	26233	40800	35712	
19548	0	26172	42680	37360	
19549	0	26110	43040	38784	
19550	0	26050	41252	39768	
19551	0	25992	39888	35184	
19552	0	25944	38928	34992	
19553	0	25900	39660	35476	
19554	0	25836	39788	37758	
19555	0	25786	38600	38792	
19556	0	25733	37036	37980	
19557	0	25692	37168	37028	
19558	0	25648	36993	36100	
19559	0	25600	34536	36980	
19560	0	25568	35656	35849	
19561	0	25528	35312	35677	
19562	0	25489	35532	35392	
19563	0	25464	35820	35296	
19564	0	25432	35908	35340	
19565	0	25400	35780	35625	
19566	0	25376	35549	36032	
19567	0	25352	35296	36309	
19568	0	25336	35042	36480	
19569	0	25309	34792	36760	
19570	0	25292	34560	37156	
19571	0	25280	34220	37548	
19572	0	25276	33784	37576	
19573	0	25264	33380	37540	
19574	0	25272	32785	39536	
19575	0	25265	32448	40260	
19576	0	25268	32244	38308	
19577	0	25265	31873	37968	
19578	0	25277	31460	38664	
19579	0	25284	30996	38648	
19580	0	25296	30656	38108	
19581	0	25313	30292	37404	
19582	0	25334	29540	36837	
19583	0	25360	29120	37284	
19584	0	25380	28116	37304	
19585	0	25408	27196	37564	
19586	0	25441	26312	37932	
19587	0	25477	25581	38384	
19588	0	25520	25144	39072	
19589	0	25560	24604	40148	
19590	0	25601	23756	41121	
19591	0	25648	22673	41776	
19592	0	25700	21073	42756	
19593	0	25752	18256	42348	
19594	0	25805	20456	39844	
19595	0	25852	19960	39097	
19596	0	25920	17748	39036	
19597	0	26000	15724	38372	
19598	0	26060	13860	37932	
19599	0	26120	11932	37200	
19600	0	26196	11796	33948	
19601	0	26265	8990	36068	
19602	0	26340	9841	31900	
19603	0	26420	10048	30349	
19604	0	26496	10718	30008	
19605	0	26576	11516	29381	
19606	0	26660	12630	28464	
19607	0	26744	13926	27680	
19608	0	26828	15213	26860	
19609	0	26916	16024	27116	
19610	0	27000	16669	26848	
19611	0	27088	16136	29404	
19612	0	27184	17528	28000	
19613	0	27280	18029	29140	
19614	0	27364	19137	29188	
19615	0	27468	14828	28760	
19616	0	27548	17272	35328	
19617	0	27656	21996	29920	
19618	0	27752	22732	30780	
19619	0	27856	25168	23722	
19620	0	27956	25988	27581	
19621	0	28060	21930	29932	
19622	0	28160	21344	31828	
19623	0	28256	17636	38736	
19624	0	28360	17580	49824	
19625	0	28468	24085	29912	
19626	0	28576	26322	29872	
19627	0	28686	23528	52968	
19628	0	28792	24468	55372	
19629	0	28900	25216	51104	
19630	0	29008	28588	41708	
19631	0	29124	31713	34332	
19632	0	29240	31712	34512	
19633	0	29341	30704	37876	
19634	0	29464	30713	38028	
19635	0	29568	31696	37288	
19636	0	29693	31353	35900	
19637	0	29796	30292	36372	
19638	0	29924	29100	37520	
19639	0	30041	28832	37420	
19640	0	30156	28164	37384	
19641	0	30280	27915	38116	
19642	0	30400	28736	38320	
19643	0	30524	29428	37640	
19644	0	30648	29756	37092	
19645	0	30769	29868	36716	
19646	0	30896	29920	37136	
19647	0	31012	30232	37184	
19648	0	31140	30604	37044	
19649	0	31268	30308	37056	
19650	0	31394	29948	37580	
19651	0	31524	29700	38108	
19652	0	31648	29632	38208	
19653	0	31768	29604	38036	
19654	0	31901	29668	37745	
19655	0	32032	29824	37600	
19656	0	32156	29940	37456	
19657	0	32284	30012	37330	
19658	0	32420	29944	37236	
19659	0	32556	29860	37252	
19660	0	32692	29784	37136	
19661	0	32828	29728	37028	
19662	0	32952	29688	36980	
19663	0	33088	29724	36756	
19664	0	33228	29708	36708	
19665	0	33364	29704	36704	
19666	0	33497	29766	36728	
19667	0	33640	29768	36752	
19668	0	33780	29788	36804	
19669	0	33916	29768	36962	
19670	0	34056	29652	37268	
19671	0	34200	29621	37460	
19672	0	34344	29648	37420	
19673	0	34480	29664	37272	
19674	0	34624	29724	37212	
19675	0	34760	29748	37192	
19676	0	34912	29768	37276	
19677	0	35048	29764	37248	
19678	0	35184	29730	37276	
19679	0	35324	29686	37273	
19680	0	35476	29693	37168	
19681	0	35616	29728	37276	
19682	0	35758	29740	37272	
19683	0	35904	29732	37265	
19684	0	36040	29664	37376	
19685	0	36192	29629	37340	
19686	0	36332	29560	37328	
19687	0	36464	29549	37292	
19688	0	36608	29580	37080	
19689	0	36744	29613	36949	
19690	0	36884	29672	36896	
19691	0	37032	29673	36821	
19692	0	37160	29660	36948	
19693	0	37296	29596	37172	
19694	0	37440	29544	37280	
19695	0	37568	29488	37328	
19696	0	37704	29406	37565	
19697	0	37832	29413	37576	
19698	0	37964	29472	37380	
19699	0	38100	29521	37409	
19700	0	38232	29632	37448	
19701	0	38348	29608	37141	
19702	0	38472	29433	38292	
19703	0	38596	29522	37528	
19704	0	38721	29685	37204	
19705	0	38840	29480	37840	
19706	0	38961	29521	37964	
19707	0	39080	29456	37880	
19708	0	39188	28673	38584	
19709	0	39308	29262	36884	
19710	0	39424	30060	37380	
19711	0	39512	29124	38244	
19712	0	39632	27480	39704	
19713	0	39732	29720	38912	
19714	0	39840	28208	39657	
19715	0	39932	29508	38892	
19716	0	40040	27277	39240	
19717	0	40132	29721	38096	
19718	0	40220	28833	39448	
19719	0	40316	32112	37980	
19720	0	40408	28861	40268	
19721	0	40461	30720	40788	
19722	0	40572	28112	42616	
19723	0	40648	31980	43157	
19724	0	40728	28133	43264	
19725	0	40800	30921	44256	
19726	0	40872	27924	44912	
19727	0	40936	29068	46060	
19728	0	41004	27754	46036	
19729	0	41072	30040	46508	
19730	0	41136	27840	46528	
19731	0	41192	19885	47568	
19732	0	41237	28488	47264	
19733	0	41300	24810	48540	
19734	0	41344	30685	46980	
19735	0	41392	27240	46788	
19736	0	41444	27721	47284	
19737	0	41484	28026	47784	
19738	0	41528	28076	48288	
19739	0	41556	27952	48036	
19740	0	41592	27216	47488	
19741	0	41624	25948	47236	
19742	0	41640	22991	50672	
19743	0	41684	25890	47872	
19744	0	41716	27572	48384	
19745	0	41724	28716	50072	
19746	0	41752	30104	49940	
19747	0	41760	31932	48464	
19748	0	41780	32816	46080	
19749	0	41792	35020	46568	
19750	0	41792	40804	44396	
19751	0	41796	40193	39580	
19752	0	41808	37908	31488	
19753	0	41808	38248	28388	
19754	0	41808	36940	32964	
19755	0	41805	36308	36373	
19756	0	41812	36904	38310	
19757	0	41788	37408	39332	
19758	0	41784	37136	39473	
19759	0	41772	36544	39320	
19760	0	41756	35788	39896	
19761	0	41740	35156	39888	
19762	0	41724	35028	39096	
19763	0	41688	35164	38116	
19764	0	41684	35296	36929	
19765	0	41656	35476	38004	
19766	0	41636	35116	36284	
19767	0	41608	34856	36256	
19768	0	41568	34709	36016	
19769	0	41536	34736	35968	
19770	0	41512	34696	36140	
19771	0	41472	34504	36524	
19772	0	41444	34184	36916	
19773	0	41400	33764	37324	
19774	0	41360	33344	37705	
19775	0	41312	32904	38026	
19776	0	41272	32577	38240	
19777	0	41232	32284	38356	
19778	0	41184	31932	38416	
19779	0	41128	31544	38588	
19780	0	41080	31188	38736	
19781	0	41024	30820	38872	
19782	0	40968	30428	39025	
19783	0	40924	29988	39172	
19784	0	40857	29492	39325	
19785	0	40800	29064	39524	
19786	0	40740	28641	39668	
19787	0	40672	28245	39801	
19788	0	40608	27916	39940	
19789	0	40544	27596	40136	
19790	0	40476	27309	40301	
19791	0	40412	27061	40516	
19792	0	40336	26812	40788	
19793	0	40256	26608	41080	
19794	0	40192	26380	41420	
19795	0	40108	26162	41864	
19796	0	40040	25929	42316	
19797	0	39964	25580	42696	
19798	0	39872	25152	43044	
19799	0	39792	24706	43584	
19800	0	39712	24277	43912	
19801	0	39624	23852	44064	
19802	0	39528	23230	44212	
19803	0	39444	22544	44368	
19804	0	39360	21916	44480	
19805	0	39237	21328	44436	
19806	0	39156	20718	44208	
19807	0	39072	20144	43912	
19808	0	38964	19620	43580	
19809	0	38880	19106	43332	
19810	0	38776	18568	43061	
19811	0	38676	17940	42780	
19812	0	38572	17290	42368	
19813	0	38472	16526	41832	
19814	0	38368	15740	41252	
19815	0	38260	14975	40612	
19816	0	38156	14180	39884	
19817	0	38040	13453	38973	
19818	0	37936	13149	40936	
19819	0	37824	8476	36660	
19820	0	37712	12730	32876	
19821	0	37608	16102	31612	
19822	0	37492	16994	32792	
19823	0	37372	15037	32556	
19824	0	37264	15044	31116	
19825	0	37144	15452	33569	
19826	0	37028	15836	32200	
19827	0	36916	15720	32196	
19828	0	36792	15656	30764	
19829	0	36672	15717	33676	
19830	0	36548	16440	32952	
19831	0	36432	16290	33400	
19832	0	36316	16145	33882	
19833	0	36194	16954	32604	
19834	0	36077	18132	30313	
19835	0	35960	16852	32500	
19836	0	35840	16793	32285	
19837	0	35717	16716	32378	
19838	0	35600	17476	32256	
19839	0	35476	18116	31584	
19840	0	35348	20300	30892	
19841	0	35228	18744	32748	
19842	0	35112	15896	33300	
19843	0	34992	14396	34380	
19844	0	34873	20436	37008	
19845	0	34756	25712	38088	
19846	0	34640	27928	38956	
19847	0	34512	28616	40088	
19848	0	34400	29136	40520	
19849	0	34280	30272	39384	
19850	0	34164	28868	37952	
19851	0	34048	26252	36284	
19852	0	33928	31016	38168	
19853	0	33816	33557	43004	
19854	0	33700	30665	38124	
19855	0	33588	27929	38065	
19856	0	33482	24985	37124	
19857	0	33364	26792	37000	
19858	0	33249	31840	39176	
19859	0	33144	27934	36885	
19860	0	33032	27744	36272	
19861	0	32925	28636	37120	
19862	0	32820	28824	36980	
19863	0	32720	29356	36897	
19864	0	32612	30396	36248	
19865	0	32504	29364	36264	
19866	0	32404	29277	36420	
19867	0	32316	29312	36840	
19868	0	32208	29402	37204	
19869	0	32112	29376	37196	
19870	0	32016	29336	37072	
19871	0	31928	29484	36980	
19872	0	31828	29588	36912	
19873	0	31736	29616	36952	
19874	0	31652	29600	37024	
19875	0	31564	29500	37076	
19876	0	31472	29476	37160	
19877	0	31389	29508	37120	
19878	0	31296	29568	37056	
19879	0	31224	29614	37044	
19880	0	31136	29564	37088	
19881	0	31056	29540	37072	
19882	0	30980	29536	37098	
19883	0	30896	29596	37104	
19884	0	30832	29620	37140	
19885	0	30752	29648	37176	
19886	0	30680	29696	37236	
19887	0	30609	29672	37248	
19888	0	30537	29621	37233	
19889	0	30476	29604	37184	
19890	0	30400	29616	37160	
19891	0	30336	29628	37180	
19892	0	30276	29632	37128	
19893	0	30212	29657	37076	
19894	0	30148	29752	37040	
19895	0	30084	29781	37016	
19896	0	30021	29864	36988	
19897	0	29965	29893	36976	
19898	0	29904	29849	36964	
19899	0	29848	29820	36932	
19900	0	29784	29821	36924	
19901	0	29728	29844	36940	
19902	0	29676	29912	36949	
19903	0	29616	29924	36944	
19904	0	29561	29860	36997	
19905	0	29512	29804	37041	
19906	0	29456	29736	37080	
19907	0	29400	29804	37080	
19908	0	29348	29816	37049	
19909	0	29292	29864	37020	
19910	0	29246	29824	37076	
19911	0	29188	29768	37096	
19912	0	29132	29792	37088	
19913	0	29080	29776	37080	
19914	0	29029	29793	37097	
19915	0	28972	29832	37076	
19916	0	28916	29816	37064	
19917	0	28869	29792	37048	
19918	0	28812	29788	37096	
19919	0	28760	29700	37128	
19920	0	28708	29632	37168	
19921	0	28656	29469	37434	
19922	0	28608	29508	37640	
19923	0	28544	29660	37516	
19924	0	28488	29792	37232	
19925	0	28436	29940	37004	
19926	0	28380	30010	36972	
19927	0	28324	29944	37020	
19928	0	28276	29852	37264	
19929	0	28224	29672	37368	
19930	0	28160	29685	37396	
19931	0	28108	29633	37484	
19932	0	28052	29668	37544	
19933	0	28000	29756	37556	
19934	0	27941	29728	37856	
19935	0	27892	29916	37988	
19936	0	27828	29952	38677	
19937	0	27772	29240	39904	
19938	0	27716	28380	40300	
19939	0	27664	28084	40908	
19940	0	27600	27708	40632	
19941	0	27542	28056	40468	
19942	0	27492	27860	40301	
19943	0	27430	27712	39820	
19944	0	27372	26816	39684	
19945	0	27304	26236	39580	
19946	0	27258	27448	39772	
19947	0	27200	27200	42209	
19948	0	27129	27877	42696	
19949	0	27076	27648	42752	
19950	0	27020	27489	42844	
19951	0	26968	27285	43776	
19952	0	26901	24636	47844	
19953	0	26844	29324	44248	
19954	0	26784	29501	45084	
19955	0	26728	27337	46776	
19956	0	26660	26296	47072	
19957	0	26612	26086	47296	
19958	0	26548	25988	47992	
19959	0	26496	25728	47864	
19960	0	26432	24792	47988	
19961	0	26372	24288	47648	
19962	0	26312	25385	47752	
19963	0	26253	25644	47712	
19964	0	26200	26040	47288	
19965	0	26144	25860	46428	
19966	0	26084	25080	45848	
19967	0	26028	24844	45960	
19968	0	25969	25521	46360	
19969	0	25916	28110	46356	
19970	0	25852	32360	45264	
19971	0	25796	34292	41969	
19972	0	25744	33832	39000	
19973	0	25684	32325	43390	
19974	0	25636	38912	43704	
19975	0	25576	40364	39028	
19976	0	25520	36752	32373	
19977	0	25472	33488	33537	
19978	0	25424	33856	36642	
19979	0	25376	36268	37865	
19980	0	25322	37728	38652	
19981	0	25268	37288	38821	
19982	0	25220	35964	39776	
19983	0	25169	34756	40448	
19984	0	25122	34200	39784	
19985	0	25084	34284	38292	
19986	0	25032	34524	37116	
19987	0	25000	34840	36380	
19988	0	24952	34864	36012	
19989	0	24904	34696	35840	
19990	0	24872	34676	35728	
19991	0	24832	34508	35548	
19992	0	24792	34300	35478	
19993	0	24760	34094	35508	
19994	0	24720	33912	35728	
19995	0	24689	33708	35944	
19996	0	24660	33544	36093	
19997	0	24625	33344	36128	
19998	0	24596	33160	36128	
19999	0	24566	32960	36056	
20000	0	24540	32822	35904	
20001	0	24516	32644	35732	
20002	0	24496	32532	35684	
20003	0	24472	32273	35720	
20004	0	24450	31948	35800	
20005	0	24432	31640	35888	
20006	0	24420	31284	36000	
20007	0	24400	30876	36024	
20008	0	24380	30384	35893	
20009	0	24366	29640	35576	
20010	0	24364	28944	35232	
20011	0	24348	28812	35284	
20012	0	24345	26640	33153	
20013	0	24329	27820	35344	
20014	0	24332	26608	34540	
20015	0	24324	26040	34432	
20016	0	24325	25700	34368	
20017	0	24334	25445	34253	
20018	0	24320	25132	34218	
20019	0	24326	24796	34264	
20020	0	24336	24464	34226	
20021	0	24337	24152	34080	
20022	0	24349	23769	33918	
20023	0	24362	23308	33624	
20024	0	24365	22872	33204	
20025	0	24384	22540	32864	
20026	0	24408	22296	32500	
20027	0	24425	21909	32104	
20028	0	24452	21613	31405	
20029	0	24465	21640	30812	
20030	0	24490	21570	30528	
20031	0	24513	21564	29624	
20032	0	24546	21680	29832	
20033	0	24580	21590	29301	
20034	0	24616	21368	30069	
20035	0	24648	21316	28600	
20036	0	24684	21204	27764	
20037	0	24720	21245	28604	
20038	0	24788	20928	27192	
20039	0	24800	20770	26656	
20040	0	24853	20544	26576	
20041	0	24908	20437	26556	
20042	0	24953	20300	26949	
20043	0	25008	20072	27512	
20044	0	25064	19756	28264	
20045	0	25124	19365	28885	
20046	0	25180	19096	29520	
20047	0	25241	18976	30100	
20048	0	25317	19082	30436	
20049	0	25380	19400	30445	
20050	0	25446	19829	30353	
20051	0	25516	20220	30160	
20052	0	25592	20390	30120	
20053	0	25668	20440	30208	
20054	0	25748	20524	30444	
20055	0	25832	20680	30728	
20056	0	25916	20792	30956	
20057	0	26004	21050	31392	
20058	0	26090	21236	31468	
20059	0	26184	21393	32072	
20060	0	26268	21350	32344	
20061	0	26372	21356	32840	
20062	0	26468	21562	33428	
20063	0	26564	21818	34078	
20064	0	26672	22141	34636	
20065	0	26768	22726	34792	
20066	0	26876	22140	51336	
20067	0	26976	35676	41648	
20068	0	27088	41332	38904	
20069	0	27200	40460	49328	
20070	0	27304	21560	37456	
20071	0	27428	14197	34340	
20072	0	27529	31172	40836	
20073	0	27652	43876	40004	
20074	0	27768	30516	37408	
20075	0	27888	22913	35081	
20076	0	28008	23080	43892	
20077	0	28128	27252	50464	
20078	0	28246	30176	46296	
20079	0	28372	31032	41544	
20080	0	28500	30080	40100	
20081	0	28616	27780	40009	
20082	0	28744	26692	41732	
20083	0	28876	28192	44388	
20084	0	28996	24549	39236	
20085	0	29128	29057	36600	
20086	0	29256	35392	46492	
20087	0	29384	26124	47888	
20088	0	29520	27144	46272	
20089	0	29640	28606	48744	
20090	0	29784	29916	46984	
20091	0	29912	30304	43952	
20092	0	30036	29792	41760	
20093	0	30176	28928	39212	
20094	0	30304	28652	37325	
20095	0	30440	29198	36844	
20096	0	30580	29416	36790	
20097	0	30716	29564	36904	
20098	0	30844	29500	36989	
20099	0	30988	29204	36932	
20100	0	31120	28929	36936	
20101	0	31264	28837	37024	
20102	0	31396	29260	36988	
20103	0	31532	29790	36624	
20104	0	31676	29888	37320	
20105	0	31810	30296	35721	
20106	0	31956	30224	35453	
20107	0	32093	30116	35236	
20108	0	32232	30040	35420	
20109	0	32364	29948	35780	
20110	0	32504	29825	36280	
20111	0	32644	29792	36708	
20112	0	32792	29712	37220	
20113	0	32928	29840	37340	
20114	0	33073	29772	37608	
20115	0	33216	29624	37624	
20116	0	33360	29504	37628	
20117	0	33500	29484	37564	
20118	0	33644	29472	37404	
20119	0	33780	29540	37149	
20120	0	33932	29605	37292	
20121	0	34072	29714	37652	
20122	0	34209	29516	38020	
20123	0	34360	29868	37500	
20124	0	34496	29132	38368	
20125	0	34640	29704	37006	
20126	0	34788	28001	40140	
20127	0	34926	29344	37140	
20128	0	35065	29928	36013	
20129	0	35208	28856	38380	
20130	0	35352	29957	36352	
20131	0	35492	28668	38444	
20132	0	35616	29664	36816	
20133	0	35768	29452	37253	
20134	0	35900	29312	37232	
20135	0	36036	29130	37584	
20136	0	36172	29128	37656	
20137	0	36297	29229	37453	
20138	0	36428	29420	37600	
20139	0	36568	29488	37812	
20140	0	36700	29377	37916	
20141	0	36820	28768	38612	
20142	0	36956	28296	39008	
20143	0	37080	28880	38664	
20144	0	37208	28800	39052	
20145	0	37328	28789	38900	
20146	0	37460	28844	38824	
20147	0	37580	28788	38696	
20148	0	37704	28712	38972	
20149	0	37809	28264	39694	
20150	0	37936	28776	41240	
20151	0	38048	29324	42056	
20152	0	38168	29744	42944	
20153	0	38268	29576	43928	
20154	0	38396	29402	45112	
20155	0	38496	29152	46260	
20156	0	38604	29104	47216	
20157	0	38712	29182	47908	
20158	0	38820	28984	48492	
20159	0	38932	29064	48896	
20160	0	39036	29080	48800	
20161	0	39136	29016	48808	
20162	0	39244	29280	48484	
20163	0	39340	30068	47968	
20164	0	39436	31052	47488	
20165	0	39532	31968	46692	
20166	0	39628	32352	45732	
20167	0	39724	33132	44012	
20168	0	39816	34021	42192	
20169	0	39912	34436	40572	
20170	0	40000	34277	37856	
20171	0	40090	36100	35580	
20172	0	40176	37864	35612	
20173	0	40264	43024	33473	
20174	0	40336	49944	34112	
20175	0	40428	53456	33316	
20176	0	40508	50912	31940	
20177	0	40592	46544	31180	
20178	0	40658	44968	33509	
20179	0	40736	44064	37256	
20180	0	40805	43284	40960	
20181	0	40880	42796	42600	
20182	0	40944	41556	41868	
20183	0	41020	39492	41308	
20184	0	41084	38352	37716	
20185	0	41140	37654	35040	
20186	0	41204	37052	33777	
20187	0	41260	36972	32948	
20188	0	41312	36480	32572	
20189	0	41372	35676	32788	
20190	0	41412	35248	33353	
20191	0	41468	35000	34242	
20192	0	41513	34401	35329	
20193	0	41564	33700	36088	
20194	0	41600	32876	36732	
20195	0	41648	32212	37112	
20196	0	41676	31712	37376	
20197	0	41712	31325	37812	
20198	0	41741	30976	37040	
20199	0	41776	30440	36528	
20200	0	41800	29500	36520	
20201	0	41828	29081	36084	
20202	0	41856	28572	35512	
20203	0	41861	27756	35360	
20204	0	41892	27072	34992	
20205	0	41900	26336	34692	
20206	0	41904	25744	34084	
20207	0	41920	25228	33428	
20208	0	41928	24956	33092	
20209	0	41928	24672	32980	
20210	0	41920	24228	33336	
20211	0	41924	23700	35776	
20212	0	41932	22884	32373	
20213	0	41924	22672	31768	
20214	0	41916	22332	30916	
20215	0	41904	21500	35764	
20216	0	41892	22064	32546	
20217	0	41876	20300	35376	
20218	0	41856	20920	33094	
20219	0	41832	20864	31668	
20220	0	41808	17125	37985	
20221	0	41792	19364	31856	
20222	0	41760	17433	33092	
20223	0	41732	17474	31688	
20224	0	41700	17068	29889	
20225	0	41664	14460	34872	
20226	0	41628	16545	29201	
20227	0	41588	15598	31140	
20228	0	41541	16610	29673	
20229	0	41512	16242	30514	
20230	0	41460	16420	29440	
20231	0	41408	16995	30026	
20232	0	41364	17636	29531	
20233	0	41312	18528	29660	
20234	0	41256	19304	29240	
20235	0	41192	19984	29929	
20236	0	41132	20508	30804	
20237	0	41088	21268	30676	
20238	0	41024	21836	30952	
20239	0	40952	22400	31200	
20240	0	40884	13120	41376	
20241	0	40812	34052	35144	
20242	0	40748	36344	37632	
20243	0	40676	28772	39424	
20244	0	40600	10352	32244	
20245	0	40520	16248	29634	
20246	0	40456	29285	38720	
20247	0	40372	33140	43284	
20248	0	40292	30700	43648	
20249	0	40216	30217	40256	
20250	0	40132	31980	38420	
20251	0	40046	30560	41676	
20252	0	39960	26964	47284	
20253	0	39872	23232	46608	
20254	0	39796	28192	45016	
20255	0	39704	30656	39296	
20256	0	39612	29024	37104	
20257	0	39520	25296	38644	
20258	0	39424	32196	37772	
20259	0	39336	31896	42048	
20260	0	39248	27660	47885	
20261	0	39160	27844	46464	
20262	0	39060	28628	46336	
20263	0	38960	29544	42236	
20264	0	38860	29864	40204	
20265	0	38768	29828	37976	
20266	0	38672	29528	37144	
20267	0	38572	29316	37229	
20268	0	38476	29320	38056	
20269	0	38372	29288	38708	
20270	0	38280	29208	38416	
20271	0	38181	29012	37552	
20272	0	38072	28820	36324	
20273	0	37968	28718	35004	
20274	0	37868	29284	35184	
20275	0	37768	29928	34484	
20276	0	37664	30112	35004	
20277	0	37568	30108	35568	
20278	0	37460	29972	36100	
20279	0	37356	29692	36676	
20280	0	37253	29548	37240	
20281	0	37144	29388	37876	
20282	0	37044	29244	38425	
20283	0	36936	29116	38632	
20284	0	36820	29296	38572	
20285	0	36728	30220	37328	
20286	0	36608	28772	38624	
20287	0	36500	29920	37445	
20288	0	36396	30882	35728	
20289	0	36288	29604	40976	
20290	0	36176	29904	36260	
20291	0	36064	29380	36552	
20292	0	35957	28904	39760	
20293	0	35848	29480	34992	
20294	0	35748	29804	35232	
20295	0	35632	30208	35096	
20296	0	35516	30340	35177	
20297	0	35408	30092	35393	
20298	0	35292	29752	35952	
20299	0	35180	29464	36412	
20300	0	35060	29242	36712	
20301	0	34956	29136	36828	
20302	0	34848	29160	37000	
20303	0	34732	29248	37052	
20304	0	34620	29384	37060	
20305	0	34508	29432	37396	
20306	0	34384	29472	38640	
20307	0	34273	29320	39892	
20308	0	34156	28760	40120	
20309	0	34040	28256	40092	
20310	0	33929	28979	37542	
20311	0	33816	28376	37852	
20312	0	33696	29897	35300	
20313	0	33592	27949	38292	
20314	0	33472	30556	34776	
20315	0	33348	29852	35760	
20316	0	33236	31604	34529	
20317	0	33128	29892	36040	
20318	0	33004	29333	36568	
20319	0	32892	30184	35920	
20320	0	32776	28730	38024	
20321	0	32664	28340	38569	
20322	0	32540	28080	39464	
20323	0	32432	28852	39132	
20324	0	32320	27448	41696	
20325	0	32212	27832	41888	
20326	0	32092	27856	41820	
20327	0	31976	28264	43096	
20328	0	31864	28900	42900	
20329	0	31752	29288	42324	
20330	0	31644	28898	41912	
20331	0	31525	28660	41837	
20332	0	31412	28326	42120	
20333	0	31304	28004	42440	
20334	0	31192	28016	42816	
20335	0	31084	28646	42956	
20336	0	30972	28732	44068	
20337	0	30873	29513	45112	
20338	0	30756	29148	46140	
20339	0	30652	29764	46876	
20340	0	30552	30528	46596	
20341	0	30440	30512	46612	
20342	0	30337	31040	46736	
20343	0	30244	31552	46296	
20344	0	30137	32360	44964	
20345	0	30037	33304	43520	
20346	0	29940	33680	41072	
20347	0	29837	34149	38388	
20348	0	29748	34560	36620	
20349	0	29648	36688	34520	
20350	0	29556	42576	35192	
20351	0	29472	45296	33900	
20352	0	29376	47848	33160	
20353	0	29280	46704	32604	
20354	0	29196	43688	34061	
20355	0	29108	40904	37172	
20356	0	29024	39716	42324	
20357	0	28932	39680	42844	
20358	0	28844	38772	43456	
20359	0	28761	37496	43804	
20360	0	28685	35744	41584	
20361	0	28604	35360	37632	
20362	0	28520	35556	34524	
20363	0	28452	35636	32361	
20364	0	28372	34336	31552	
20365	0	28288	34260	31104	
20366	0	28216	34196	31058	
20367	0	28144	33548	31710	
20368	0	28068	33364	32521	
20369	0	27996	33132	33352	
20370	0	27928	32769	34196	
20371	0	27860	32388	34892	
20372	0	27792	31994	35369	
20373	0	27724	31740	35416	
20374	0	27660	31600	35088	
20375	0	27592	31416	34704	
20376	0	27524	31128	34160	
20377	0	27464	30301	34404	
20378	0	27396	30473	33664	
20379	0	27336	29948	33252	
20380	0	27272	29230	33360	
20381	0	27216	28556	33288	
20382	0	27152	28226	33112	
20383	0	27093	27896	33173	
20384	0	27032	27372	33344	
20385	0	26972	26764	33417	
20386	0	26920	26364	33128	
20387	0	26860	25832	33164	
20388	0	26804	25008	33432	
20389	0	26744	23880	34184	
20390	0	26688	21953	39620	
20391	0	26632	22464	31848	
20392	0	26572	23033	30420	
20393	0	26522	22778	32928	
20394	0	26464	22412	33564	
20395	0	26412	22276	32732	
20396	0	26356	21750	31444	
20397	0	26304	19624	35312	
20398	0	26260	20468	32026	
20399	0	26204	20576	30536	
20400	0	26148	16101	36432	
20401	0	26100	19662	30076	
20402	0	26052	14164	36412	
20403	0	26000	18008	30420	
20404	0	25952	14628	34724	
20405	0	25900	17368	29480	
20406	0	25844	16484	30666	
20407	0	25804	16332	30708	
20408	0	25752	17276	27532	
20409	0	25696	16848	29817	
20410	0	25656	17014	30438	
20411	0	25612	17920	27396	
20412	0	25564	18448	29920	
20413	0	25520	19216	30708	
20414	0	25472	20090	31840	
20415	0	25428	21045	30576	
20416	0	25380	22016	31604	
20417	0	25332	16188	33912	
20418	0	25296	24936	40144	
20419	0	25252	24984	35844	
20420	0	25212	30988	36708	
20421	0	25172	16592	32600	
20422	0	25132	11144	26008	
20423	0	25092	27464	33232	
20424	0	25056	35821	35936	
20425	0	25012	30928	34048	
20426	0	24984	28520	38148	
20427	0	24944	32760	45048	
20428	0	24912	33524	51296	
20429	0	24872	30572	51256	
20430	0	24840	26560	44048	
20431	0	24812	28944	41196	
20432	0	24780	28740	36600	
20433	0	24740	27772	37424	
20434	0	24713	28476	40000	
20435	0	24684	30184	35696	
20436	0	24656	23204	44032	
20437	0	24625	35272	46392	
20438	0	24608	25153	55000	
20439	0	24568	26192	49296	
20440	0	24545	30056	48120	
20441	0	24521	32932	43372	
20442	0	24496	31773	40650	
20443	0	24480	29932	37884	
20444	0	24452	29688	36100	
20445	0	24433	29808	36040	
20446	0	24408	29949	36801	
20447	0	24389	30228	38300	
20448	0	24374	29852	39536	
20449	0	24354	29112	39760	
20450	0	24340	28672	39620	
20451	0	24318	28856	38860	
20452	0	24308	29260	37880	
20453	0	24288	29816	37688	
20454	0	24276	30304	37004	
20455	0	24266	30444	36560	
20456	0	24252	30384	36536	
20457	0	24238	30704	34872	
20458	0	24224	30012	36024	
20459	0	24213	30840	34340	
20460	0	24205	30458	35748	
20461	0	24192	30896	34308	
20462	0	24186	30550	36272	
20463	0	24172	30328	36484	
20464	0	24164	30104	36848	
20465	0	24156	29072	37324	
20466	0	24156	29968	36636	
20467	0	24148	29892	36972	
20468	0	24138	29068	36820	
20469	0	24128	30089	35904	
20470	0	24124	30144	36176	
20471	0	24122	30176	36032	
20472	0	24120	30189	35960	
20473	0	24120	30208	36020	
20474	0	24108	30238	36280	
20475	0	24116	30288	36728	
20476	0	24112	30093	37052	
20477	0	24104	29824	37120	
20478	0	24104	29592	37132	
20479	0	24104	29708	37264	
20480	0	24096	29920	37274	
20481	0	24100	30012	36984	
20482	0	24104	30101	36981	
20483	0	24098	30017	36984	
20484	0	24096	30064	37202	
20485	0	24100	29888	37476	
20486	0	24096	29780	37612	
20487	0	24101	29628	37780	
20488	0	24108	29520	38080	
20489	0	24104	29416	38352	
20490	0	24105	30900	36105	
20491	0	24108	29408	37852	
20492	0	24112	30488	36032	
20493	0	24112	29788	37952	
20494	0	24120	27176	41844	
20495	0	24122	30112	36708	
20496	0	24124	29520	37344	
20497	0	24132	28376	37689	
20498	0	24136	29844	36120	
20499	0	24140	25256	40608	
20500	0	24140	30544	35376	
20501	0	24152	29768	36160	
20502	0	24152	31316	34834	
20503	0	24164	29497	36588	
20504	0	24174	31436	35364	
20505	0	24180	26928	39320	
20506	0	24192	30428	37224	
20507	0	24196	25228	42392	
20508	0	24208	29092	40072	
20509	0	24216	28396	43260	
20510	0	24228	28956	44004	
20511	0	24240	29744	44168	
20512	0	24252	29468	44176	
20513	0	24272	28612	44916	
20514	0	24276	28236	45092	
20515	0	24289	27898	45608	
20516	0	24308	27880	46092	
20517	0	24320	28496	46504	
20518	0	24346	28838	46780	
20519	0	24360	29304	47256	
20520	0	24382	30086	47560	
20521	0	24400	30448	47960	
20522	0	24428	31360	47488	
20523	0	24450	31732	47348	
20524	0	24468	32844	46312	
20525	0	24488	32468	45152	
20526	0	24516	32320	44556	
20527	0	24538	33088	43656	
20528	0	24573	33436	42656	
20529	0	24600	35832	38925	
20530	0	24628	35592	35524	
20531	0	24664	37036	35232	
20532	0	24692	40928	34568	
20533	0	24724	45876	32820	
20534	0	24760	47856	32245	
20535	0	24796	44252	35396	
20536	0	24828	40276	33296	
20537	0	24872	39152	34472	
20538	0	24912	39852	35884	
20539	0	24952	40392	39032	
20540	0	25000	39668	40236	
20541	0	25036	38240	40048	
20542	0	25089	36768	38934	
20543	0	25136	36736	35992	
20544	0	25184	36636	33980	
20545	0	25232	36400	32868	
20546	0	25284	35704	32704	
20547	0	25346	35772	32544	
20548	0	25392	35508	32788	
20549	0	25444	35644	33052	
20550	0	25512	35792	33408	
20551	0	25568	35652	33774	
20552	0	25632	35008	34156	
20553	0	25696	34376	34440	
20554	0	25764	34020	34784	
20555	0	25820	33740	35145	
20556	0	25896	33472	35496	
20557	0	25960	33008	36440	
20558	0	26036	32784	36620	
20559	0	26105	32468	36540	
20560	0	26176	32060	36920	
20561	0	26260	31560	37168	
20562	0	26332	31124	36440	
20563	0	26410	30576	36096	
20564	0	26493	29820	35096	
20565	0	26570	29440	34429	
20566	0	26665	28489	34048	
20567	0	26749	27482	34572	
20568	0	26832	26441	34364	
20569	0	26916	25801	34796	
20570	0	27009	24964	35788	
20571	0	27096	24354	36832	
20572	0	27201	22818	38976	
20573	0	27288	22332	37056	
20574	0	27385	23336	33025	
20575	0	27488	23217	33692	
20576	0	27576	19472	38792	
20577	0	27684	20544	32416	
20578	0	27782	19484	31648	
20579	0	27888	17980	31457	
20580	0	27992	17052	30488	
20581	0	28104	16424	29284	
20582	0	28204	12845	33672	
20583	0	28312	14710	28638	
20584	0	28428	12137	32848	
20585	0	28536	13720	27984	
20586	0	28652	13440	28176	
20587	0	28764	13726	27552	
20588	0	28880	13832	28464	
20589	0	28992	14885	25613	
20590	0	29108	15180	26948	
20591	0	29220	15540	27104	
20592	0	29348	16092	27828	
20593	0	29464	16661	27736	
20594	0	29584	17398	27860	
20595	0	29704	18137	28448	
20596	0	29828	18884	28828	
20597	0	29952	19696	33696	
20598	0	30076	20508	28721	
20599	0	30196	21345	30524	
20600	0	30332	22260	31204	
20601	0	30456	23132	40516	
20602	0	30576	29412	49812	
20603	0	30708	39328	37576	
20604	0	30840	39452	47552	
20605	0	30965	12927	40796	
20606	0	31104	7544	24876	
20607	0	31224	24764	28285	
20608	0	31353	36472	37000	
20609	0	31480	32128	33184	
20610	0	31616	26360	42056	
20611	0	31752	28098	47465	
20612	0	31884	29173	54596	
20613	0	32012	30264	45712	
20614	0	32149	30337	43664	
20615	0	32284	28504	40048	
20616	0	32416	27268	40756	
20617	0	32560	28348	41220	
20618	0	32692	29210	42508	
20619	0	32820	30140	40940	
20620	0	32952	28020	39512	
20621	0	33092	30820	46564	
20622	0	33228	29420	41436	
20623	0	33360	28340	41016	
20624	0	33492	29056	41668	
20625	0	33632	29984	42704	
20626	0	33772	29460	42776	
20627	0	33900	29204	41116	
20628	0	34040	29341	39568	
20629	0	34172	29476	38389	
20630	0	34292	29412	38004	
20631	0	34440	29328	37960	
20632	0	34576	29308	37684	
20633	0	34704	29276	37428	
20634	0	34840	29309	37284	
20635	0	34969	29376	37188	
20636	0	35100	29468	37248	
20637	0	35228	29480	37344	
20638	0	35356	29504	37200	
20639	0	35484	29653	36744	
20640	0	35612	29845	36125	
20641	0	35740	29972	35712	
20642	0	35868	29946	35572	
20643	0	35980	30228	35604	
20644	0	36105	29880	36668	
20645	0	36232	30448	36184	
20646	0	36352	29604	37428	
20647	0	36464	29240	37308	
20648	0	36576	29733	37088	
20649	0	36700	27692	39308	
20650	0	36812	29856	36580	
20651	0	36929	29596	36944	
20652	0	37036	30144	35680	
20653	0	37148	29624	36592	
20654	0	37248	30024	35440	
20655	0	37356	29608	36388	
20656	0	37464	28412	38456	
20657	0	37568	29628	36252	
20658	0	37668	29540	36528	
20659	0	37776	29544	36430	
20660	0	37876	30048	36260	
20661	0	37972	29665	36720	
20662	0	38072	29464	36896	
20663	0	38168	29744	36648	
20664	0	38256	29530	36868	
20665	0	38352	29441	36936	
20666	0	38440	29810	37184	
20667	0	38532	29720	37584	
20668	0	38628	29844	37860	
20669	0	38714	29648	38188	
20670	0	38808	29621	38348	
20671	0	38892	29248	38560	
20672	0	38972	29149	38620	
20673	0	39064	29016	38648	
20674	0	39152	29173	38456	
20675	0	39236	28997	38432	
20676	0	39316	29097	38073	
20677	0	39404	29312	37696	
20678	0	39484	28728	37961	
20679	0	39564	29125	37776	
20680	0	39648	29400	37564	
20681	0	39716	29360	37744	
20682	0	39800	29156	37740	
20683	0	39880	29084	38016	
20684	0	39952	28996	38524	
20685	0	40036	29064	39156	
20686	0	40104	28888	40020	
20687	0	40176	28868	41108	
20688	0	40248	28864	41936	
20689	0	40313	28732	43164	
20690	0	40392	28336	43952	
20691	0	40460	28233	44804	
20692	0	40532	28490	45216	
20693	0	40608	28396	46244	
20694	0	40668	28432	47196	
20695	0	40732	28120	47776	
20696	0	40796	28352	48624	
20697	0	40864	28932	49016	
20698	0	40928	29804	49120	
20699	0	40993	30728	48992	
20700	0	41052	30624	49428	
20701	0	41112	31696	49289	
20702	0	41180	32360	48532	
20703	0	41244	33680	47724	
20704	0	41292	34380	44824	
20705	0	41348	34720	42204	
20706	0	41412	37104	39776	
20707	0	41464	38824	35668	
20708	0	41520	41484	34188	
20709	0	41572	45728	33780	
20710	0	41632	48704	30876	
20711	0	41688	48084	31592	
20712	0	41745	43204	34364	
20713	0	41792	41804	39536	
20714	0	41840	42736	44544	
20715	0	41896	42897	45008	
20716	0	41944	42404	44520	
20717	0	41996	40216	44576	
20718	0	42041	38272	42020	
20719	0	42084	37292	37932	
20720	0	42132	37168	33966	
20721	0	42176	37944	31904	
20722	0	42220	37916	30656	
20723	0	42264	37568	30240	
20724	0	42304	37284	30228	
20725	0	42352	36708	31164	
20726	0	42376	36161	32644	
20727	0	42416	35416	33864	
20728	0	42460	34537	34848	
20729	0	42496	33962	35700	
20730	0	42528	33652	36212	
20731	0	42564	33508	36316	
20732	0	42600	33112	36293	
20733	0	42620	32624	36056	
20734	0	42656	31901	35700	
20735	0	42673	31276	34616	
20736	0	42712	30905	33380	
20737	0	42724	30256	32672	
20738	0	42760	29572	31869	
20739	0	42776	28736	31392	
20740	0	42796	28152	31193	
20741	0	42816	27008	31764	
20742	0	42832	25901	32240	
20743	0	42852	24953	32300	
20744	0	42864	24174	32560	
20745	0	42884	23000	33156	
20746	0	42888	21628	33640	
20747	0	42896	20237	34012	
20748	0	42920	19132	33744	
20749	0	42916	15722	35696	
20750	0	42928	18346	32732	
20751	0	42932	18208	31388	
20752	0	42944	14720	34776	
20753	0	42944	15704	31820	
20754	0	42936	13165	35976	
20755	0	42937	15342	31184	
20756	0	42944	11560	38448	
20757	0	42944	14660	30556	
20758	0	42940	12722	36892	
20759	0	42940	14920	30244	
20760	0	42924	14744	31064	
20761	0	42920	15096	30701	
20762	0	42913	15488	28201	
20763	0	42900	15996	30016	
20764	0	42900	16160	28564	
20765	0	42888	16202	30696	
20766	0	42872	16249	29440	
20767	0	42860	15938	31650	
20768	0	42848	16077	32164	
20769	0	42836	16784	32536	
20770	0	42816	17596	31112	
20771	0	42800	18492	31368	
20772	0	42780	19161	31344	
20773	0	42756	19700	31564	
20774	0	42744	20692	32780	
20775	0	42708	23074	50020	
20776	0	42688	34224	45480	
20777	0	42664	39968	44364	
20778	0	42644	30996	48737	
20779	0	42612	20546	42520	
20780	0	42576	31208	31088	
20781	0	42556	34112	32960	
20782	0	42520	27749	39328	
20783	0	42488	24220	45848	
20784	0	42452	23572	50408	
20785	0	42424	24060	45312	
20786	0	42376	26532	36868	
20787	0	42340	27144	34392	
20788	0	42312	26717	37065	
20789	0	42268	27408	39540	
20790	0	42228	28112	41273	
20791	0	42196	29160	39849	
20792	0	42144	29604	38560	
20793	0	42112	28921	39533	
20794	0	42065	28200	40628	
20795	0	42020	28436	40448	
20796	0	41968	29220	39172	
20797	0	41940	29736	38036	
20798	0	41876	29240	38268	
20799	0	41832	31349	36068	
20800	0	41792	31992	36048	
20801	0	41736	31956	33656	
20802	0	41684	31356	34872	
20803	0	41636	28832	33240	
20804	0	41580	28824	36292	
20805	0	41528	28956	41096	
20806	0	41476	29308	42625	
20807	0	41424	29432	44252	
20808	0	41360	29460	44172	
20809	0	41312	29384	42623	
20810	0	41256	29392	40632	
20811	0	41200	29393	38900	
20812	0	41136	29572	37756	
20813	0	41080	29820	37252	
20814	0	41016	30110	36929	
20815	0	40960	30352	36740	
20816	0	40893	30232	36284	
20817	0	40832	29800	36513	
20818	0	40776	29816	36064	
20819	0	40696	29976	35720	
20820	0	40640	30168	35084	
20821	0	40560	30185	34696	
20822	0	40500	30048	34640	
20823	0	40425	30024	34709	
20824	0	40360	29948	34948	
20825	0	40284	29704	35392	
20826	0	40216	29468	35820	
20827	0	40144	29404	36504	
20828	0	40076	29436	37808	
20829	0	39992	29573	39004	
20830	0	39924	29784	40292	
20831	0	39840	30072	40884	
20832	0	39768	30124	40560	
20833	0	39688	29796	39900	
20834	0	39616	29402	39268	
20835	0	39540	28936	39280	
20836	0	39460	28840	38496	
20837	0	39384	29748	37052	
20838	0	39308	29906	36744	
20839	0	39224	29940	36548	
20840	0	39141	30084	36280	
20841	0	39072	30081	36206	
20842	0	38992	29204	37424	
20843	0	38916	29880	36648	
20844	0	38840	29840	36708	
20845	0	38764	29216	37313	
20846	0	38681	29200	37496	
20847	0	38612	29512	37276	
20848	0	38532	29892	37316	
20849	0	38464	29544	37800	
20850	0	38384	29652	37660	
20851	0	38316	29188	38124	
20852	0	38240	29496	38272	
20853	0	38176	29428	38552	
20854	0	38104	28796	39404	
20855	0	38028	28708	39976	
20856	0	37960	28964	39592	
20857	0	37888	28901	40424	
20858	0	37828	28740	41472	
20859	0	37760	28884	42316	
20860	0	37696	28824	42580	
20861	0	37628	28452	43332	
20862	0	37572	27968	44484	
20863	0	37508	27816	45304	
20864	0	37448	28012	46108	
20865	0	37392	28580	46856	
20866	0	37337	28568	47888	
20867	0	37280	28805	48776	
20868	0	37220	29524	49768	
20869	0	37160	31044	50440	
20870	0	37116	32940	50948	
20871	0	37060	33944	51128	
20872	0	37004	33809	51200	
20873	0	36960	33952	51100	
20874	0	36900	34824	50864	
20875	0	36860	34644	50564	
20876	0	36812	35544	50512	
20877	0	36768	35972	48916	
20878	0	36728	36688	48768	
20879	0	36676	37544	47240	
20880	0	36628	40256	46100	
20881	0	36580	43960	45804	
20882	0	36548	40940	50180	
20883	0	36500	37616	47976	
20884	0	36449	36044	45517	
20885	0	36408	36024	48680	
20886	0	36364	38016	49120	
20887	0	36316	38152	51300	
20888	0	36276	37056	50309	
20889	0	36224	35620	48716	
20890	0	36181	34916	46756	
20891	0	36136	35132	43152	
20892	0	36088	34408	40632	
20893	0	36036	33856	38808	
20894	0	35996	34044	36768	
20895	0	35944	34452	35896	
20896	0	35896	34256	35520	
20897	0	35844	34006	35696	
20898	0	35788	33616	36424	
20899	0	35740	33140	37460	
20900	0	35676	32704	38728	
20901	0	35628	32428	39628	
20902	0	35565	32168	40160	
20903	0	35510	31788	40240	
20904	0	35456	31344	39988	
20905	0	35392	31088	39565	
20906	0	35329	31352	38732	
20907	0	35264	31612	38168	
20908	0	35192	31732	37984	
20909	0	35120	31588	38404	
20910	0	35044	31576	38596	
20911	0	34976	31476	39204	
20912	0	34900	31384	40000	
20913	0	34828	31236	40984	
20914	0	34744	30972	41864	
20915	0	34668	30528	42736	
20916	0	34576	29976	43332	
20917	0	34496	29425	43696	
20918	0	34404	28964	43616	
20919	0	34320	28480	43944	
20920	0	34218	28350	43374	
20921	0	34124	27976	43564	
20922	0	34028	27729	43840	
20923	0	33932	27413	44444	
20924	0	33836	26988	45264	
20925	0	33736	26348	46096	
20926	0	33633	25377	46717	
20927	0	33524	24268	47052	
20928	0	33410	23108	47068	
20929	0	33308	21968	47104	
20930	0	33198	20801	46852	
20931	0	33090	20027	46156	
20932	0	32972	17632	47464	
20933	0	32856	17794	46240	
20934	0	32731	17144	45544	
20935	0	32621	16042	45792	
20936	0	32500	15830	45212	
20937	0	32381	15644	44700	
20938	0	32264	15448	44548	
20939	0	32140	14596	45104	
20940	0	32017	13940	45164	
20941	0	31896	14156	43848	
20942	0	31776	13340	43972	
20943	0	31640	14212	41256	
20944	0	31513	14053	40536	
20945	0	31386	14201	39685	
20946	0	31264	14452	38364	
20947	0	31144	9789	42620	
20948	0	31012	12218	36012	
20949	0	30884	20464	31264	
20950	0	30756	20032	33680	
20951	0	30624	19502	31784	
20952	0	30496	17039	32500	
20953	0	30368	16577	33688	
20954	0	30240	16417	34356	
20955	0	30108	14981	35712	
20956	0	29984	14730	36620	
20957	0	29856	15074	36768	
20958	0	29728	15642	36124	
20959	0	29596	15533	35048	
20960	0	29476	15968	33976	
20961	0	29344	15748	32306	
20962	0	29225	16004	31360	
20963	0	29096	15997	31132	
20964	0	28968	15989	31162	
20965	0	28848	15826	31688	
20966	0	28732	15448	31869	
20967	0	28601	15447	31829	
20968	0	28486	15644	31868	
20969	0	28368	16438	31720	
20970	0	28248	17372	31012	
20971	0	28125	15496	32152	
20972	0	28020	13577	31889	
20973	0	27901	13676	32240	
20974	0	27789	15137	33464	
20975	0	27676	19316	42712	
20976	0	27564	24020	44092	
20977	0	27456	23917	44872	
20978	0	27346	28653	43296	
20979	0	27236	27021	40220	
20980	0	27128	24152	36708	
20981	0	27020	26484	37588	
20982	0	26924	26812	36468	
20983	0	26820	33500	43360	
20984	0	26716	27800	39429	
20985	0	26624	25376	38336	
20986	0	26516	24385	37340	
20987	0	26424	26660	36636	
20988	0	26332	29880	37360	
20989	0	26228	30033	37516	
20990	0	26140	29256	37568	
20991	0	26048	29192	37620	
20992	0	25956	29866	38136	
20993	0	25868	30202	38256	
20994	0	25780	30060	38180	
20995	0	25696	29908	38089	
20996	0	25608	29912	37796	
20997	0	25528	30260	37916	
20998	0	25448	30141	37856	
20999	0	25370	30345	38148	
21000	0	25292	30936	38828	
21001	0	25216	30008	37557	
21002	0	25136	30152	38004	
21003	0	25056	30304	37832	
21004	0	24988	29984	37508	
21005	0	24920	30888	38336	
21006	0	24856	30089	37352	
21007	0	24784	30016	37756	
21008	0	24720	29928	37456	
21009	0	24656	30080	37332	
21010	0	24588	30589	37518	
21011	0	24532	30096	36964	
21012	0	24475	30581	37725	
21013	0	24412	29976	36892	
21014	0	24356	30120	37349	
21015	0	24300	29952	37312	
21016	0	24254	30097	37684	
21017	0	24196	29968	38048	
21018	0	24149	29960	37736	
21019	0	24100	29984	37852	
21020	0	24050	30040	37200	
21021	0	24009	30281	37528	
21022	0	23960	30232	37176	
21023	0	23924	30056	37797	
21024	0	23876	29940	37676	
21025	0	23844	29921	37684	
21026	0	23798	30152	37808	
21027	0	23764	30108	37356	
21028	0	23728	30016	38044	
21029	0	23696	29948	37172	
21030	0	23656	29816	37728	
21031	0	23632	29900	36941	
21032	0	23604	29768	37004	
21033	0	23572	30060	37060	
21034	0	23540	30125	36424	
21035	0	23516	30032	37036	
21036	0	23488	30036	36740	
21037	0	23468	29952	37112	
21038	0	23440	30056	37020	
21039	0	23416	29997	36924	
21040	0	23400	29988	37168	
21041	0	23380	29972	37280	
21042	0	23358	29821	37396	
21043	0	23337	29728	37396	
21044	0	23324	29660	37408	
21045	0	23304	29653	37384	
21046	0	23292	29828	37388	
21047	0	23276	29816	37480	
21048	0	23260	29888	37568	
21049	0	23256	29720	37348	
21050	0	23240	29628	37796	
21051	0	23228	29648	37888	
21052	0	23218	29516	37728	
21053	0	23208	29356	38158	
21054	0	23208	29728	37988	
21055	0	23200	29525	37933	
21056	0	23192	29372	38744	
21057	0	23184	29549	38029	
21058	0	23184	29340	38468	
21059	0	23180	29441	38252	
21060	0	23176	29400	38344	
21061	0	23172	29480	38244	
21062	0	23172	29333	39184	
21063	0	23169	28960	39140	
21064	0	23168	28722	39444	
21065	0	23168	28616	39972	
21066	0	23172	28120	39324	
21067	0	23173	28096	37996	
21068	0	23172	28672	38416	
21069	0	23172	28676	40249	
21070	0	23176	28612	41104	
21071	0	23184	28388	40901	
21072	0	23189	28388	41560	
21073	0	23196	29165	44916	
21074	0	23193	24128	44972	
21075	0	23204	23896	44748	
21076	0	23212	30392	41364	
21077	0	23220	28558	41128	
21078	0	23224	26828	42520	
21079	0	23237	27304	44057	
21080	0	23244	27352	44248	
21081	0	23256	27156	43676	
21082	0	23264	27161	43096	
21083	0	23272	26792	42988	
21084	0	23280	25404	42972	
21085	0	23296	26048	43840	
21086	0	23306	26213	43168	
21087	0	23317	26621	44708	
21088	0	23332	26508	45724	
21089	0	23341	26408	46016	
21090	0	23357	25940	45856	
21091	0	23368	26016	45712	
21092	0	23377	28152	45776	
21093	0	23394	29441	45092	
21094	0	23406	27668	43544	
21095	0	23420	24921	43880	
21096	0	23436	26804	45842	
21097	0	23452	30428	45792	
21098	0	23476	33572	44668	
21099	0	23488	35189	43793	
21100	0	23496	39521	41530	
21101	0	23508	36024	36448	
21102	0	23536	33706	34388	
21103	0	23550	33648	34456	
21104	0	23568	36448	36508	
21105	0	23592	38336	38524	
21106	0	23616	38096	39212	
21107	0	23632	36868	40280	
21108	0	23648	35969	41296	
21109	0	23676	35652	41196	
21110	0	23692	35624	40244	
21111	0	23720	35652	39264	
21112	0	23744	35684	38748	
21113	0	23776	35600	38380	
21114	0	23794	35500	37952	
21115	0	23818	35448	37424	
21116	0	23852	35404	36968	
21117	0	23884	35324	36808	
21118	0	23908	35168	36992	
21119	0	23948	34905	37256	
21120	0	23980	34618	37616	
21121	0	24008	34332	37916	
21122	0	24040	34032	38228	
21123	0	24080	33740	38480	
21124	0	24120	33400	38768	
21125	0	24152	33000	39032	
21126	0	24192	32680	39144	
21127	0	24240	32280	39316	
21128	0	24284	32008	39508	
21129	0	24316	31648	39516	
21130	0	24368	31328	39524	
21131	0	24416	31056	39524	
21132	0	24452	30776	39473	
21133	0	24504	30416	39540	
21134	0	24560	29632	39456	
21135	0	24608	28923	39212	
21136	0	24662	28822	39520	
21137	0	24716	29333	40416	
21138	0	24768	28076	40160	
21139	0	24824	27976	40272	
21140	0	24880	27496	40332	
21141	0	24940	27148	40472	
21142	0	25002	26864	40720	
21143	0	25060	26612	40924	
21144	0	25124	26197	41172	
21145	0	25184	24356	40784	
21146	0	25248	26332	42056	
21147	0	25308	25384	42196	
21148	0	25380	24932	42308	
21149	0	25448	24668	42288	
21150	0	25520	24396	42216	
21151	0	25592	24128	42236	
21152	0	25656	23840	42280	
21153	0	25732	23524	42320	
21154	0	25800	23196	42328	
21155	0	25882	22877	42084	
21156	0	25952	22594	41868	
21157	0	26028	22296	41612	
21158	0	26108	22029	41304	
21159	0	26184	21740	41000	
21160	0	26264	21461	40300	
21161	0	26340	21312	39485	
21162	0	26420	21368	38772	
21163	0	26505	21552	38112	
21164	0	26592	21808	37672	
21165	0	26669	20509	36952	
21166	0	26760	19512	36368	
21167	0	26848	21198	38152	
21168	0	26932	17161	42120	
21169	0	27020	16262	36428	
21170	0	27108	18576	34796	
21171	0	27200	19168	34089	
21172	0	27277	17858	34392	
21173	0	27372	16461	34176	
21174	0	27460	17878	32872	
21175	0	27552	17304	32349	
21176	0	27646	18173	33896	
21177	0	27740	16485	34020	
21178	0	27828	15389	31784	
21179	0	27930	16644	30988	
21180	0	28020	16632	29596	
21181	0	28120	16790	30052	
21182	0	28208	16920	29984	
21183	0	28304	16982	29617	
21184	0	28408	17314	28712	
21185	0	28504	17436	31116	
21186	0	28604	17821	31460	
21187	0	28700	18500	31144	
21188	0	28800	18028	32108	
21189	0	28900	18357	31644	
21190	0	29004	18304	32240	
21191	0	29101	18276	32778	
21192	0	29208	18748	31864	
21193	0	29316	18172	31816	
21194	0	29410	19958	36912	
21195	0	29516	23488	37904	
21196	0	29620	26152	40310	
21197	0	29728	28576	42424	
21198	0	29832	28024	42968	
21199	0	29932	26674	41572	
21200	0	30044	26196	39440	
21201	0	30152	26084	37556	
21202	0	30264	26788	36552	
21203	0	30368	26841	36332	
21204	0	30481	27116	37324	
21205	0	30590	29084	35868	
21206	0	30692	27321	37464	
21207	0	30808	26904	36440	
21208	0	30924	29436	37152	
21209	0	31040	30872	37264	
21210	0	31148	29452	37348	
21211	0	31268	28188	36948	
21212	0	31376	28644	36996	
21213	0	31496	29320	37356	
21214	0	31608	29292	37688	
21215	0	31736	29280	37712	
21216	0	31852	29380	37597	
21217	0	31968	29352	37449	
21218	0	32088	29372	37280	
21219	0	32208	29408	37244	
21220	0	32336	29421	37344	
21221	0	32460	29396	37534	
21222	0	32584	29356	37700	
21223	0	32704	29388	37804	
21224	0	32832	29404	37792	
21225	0	32954	29476	37708	
21226	0	33088	29520	37552	
21227	0	33216	29709	37464	
21228	0	33345	29700	37332	
21229	0	33476	29472	37524	
21230	0	33604	29416	37285	
21231	0	33736	29309	37238	
21232	0	33876	29336	37112	
21233	0	34008	29406	37100	
21234	0	34144	29480	37100	
21235	0	34284	29480	37128	
21236	0	34420	29460	37112	
21237	0	34560	29520	37245	
21238	0	34712	29536	37148	
21239	0	34844	29592	37152	
21240	0	34992	29484	37136	
21241	0	35132	29604	37096	
21242	0	35286	29640	36952	
21243	0	35428	29786	36808	
21244	0	35568	29836	36692	
21245	0	35724	29832	36632	
21246	0	35876	29836	36768	
21247	0	36016	29796	36872	
21248	0	36172	29704	37176	
21249	0	36324	29740	37272	
21250	0	36476	29688	37312	
21251	0	36632	29768	37360	
21252	0	36777	29760	37341	
21253	0	36932	29789	37213	
21254	0	37084	29736	37216	
21255	0	37224	29741	37168	
21256	0	37380	29732	37256	
21257	0	37536	29866	37296	
21258	0	37688	29672	37404	
21259	0	37844	29600	37336	
21260	0	37984	29764	37261	
21261	0	38136	29536	37344	
21262	0	38280	29601	37112	
21263	0	38428	29604	37072	
21264	0	38585	29656	36852	
21265	0	38724	29522	36868	
21266	0	38864	29504	36776	
21267	0	39012	29556	36592	
21268	0	39156	29560	36616	
21269	0	39289	29768	36600	
21270	0	39436	29801	36896	
21271	0	39568	29704	37124	
21272	0	39708	29632	37553	
21273	0	39840	29560	37861	
21274	0	39976	29585	38364	
21275	0	40116	29792	38416	
21276	0	40240	29780	38604	
21277	0	40380	29676	38492	
21278	0	40512	29308	38260	
21279	0	40632	28968	37860	
21280	0	40764	28872	37605	
21281	0	40888	28876	37420	
21282	0	41004	29038	36952	
21283	0	41128	29356	36792	
21284	0	41248	29608	36392	
21285	0	41364	29324	35924	
21286	0	41480	28720	37444	
21287	0	41604	28897	35244	
21288	0	41708	28436	35648	
21289	0	41820	28832	35624	
21290	0	41936	30557	35032	
21291	0	42032	30400	35896	
21292	0	42144	29368	36680	
21293	0	42240	29924	37440	
21294	0	42344	29004	38672	
21295	0	42444	28888	39468	
21296	0	42540	26657	40248	
21297	0	42636	28264	40752	
21298	0	42724	26680	40720	
21299	0	42820	27392	41476	
21300	0	42908	27436	41524	
21301	0	43000	27600	40704	
21302	0	43080	28525	40968	
21303	0	43168	28084	39532	
21304	0	43244	28356	39596	
21305	0	43328	28360	39168	
21306	0	43404	28540	39289	
21307	0	43488	28288	39652	
21308	0	43560	28144	40424	
21309	0	43628	28168	41452	
21310	0	43692	28384	42652	
21311	0	43764	28656	44080	
21312	0	43836	28444	45524	
21313	0	43896	28164	46640	
21314	0	43968	27952	47640	
21315	0	44016	28048	48772	
21316	0	44080	27677	49876	
21317	0	44136	28112	50756	
21318	0	44188	29348	50984	
21319	0	44248	30176	50720	
21320	0	44296	30656	49792	
21321	0	44344	30676	47904	
21322	0	44396	30368	45804	
21323	0	44444	30128	43216	
21324	0	44480	31548	38512	
21325	0	44517	34472	34896	
21326	0	44564	37776	32720	
21327	0	44600	42208	32128	
21328	0	44640	48420	33800	
21329	0	44668	52928	34140	
21330	0	44708	52520	33746	
21331	0	44744	46164	35516	
21332	0	44768	41912	39260	
21333	0	44800	41184	44056	
21334	0	44832	42832	44296	
21335	0	44848	43805	42168	
21336	0	44876	41664	41068	
21337	0	44896	39372	39672	
21338	0	44908	39072	36944	
21339	0	44928	38840	35212	
21340	0	44948	39564	33920	
21341	0	44972	38348	33600	
21342	0	44976	37518	33488	
21343	0	44988	36664	33796	
21344	0	44996	36000	34364	
21345	0	45008	35596	34876	
21346	0	45016	35028	35241	
21347	0	45016	34373	35680	
21348	0	45016	33752	35892	
21349	0	45016	33025	35812	
21350	0	45024	32276	35528	
21351	0	45024	31440	35192	
21352	0	45016	30512	35296	
21353	0	45008	30480	34212	
21354	0	45004	29580	34020	
21355	0	44996	29092	33556	
21356	0	44984	28660	33048	
21357	0	44984	28048	32908	
21358	0	44964	27220	33044	
21359	0	44952	26358	33084	
21360	0	44928	25456	33152	
21361	0	44916	24744	32876	
21362	0	44896	24136	33056	
21363	0	44876	23095	33248	
21364	0	44852	22264	32320	
21365	0	44832	20794	32104	
21366	0	44816	21716	30152	
21367	0	44780	20800	29514	
21368	0	44756	22069	28128	
21369	0	44736	19922	27404	
21370	0	44700	19025	26860	
21371	0	44676	18822	27164	
21372	0	44636	18538	27770	
21373	0	44608	18694	27980	
21374	0	44572	17935	28668	
21375	0	44544	17634	29062	
21376	0	44500	17722	29404	
21377	0	44468	18013	29969	
21378	0	44424	18394	30596	
21379	0	44388	17800	31936	
21380	0	44345	18532	31825	
21381	0	44304	18489	32596	
21382	0	44256	18724	32892	
21383	0	44220	18832	33636	
21384	0	44168	19441	32888	
21385	0	44120	19660	33437	
21386	0	44072	20232	32865	
21387	0	44020	20374	33508	
21388	0	43960	20630	33700	
21389	0	43916	21249	32836	
21390	0	43860	21460	33628	
21391	0	43808	22072	32628	
21392	0	43748	22368	33396	
21393	0	43688	22832	32797	
21394	0	43624	13840	39200	
21395	0	43568	24532	34725	
21396	0	43504	29068	36268	
21397	0	43452	22728	36396	
21398	0	43380	9413	30804	
21399	0	43320	15346	32810	
21400	0	43252	33120	38660	
21401	0	43180	34888	40928	
21402	0	43104	29549	39508	
21403	0	43040	30572	40960	
21404	0	42972	32992	45032	
21405	0	42892	29712	47876	
21406	0	42816	26852	45788	
21407	0	42740	27586	40161	
21408	0	42672	28912	37936	
21409	0	42596	27656	36064	
21410	0	42512	26940	35128	
21411	0	42452	28700	37692	
21412	0	42356	29176	39540	
21413	0	42288	29029	38724	
21414	0	42212	15849	41026	
21415	0	42120	30716	38180	
21416	0	42040	27588	40208	
21417	0	41952	24344	49980	
21418	0	41868	27314	48896	
21419	0	41780	28836	48692	
21420	0	41700	31100	46920	
21421	0	41616	31360	43480	
21422	0	41528	30556	40956	
21423	0	41436	28857	38796	
21424	0	41344	28420	37853	
21425	0	41264	28705	37744	
21426	0	41160	28964	37804	
21427	0	41080	28745	37761	
21428	0	40988	28528	37488	
21429	0	40896	28498	37072	
21430	0	40800	28740	36408	
21431	0	40704	29256	35956	
21432	0	40616	29477	36152	
21433	0	40520	29685	36532	
21434	0	40412	29780	36852	
21435	0	40324	29872	36688	
21436	0	40220	29900	36324	
21437	0	40136	29844	35792	
21438	0	40028	29797	35624	
21439	0	39928	29766	35796	
21440	0	39832	29721	36192	
21441	0	39732	29664	36676	
21442	0	39632	29596	37096	
21443	0	39524	29569	37212	
21444	0	39420	29616	37444	
21445	0	39316	29620	37720	
21446	0	39212	29616	37564	
21447	0	39112	29528	37064	
21448	0	39004	29240	37088	
21449	0	38900	29668	36180	
21450	0	38796	29696	36201	
21451	0	38676	29680	36508	
21452	0	38584	29232	37384	
21453	0	38464	29809	36664	
21454	0	38360	29532	37161	
21455	0	38252	28736	38008	
21456	0	38140	29348	37298	
21457	0	38032	28181	39132	
21458	0	37917	29204	37680	
21459	0	37804	29374	37284	
21460	0	37692	28740	38556	
21461	0	37576	28972	37980	
21462	0	37464	28836	38336	
21463	0	37352	28948	38264	
21464	0	37244	28944	38164	
21465	0	37128	28796	38384	
21466	0	37008	28508	38692	
21467	0	36892	28408	39052	
21468	0	36776	28257	39140	
21469	0	36664	28460	38756	
21470	0	36544	28584	38128	
21471	0	36436	28654	37488	
21472	0	36308	28404	36872	
21473	0	36192	28496	37088	
21474	0	36080	28964	36912	
21475	0	35952	29288	36857	
21476	0	35840	29301	37196	
21477	0	35717	29220	37912	
21478	0	35604	28938	38720	
21479	0	35488	28752	39608	
21480	0	35372	28488	41012	
21481	0	35252	28520	42576	
21482	0	35136	28044	44345	
21483	0	35016	28065	45728	
21484	0	34893	27476	47652	
21485	0	34776	27380	49022	
21486	0	34660	27444	49868	
21487	0	34540	28213	50676	
21488	0	34432	28816	51272	
21489	0	34312	28888	51232	
21490	0	34192	28604	51328	
21491	0	34084	28113	50624	
21492	0	33960	29168	49920	
21493	0	33848	30377	48800	
21494	0	33724	31504	46872	
21495	0	33620	32084	45124	
21496	0	33509	32361	41644	
21497	0	33384	33688	40148	
21498	0	33277	35260	37296	
21499	0	33168	37632	34892	
21500	0	33052	40465	34945	
21501	0	32948	46064	35432	
21502	0	32836	49988	35044	
21503	0	32728	48280	34997	
21504	0	32620	44380	34852	
21505	0	32504	42304	35156	
21506	0	32392	42384	36120	
21507	0	32288	42736	37708	
21508	0	32176	42508	37980	
21509	0	32068	41884	37772	
21510	0	31970	41128	37660	
21511	0	31852	40364	37044	
21512	0	31744	39972	36368	
21513	0	31648	39528	35772	
21514	0	31536	38988	35388	
21515	0	31440	38432	35188	
21516	0	31320	37996	35029	
21517	0	31224	37484	35108	
21518	0	31132	36972	35292	
21519	0	31016	36424	35500	
21520	0	30904	35861	35780	
21521	0	30812	35252	35936	
21522	0	30708	34589	36164	
21523	0	30605	33744	36396	
21524	0	30500	32736	36392	
21525	0	30400	31808	35900	
21526	0	30296	30700	35700	
21527	0	30192	29628	35654	
21528	0	30096	28644	35444	
21529	0	29996	27720	35228	
21530	0	29884	26792	35016	
21531	0	29788	26305	34008	
21532	0	29692	25504	33744	
21533	0	29588	24441	33608	
21534	0	29496	23784	33560	
21535	0	29396	22584	33856	
21536	0	29292	20932	34200	
21537	0	29192	19000	36448	
21538	0	29097	19729	34668	
21539	0	28984	20156	33356	
21540	0	28900	19420	33280	
21541	0	28801	18584	32104	
21542	0	28708	16644	32948	
21543	0	28610	14651	34448	
21544	0	28517	16738	30780	
21545	0	28424	16209	29996	
21546	0	28324	13038	32305	
21547	0	28229	14757	30405	
21548	0	28140	14294	29612	
21549	0	28044	13713	30032	
21550	0	27952	14416	28472	
21551	0	27860	13468	29696	
21552	0	27768	14248	27877	
21553	0	27673	13929	29250	
21554	0	27580	13460	32108	
21555	0	27489	15324	28789	
21556	0	27404	15766	30336	
21557	0	27309	16562	30253	
21558	0	27216	17334	30544	
21559	0	27128	18149	30809	
21560	0	27033	18933	31084	
21561	0	26952	19928	31730	
21562	0	26864	20961	32205	
21563	0	26780	21920	32624	
21564	0	26692	22748	33078	
21565	0	26608	23484	33604	
21566	0	26516	24065	34048	
21567	0	26432	24626	34736	
21568	0	26352	24961	35268	
21569	0	26268	25112	35200	
21570	0	26180	25836	37736	
21571	0	26092	25576	35844	
21572	0	26016	26884	39588	
21573	0	25940	25732	35589	
21574	0	25852	27820	39016	
21575	0	25773	25220	49736	
21576	0	25696	36848	43064	
21577	0	25621	41280	42016	
21578	0	25540	32148	45408	
21579	0	25464	20524	33808	
21580	0	25392	11606	25488	
21581	0	25308	24876	30860	
21582	0	25244	38824	33876	
21583	0	25168	31084	30008	
21584	0	25100	22684	31780	
21585	0	25024	26000	33817	
21586	0	24956	28216	39512	
21587	0	24890	28437	44288	
21588	0	24820	28692	40984	
21589	0	24754	31064	37964	
21590	0	24692	31228	37264	
21591	0	24617	30232	37836	
21592	0	24556	28660	38580	
21593	0	24496	29064	40104	
21594	0	24430	29128	39256	
21595	0	24369	28852	38344	
21596	0	24304	28512	37764	
21597	0	24244	29100	36808	
21598	0	24184	29816	34385	
21599	0	24132	30460	34372	
21600	0	24072	16250	38304	
21601	0	24012	37284	41488	
21602	0	23957	27958	48120	
21603	0	23905	22792	52716	
21604	0	23842	28414	51424	
21605	0	23792	35328	47160	
21606	0	23742	34400	42912	
21607	0	23689	30600	40208	
21608	0	23632	27832	38488	
21609	0	23585	28840	36552	
21610	0	23529	29968	35600	
21611	0	23481	29172	35512	
21612	0	23426	29160	35828	
21613	0	23388	29928	36480	
21614	0	23340	29940	37644	
21615	0	23290	29608	38444	
21616	0	23240	29632	38510	
21617	0	23192	29805	38365	
21618	0	23140	29980	37941	
21619	0	23104	30080	37532	
21620	0	23060	30064	37228	
21621	0	23016	29860	37100	
21622	0	22968	29817	37080	
21623	0	22933	30017	37036	
21624	0	22880	30188	36928	
21625	0	22848	30120	36978	
21626	0	22800	30202	37072	
21627	0	22761	30240	36956	
21628	0	22721	29560	37588	
21629	0	22680	30028	37484	
21630	0	22644	30424	37268	
21631	0	22606	30793	37120	
21632	0	22564	29736	38768	
21633	0	22524	29552	39712	
21634	0	22492	30240	38408	
21635	0	22454	29664	39081	
21636	0	22413	29580	38356	
21637	0	22380	29825	37432	
21638	0	22348	29916	36932	
21639	0	22316	30008	36808	
21640	0	22281	29913	36476	
21641	0	22252	29868	36096	
21642	0	22220	29608	36104	
21643	0	22186	29328	37896	
21644	0	22160	29836	36233	
21645	0	22136	30264	35708	
21646	0	22098	29672	38620	
21647	0	22076	30064	36724	
21648	0	22048	30076	36420	
21649	0	22024	29348	39080	
21650	0	22000	29328	39340	
21651	0	21973	29176	39240	
21652	0	21952	28936	39063	
21653	0	21932	28778	39532	
21654	0	21912	28704	39920	
21655	0	21884	29024	38336	
21656	0	21868	28552	39732	
21657	0	21852	28882	38412	
21658	0	21829	28800	37744	
21659	0	21820	28520	38624	
21660	0	21801	28588	37877	
21661	0	21789	28848	37616	
21662	0	21774	29032	37072	
21663	0	21768	29264	37584	
21664	0	21753	29888	37860	
21665	0	21736	30360	38112	
21666	0	21736	29940	39153	
21667	0	21728	29532	40272	
21668	0	21724	29008	41521	
21669	0	21716	27968	43660	
21670	0	21704	27864	44816	
21671	0	21704	26976	47324	
21672	0	21704	26840	48804	
21673	0	21696	26732	50292	
21674	0	21696	27760	51140	
21675	0	21698	28344	51488	
21676	0	21698	28788	51920	
21677	0	21696	29370	52120	
21678	0	21704	29692	52344	
21679	0	21716	31013	53824	
21680	0	21717	32821	47716	
21681	0	21720	33936	48728	
21682	0	21734	34000	46212	
21683	0	21738	34120	42956	
21684	0	21749	33324	39044	
21685	0	21760	34012	38632	
21686	0	21784	36334	36904	
21687	0	21786	38716	34276	
21688	0	21804	48612	34577	
21689	0	21828	54592	32888	
21690	0	21844	54544	32152	
21691	0	21864	48384	32284	
21692	0	21880	47108	34082	
21693	0	21913	48632	36772	
21694	0	21928	49176	40552	
21695	0	21952	48024	42132	
21696	0	21981	45840	41700	
21697	0	22012	44136	40345	
21698	0	22042	42224	38988	
21699	0	22080	40536	37116	
21700	0	22104	40176	35040	
21701	0	22148	39532	33780	
21702	0	22184	38516	33368	
21703	0	22216	37480	33304	
21704	0	22264	36636	33664	
21705	0	22312	36128	34396	
21706	0	22352	35520	34920	
21707	0	22404	34592	35408	
21708	0	22452	33613	35956	
21709	0	22498	32568	36152	
21710	0	22556	31800	35968	
21711	0	22614	30740	36260	
21712	0	22668	29784	36336	
21713	0	22724	28929	36552	
21714	0	22794	27934	35520	
21715	0	22848	27008	34912	
21716	0	22915	26556	34476	
21717	0	22972	26012	34593	
21718	0	23052	25403	34396	
21719	0	23120	24257	35300	
21720	0	23192	22584	35612	
21721	0	23269	22472	34396	
21722	0	23340	21345	34328	
21723	0	23424	20232	33848	
21724	0	23496	19508	33452	
21725	0	23580	18444	33544	
21726	0	23672	17500	33392	
21727	0	23748	12438	39172	
21728	0	23837	15954	32876	
21729	0	23924	10081	45616	
21730	0	24016	16210	25538	
21731	0	24108	15371	33432	
21732	0	24208	14100	31472	
21733	0	24304	14241	30185	
21734	0	24398	13381	31788	
21735	0	24500	14112	30153	
21736	0	24605	14164	31392	
21737	0	24708	14440	30660	
21738	0	24812	15052	29520	
21739	0	24914	15533	28676	
21740	0	25024	16056	27992	
21741	0	25140	16432	27404	
21742	0	25246	16877	29292	
21743	0	25356	17368	28821	
21744	0	25472	17916	29432	
21745	0	25584	18896	31128	
21746	0	25700	19288	29793	
21747	0	25816	19909	31020	
21748	0	25936	20329	30812	
21749	0	26056	20704	31308	
21750	0	26176	21333	31604	
21751	0	26296	23112	35636	
21752	0	26424	24168	44241	
21753	0	26540	31238	37516	
21754	0	26670	41800	46704	
21755	0	26789	20129	38324	
21756	0	26920	10714	28640	
21757	0	27040	21346	33608	
21758	0	27180	36024	43864	
21759	0	27308	35596	40668	
21760	0	27436	26608	33732	
21761	0	27560	27120	33584	
21762	0	27700	29496	38040	
21763	0	27828	28498	45072	
21764	0	27960	27044	47904	
21765	0	28097	28928	42132	
21766	0	28232	30788	38964	
21767	0	28368	29177	36268	
21768	0	28504	27976	37824	
21769	0	28640	28785	41249	
21770	0	28776	29944	39940	
21771	0	28912	29977	39616	
21772	0	29056	28992	40585	
21773	0	29200	28548	38884	
21774	0	29332	27452	36600	
21775	0	29480	21318	41901	
21776	0	29616	34596	34921	
21777	0	29756	28556	41792	
21778	0	29900	26753	43968	
21779	0	30048	27824	50000	
21780	0	30192	30960	49208	
21781	0	30333	31304	45856	
21782	0	30481	29332	42088	
21783	0	30628	28056	39600	
21784	0	30772	28248	37704	
21785	0	30914	29134	36872	
21786	0	31060	29540	35900	
21787	0	31212	29844	35432	
21788	0	31360	29488	36614	
21789	0	31508	29466	36460	
21790	0	31668	30080	36297	
21791	0	31808	29838	37376	
21792	0	31964	28881	40064	
21793	0	32112	29352	39001	
21794	0	32256	29340	36852	
21795	0	32404	29644	36084	
21796	0	32552	29400	36429	
21797	0	32696	29600	38248	
21798	0	32848	30092	35908	
21799	0	33000	29928	35656	
21800	0	33148	30008	35892	
21801	0	33296	29580	36216	
21802	0	33440	29385	36308	
21803	0	33588	29320	36396	
21804	0	33736	29664	36573	
21805	0	33882	29736	36836	
21806	0	34024	29624	37240	
21807	0	34176	29340	37668	
21808	0	34309	29064	37908	
21809	0	34448	29552	37096	
21810	0	34588	28600	38393	
21811	0	34728	28954	37992	
21812	0	34865	29408	37376	
21813	0	35008	28692	38116	
21814	0	35148	29081	37536	
21815	0	35274	29169	37140	
21816	0	35408	28980	37824	
21817	0	35548	29297	37300	
21818	0	35684	29292	37636	
21819	0	35808	29288	37604	
21820	0	35944	29057	38328	
21821	0	36068	28796	39168	
21822	0	36196	28564	39480	
21823	0	36320	28656	39312	
21824	0	36452	28881	38880	
21825	0	36572	28972	38636	
21826	0	36693	29016	39060	
21827	0	36816	29449	38842	
21828	0	36928	29736	38736	
21829	0	37048	29492	38732	
21830	0	37165	29166	38884	
21831	0	37280	28964	38986	
21832	0	37392	28765	39276	
21833	0	37500	28480	39868	
21834	0	37616	28156	40592	
21835	0	37728	27928	41272	
21836	0	37832	27892	42148	
21837	0	37944	27608	43632	
21838	0	38046	27780	44640	
21839	0	38152	27774	45721	
21840	0	38253	27676	46857	
21841	0	38352	27768	48144	
21842	0	38456	27992	48928	
21843	0	38560	28320	49240	
21844	0	38664	29304	50104	
21845	0	38756	29860	50588	
21846	0	38856	30540	50568	
21847	0	38956	31096	49812	
21848	0	39048	31776	49136	
21849	0	39144	32316	48064	
21850	0	39224	32900	45644	
21851	0	39332	34088	41676	
21852	0	39432	34284	39068	
21853	0	39520	36344	35480	
21854	0	39620	37516	33268	
21855	0	39704	41928	34856	
21856	0	39796	47540	33564	
21857	0	39892	47960	31736	
21858	0	39984	43500	32260	
21859	0	40068	40368	35252	
21860	0	40164	40660	37736	
21861	0	40248	40952	40424	
21862	0	40344	40964	40412	
21863	0	40432	40096	39636	
21864	0	40520	39392	37676	
21865	0	40616	39024	35732	
21866	0	40705	38768	33956	
21867	0	40792	38840	33136	
21868	0	40880	38664	32728	
21869	0	40964	38516	32464	
21870	0	41056	38356	32428	
21871	0	41144	38128	32692	
21872	0	41220	37828	33156	
21873	0	41312	37456	33765	
21874	0	41396	37164	34120	
21875	0	41472	36660	34497	
21876	0	41552	35796	34856	
21877	0	41632	34941	35272	
21878	0	41728	33984	35372	
21879	0	41808	33160	35502	
21880	0	41884	32529	35296	
21881	0	41972	31936	35088	
21882	0	42040	31280	34732	
21883	0	42116	30604	34657	
21884	0	42184	30024	34401	
21885	0	42264	29434	34113	
21886	0	42340	28773	33800	
21887	0	42416	28124	33408	
21888	0	42484	27420	33128	
21889	0	42556	26945	32760	
21890	0	42624	26605	32516	
21891	0	42688	25806	32820	
21892	0	42744	24800	33588	
21893	0	42816	24152	33721	
21894	0	42876	23364	33868	
21895	0	42952	20609	39396	
21896	0	43008	21705	32588	
21897	0	43064	22540	31380	
21898	0	43124	21677	32036	
21899	0	43180	20793	31224	
21900	0	43236	19660	35920	
21901	0	43292	19584	31480	
21902	0	43348	19017	32741	
21903	0	43392	18496	32569	
21904	0	43448	17737	30444	
21905	0	43496	16970	31744	
21906	0	43544	16800	30304	
21907	0	43592	16718	31348	
21908	0	43644	16289	34616	
21909	0	43684	16318	29312	
21910	0	43736	16104	30272	
21911	0	43784	15193	35432	
21912	0	43828	16396	28524	
21913	0	43872	16180	29656	
21914	0	43908	15212	32500	
21915	0	43948	16897	28636	
21916	0	43988	16304	30316	
21917	0	44032	17890	28236	
21918	0	44068	17856	29368	
21919	0	44108	18424	29840	
21920	0	44140	19293	29945	
21921	0	44184	20045	30404	
21922	0	44224	20649	30636	
21923	0	44244	21081	30824	
21924	0	44280	16138	36810	
21925	0	44308	26548	42508	
21926	0	44348	37724	38720	
21927	0	44364	33584	37636	
21928	0	44404	11460	34746	
21929	0	44448	14988	31844	
21930	0	44468	25814	31204	
21931	0	44496	30409	32064	
21932	0	44524	30232	40241	
21933	0	44552	28808	43876	
21934	0	44584	29220	47848	
21935	0	44600	28284	51968	
21936	0	44632	26668	46936	
21937	0	44656	28028	38116	
21938	0	44680	28252	35544	
21939	0	44704	28668	36568	
21940	0	44728	29992	37036	
21941	0	44744	24192	39004	
21942	0	44772	35230	30832	
21943	0	44788	33036	38900	
21944	0	44816	26737	52176	
21945	0	44844	28520	50589	
21946	0	44864	31420	46776	
21947	0	44876	31260	42292	
21948	0	44888	28988	38132	
21949	0	44908	28264	35636	
21950	0	44936	29260	35296	
21951	0	44948	29912	34913	
21952	0	44968	29768	35432	
21953	0	44988	29580	36588	
21954	0	44992	29548	37608	
21955	0	45016	29456	38112	
21956	0	45024	29316	38164	
21957	0	45036	29462	37952	
21958	0	45048	29828	37488	
21959	0	45048	30028	36916	
21960	0	45064	30076	36313	
21961	0	45084	30116	35980	
21962	0	45084	30157	35956	
21963	0	45080	30104	36196	
21964	0	45096	29984	36716	
21965	0	45096	29870	37400	
21966	0	45096	29721	37908	
21967	0	45108	29491	38112	
21968	0	45104	29700	37712	
21969	0	45112	30103	36893	
21970	0	45104	29860	36913	
21971	0	45108	30376	35932	
21972	0	45092	30196	36004	
21973	0	45100	30080	36160	
21974	0	45092	29964	36428	
21975	0	45084	29812	36772	
21976	0	45084	29620	36992	
21977	0	45080	29488	37204	
21978	0	45072	29485	37337	
21979	0	45068	29581	37540	
21980	0	45056	29540	37356	
21981	0	45048	27741	39260	
21982	0	45036	29784	36960	
21983	0	45036	29673	37068	
21984	0	45024	29920	36372	
21985	0	45016	29664	36940	
21986	0	45008	27820	39728	
21987	0	45000	29834	36814	
21988	0	44988	27552	40220	
21989	0	44984	29636	36688	
21990	0	44964	29592	36660	
21991	0	44960	29668	37152	
21992	0	44944	30792	35556	
21993	0	44936	26209	41244	
21994	0	44936	29848	36436	
21995	0	44924	30696	35312	
21996	0	44908	27220	40772	
21997	0	44908	29898	36036	
21998	0	44900	28060	37812	
21999	0	44888	29604	36646	
22000	0	44876	30516	35432	
22001	0	44864	29208	37844	
22002	0	44852	29672	37132	
22003	0	44856	26788	41156	
22004	0	44832	28956	38424	
22005	0	44832	29164	37760	
22006	0	44816	28224	39976	
22007	0	44808	29248	39004	
22008	0	44808	27480	40912	
22009	0	44792	29353	40504	
22010	0	44776	28736	41853	
22011	0	44776	27738	43148	
22012	0	44764	28897	43576	
22013	0	44752	28980	44676	
22014	0	44748	28884	45596	
22015	0	44744	28960	46360	
22016	0	44720	28892	47321	
22017	0	44720	28917	48204	
22018	0	44720	28916	49012	
22019	0	44704	29309	49528	
22020	0	44700	30160	49152	
22021	0	44688	30468	49280	
22022	0	44680	30912	49056	
22023	0	44668	31268	49088	
22024	0	44660	32228	48976	
22025	0	44652	32900	48088	
22026	0	44652	33617	45504	
22027	0	44636	35174	43328	
22028	0	44624	36508	40053	
22029	0	44612	37628	36492	
22030	0	44608	39852	37520	
22031	0	44588	42012	38156	
22032	0	44584	42336	39268	
22033	0	44572	40544	43596	
22034	0	44548	39204	39632	
22035	0	44544	38580	36952	
22036	0	44536	38660	38016	
22037	0	44520	39080	40540	
22038	0	44504	38816	41200	
22039	0	44472	38460	39872	
22040	0	44464	37940	38548	
22041	0	44456	37176	37720	
22042	0	44440	37412	36392	
22043	0	44412	37292	35720	
22044	0	44393	37388	35008	
22045	0	44376	37624	34440	
22046	0	44340	37740	34304	
22047	0	44316	37593	34596	
22048	0	44284	37208	35140	
22049	0	44260	36788	35776	
22050	0	44228	36524	36201	
22051	0	44192	36300	36392	
22052	0	44160	36040	36472	
22053	0	44128	35660	36532	
22054	0	44080	35200	36496	
22055	0	44048	34768	36500	
22056	0	43996	34368	36612	
22057	0	43956	33980	36840	
22058	0	43904	33530	37192	
22059	0	43852	33040	37636	
22060	0	43800	32556	38004	
22061	0	43744	31332	38732	
22062	0	43684	31716	38464	
22063	0	43621	31680	38148	
22064	0	43560	30292	38880	
22065	0	43496	30532	38620	
22066	0	43420	29496	39036	
22067	0	43352	28942	39417	
22068	0	43280	28605	39788	
22069	0	43212	28296	39960	
22070	0	43124	27974	40068	
22071	0	43040	27604	40232	
22072	0	42957	27106	40600	
22073	0	42872	26424	41356	
22074	0	42780	25857	41616	
22075	0	42688	24508	43414	
22076	0	42600	24228	43144	
22077	0	42496	20530	45292	
22078	0	42396	22316	43884	
22079	0	42300	19625	44512	
22080	0	42200	20008	43864	
22081	0	42088	20928	42652	
22082	0	41984	16664	42828	
22083	0	41872	16860	41816	
22084	0	41760	18594	40656	
22085	0	41652	15900	42156	
22086	0	41536	15776	41540	
22087	0	41412	15752	40556	
22088	0	41304	15820	39672	
22089	0	41176	16436	38940	
22090	0	41056	17025	38368	
22091	0	40936	17636	37884	
22092	0	40804	18253	37484	
22093	0	40680	18388	37620	
22094	0	40552	20621	36800	
22095	0	40420	18812	37584	
22096	0	40292	18396	37569	
22097	0	40148	18273	36836	
22098	0	40016	18224	35408	
22099	0	39872	18033	33856	
22100	0	39744	19156	33344	
22101	0	39592	14786	31400	
22102	0	39456	19810	32736	
22103	0	39324	18921	32228	
22104	0	39172	19226	31772	
22105	0	39032	19949	31332	
22106	0	38880	20802	31208	
22107	0	38732	21696	31332	
22108	0	38584	22624	31684	
22109	0	38440	18827	42196	
22110	0	38288	8312	46548	
22111	0	38140	21180	20076	
22112	0	37988	26900	45444	
22113	0	37828	20340	36896	
22114	0	37680	16472	36952	
22115	0	37524	20084	46660	
22116	0	37368	25072	44693	
22117	0	37213	29153	42372	
22118	0	37056	24840	41580	
22119	0	36900	22484	38828	
22120	0	36740	25096	44372	
22121	0	36580	16976	36440	
22122	0	36420	11044	31044	
22123	0	36260	20704	32048	
22124	0	36104	29572	33868	
22125	0	35948	34488	39008	
22126	0	35788	28536	36328	
22127	0	35628	26392	36328	
22128	0	35464	28197	37409	
22129	0	35300	29284	38512	
22130	0	35144	27488	36960	
22131	0	34984	26656	35560	
22132	0	34824	28789	35592	
22133	0	34660	29392	35496	
22134	0	34500	29128	35792	
22135	0	34340	29288	36688	
22136	0	34184	29372	36984	
22137	0	34012	29180	36924	
22138	0	33852	28920	37088	
22139	0	33696	28929	37716	
22140	0	33536	28808	38380	
22141	0	33380	29084	38632	
22142	0	33216	29402	38009	
22143	0	33061	29424	37440	
22144	0	32900	29056	36492	
22145	0	32740	28908	35716	
22146	0	32588	29032	35256	
22147	0	32436	28964	35136	
22148	0	32281	28888	35332	
22149	0	32125	29072	35672	
22150	0	31972	29113	36229	
22151	0	31816	28916	36704	
22152	0	31660	28532	37192	
22153	0	31516	28317	37340	
22154	0	31364	28396	37252	
22155	0	31220	28728	36752	
22156	0	31068	29321	36196	
22157	0	30928	29780	35936	
22158	0	30784	30036	35912	
22159	0	30648	29837	36312	
22160	0	30500	29462	36909	
22161	0	30360	29058	37228	
22162	0	30224	28756	37672	
22163	0	30088	28624	37812	
22164	0	29948	28640	37804	
22165	0	29814	28753	37456	
22166	0	29678	29152	37440	
22167	0	29548	29116	37064	
22168	0	29412	28952	37148	
22169	0	29286	29132	37005	
22170	0	29156	28954	36868	
22171	0	29040	29020	36788	
22172	0	28908	28896	36608	
22173	0	28784	29058	36396	
22174	0	28664	28980	36432	
22175	0	28544	28944	36308	
22176	0	28424	28992	36252	
22177	0	28308	28910	36312	
22178	0	28196	28920	36424	
22179	0	28072	28956	36732	
22180	0	27964	28792	36748	
22181	0	27850	28556	36864	
22182	0	27740	28461	37084	
22183	0	27628	28432	37416	
22184	0	27520	28218	37392	
22185	0	27417	28284	37001	
22186	0	27313	28162	37296	
22187	0	27201	28404	37617	
22188	0	27100	28596	37753	
22189	0	26996	28564	37600	
22190	0	26892	28536	37484	
22191	0	26792	28472	37569	
22192	0	26689	28472	37780	
22193	0	26594	28404	38176	
22194	0	26493	28056	38492	
22195	0	26392	27985	38664	
22196	0	26288	27871	38800	
22197	0	26193	27776	39818	
22198	0	26089	17648	44384	
22199	0	26000	31472	39996	
22200	0	25908	29844	37328	
22201	0	25808	29348	37144	
22202	0	25720	26469	39848	
22203	0	25616	26321	40996	
22204	0	25524	26328	41528	
22205	0	25432	25896	42104	
22206	0	25332	24800	43536	
22207	0	25236	24904	45104	
22208	0	25146	24344	46388	
22209	0	25048	23972	46848	
22210	0	24961	24017	46192	
22211	0	24865	24108	46016	
22212	0	24776	24148	45604	
22213	0	24684	24252	45737	
22214	0	24588	24352	46716	
22215	0	24500	24788	47252	
22216	0	24412	24992	46968	
22217	0	24328	24678	46438	
22218	0	24232	24290	46464	
22219	0	24139	24236	46584	
22220	0	24046	24073	47004	
22221	0	23954	24564	47800	
22222	0	23864	26820	48316	
22223	0	23776	29652	47864	
22224	0	23684	32612	46336	
22225	0	23594	35596	42384	
22226	0	23512	32476	38912	
22227	0	23420	23916	51328	
22228	0	23332	34544	49912	
22229	0	23240	42768	37312	
22230	0	23152	36880	32128	
22231	0	23068	33445	32040	
22232	0	22984	32077	33368	
22233	0	22892	34748	35844	
22234	0	22804	37304	38540	
22235	0	22728	37360	39048	
22236	0	22638	36104	40512	
22237	0	22554	34966	42400	
22238	0	22468	34198	42424	
22239	0	22393	33908	42044	
22240	0	22308	33920	41044	
22241	0	22228	34148	39872	
22242	0	22148	34424	39012	
22243	0	22073	34724	38336	
22244	0	21985	34648	38136	
22245	0	21905	34516	37693	
22246	0	21833	34260	37498	
22247	0	21748	34020	37444	
22248	0	21668	33804	37672	
22249	0	21596	33530	37972	
22250	0	21522	33160	38196	
22251	0	21440	32705	38356	
22252	0	21364	32192	38504	
22253	0	21292	31672	38672	
22254	0	21220	31150	38848	
22255	0	21148	30640	38852	
22256	0	21072	30252	38784	
22257	0	20992	30208	38528	
22258	0	20921	29625	38524	
22259	0	20854	28804	38400	
22260	0	20784	28408	38592	
22261	0	20714	27836	38816	
22262	0	20648	26476	39032	
22263	0	20574	27332	39152	
22264	0	20508	26660	39340	
22265	0	20442	26696	39292	
22266	0	20372	25708	39568	
22267	0	20312	25396	39556	
22268	0	20244	24664	39832	
22269	0	20180	23912	39872	
22270	0	20116	23476	39680	
22271	0	20056	23288	39484	
22272	0	19992	22984	39424	
22273	0	19932	22585	39520	
22274	0	19874	22204	39712	
22275	0	19812	21776	39928	
22276	0	19752	21424	39972	
22277	0	19696	21106	40168	
22278	0	19640	20820	40268	
22279	0	19588	20602	40568	
22280	0	19532	20318	40704	
22281	0	19477	19964	40576	
22282	0	19420	19600	40424	
22283	0	19377	19212	40164	
22284	0	19320	18720	40004	
22285	0	19276	18069	40112	
22286	0	19228	17368	40352	
22287	0	19184	16698	40400	
22288	0	19128	15944	40348	
22289	0	19086	15096	40081	
22290	0	19041	14593	39656	
22291	0	19004	11480	37844	
22292	0	18954	9104	40788	
22293	0	18924	6928	33844	
22294	0	18880	13396	33012	
22295	0	18840	12937	34364	
22296	0	18812	9816	29348	
22297	0	18769	10509	26538	
22298	0	18744	12624	27864	
22299	0	18713	14605	26745	
22300	0	18688	13562	26968	
22301	0	18644	11620	28428	
22302	0	18625	11887	28828	
22303	0	18601	12433	29190	
22304	0	18581	12731	29505	
22305	0	18546	12904	29292	
22306	0	18532	13176	28996	
22307	0	18514	12645	28624	
22308	0	18492	12096	28476	
22309	0	18476	11940	28084	
22310	0	18461	11748	27417	
22311	0	18445	12048	27064	
22312	0	18440	11509	27052	
22313	0	18428	11808	28404	
22314	0	18420	17873	31784	
22315	0	18412	23688	34388	
22316	0	18404	27084	36800	
22317	0	18404	28640	38392	
22318	0	18396	28401	38860	
22319	0	18400	28104	38136	
22320	0	18400	28728	36656	
22321	0	18405	29124	36192	
22322	0	18404	27388	37520	
22323	0	18416	29088	37076	
22324	0	18421	28728	36576	
22325	0	18440	28332	37920	
22326	0	18444	25660	35396	
22327	0	18457	25620	35444	
22328	0	18472	26526	35924	
22329	0	18492	28740	36720	
22330	0	18512	28774	36752	
22331	0	18528	28658	36524	
22332	0	18548	28276	36736	
22333	0	18572	28732	37084	
22334	0	18600	29184	37368	
22335	0	18628	29120	37304	
22336	0	18656	28952	36960	
22337	0	18688	29032	36752	
22338	0	18720	29028	36648	
22339	0	18752	29088	36792	
22340	0	18792	29252	36924	
22341	0	18824	29265	36980	
22342	0	18864	29204	37024	
22343	0	18916	29268	36964	
22344	0	18944	29333	36852	
22345	0	18996	29392	36696	
22346	0	19036	29476	36596	
22347	0	19084	29460	36568	
22348	0	19144	29420	36576	
22349	0	19192	29364	36676	
22350	0	19252	29324	36592	
22351	0	19302	29313	36620	
22352	0	19364	29270	36636	
22353	0	19428	29352	36772	
22354	0	19486	29376	36601	
22355	0	19550	29301	36696	
22356	0	19616	29364	36700	
22357	0	19680	29376	36552	
22358	0	19753	29416	36612	
22359	0	19821	29444	36604	
22360	0	19900	29456	36616	
22361	0	19972	29413	36560	
22362	0	20048	29420	36608	
22363	0	20120	29384	36656	
22364	0	20192	29384	36736	
22365	0	20276	29316	36792	
22366	0	20356	29345	36792	
22367	0	20440	29328	36792	
22368	0	20517	29356	36728	
22369	0	20596	29396	36640	
22370	0	20677	29428	36632	
22371	0	20764	29449	36600	
22372	0	20848	29432	36672	
22373	0	20928	29408	36628	
22374	0	21017	29376	36622	
22375	0	21100	29360	36640	
22376	0	21180	29376	36594	
22377	0	21268	29408	36568	
22378	0	21352	29380	36546	
22379	0	21428	29392	36560	
22380	0	21520	29364	36600	
22381	0	21600	29380	36624	
22382	0	21680	29340	36668	
22383	0	21762	29300	36724	
22384	0	21844	29242	36752	
22385	0	21924	29292	36744	
22386	0	22004	29292	36837	
22387	0	22084	29288	36700	
22388	0	22160	29292	36732	
22389	0	22252	29265	36853	
22390	0	22322	29224	36912	
22391	0	22400	29216	36920	
22392	0	22477	29208	36872	
22393	0	22562	29173	36888	
22394	0	22632	29204	36888	
22395	0	22712	29264	36840	
22396	0	22780	29240	36908	
22397	0	22852	29196	36880	
22398	0	22924	29140	37072	
22399	0	22988	29192	37136	
22400	0	23058	29276	37196	
22401	0	23132	29212	37668	
22402	0	23196	29372	37784	
22403	0	23264	29164	38484	
22404	0	23324	28090	39446	
22405	0	23384	27428	46052	
22406	0	23448	23984	46492	
22407	0	23508	23613	44868	
22408	0	23568	24152	40344	
22409	0	23628	24360	39648	
22410	0	23689	24656	42094	
22411	0	23744	26449	45112	
22412	0	23797	26020	45100	
22413	0	23848	27264	44160	
22414	0	23908	26352	44108	
22415	0	23956	25754	44032	
22416	0	24004	25038	45008	
22417	0	24060	24044	46700	
22418	0	24105	24124	47428	
22419	0	24160	24880	47100	
22420	0	24204	25672	46704	
22421	0	24252	25964	46052	
22422	0	24292	26533	45292	
22423	0	24341	27405	44616	
22424	0	24376	28174	44448	
22425	0	24425	30116	44152	
22426	0	24472	32608	44232	
22427	0	24510	35136	43308	
22428	0	24553	38468	43804	
22429	0	24588	38544	41720	
22430	0	24628	36716	40480	
22431	0	24662	35196	37876	
22432	0	24705	36249	39672	
22433	0	24740	37696	40404	
22434	0	24778	37604	41384	
22435	0	24816	36608	41980	
22436	0	24861	35820	42068	
22437	0	24884	35456	41288	
22438	0	24920	35632	40092	
22439	0	24960	35904	39072	
22440	0	24992	35981	38268	
22441	0	25040	35872	37932	
22442	0	25068	35737	37736	
22443	0	25104	35672	37608	
22444	0	25140	35564	37664	
22445	0	25174	35336	37696	
22446	0	25208	35052	37688	
22447	0	25242	34792	37604	
22448	0	25278	34564	37352	
22449	0	25320	34340	37088	
22450	0	25352	34109	36852	
22451	0	25385	33876	36594	
22452	0	25433	33656	36389	
22453	0	25472	33376	36288	
22454	0	25508	33072	36170	
22455	0	25545	32806	36056	
22456	0	25581	32512	36060	
22457	0	25624	32200	36009	
22458	0	25668	31874	36044	
22459	0	25704	31460	36072	
22460	0	25740	31032	36132	
22461	0	25792	29492	35060	
22462	0	25832	31024	36632	
22463	0	25872	29744	36132	
22464	0	25916	26124	34009	
22465	0	25960	29856	35920	
22466	0	26006	28556	35244	
22467	0	26058	28277	34937	
22468	0	26101	27978	34920	
22469	0	26148	27520	34452	
22470	0	26196	26192	32968	
22471	0	26248	27648	33320	
22472	0	26300	27316	33168	
22473	0	26350	26540	33312	
22474	0	26400	25808	34041	
22475	0	26460	25028	34741	
22476	0	26512	24296	35068	
22477	0	26572	23660	34800	
22478	0	26625	24368	35054	
22479	0	26688	23296	33752	
22480	0	26741	20437	30937	
22481	0	26804	24014	32333	
22482	0	26868	22916	31140	
22483	0	26929	22636	30540	
22484	0	26996	18665	28108	
22485	0	27060	23432	30416	
22486	0	27133	22414	30016	
22487	0	27200	22036	29956	
22488	0	27272	21733	30012	
22489	0	27344	21640	29844	
22490	0	27422	21576	29852	
22491	0	27493	21474	30040	
22492	0	27557	21725	29660	
22493	0	27652	21877	29613	
22494	0	27732	21941	29348	
22495	0	27804	22140	28872	
22496	0	27900	22424	28713	
22497	0	27980	22757	28832	
22498	0	28068	23016	29264	
22499	0	28153	23088	30028	
22500	0	28252	23084	30786	
22501	0	28344	23042	31426	
22502	0	28440	23001	31797	
22503	0	28536	23000	31848	
22504	0	28636	22972	31856	
22505	0	28729	22880	31888	
22506	0	28836	22732	32008	
22507	0	28940	25200	32184	
22508	0	29040	23064	32460	
22509	0	29144	22428	32844	
22510	0	29248	20564	33856	
22511	0	29364	23290	33037	
22512	0	29476	22884	33508	
22513	0	29572	21785	34425	
22514	0	29712	23508	33488	
22515	0	29824	23724	33662	
22516	0	29944	24080	33632	
22517	0	30061	24361	34049	
22518	0	30176	24660	34016	
22519	0	30296	24976	34384	
22520	0	30421	25469	35744	
22521	0	30544	25836	34625	
22522	0	30676	26140	34288	
22523	0	30796	26604	37128	
22524	0	30920	26536	34768	
22525	0	31048	28056	43188	
22526	0	31168	26997	46492	
22527	0	31297	33976	34760	
22528	0	31432	42984	47152	
22529	0	31564	23476	42004	
22530	0	31696	8064	21604	
22531	0	31824	22124	28060	
22532	0	31956	40732	40016	
22533	0	32088	34444	33716	
22534	0	32208	24284	32212	
22535	0	32352	26052	36914	
22536	0	32480	28788	45788	
22537	0	32616	29616	48608	
22538	0	32744	28724	42624	
22539	0	32876	30344	40612	
22540	0	33004	29748	38564	
22541	0	33140	26816	38256	
22542	0	33264	15837	28092	
22543	0	33404	30821	52996	
22544	0	33528	20548	54756	
22545	0	33657	24797	50636	
22546	0	33796	26648	49760	
22547	0	33920	29597	43960	
22548	0	34048	29744	40024	
22549	0	34176	28681	37092	
22550	0	34300	28501	34016	
22551	0	34424	29120	33488	
22552	0	34556	29744	34772	
22553	0	34676	29788	36224	
22554	0	34808	29540	37472	
22555	0	34940	29100	37673	
22556	0	35060	28748	36916	
22557	0	35180	28584	36462	
22558	0	35300	28676	36336	
22559	0	35428	29040	36240	
22560	0	35544	29440	36380	
22561	0	35680	29776	36296	
22562	0	35788	29844	36160	
22563	0	35904	29604	36080	
22564	0	36028	29292	36188	
22565	0	36144	29172	36376	
22566	0	36256	29141	36957	
22567	0	36368	29125	37386	
22568	0	36484	29112	37696	
22569	0	36600	28773	37748	
22570	0	36708	26808	38596	
22571	0	36808	29562	37244	
22572	0	36916	30808	36224	
22573	0	37024	28836	38920	
22574	0	37132	30184	36704	
22575	0	37234	27604	40336	
22576	0	37336	29472	36984	
22577	0	37440	27204	39536	
22578	0	37536	29512	36452	
22579	0	37636	27724	38220	
22580	0	37728	29856	35472	
22581	0	37820	29684	35732	
22582	0	37912	30688	34148	
22583	0	38004	29661	35776	
22584	0	38084	29404	36076	
22585	0	38176	29516	35560	
22586	0	38256	29240	36416	
22587	0	38341	27238	39036	
22588	0	38428	30008	35768	
22589	0	38512	28688	37616	
22590	0	38584	30128	36008	
22591	0	38664	25276	41316	
22592	0	38738	29112	37376	
22593	0	38816	27860	38928	
22594	0	38896	28348	38840	
22595	0	38968	28644	38024	
22596	0	39036	27984	39233	
22597	0	39105	28276	38720	
22598	0	39176	28160	38649	
22599	0	39236	27648	38996	
22600	0	39308	27497	38756	
22601	0	39380	27638	38558	
22602	0	39444	28424	38016	
22603	0	39504	28788	37348	
22604	0	39576	29216	37484	
22605	0	39636	28964	37025	
22606	0	39692	28972	37660	
22607	0	39756	29860	38496	
22608	0	39816	30152	39408	
22609	0	39888	29828	40744	
22610	0	39940	29120	42288	
22611	0	39996	28329	43420	
22612	0	40052	27934	44842	
22613	0	40128	27360	45744	
22614	0	40168	27008	47268	
22615	0	40236	26724	48772	
22616	0	40281	26836	50128	
22617	0	40344	26720	50492	
22618	0	40396	27436	50636	
22619	0	40448	27620	49448	
22620	0	40504	28512	48776	
22621	0	40556	29624	46592	
22622	0	40616	31112	42936	
22623	0	40672	32728	40060	
22624	0	40728	34040	37352	
22625	0	40780	36860	34996	
22626	0	40825	38364	32328	
22627	0	40884	42888	33676	
22628	0	40928	48112	34432	
22629	0	40984	46228	35340	
22630	0	41036	42705	38736	
22631	0	41080	41756	44368	
22632	0	41128	41104	46492	
22633	0	41184	40952	45776	
22634	0	41224	40212	44364	
22635	0	41268	38928	42176	
22636	0	41324	38408	38240	
22637	0	41372	39232	34896	
22638	0	41416	38976	33968	
22639	0	41460	38432	33224	
22640	0	41512	38500	32861	
22641	0	41552	38094	33168	
22642	0	41592	37508	33976	
22643	0	41632	36848	34688	
22644	0	41680	36092	35044	
22645	0	41716	35124	35312	
22646	0	41757	34056	35360	
22647	0	41796	33168	35120	
22648	0	41840	32792	34532	
22649	0	41876	32164	34296	
22650	0	41900	31240	34376	
22651	0	41932	31720	33352	
22652	0	41968	30740	33844	
22653	0	42000	30348	33616	
22654	0	42040	29752	33104	
22655	0	42060	28668	33224	
22656	0	42084	27972	32560	
22657	0	42112	27888	31692	
22658	0	42132	26696	31964	
22659	0	42145	26474	32032	
22660	0	42168	25472	32192	
22661	0	42192	24804	32416	
22662	0	42204	24197	32654	
22663	0	42220	23633	32736	
22664	0	42224	22968	33121	
22665	0	42240	22328	33424	
22666	0	42248	22068	33141	
22667	0	42256	20524	33772	
22668	0	42264	21041	32568	
22669	0	42268	21194	31185	
22670	0	42268	17660	33896	
22671	0	42268	19840	30909	
22672	0	42264	19360	30488	
22673	0	42264	16812	32544	
22674	0	42260	17324	31488	
22675	0	42256	17584	30605	
22676	0	42240	17485	30260	
22677	0	42240	16842	30528	
22678	0	42232	16394	30445	
22679	0	42216	15694	31076	
22680	0	42192	16304	29345	
22681	0	42184	15062	30628	
22682	0	42172	13904	32356	
22683	0	42137	15469	28848	
22684	0	42144	15509	29144	
22685	0	42112	16038	28973	
22686	0	42092	16620	29064	
22687	0	42076	17024	29480	
22688	0	42048	17972	27724	
22689	0	42020	17800	29792	
22690	0	41992	18166	30336	
22691	0	41964	18804	30304	
22692	0	41924	19512	30276	
22693	0	41904	20220	30236	
22694	0	41876	21072	30208	
22695	0	41836	22061	30368	
22696	0	41800	18928	36696	
22697	0	41760	33628	45984	
22698	0	41728	36832	44212	
22699	0	41692	33912	44700	
22700	0	41644	19425	36229	
22701	0	41608	19648	29800	
22702	0	41556	31588	35784	
22703	0	41520	32572	36600	
22704	0	41468	27417	37324	
22705	0	41420	29344	32776	
22706	0	41368	25493	35760	
22707	0	41324	25833	41344	
22708	0	41273	26766	46536	
22709	0	41220	28996	43704	
22710	0	41168	29872	40576	
22711	0	41120	29000	41220	
22712	0	41052	27724	42984	
22713	0	41000	26432	43820	
22714	0	40948	23813	45312	
22715	0	40888	30445	42032	
22716	0	40828	29120	43000	
22717	0	40769	28124	42356	
22718	0	40712	28628	41576	
22719	0	40640	29320	40376	
22720	0	40576	29532	38468	
22721	0	40512	28622	37040	
22722	0	40456	28804	34864	
22723	0	40384	28916	33956	
22724	0	40316	29076	34276	
22725	0	40252	29200	35336	
22726	0	40176	28997	39220	
22727	0	40108	29153	41817	
22728	0	40032	28908	42920	
22729	0	39956	28664	41728	
22730	0	39880	28528	40524	
22731	0	39800	29040	39056	
22732	0	39728	29620	37604	
22733	0	39644	29424	36709	
22734	0	39568	28924	36377	
22735	0	39488	29084	35860	
22736	0	39396	29408	35588	
22737	0	39308	29748	35522	
22738	0	39228	30044	35640	
22739	0	39132	30076	35985	
22740	0	39044	29904	36184	
22741	0	38956	29472	36280	
22742	0	38856	29238	36216	
22743	0	38764	29064	36176	
22744	0	38672	28912	36148	
22745	0	38568	28792	36232	
22746	0	38473	28728	36368	
22747	0	38372	29018	36108	
22748	0	38272	29064	36756	
22749	0	38172	29184	36748	
22750	0	38060	28952	38100	
22751	0	37964	28976	38108	
22752	0	37852	27896	40384	
22753	0	37748	27928	39536	
22754	0	37636	27613	39856	
22755	0	37528	27516	40568	
22756	0	37420	27217	42336	
22757	0	37312	27704	42252	
22758	0	37196	28396	42692	
22759	0	37092	28477	43524	
22760	0	36980	28550	44128	
22761	0	36856	28604	44764	
22762	0	36748	28532	45684	
22763	0	36628	29056	46304	
22764	0	36524	29520	46692	
22765	0	36396	28600	47176	
22766	0	36288	28628	47876	
22767	0	36168	28744	47904	
22768	0	36064	29780	47352	
22769	0	35940	30316	46056	
22770	0	35828	30642	44980	
22771	0	35712	31048	42684	
22772	0	35596	31373	39652	
22773	0	35488	33296	36672	
22774	0	35360	33908	33168	
22775	0	35252	38628	33369	
22776	0	35132	41832	33100	
22777	0	35016	47760	35620	
22778	0	34896	45260	34352	
22779	0	34788	39728	35904	
22780	0	34668	37232	41520	
22781	0	34548	37464	45536	
22782	0	34440	38912	45308	
22783	0	34332	37824	44424	
22784	0	34216	36964	41700	
22785	0	34104	36144	38040	
22786	0	33984	36145	35468	
22787	0	33872	36780	33577	
22788	0	33764	36416	32800	
22789	0	33652	36373	32480	
22790	0	33536	35948	32380	
22791	0	33432	35476	32672	
22792	0	33320	35364	33112	
22793	0	33212	35424	33656	
22794	0	33098	35428	34224	
22795	0	32992	35288	34516	
22796	0	32880	34992	34668	
22797	0	32780	34684	34752	
22798	0	32676	34430	34592	
22799	0	32568	34352	34188	
22800	0	32464	34192	33908	
22801	0	32368	33900	33832	
22802	0	32252	33468	33798	
22803	0	32152	33088	33736	
22804	0	32060	32776	33692	
22805	0	31952	32384	33500	
22806	0	31848	31993	33352	
22807	0	31752	31404	33472	
22808	0	31652	30553	33716	
22809	0	31557	29240	34528	
22810	0	31460	27648	35436	
22811	0	31353	26450	35148	
22812	0	31260	25584	34876	
22813	0	31160	22733	37644	
22814	0	31065	23488	34132	
22815	0	30969	24172	33168	
22816	0	30870	22836	33148	
22817	0	30784	21428	32500	
22818	0	30684	20440	31896	
22819	0	30596	20241	31546	
22820	0	30502	19664	31492	
22821	0	30404	19128	31136	
22822	0	30320	14092	34892	
22823	0	30228	17124	31404	
22824	0	30136	16210	31548	
22825	0	30056	14854	33252	
22826	0	29964	15833	30144	
22827	0	29880	15448	29912	
22828	0	29792	15278	29436	
22829	0	29716	15550	26717	
22830	0	29624	15201	28200	
22831	0	29551	13553	33120	
22832	0	29468	15422	27652	
22833	0	29382	15156	28000	
22834	0	29309	15576	27112	
22835	0	29232	16173	27068	
22836	0	29152	17042	27656	
22837	0	29077	18009	27564	
22838	0	29000	18846	27916	
22839	0	28932	19479	29321	
22840	0	28856	20316	28721	
22841	0	28784	20749	32204	
22842	0	28716	22152	39201	
22843	0	28644	31936	33320	
22844	0	28572	37140	43844	
22845	0	28512	20904	32996	
22846	0	28444	15518	28642	
22847	0	28380	30044	34624	
22848	0	28324	38424	37792	
22849	0	28252	34296	34756	
22850	0	28192	27896	31592	
22851	0	28132	27824	36908	
22852	0	28072	26188	43056	
22853	0	28018	27304	48456	
22854	0	27964	28380	45308	
22855	0	27909	29297	40460	
22856	0	27852	28172	40560	
22857	0	27804	28500	42380	
22858	0	27756	24828	45764	
22859	0	27708	24344	47136	
22860	0	27656	25828	47744	
22861	0	27600	25564	46112	
22862	0	27556	24960	43984	
22863	0	27508	26049	41104	
22864	0	27460	19392	44012	
22865	0	27428	25608	34036	
22866	0	27376	36112	37220	
22867	0	27340	32012	35888	
22868	0	27305	32365	37252	
22869	0	27256	31180	38565	
22870	0	27220	29248	39760	
22871	0	27180	27469	42524	
22872	0	27146	26612	43660	
22873	0	27113	26340	43132	
22874	0	27084	26560	41776	
22875	0	27052	28020	39556	
22876	0	27016	29452	36865	
22877	0	26992	29905	36048	
22878	0	26964	29840	35280	
22879	0	26936	29736	34840	
22880	0	26908	29540	34892	
22881	0	26877	29693	34981	
22882	0	26853	30076	34741	
22883	0	26825	30320	34784	
22884	0	26808	30196	34953	
22885	0	26784	29968	35544	
22886	0	26754	29926	36284	
22887	0	26736	29279	37012	
22888	0	26720	29440	37584	
22889	0	26704	28849	37748	
22890	0	26684	28701	38101	
22891	0	26668	28796	38128	
22892	0	26656	28985	38176	
22893	0	26632	27633	39584	
22894	0	26632	29132	37788	
22895	0	26612	29518	37024	
22896	0	26597	28324	39092	
22897	0	26592	28744	36973	
22898	0	26588	28432	36736	
22899	0	26576	29664	35296	
22900	0	26564	29276	36092	
22901	0	26556	30232	35121	
22902	0	26552	29644	35700	
22903	0	26549	30572	35056	
22904	0	26552	29498	36044	
22905	0	26548	29876	35916	
22906	0	26552	29016	36988	
22907	0	26552	28860	37224	
22908	0	26552	28204	38005	
22909	0	26548	28020	38304	
22910	0	26556	26824	39496	
22911	0	26564	27584	40584	
22912	0	26572	27636	41384	
22913	0	26577	27988	42324	
22914	0	26588	27616	43420	
22915	0	26593	27540	44424	
22916	0	26605	27788	45024	
22917	0	26621	27256	45568	
22918	0	26636	26564	45736	
22919	0	26656	26124	46040	
22920	0	26680	26384	46344	
22921	0	26696	27184	46136	
22922	0	26716	27936	45804	
22923	0	26740	28213	45513	
22924	0	26760	27750	45620	
22925	0	26788	28248	45168	
22926	0	26816	28976	45132	
22927	0	26840	30060	45344	
22928	0	26880	31084	45048	
22929	0	26916	31656	44464	
22930	0	26948	32344	43116	
22931	0	26984	31640	41582	
22932	0	27012	32788	39344	
22933	0	27064	34224	36584	
22934	0	27106	37580	35488	
22935	0	27153	37940	32896	
22936	0	27200	41024	34737	
22937	0	27249	43808	33864	
22938	0	27300	44580	33512	
22939	0	27356	44544	32928	
22940	0	27408	41616	34304	
22941	0	27472	39688	37800	
22942	0	27528	39204	41241	
22943	0	27586	38828	42168	
22944	0	27648	38592	41652	
22945	0	27716	37224	41704	
22946	0	27780	36308	39772	
22947	0	27856	36368	37220	
22948	0	27928	36464	35413	
22949	0	28000	36128	34060	
22950	0	28072	35768	33404	
22951	0	28148	36128	32844	
22952	0	28232	35988	32665	
22953	0	28308	35368	32852	
22954	0	28396	34856	33210	
22955	0	28480	34340	33568	
22956	0	28564	33736	34002	
22957	0	28652	33120	34304	
22958	0	28724	32624	34420	
22959	0	28828	32196	34444	
22960	0	28928	31820	34468	
22961	0	29012	31384	34656	
22962	0	29112	30848	34840	
22963	0	29204	30556	34596	
22964	0	29304	30118	34504	
22965	0	29392	29544	34405	
22966	0	29500	29010	34258	
22967	0	29589	28816	33880	
22968	0	29692	28234	34152	
22969	0	29792	27980	34084	
22970	0	29894	27764	33984	
22971	0	30000	27372	33832	
22972	0	30101	26884	33624	
22973	0	30200	26252	33772	
22974	0	30312	25676	34036	
22975	0	30416	25024	34220	
22976	0	30520	24101	34764	
22977	0	30624	23664	34908	
22978	0	30736	23160	33920	
22979	0	30844	21800	35164	
22980	0	30950	21605	34020	
22981	0	31056	20461	34388	
22982	0	31168	20424	33368	
22983	0	31276	20238	31816	
22984	0	31388	17938	35876	
22985	0	31500	18869	32160	
22986	0	31616	18741	30444	
22987	0	31716	18092	31557	
22988	0	31832	18460	29436	
22989	0	31940	16704	32612	
22990	0	32052	17828	29549	
22991	0	32160	17019	30412	
22992	0	32268	17856	28728	
22993	0	32384	16397	30392	
22994	0	32500	17380	29024	
22995	0	32604	17805	27940	
22996	0	32708	17500	28704	
22997	0	32824	17970	28196	
22998	0	32928	17921	29024	
22999	0	33034	18218	28592	
23000	0	33136	18537	29632	
23001	0	33240	19256	28592	
23002	0	33344	19880	28748	
23003	0	33448	20556	28520	
23004	0	33552	21548	28728	
23005	0	33648	22312	28480	
23006	0	33748	23168	28828	
23007	0	33849	24084	29581	
23008	0	33948	17569	41388	
23009	0	34040	36028	39316	
23010	0	34136	41116	42988	
23011	0	34228	27664	38700	
23012	0	34320	12192	31072	
23013	0	34412	19672	27352	
23014	0	34505	35008	36796	
23015	0	34592	35208	34772	
23016	0	34688	26596	33280	
23017	0	34768	27244	39256	
23018	0	34844	31560	42896	
23019	0	34932	29906	48981	
23020	0	35012	25760	42696	
23021	0	35097	28448	41856	
23022	0	35172	28128	40348	
23023	0	35252	26224	40404	
23024	0	35340	25920	44656	
23025	0	35408	26460	45103	
23026	0	35493	26049	38090	
23027	0	35576	22016	49912	
23028	0	35652	33012	47100	
23029	0	35716	27260	52552	
23030	0	35786	27880	48916	
23031	0	35864	30906	45376	
23032	0	35932	31904	41536	
23033	0	36012	29629	38269	
23034	0	36080	28984	36164	
23035	0	36148	28768	35008	
23036	0	36232	28410	34996	
23037	0	36296	28465	37241	
23038	0	36372	28201	35980	
23039	0	36436	28385	35804	
23040	0	36508	28721	35900	
23041	0	36576	29028	36444	
23042	0	36648	28636	37764	
23043	0	36708	29973	37208	
23044	0	36780	29676	37488	
23045	0	36844	29244	36940	
23046	0	36920	28724	36676	
23047	0	36984	28657	36272	
23048	0	37040	28924	35892	
23049	0	37120	29336	35616	
23050	0	37188	29880	35660	
23051	0	37244	29684	36361	
23052	0	37312	29568	36864	
23053	0	37384	30004	36544	
23054	0	37444	28796	37884	
23055	0	37512	28985	36792	
23056	0	37572	28542	37829	
23057	0	37640	28916	36744	
23058	0	37700	28412	38312	
23059	0	37761	28560	36936	
23060	0	37828	28420	37020	
23061	0	37896	29100	37072	
23062	0	37964	28428	37592	
23063	0	38016	29352	36032	
23064	0	38088	28700	37396	
23065	0	38140	29372	34888	
23066	0	38221	29264	35096	
23067	0	38273	29685	34424	
23068	0	38336	29424	35028	
23069	0	38400	30580	34362	
23070	0	38464	29452	35496	
23071	0	38524	30496	35200	
23072	0	38576	28836	36876	
23073	0	38640	29697	36640	
23074	0	38700	26820	39176	
23075	0	38756	28370	39456	
23076	0	38812	27600	40972	
23077	0	38864	27528	41628	
23078	0	38932	27337	42721	
23079	0	38980	27049	43652	
23080	0	39040	26948	44396	
23081	0	39088	26857	45108	
23082	0	39144	27052	45580	
23083	0	39192	26976	46096	
23084	0	39244	27052	46608	
23085	0	39292	27268	46528	
23086	0	39341	27632	46584	
23087	0	39384	27912	46596	
23088	0	39436	28112	47076	
23089	0	39476	28924	46496	
23090	0	39512	29641	45512	
23091	0	39552	29948	44700	
23092	0	39592	30285	44524	
23093	0	39624	31044	42296	
23094	0	39660	31832	40576	
23095	0	39696	32409	38612	
23096	0	39720	33076	37140	
23097	0	39752	34280	35168	
23098	0	39781	35228	33656	
23099	0	39808	36948	33264	
23100	0	39832	38408	33216	
23101	0	39852	40632	34148	
23102	0	39884	40576	33184	
23103	0	39892	39320	33824	
23104	0	39912	37996	35488	
23105	0	39928	37860	39856	
23106	0	39949	38116	42048	
23107	0	39960	38072	41952	
23108	0	39976	37664	41472	
23109	0	39984	36908	40416	
23110	0	39984	36396	39320	
23111	0	39996	36624	36800	
23112	0	40000	36732	35136	
23113	0	40004	36461	34368	
23114	0	40005	36356	33612	
23115	0	40008	36376	33052	
23116	0	40012	36204	32884	
23117	0	40009	35913	33108	
23118	0	40008	35652	33473	
23119	0	39992	35520	33853	
23120	0	39984	35300	34208	
23121	0	39988	34808	34496	
23122	0	39976	34222	34612	
23123	0	39964	33312	35232	
23124	0	39957	32996	34764	
23125	0	39940	32660	34469	
23126	0	39924	32332	34324	
23127	0	39908	32036	33877	
23128	0	39881	31864	33604	
23129	0	39868	31540	33416	
23130	0	39840	31202	33112	
23131	0	39824	30772	32813	
23132	0	39800	30272	32476	
23133	0	39769	29736	32156	
23134	0	39736	28948	32036	
23135	0	39712	28312	31726	
23136	0	39672	27700	31388	
23137	0	39632	26920	31320	
23138	0	39609	26100	31592	
23139	0	39564	25240	31628	
23140	0	39536	24580	31896	
23141	0	39496	22816	34720	
23142	0	39452	22972	33432	
23143	0	39400	22520	32560	
23144	0	39360	22184	33280	
23145	0	39316	22057	33112	
23146	0	39265	21060	34068	
23147	0	39220	20189	34056	
23148	0	39156	20592	32204	
23149	0	39144	18172	33936	
23150	0	39056	16222	35464	
23151	0	38996	18790	32356	
23152	0	38940	14592	35716	
23153	0	38892	17450	32832	
23154	0	38828	16636	33020	
23155	0	38768	16451	32820	
23156	0	38704	15234	33576	
23157	0	38644	17008	31413	
23158	0	38577	16631	31448	
23159	0	38504	16606	31196	
23160	0	38444	16817	31057	
23161	0	38372	17148	30872	
23162	0	38304	17597	30856	
23163	0	38236	18063	31100	
23164	0	38164	18686	31188	
23165	0	38090	19292	31425	
23166	0	38016	19960	31672	
23167	0	37944	20692	31946	
23168	0	37864	21416	32249	
23169	0	37788	22117	32529	
23170	0	37716	22676	32768	
23171	0	37624	23104	33024	
23172	0	37544	23517	33248	
23173	0	37460	23921	33261	
23174	0	37376	24462	33444	
23175	0	37300	25028	33680	
23176	0	37208	25632	33848	
23177	0	37120	26344	33352	
23178	0	37036	27116	34210	
23179	0	36932	30613	37344	
23180	0	36848	32392	41728	
23181	0	36748	40576	37232	
23182	0	36661	37156	50716	
23183	0	36552	28492	45052	
23184	0	36472	15657	29356	
23185	0	36360	25396	31452	
23186	0	36264	37268	37244	
23187	0	36160	36581	34928	
23188	0	36069	23252	28988	
23189	0	35964	18832	24528	
23190	0	35856	27248	27712	
23191	0	35752	29552	33472	
23192	0	35640	24252	45028	
23193	0	35528	25920	48577	
23194	0	35428	33960	39380	
23195	0	35312	28848	40620	
23196	0	35204	25492	43592	
23197	0	35093	26436	44628	
23198	0	34980	25176	43356	
23199	0	34868	24984	41912	
23200	0	34744	26668	40188	
23201	0	34628	28209	36584	
23202	0	34512	29644	35280	
23203	0	34392	23340	32552	
23204	0	34272	35108	38372	
23205	0	34156	35704	39405	
23206	0	34036	29208	40076	
23207	0	33912	29436	45120	
23208	0	33792	28160	49488	
23209	0	33668	25412	49400	
23210	0	33540	24924	47712	
23211	0	33416	25948	44992	
23212	0	33300	27008	41344	
23213	0	33169	28020	37545	
23214	0	33052	29068	35457	
23215	0	32928	29648	34361	
23216	0	32814	29660	34485	
23217	0	32684	29000	35200	
23218	0	32564	28520	35808	
23219	0	32444	28362	35792	
23220	0	32328	28544	35364	
23221	0	32208	28964	34716	
23222	0	32086	29432	34388	
23223	0	31957	29845	34392	
23224	0	31848	30197	34516	
23225	0	31728	29968	34984	
23226	0	31608	29600	35454	
23227	0	31488	29164	36104	
23228	0	31374	28732	36784	
23229	0	31264	28412	37312	
23230	0	31156	28280	37860	
23231	0	31040	28136	38388	
23232	0	30924	27893	38600	
23233	0	30813	27556	38992	
23234	0	30706	27484	39217	
23235	0	30600	27416	39492	
23236	0	30496	27364	40064	
23237	0	30388	27460	39900	
23238	0	30284	27413	40360	
23239	0	30188	27576	39257	
23240	0	30092	29080	36576	
23241	0	29992	29008	37724	
23242	0	29900	28348	38888	
23243	0	29796	28400	38344	
23244	0	29696	28549	36912	
23245	0	29604	28864	35964	
23246	0	29516	28857	35472	
23247	0	29425	28836	35368	
23248	0	29344	28848	34828	
23249	0	29244	29028	34304	
23250	0	29168	29292	33804	
23251	0	29080	29182	33656	
23252	0	29000	29416	33632	
23253	0	28908	29264	33848	
23254	0	28836	29472	34004	
23255	0	28752	29488	34092	
23256	0	28672	29356	34240	
23257	0	28604	29440	34444	
23258	0	28524	29175	34720	
23259	0	28448	28984	34752	
23260	0	28368	28844	34881	
23261	0	28297	28592	35048	
23262	0	28230	28416	35202	
23263	0	28156	28361	35401	
23264	0	28088	28148	35800	
23265	0	28024	27932	36016	
23266	0	27949	27816	36120	
23267	0	27884	27672	36312	
23268	0	27824	27421	36592	
23269	0	27756	27244	36764	
23270	0	27689	27340	36852	
23271	0	27632	27404	36944	
23272	0	27560	27334	37084	
23273	0	27506	27441	37308	
23274	0	27453	27564	37484	
23275	0	27388	27816	37792	
23276	0	27328	27736	38012	
23277	0	27273	27656	38668	
23278	0	27212	27340	39676	
23279	0	27161	26944	40764	
23280	0	27104	26860	41973	
23281	0	27058	26781	43072	
23282	0	27000	26488	44076	
23283	0	26956	26176	45272	
23284	0	26910	25568	46572	
23285	0	26856	25152	47872	
23286	0	26812	24864	49013	
23287	0	26769	24648	49924	
23288	0	26720	24956	50036	
23289	0	26688	25278	49808	
23290	0	26648	25552	49516	
23291	0	26604	26181	49452	
23292	0	26568	26912	49124	
23293	0	26536	27929	48856	
23294	0	26496	28864	47856	
23295	0	26464	30025	47444	
23296	0	26440	31472	46620	
23297	0	26408	32825	46652	
23298	0	26376	34168	45588	
23299	0	26344	34052	43484	
23300	0	26328	32760	41208	
23301	0	26301	30305	41152	
23302	0	26277	30840	41344	
23303	0	26264	31186	43724	
23304	0	26245	32320	45880	
23305	0	26220	33192	46476	
23306	0	26220	33088	46360	
23307	0	26205	32824	45080	
23308	0	26194	32728	42480	
23309	0	26184	32965	39137	
23310	0	26184	33268	37072	
23311	0	26180	33649	35516	
23312	0	26176	34080	34145	
23313	0	26176	34584	33112	
23314	0	26176	34684	32640	
23315	0	26192	34568	32776	
23316	0	26198	34485	33202	
23317	0	26216	34452	33705	
23318	0	26220	34412	34296	
23319	0	26224	34314	34929	
23320	0	26264	34205	35632	
23321	0	26280	34104	36272	
23322	0	26305	34125	36660	
23323	0	26336	34264	36772	
23324	0	26352	34401	36736	
23325	0	26392	34452	36628	
23326	0	26424	34528	36468	
23327	0	26456	34568	36328	
23328	0	26497	34608	36280	
23329	0	26532	34560	36384	
23330	0	26572	34480	36576	
23331	0	26617	34368	36876	
23332	0	26665	34180	37312	
23333	0	26704	34020	37768	
23334	0	26756	33856	38208	
23335	0	26816	33640	38660	
23336	0	26864	33356	39040	
23337	0	26912	33124	39428	
23338	0	26968	32896	39728	
23339	0	27023	32658	39956	
23340	0	27085	32416	40125	
23341	0	27140	32125	40416	
23342	0	27200	31840	40812	
23343	0	27264	31524	41056	
23344	0	27332	31140	41476	
23345	0	27388	30504	41824	
23346	0	27452	29710	42216	
23347	0	27528	28626	42592	
23348	0	27590	27444	42952	
23349	0	27652	26300	43384	
23350	0	27720	25260	43800	
23351	0	27784	24320	44408	
23352	0	27860	23430	44904	
23353	0	27925	22412	45528	
23354	0	27988	21321	45632	
23355	0	28064	20036	45648	
23356	0	28132	18636	45896	
23357	0	28196	17804	45392	
23358	0	28272	16877	43904	
23359	0	28340	16152	42112	
23360	0	28416	15629	42788	
23361	0	28485	15298	39368	
23362	0	28561	14868	38656	
23363	0	28626	14536	38916	
23364	0	28704	14478	38136	
23365	0	28778	14152	38216	
23366	0	28852	13814	37684	
23367	0	28924	13669	36304	
23368	0	28996	13542	34452	
23369	0	29068	13952	32832	
23370	0	29148	12395	32420	
23371	0	29224	11902	28804	
23372	0	29296	14024	30268	
23373	0	29373	13496	31628	
23374	0	29453	12345	31012	
23375	0	29528	11283	30276	
23376	0	29608	11776	30160	
23377	0	29685	13784	31652	
23378	0	29768	14593	31748	
23379	0	29845	16193	30553	
23380	0	29924	15857	30048	
23381	0	30008	16086	29576	
23382	0	30101	15897	30996	
23383	0	30177	17220	30664	
23384	0	30268	18792	29000	
23385	0	30349	18660	31113	
23386	0	30440	10974	30556	
23387	0	30532	11546	29232	
23388	0	30624	9636	30688	
23389	0	30708	16808	34620	
23390	0	30804	23424	37712	
23391	0	30902	26378	48216	
23392	0	31000	25458	43724	
23393	0	31100	24340	39068	
23394	0	31192	24524	37428	
23395	0	31296	27736	35896	
23396	0	31397	30273	37208	
23397	0	31500	31488	37716	
23398	0	31600	30376	36564	
23399	0	31712	33208	37728	
23400	0	31817	27461	36636	
23401	0	31924	29532	36684	
23402	0	32036	30480	36264	
23403	0	32144	29160	35468	
23404	0	32268	29128	35156	
23405	0	32376	29175	35496	
23406	0	32493	28840	36080	
23407	0	32604	29064	37008	
23408	0	32728	29172	37788	
23409	0	32852	29105	37808	
23410	0	32972	28812	37112	
23411	0	33088	28896	37360	
23412	0	33212	28860	36948	
23413	0	33337	28880	36876	
23414	0	33461	28688	36856	
23415	0	33588	29085	36744	
23416	0	33720	29208	36508	
23417	0	33836	29164	36654	
23418	0	33964	29025	36792	
23419	0	34096	28792	37024	
23420	0	34228	28748	37025	
23421	0	34360	28708	36936	
23422	0	34484	28696	36852	
23423	0	34616	28744	36624	
23424	0	34752	28872	36412	
23425	0	34872	29162	36192	
23426	0	35008	29328	36180	
23427	0	35141	29384	36308	
23428	0	35276	29328	36520	
23429	0	35404	29252	36604	
23430	0	35544	29141	36588	
23431	0	35672	29128	36532	
23432	0	35804	29133	36524	
23433	0	35944	29189	36520	
23434	0	36072	29160	36636	
23435	0	36200	29140	36724	
23436	0	36336	29092	36724	
23437	0	36476	29060	36774	
23438	0	36600	29032	36744	
23439	0	36728	28978	36780	
23440	0	36856	29021	36768	
23441	0	36988	29060	36724	
23442	0	37116	29068	36692	
23443	0	37248	29054	36812	
23444	0	37380	29134	36796	
23445	0	37508	29041	36768	
23446	0	37628	29008	36744	
23447	0	37752	29040	36696	
23448	0	37868	29116	36600	
23449	0	38000	29188	36536	
23450	0	38124	29228	36500	
23451	0	38244	29204	36492	
23452	0	38364	29236	36676	
23453	0	38477	29192	36768	
23454	0	38592	29138	36804	
23455	0	38712	29148	36808	
23456	0	38828	29220	36820	
23457	0	38944	29164	36720	
23458	0	39060	29332	36844	
23459	0	39164	29340	36840	
23460	0	39276	29200	36644	
23461	0	39380	29140	36612	
23462	0	39484	29092	36661	
23463	0	39588	28884	36492	
23464	0	39700	28464	35840	
23465	0	39796	29876	37632	
23466	0	39900	31154	40192	
23467	0	40004	29448	37733	
23468	0	40096	29336	37036	
23469	0	40192	31520	31532	
23470	0	40296	30724	46592	
23471	0	40388	30784	34060	
23472	0	40484	30410	41752	
23473	0	40560	30662	36336	
23474	0	40656	28964	41709	
23475	0	40744	32052	34372	
23476	0	40832	29985	37336	
23477	0	40916	31256	36284	
23478	0	41000	31612	43912	
23479	0	41076	30393	34624	
23480	0	41160	29630	36712	
23481	0	41240	30116	36984	
23482	0	41313	29972	36642	
23483	0	41396	29268	35980	
23484	0	41468	28328	35744	
23485	0	41544	27448	36069	
23486	0	41616	26790	36260	
23487	0	41688	25956	36068	
23488	0	41760	24932	35512	
23489	0	41828	23297	33241	
23490	0	41888	23605	37492	
23491	0	41952	25610	40936	
23492	0	42012	28479	37300	
23493	0	42072	29104	36332	
23494	0	42140	30348	34940	
23495	0	42196	29836	35572	
23496	0	42260	29540	37420	
23497	0	42312	28781	36832	
23498	0	42376	28880	38924	
23499	0	42412	29124	38144	
23500	0	42464	29128	37704	
23501	0	42516	29280	36936	
23502	0	42560	29232	36629	
23503	0	42612	29129	36640	
23504	0	42664	28960	36836	
23505	0	42692	28932	36837	
23506	0	42737	28928	36788	
23507	0	42784	28884	36716	
23508	0	42828	28960	36818	
23509	0	42848	28914	36820	
23510	0	42892	28960	36728	
23511	0	42928	29056	36668	
23512	0	42956	29060	36636	
23513	0	42988	29232	36664	
23514	0	43020	29289	36544	
23515	0	43053	29320	36164	
23516	0	43072	29396	36352	
23517	0	43088	29372	36333	
23518	0	43120	29288	36320	
23519	0	43136	29244	36452	
23520	0	43152	29088	36508	
23521	0	43180	29088	36636	
23522	0	43200	28946	36676	
23523	0	43208	29272	36476	
23524	0	43216	29016	36813	
23525	0	43224	28968	36801	
23526	0	43244	28918	36816	
23527	0	43240	29025	36704	
23528	0	43248	29016	36680	
23529	0	43244	29072	36552	
23530	0	43256	29084	36576	
23531	0	43256	29088	36609	
23532	0	43252	29080	36688	
23533	0	43252	29073	36680	
23534	0	43244	29080	36680	
23535	0	43240	29088	36652	
23536	0	43232	29124	36604	
23537	0	43216	29108	36608	
23538	0	43212	29012	36664	
23539	0	43200	28953	36644	
23540	0	43184	29109	36780	
23541	0	43172	29008	36712	
23542	0	43160	29009	36636	
23543	0	43128	29048	36641	
23544	0	43112	29060	36608	
23545	0	43104	29040	36692	
23546	0	43072	29008	36680	
23547	0	43056	28938	36616	
23548	0	43024	29668	37217	
23549	0	43000	29024	37120	
23550	0	42976	29076	36764	
23551	0	42948	28589	36180	
23552	0	42920	29368	35896	
23553	0	42892	28900	36604	
23554	0	42856	29284	35926	
23555	0	42828	28873	36732	
23556	0	42784	29289	36092	
23557	0	42756	28912	36792	
23558	0	42720	29141	36440	
23559	0	42688	29028	37020	
23560	0	42648	29140	36716	
23561	0	42612	29024	36884	
23562	0	42572	29273	36800	
23563	0	42536	28974	36840	
23564	0	42500	28933	36848	
23565	0	42452	29128	36864	
23566	0	42404	28933	36724	
23567	0	42376	29616	36676	
23568	0	42320	28936	36876	
23569	0	42276	29554	36708	
23570	0	42232	28832	36884	
23571	0	42176	29412	36780	
23572	0	42128	28948	36868	
23573	0	42076	29889	37036	
23574	0	42024	27008	38028	
23575	0	41976	29560	37488	
23576	0	41916	28098	38232	
23577	0	41860	29300	37712	
23578	0	41796	27544	37468	
23579	0	41748	28744	38052	
23580	0	41684	28433	38496	
23581	0	41628	26197	38244	
23582	0	41560	28848	39308	
23583	0	41500	28560	40184	
23584	0	41432	25296	39508	
23585	0	41372	28325	40604	
23586	0	41312	28780	41424	
23587	0	41236	28236	41548	
23588	0	41160	28784	42004	
23589	0	41096	28768	41852	
23590	0	41020	27704	42109	
23591	0	40936	29133	42272	
23592	0	40864	23217	42740	
23593	0	40792	29133	42989	
23594	0	40712	24153	40236	
23595	0	40641	27076	39648	
23596	0	40552	27610	40920	
23597	0	40472	28296	36572	
23598	0	40392	28984	36196	
23599	0	40308	29648	36872	
23600	0	40224	31660	35360	
23601	0	40132	31100	35512	
23602	0	40048	30621	36348	
23603	0	39948	30100	37356	
23604	0	39864	29492	38528	
23605	0	39776	29149	39453	
23606	0	39680	29361	39796	
23607	0	39584	29792	40460	
23608	0	39496	29788	39444	
23609	0	39396	30220	39500	
23610	0	39304	30532	39404	
23611	0	39204	30092	37481	
23612	0	39104	30856	38061	
23613	0	39000	30757	37076	
23614	0	38892	30216	35872	
23615	0	38788	31348	37516	
23616	0	38692	30932	37060	
23617	0	38592	30872	37088	
23618	0	38488	30829	37144	
23619	0	38384	30740	37296	
23620	0	38276	30556	37288	
23621	0	38168	30388	37432	
23622	0	38060	30208	37604	
23623	0	37952	29980	37716	
23624	0	37844	29764	37780	
23625	0	37732	29578	37752	
23626	0	37612	29428	37761	
23627	0	37505	29256	37737	
23628	0	37400	29108	37741	
23629	0	37284	28986	37740	
23630	0	37178	28872	37792	
23631	0	37056	28770	37804	
23632	0	36956	28704	37768	
23633	0	36840	28652	37784	
23634	0	36728	28616	37756	
23635	0	36616	28572	37740	
23636	0	36504	28532	37752	
23637	0	36396	28484	37768	
23638	0	36285	28401	37800	
23639	0	36170	28308	37817	
23640	0	36064	28256	37792	
23641	0	35948	28188	37748	
23642	0	35844	28156	37736	
23643	0	35732	28128	37664	
23644	0	35620	28112	37568	
23645	0	35508	28072	37516	
23646	0	35408	28020	37428	
23647	0	35297	27920	37344	
23648	0	35189	27828	37392	
23649	0	35092	27628	37448	
23650	0	34977	27440	37384	
23651	0	34880	27260	37312	
23652	0	34768	27060	37272	
23653	0	34668	26853	37240	
23654	0	34566	26632	37152	
23655	0	34460	26396	36856	
23656	0	34360	26568	36288	
23657	0	34264	27176	35524	
23658	0	34160	27796	35272	
23659	0	34072	27638	35376	
23660	0	33968	27680	36229	
23661	0	33872	26244	35153	
23662	0	33776	27400	36832	
23663	0	33680	25376	35036	
23664	0	33592	23340	34264	
23665	0	33492	24989	35015	
23666	0	33408	20980	36120	
23667	0	33312	21816	34120	
23668	0	33220	22168	32332	
23669	0	33120	22280	33716	
23670	0	33040	20696	32000	
23671	0	32944	20488	32564	
23672	0	32864	20884	32464	
23673	0	32769	20709	32228	
23674	0	32682	20448	31556	
23675	0	32596	20496	31409	
23676	0	32505	20632	30968	
23677	0	32421	21544	30712	
23678	0	32320	21468	31092	
23679	0	32252	21353	31452	
23680	0	32168	21230	30792	
23681	0	32085	22272	30452	
23682	0	32004	21764	31364	
23683	0	31920	21745	31432	
23684	0	31840	22332	31684	
23685	0	31757	23232	30304	
23686	0	31672	25692	31768	
23687	0	31596	28020	35472	
23688	0	31504	28748	37280	
23689	0	31428	29108	38365	
23690	0	31348	29248	40000	
23691	0	31268	27820	40392	
23692	0	31184	27212	39572	
23693	0	31101	26881	38020	
23694	0	31028	27212	36788	
23695	0	30952	27816	36336	
23696	0	30868	28424	36748	
23697	0	30792	28908	37164	
23698	0	30716	28980	37421	
23699	0	30636	25196	39036	
23700	0	30572	28052	38188	
23701	0	30496	33430	37128	
23702	0	30418	26613	35404	
23703	0	30345	25616	35800	
23704	0	30272	29088	34773	
23705	0	30202	28356	34904	
23706	0	30132	28416	35616	
23707	0	30060	29672	36048	
23708	0	29992	29185	36568	
23709	0	29920	28656	36728	
23710	0	29856	29044	36500	
23711	0	29792	29260	36356	
23712	0	29724	29192	36380	
23713	0	29662	29296	36365	
23714	0	29596	29236	36576	
23715	0	29532	29046	36800	
23716	0	29472	29008	36900	
23717	0	29408	28979	36964	
23718	0	29352	28988	36880	
23719	0	29292	28988	36780	
23720	0	29240	29048	36652	
23721	0	29180	29032	36652	
23722	0	29124	28960	36636	
23723	0	29068	28940	36652	
23724	0	29024	29025	36644	
23725	0	28972	29048	36620	
23726	0	28909	29061	36668	
23727	0	28872	29088	36748	
23728	0	28824	29028	36684	
23729	0	28776	29028	36560	
23730	0	28728	29061	36492	
23731	0	28684	29056	36484	
23732	0	28640	29133	36616	
23733	0	28600	29112	36612	
23734	0	28561	29112	36628	
23735	0	28520	29084	36600	
23736	0	28480	29076	36576	
23737	0	28448	29064	36620	
23738	0	28412	29025	36628	
23739	0	28376	29044	36600	
23740	0	28340	29049	36586	
23741	0	28304	29044	36588	
23742	0	28272	29028	36576	
23743	0	28236	29056	36564	
23744	0	28208	29076	36528	
23745	0	28172	29096	36528	
23746	0	28148	29160	36516	
23747	0	28120	29144	36544	
23748	0	28096	29116	36560	
23749	0	28064	29076	36628	
23750	0	28033	29088	36588	
23751	0	28009	29056	36524	
23752	0	27984	29024	36472	
23753	0	27961	29032	36461	
23754	0	27933	29072	36473	
23755	0	27908	29076	36532	
23756	0	27884	29010	36632	
23757	0	27856	28864	36736	
23758	0	27837	28800	36664	
23759	0	27820	28748	36760	
23760	0	27789	28829	36644	
23761	0	27768	28920	36576	
23762	0	27748	28896	36477	
23763	0	27720	28904	36636	
23764	0	27698	29064	36608	
23765	0	27668	29156	36496	
23766	0	27654	29140	36696	
23767	0	27628	29441	36208	
23768	0	27612	29312	36472	
23769	0	27584	29409	36117	
23770	0	27556	29269	36460	
23771	0	27540	29348	36356	
23772	0	27520	29124	36420	
23773	0	27496	28942	36604	
23774	0	27469	28884	36613	
23775	0	27450	28876	36433	
23776	0	27425	28916	36276	
23777	0	27400	29026	36148	
23778	0	27376	29088	36240	
23779	0	27357	29296	35904	
23780	0	27340	29332	35912	
23781	0	27320	29304	36084	
23782	0	27296	29168	36246	
23783	0	27273	28832	36624	
23784	0	27248	28537	36985	
23785	0	27224	28401	36858	
23786	0	27217	28132	37344	
23787	0	27196	28120	37153	
23788	0	27180	28025	37376	
23789	0	27164	27992	37285	
23790	0	27144	28096	37368	
23791	0	27124	28277	37212	
23792	0	27108	28224	37224	
23793	0	27092	28228	37360	
23794	0	27073	28200	37200	
23795	0	27054	28224	37176	
23796	0	27044	28148	37352	
23797	0	27037	28056	37412	
23798	0	27024	27400	37828	
23799	0	27002	26922	37984	
23800	0	26996	26853	38945	
23801	0	26992	27320	40000	
23802	0	26978	27985	39148	
23803	0	26972	27448	39268	
23804	0	26960	26669	40196	
23805	0	26948	26026	40905	
23806	0	26944	25810	41588	
23807	0	26938	25760	41716	
23808	0	26928	25224	42352	
23809	0	26920	24832	42920	
23810	0	26912	23614	43336	
23811	0	26905	23212	45640	
23812	0	26904	22852	46172	
23813	0	26900	23116	47608	
23814	0	26896	24320	47544	
23815	0	26894	24081	48048	
23816	0	26892	23632	48504	
23817	0	26885	24352	48640	
23818	0	26880	23456	50368	
23819	0	26880	23321	51668	
23820	0	26881	24608	52189	
23821	0	26880	25944	51976	
23822	0	26872	26168	50664	
23823	0	26873	24508	51016	
23824	0	26880	28168	49136	
23825	0	26877	27750	45952	
23826	0	26876	27276	45016	
23827	0	26880	25632	46080	
23828	0	26882	27224	40052	
23829	0	26884	27756	43560	
23830	0	26876	27972	45472	
23831	0	26892	29252	46716	
23832	0	26892	30348	46236	
23833	0	26892	31140	45788	
23834	0	26900	31088	45857	
23835	0	26900	30804	45448	
23836	0	26910	30904	44372	
23837	0	26917	31260	43048	
23838	0	26928	31886	41704	
23839	0	26940	32660	40484	
23840	0	26944	33300	39620	
23841	0	26957	33536	39000	
23842	0	26972	33664	38345	
23843	0	26988	33796	37708	
23844	0	27004	34009	36924	
23845	0	27016	34276	36336	
23846	0	27040	34528	35840	
23847	0	27060	34752	35396	
23848	0	27084	35001	34936	
23849	0	27104	35144	34608	
23850	0	27136	35212	34305	
23851	0	27156	35296	34012	
23852	0	27194	35269	33744	
23853	0	27232	35412	33600	
23854	0	27268	35104	33416	
23855	0	27308	35070	33120	
23856	0	27348	35100	32812	
23857	0	27396	34800	32496	
23858	0	27442	34624	32320	
23859	0	27492	34276	32248	
23860	0	27548	33905	32296	
23861	0	27612	33636	32336	
23862	0	27674	33420	32316	
23863	0	27744	33224	32288	
23864	0	27809	33092	32160	
23865	0	27884	32941	32004	
23866	0	27960	32736	31880	
23867	0	28032	32404	31748	
23868	0	28124	31960	31644	
23869	0	28204	31424	31432	
23870	0	28292	30770	31100	
23871	0	28388	29902	30706	
23872	0	28484	28912	30202	
23873	0	28588	28006	29580	
23874	0	28688	27168	29012	
23875	0	28796	26416	28460	
23876	0	28912	25692	27932	
23877	0	29016	24920	27421	
23878	0	29140	24093	26948	
23879	0	29256	23196	26601	
23880	0	29384	22248	26400	
23881	0	29508	21228	26520	
23882	0	29633	20230	26596	
23883	0	29760	19287	26861	
23884	0	29896	18469	26828	
23885	0	30029	17754	26648	
23886	0	30176	17010	26492	
23887	0	30312	16436	26301	
23888	0	30456	16002	26250	
23889	0	30605	15904	26340	
23890	0	30753	16058	26498	
23891	0	30900	16429	26806	
23892	0	31056	16898	27164	
23893	0	31208	17468	27556	
23894	0	31364	18165	28044	
23895	0	31516	19064	28508	
23896	0	31680	20052	28872	
23897	0	31832	14864	26512	
23898	0	32000	11737	35976	
23899	0	32160	20636	33517	
23900	0	32320	37200	28244	
23901	0	32489	20836	34532	
23902	0	32656	22988	37569	
23903	0	32820	29220	46036	
23904	0	32980	34104	46160	
23905	0	33148	32976	41208	
23906	0	33300	29128	42684	
23907	0	33468	27340	42048	
23908	0	33632	25552	37560	
23909	0	33800	27032	37216	
23910	0	33964	28854	36548	
23911	0	34124	30138	35620	
23912	0	34292	29256	34080	
23913	0	34448	30129	34432	
23914	0	34608	28876	32652	
23915	0	34768	29356	32736	
23916	0	34932	29689	33136	
23917	0	35088	29680	33813	
23918	0	35240	29476	34856	
23919	0	35396	29424	35685	
23920	0	35564	29232	36768	
23921	0	35716	28868	37956	
23922	0	35876	28624	38745	
23923	0	36028	28400	39396	
23924	0	36172	28157	39928	
23925	0	36324	28072	40044	
23926	0	36488	28080	39860	
23927	0	36640	28166	39544	
23928	0	36784	28260	39208	
23929	0	36929	28432	38780	
23930	0	37092	28616	38256	
23931	0	37248	28816	37728	
23932	0	37388	29024	37289	
23933	0	37536	29136	36980	
23934	0	37688	29173	36852	
23935	0	37836	29184	36732	
23936	0	37992	29172	36728	
23937	0	38137	29100	36760	
23938	0	38280	29020	36800	
23939	0	38436	29024	36824	
23940	0	38584	29036	36845	
23941	0	38744	29040	36888	
23942	0	38900	29145	36768	
23943	0	39052	29220	36684	
23944	0	39196	29216	36516	
23945	0	39360	29221	36360	
23946	0	39508	29221	36220	
23947	0	39664	29121	36322	
23948	0	39808	29032	36448	
23949	0	39968	29268	36176	
23950	0	40124	29160	36340	
23951	0	40288	28972	36532	
23952	0	40440	29012	36708	
23953	0	40604	28892	36728	
23954	0	40760	28808	36740	
23955	0	40924	28712	36872	
23956	0	41088	28692	36865	
23957	0	41236	28589	37032	
23958	0	41400	28506	37072	
23959	0	41560	28536	37008	
23960	0	41728	28653	36948	
23961	0	41884	28744	36776	
23962	0	42048	28832	36657	
23963	0	42204	28932	36740	
23964	0	42368	29036	36704	
23965	0	42540	29056	36688	
23966	0	42696	28949	36712	
23967	0	42860	28844	36652	
23968	0	43024	28716	36636	
23969	0	43181	28744	36628	
23970	0	43352	28741	36776	
23971	0	43504	28756	37012	
23972	0	43660	28492	37137	
23973	0	43808	28348	37268	
23974	0	43954	28280	37376	
23975	0	44120	28388	37408	
23976	0	44268	28320	37408	
23977	0	44420	28284	37520	
23978	0	44564	29064	36460	
23979	0	44712	27528	38092	
23980	0	44864	28208	37832	
23981	0	45004	29260	36316	
23982	0	45152	26269	38536	
23983	0	45288	28784	37081	
23984	0	45436	29120	36872	
23985	0	45568	28744	36824	
23986	0	45700	29036	36836	
23987	0	45832	27538	37588	
23988	0	45960	27217	37692	
23989	0	46104	28557	37056	
23990	0	46224	27844	37328	
23991	0	46348	27576	37448	
23992	0	46460	27740	37864	
23993	0	46584	27472	37729	
23994	0	46700	27052	37920	
23995	0	46812	26856	38464	
23996	0	46920	27232	38580	
23997	0	47024	27449	38336	
23998	0	47140	27206	38613	
23999	0	47236	27245	38824	
24000	0	47332	27244	38978	
24001	0	47424	27040	39700	
24002	0	47516	26697	40108	
24003	0	47604	25976	41216	
24004	0	47692	25554	41640	
24005	0	47784	25644	41876	
24006	0	47872	25340	42348	
24007	0	47936	24677	42828	
24008	0	48012	23997	44256	
24009	0	48092	23713	44908	
24010	0	48160	22352	45756	
24011	0	48224	21253	45784	
24012	0	48284	19633	45740	
24013	0	48344	18912	45768	
24014	0	48400	17960	41808	
24015	0	48464	16504	39636	
24016	0	48512	14968	39604	
24017	0	48556	13037	39320	
24018	0	48592	12157	38485	
24019	0	48642	14253	38962	
24020	0	48684	14708	38333	
24021	0	48720	14936	40716	
24022	0	48756	16764	40608	
24023	0	48776	17564	41552	
24024	0	48804	18249	41740	
24025	0	48816	19412	42052	
24026	0	48836	20461	42356	
24027	0	48848	21661	42317	
24028	0	48860	23102	42257	
24029	0	48864	24828	42048	
24030	0	48868	26776	41472	
24031	0	48864	28511	40916	
24032	0	48864	30048	40540	
24033	0	48848	31481	40144	
24034	0	48844	32656	39544	
24035	0	48832	33876	38836	
24036	0	48812	35338	37520	
24037	0	48784	35244	37588	
24038	0	48752	36084	37488	
24039	0	48696	37268	37400	
24040	0	48700	37984	37408	
24041	0	48656	39100	36773	
24042	0	48596	39556	36576	
24043	0	48552	39480	36280	
24044	0	48508	39476	35940	
24045	0	48440	39584	35668	
24046	0	48392	39704	35428	
24047	0	48321	39701	35205	
24048	0	48256	39604	34996	
24049	0	48176	39636	34752	
24050	0	48116	39652	34420	
24051	0	48032	39632	34272	
24052	0	47944	39536	34172	
24053	0	47840	39440	34168	
24054	0	47756	39388	34120	
24055	0	47660	39268	34104	
24056	0	47552	39029	33940	
24057	0	47444	38608	33664	
24058	0	47334	38004	33608	
24059	0	47216	37317	33216	
24060	0	47096	36548	33324	
24061	0	46984	35696	33148	
24062	0	46856	34936	32904	
24063	0	46712	34172	32916	
24064	0	46584	33456	32552	
24065	0	46456	32752	32112	
24066	0	46308	31980	31492	
24067	0	46168	31067	31204	
24068	0	46020	30228	30362	
24069	0	45868	29200	29813	
24070	0	45712	27948	29128	
24071	0	45568	26658	28626	
24072	0	45400	25494	28420	
24073	0	45240	24512	28176	
24074	0	45076	23576	28033	
24075	0	44904	22796	27873	
24076	0	44736	22080	27553	
24077	0	44568	21285	27361	
24078	0	44388	20576	27077	
24079	0	44224	20004	26669	
24080	0	44048	19444	26642	
24081	0	43868	18893	26648	
24082	0	43680	18416	26768	
24083	0	43492	17940	26849	
24084	0	43312	17558	26824	
24085	0	43116	17440	26648	
24086	0	42937	17745	26240	
24087	0	42744	18356	25825	
24088	0	42552	19384	25408	
24089	0	42356	20936	25168	
24090	0	42164	23077	25156	
24091	0	41960	10197	24564	
24092	0	41768	14963	43912	
24093	0	41564	14324	30921	
24094	0	41364	11744	35120	
24095	0	41168	17236	29888	
24096	0	40964	33792	37896	
24097	0	40756	35936	54464	
24098	0	40548	35884	44624	
24099	0	40344	31736	42124	
24100	0	40132	23501	42636	
24101	0	39924	26148	41904	
24102	0	39720	28332	42636	
24103	0	39512	27312	43028	
24104	0	39298	26588	41444	
24105	0	39084	26620	40428	
24106	0	38876	26712	37828	
24107	0	38664	27312	35340	
24108	0	38448	28452	33584	
24109	0	38237	29808	32561	
24110	0	38020	30376	31968	
24111	0	37808	30545	32024	
24112	0	37588	30484	32740	
24113	0	37376	30084	33632	
24114	0	37172	29508	34692	
24115	0	36948	28880	35640	
24116	0	36732	28300	36525	
24117	0	36516	27985	37164	
24118	0	36296	27972	37524	
24119	0	36080	28180	37640	
24120	0	35869	28316	37672	
24121	0	35660	28448	37604	
24122	0	35436	28494	37480	
24123	0	35224	28476	37356	
24124	0	35008	28398	37293	
24125	0	34792	28284	37324	
24126	0	34576	28220	37389	
24127	0	34372	28152	37524	
24128	0	34156	28165	37452	
24129	0	33940	28256	37408	
24130	0	33721	28236	37008	
24131	0	33512	28176	36932	
24132	0	33304	28300	37160	
24133	0	33096	28409	37032	
24134	0	32884	28508	36792	
24135	0	32672	28716	36404	
24136	0	32472	28673	36020	
24137	0	32272	28796	35760	
24138	0	32064	28704	35280	
24139	0	31860	28901	35172	
24140	0	31660	29033	35057	
24141	0	31460	29012	35112	
24142	0	31257	28904	35244	
24143	0	31062	28852	35493	
24144	0	30864	28600	35776	
24145	0	30668	28480	35984	
24146	0	30478	28308	36172	
24147	0	30284	28244	36304	
24148	0	30101	28229	36452	
24149	0	29904	28208	36546	
24150	0	29716	28180	36636	
24151	0	29528	28196	36680	
24152	0	29346	28292	36684	
24153	0	29160	28392	36676	
24154	0	28976	28248	36688	
24155	0	28800	28210	36620	
24156	0	28616	28346	36492	
24157	0	28440	28464	36320	
24158	0	28257	28528	36229	
24159	0	28081	28628	36077	
24160	0	27904	28596	36000	
24161	0	27721	28629	35944	
24162	0	27552	28588	35972	
24163	0	27376	28592	36136	
24164	0	27208	28592	36196	
24165	0	27032	28497	36221	
24166	0	26864	28448	36196	
24167	0	26692	28484	36160	
24168	0	26520	28365	36192	
24169	0	26348	28338	36172	
24170	0	26188	28332	36112	
24171	0	26016	28468	36124	
24172	0	25849	28684	36232	
24173	0	25680	28900	36288	
24174	0	25516	28696	36496	
24175	0	25356	28280	36560	
24176	0	25192	28092	36392	
24177	0	25032	28218	36353	
24178	0	24868	28480	36484	
24179	0	24708	28569	36540	
24180	0	24544	28391	36424	
24181	0	24386	28276	36340	
24182	0	24224	28293	36392	
24183	0	24073	28409	36624	
24184	0	23908	28313	36872	
24185	0	23748	28004	37008	
24186	0	23596	27816	37148	
24187	0	23441	27720	37348	
24188	0	23289	27488	37650	
24189	0	23132	27456	37904	
24190	0	22984	27328	37976	
24191	0	22828	27320	37521	
24192	0	22681	25685	34824	
24193	0	22528	26704	39565	
24194	0	22381	28016	38768	
24195	0	22236	27504	38850	
24196	0	22088	27296	38228	
24197	0	21944	27236	38768	
24198	0	21797	26993	39312	
24199	0	21649	26708	38920	
24200	0	21512	26762	39172	
24201	0	21368	27164	39372	
24202	0	21231	26637	39324	
24203	0	21082	25960	39524	
24204	0	20941	24804	40818	
24205	0	20812	23928	43116	
24206	0	20678	22564	43188	
24207	0	20544	22284	43408	
24208	0	20413	21920	43796	
24209	0	20301	20713	44352	
24210	0	20145	19620	45056	
24211	0	20020	18640	43684	
24212	0	19893	17692	42232	
24213	0	19762	16842	40196	
24214	0	19636	15229	38936	
24215	0	19514	12368	35876	
24216	0	19392	16040	34284	
24217	0	19272	16696	37604	
24218	0	19152	15933	39181	
24219	0	19040	15986	40308	
24220	0	18918	16244	41456	
24221	0	18812	17112	41929	
24222	0	18694	18328	42588	
24223	0	18593	19374	43000	
24224	0	18488	20540	43200	
24225	0	18372	21696	43412	
24226	0	18272	23016	43524	
24227	0	18170	24545	43464	
24228	0	18064	26288	43252	
24229	0	17972	27924	43124	
24230	0	17865	29440	43048	
24231	0	17784	30773	42904	
24232	0	17685	31984	42712	
24233	0	17592	33160	41792	
24234	0	17508	34652	40196	
24235	0	17420	35528	39152	
24236	0	17333	35580	39576	
24237	0	17253	36124	39764	
24238	0	17173	36889	39192	
24239	0	17088	37340	38784	
24240	0	17016	37489	38172	
24241	0	16936	37652	37556	
24242	0	16866	37968	37130	
24243	0	16800	38144	36556	
24244	0	16722	38280	35985	
24245	0	16653	38316	35652	
24246	0	16587	38368	35404	
24247	0	16526	38456	35186	
24248	0	16470	38544	34949	
24249	0	16408	38548	34752	
24250	0	16349	38576	34564	
24251	0	16300	38624	34352	
24252	0	16245	38596	34164	
24253	0	16196	38544	33981	
24254	0	16153	38400	33848	
24255	0	16103	38280	33584	
24256	0	16064	38156	33452	
24257	0	16024	38060	33344	
24258	0	15989	37764	33284	
24259	0	15949	37376	33344	
24260	0	15916	36916	33412	
24261	0	15889	36412	33416	
24262	0	15856	35856	33272	
24263	0	15837	35264	32984	
24264	0	15808	34536	33025	
24265	0	15793	33685	32613	
24266	0	15768	32832	32288	
24267	0	15762	31992	31840	
24268	0	15749	31048	31602	
24269	0	15742	30144	30064	
24270	0	15734	29032	30092	
24271	0	15738	27809	29824	
24272	0	15729	26444	28905	
24273	0	15737	24932	28956	
24274	0	15744	23596	28992	
24275	0	15760	22328	28742	
24276	0	15764	21137	28744	
24277	0	15776	19862	28980	
24278	0	15800	18660	29044	
24279	0	15823	17557	28596	
24280	0	15844	16472	28784	
24281	0	15866	15494	28052	
24282	0	15904	14661	27460	
24283	0	15940	14161	27960	
24284	0	15977	13897	27000	
24285	0	16018	14112	26560	
24286	0	16066	14852	26284	
24287	0	16105	16289	25944	
24288	0	16161	18256	25640	
24289	0	16219	15140	24368	
24290	0	16280	16496	31708	
24291	0	16337	18908	47832	
24292	0	16397	15780	29512	
24293	0	16464	15861	26860	
24294	0	16536	19586	21896	
24295	0	16612	22980	41266	
24296	0	16684	30436	47336	
24297	0	16765	31612	43236	
24298	0	16848	35269	37132	
24299	0	16936	29848	37204	
24300	0	17020	27592	40180	
24301	0	17120	28865	39452	
24302	0	17214	29616	38573	
24303	0	17312	28346	40412	
24304	0	17418	27720	40456	
24305	0	17518	27693	38712	
24306	0	17624	27372	37660	
24307	0	17738	28180	36324	
24308	0	17853	29305	35036	
24309	0	17968	29884	34273	
24310	0	18085	30208	33936	
24311	0	18203	30472	33826	
24312	0	18333	30416	34268	
24313	0	18448	30200	34981	
24314	0	18586	29765	35860	
24315	0	18721	29320	36696	
24316	0	18850	28963	37369	
24317	0	18988	28761	37880	
24318	0	19122	28525	38336	
24319	0	19261	28544	38576	
24320	0	19402	28560	38544	
24321	0	19548	28652	38374	
24322	0	19684	28808	38128	
24323	0	19840	28961	37836	
24324	0	19988	29104	37689	
24325	0	20130	29206	37632	
24326	0	20286	29220	37564	
24327	0	20438	29158	37540	
24328	0	20588	29100	37484	
24329	0	20745	29116	37328	
24330	0	20889	29120	37176	
24331	0	21056	29284	36773	
24332	0	21205	29360	36568	
24333	0	21374	29452	36340	
24334	0	21528	29580	36113	
24335	0	21696	29712	36000	
24336	0	21860	29760	35816	
24337	0	22005	29809	35764	
24338	0	22192	29764	35808	
24339	0	22352	29697	35857	
24340	0	22513	29648	35888	
24341	0	22684	29536	35912	
24342	0	22849	29476	35968	
24343	0	23020	29416	36016	
24344	0	23188	29384	36112	
24345	0	23362	29368	36225	
24346	0	23528	29324	36365	
24347	0	23700	29264	36520	
24348	0	23872	29255	36702	
24349	0	24046	29113	36857	
24350	0	24216	29120	36992	
24351	0	24392	29128	37136	
24352	0	24568	29120	37268	
24353	0	24740	29104	37316	
24354	0	24914	29200	37244	
24355	0	25088	29305	37177	
24356	0	25269	29404	37016	
24357	0	25440	29432	36772	
24358	0	25620	29376	36548	
24359	0	25792	29309	36300	
24360	0	25961	29328	36132	
24361	0	26136	29372	36076	
24362	0	26308	29418	35981	
24363	0	26476	29568	35924	
24364	0	26653	29620	35896	
24365	0	26821	29648	35896	
24366	0	26992	29684	35980	
24367	0	27160	29557	35972	
24368	0	27328	29430	36064	
24369	0	27500	29288	36252	
24370	0	27668	29108	36360	
24371	0	27832	29076	36412	
24372	0	28000	29132	36460	
24373	0	28160	29176	36592	
24374	0	28320	29212	36824	
24375	0	28488	29089	37020	
24376	0	28640	28956	37208	
24377	0	28808	28820	37238	
24378	0	28958	28892	37341	
24379	0	29112	28892	37332	
24380	0	29268	28856	37380	
24381	0	29420	28910	37404	
24382	0	29572	28840	37456	
24383	0	29713	28709	37620	
24384	0	29856	28504	37952	
24385	0	30008	28224	38208	
24386	0	30144	28116	38288	
24387	0	30279	28128	38264	
24388	0	30412	28216	38088	
24389	0	30552	28244	38120	
24390	0	30684	28104	38312	
24391	0	30809	28204	36956	
24392	0	30940	27732	38884	
24393	0	31060	27712	37500	
24394	0	31180	27109	39076	
24395	0	31297	27700	41936	
24396	0	31416	27720	38728	
24397	0	31532	27756	39572	
24398	0	31644	27564	39880	
24399	0	31752	27200	40392	
24400	0	31856	26696	40564	
24401	0	31960	26872	41120	
24402	0	32064	26728	41132	
24403	0	32164	27292	39864	
24404	0	32256	25900	40448	
24405	0	32345	27872	41312	
24406	0	32440	28280	40648	
24407	0	32530	27930	41112	
24408	0	32620	25424	39929	
24409	0	32704	22989	38440	
24410	0	32780	24225	37449	
24411	0	32852	21999	43360	
24412	0	32932	21184	47724	
24413	0	33000	19824	48104	
24414	0	33076	19265	47988	
24415	0	33144	18668	46460	
24416	0	33208	17861	45936	
24417	0	33272	17636	46720	
24418	0	33328	17980	46176	
24419	0	33400	12697	39100	
24420	0	33448	17344	35712	
24421	0	33500	19172	39532	
24422	0	33548	19497	39356	
24423	0	33604	19366	40444	
24424	0	33644	18927	42153	
24425	0	33696	19080	42740	
24426	0	33724	20300	43364	
24427	0	33772	21605	43488	
24428	0	33805	22774	43444	
24429	0	33840	23817	43620	
24430	0	33868	24820	43828	
24431	0	33900	25844	43788	
24432	0	33920	26890	43549	
24433	0	33948	27984	43136	
24434	0	33976	29128	42516	
24435	0	33984	30453	41812	
24436	0	34008	31836	41160	
24437	0	34022	33064	40532	
24438	0	34024	34012	39840	
24439	0	34040	34824	39069	
24440	0	34040	35572	38472	
24441	0	34044	36173	37704	
24442	0	34040	36588	36964	
24443	0	34040	37177	36464	
24444	0	34040	37596	36208	
24445	0	34032	37788	35856	
24446	0	34016	37944	35312	
24447	0	34008	38156	34940	
24448	0	33988	38328	34700	
24449	0	33965	38464	34616	
24450	0	33944	38600	34552	
24451	0	33920	38684	34464	
24452	0	33897	38748	34284	
24453	0	33868	38832	34085	
24454	0	33828	38945	33896	
24455	0	33800	39044	33758	
24456	0	33756	39060	33732	
24457	0	33712	39036	33646	
24458	0	33668	38936	33497	
24459	0	33624	38757	33364	
24460	0	33572	38476	33176	
24461	0	33520	38060	32892	
24462	0	33472	37584	32505	
24463	0	33412	36964	32120	
24464	0	33356	36312	31584	
24465	0	33356	35643	31105	
24466	0	33224	34844	30760	
24467	0	33168	34028	30372	
24468	0	33100	33096	29953	
24469	0	33028	32280	29656	
24470	0	32952	31296	29143	
24471	0	32870	30231	28612	
24472	0	32800	29168	28201	
24473	0	32724	28108	28004	
24474	0	32644	27084	27952	
24475	0	32564	26012	27932	
24476	0	32480	24996	28097	
24477	0	32392	23985	28000	
24478	0	32312	23020	27857	
24479	0	32224	22072	27812	
24480	0	32128	21320	27476	
24481	0	32036	20517	27244	
24482	0	31952	19845	27016	
24483	0	31852	19434	26860	
24484	0	31756	19080	26841	
24485	0	31664	18813	26901	
24486	0	31565	18708	27020	
24487	0	31464	18960	27160	
24488	0	31364	19592	27172	
24489	0	31268	20668	27072	
24490	0	31158	10784	19384	
24491	0	31060	5744	37196	
24492	0	30964	5656	40672	
24493	0	30852	14069	32834	
24494	0	30748	24605	25416	
24495	0	30637	26136	32612	
24496	0	30529	31352	35620	
24497	0	30416	33932	44972	
24498	0	30305	35200	47448	
24499	0	30202	33472	43960	
24500	0	30096	28612	38424	
24501	0	29972	25092	35088	
24502	0	29864	24912	36376	
24503	0	29752	26511	38740	
24504	0	29644	29848	38608	
24505	0	29528	31584	36612	
24506	0	29412	30900	36360	
24507	0	29293	29553	36960	
24508	0	29178	29176	36732	
24509	0	29060	29120	36576	
24510	0	28940	28954	37108	
24511	0	28828	28872	37472	
24512	0	28712	28897	37436	
24513	0	28592	29068	37148	
24514	0	28476	29284	36912	
24515	0	28361	29320	36812	
24516	0	28244	29220	36800	
24517	0	28126	29184	37064	
24518	0	28007	29216	37305	
24519	0	27888	29173	37524	
24520	0	27768	29037	37805	
24521	0	27656	29000	38033	
24522	0	27536	29069	38112	
24523	0	27424	29148	38124	
24524	0	27312	29232	38072	
24525	0	27196	29200	37917	
24526	0	27080	29226	37780	
24527	0	26976	29248	37648	
24528	0	26856	29201	37540	
24529	0	26744	29129	37524	
24530	0	26632	29157	37452	
24531	0	26524	29312	37340	
24532	0	26416	29398	37312	
24533	0	26304	29520	37244	
24534	0	26200	29528	37192	
24535	0	26092	29521	37072	
24536	0	25992	29516	36981	
24537	0	25888	29524	36820	
24538	0	25784	29568	36689	
24539	0	25688	29628	36536	
24540	0	25580	29720	36401	
24541	0	25480	29714	36332	
24542	0	25384	29688	36280	
24543	0	25290	29624	36257	
24544	0	25196	29612	36172	
24545	0	25108	29568	36244	
24546	0	25012	29544	36304	
24547	0	24920	29512	36324	
24548	0	24837	29488	36360	
24549	0	24744	29448	36476	
24550	0	24665	29429	36680	
24551	0	24580	29368	36772	
24552	0	24496	29284	36820	
24553	0	24416	29288	36884	
24554	0	24340	29304	36884	
24555	0	24256	29284	36884	
24556	0	24180	29368	36800	
24557	0	24108	29448	36936	
24558	0	24036	29420	36960	
24559	0	23964	29392	36900	
24560	0	23892	29288	36816	
24561	0	23820	29258	36696	
24562	0	23756	29229	36620	
24563	0	23688	29232	36616	
24564	0	23628	29280	36544	
24565	0	23560	29657	36360	
24566	0	23496	28609	36473	
24567	0	23436	29396	36332	
24568	0	23377	29501	36348	
24569	0	23316	29424	36424	
24570	0	23256	29365	36337	
24571	0	23200	29248	36380	
24572	0	23148	29140	36448	
24573	0	23088	29085	36512	
24574	0	23038	29085	36636	
24575	0	22988	29008	36800	
24576	0	22942	28936	36948	
24577	0	22885	28896	36972	
24578	0	22836	28972	36848	
24579	0	22796	29057	36824	
24580	0	22748	29132	37032	
24581	0	22697	29136	37176	
24582	0	22656	29056	37156	
24583	0	22608	29052	37194	
24584	0	22576	28981	37304	
24585	0	22524	28900	37429	
24586	0	22492	28752	37688	
24587	0	22448	28553	37940	
24588	0	22408	28368	37892	
24589	0	22372	28320	37845	
24590	0	22337	28308	37856	
24591	0	22296	28312	37684	
24592	0	22266	28320	38040	
24593	0	22228	28200	38016	
24594	0	22196	28248	38264	
24595	0	22160	28357	38332	
24596	0	22132	28348	38312	
24597	0	22102	28164	38344	
24598	0	22076	27748	38172	
24599	0	22044	28024	37884	
24600	0	22009	28912	37840	
24601	0	21988	26200	39744	
24602	0	21970	28718	38672	
24603	0	21946	27440	38976	
24604	0	21922	27024	40512	
24605	0	21901	27129	40224	
24606	0	21885	26912	40472	
24607	0	21872	26870	40604	
24608	0	21856	27112	40316	
24609	0	21852	27220	40036	
24610	0	21836	26768	40232	
24611	0	21833	26436	40176	
24612	0	21824	25552	40604	
24613	0	21824	23608	39768	
24614	0	21818	22120	40300	
24615	0	21825	24860	39536	
24616	0	21831	22721	39584	
24617	0	21844	19920	43944	
24618	0	21853	19128	50088	
24619	0	21860	19080	50948	
24620	0	21892	19508	50056	
24621	0	21918	20668	48696	
24622	0	21936	20948	45976	
24623	0	21968	18412	41462	
24624	0	22000	13832	38912	
24625	0	22040	16476	37488	
24626	0	22077	21328	40204	
24627	0	22124	21264	41312	
24628	0	22176	20932	42537	
24629	0	22232	20236	44016	
24630	0	22281	20660	44188	
24631	0	22344	21444	44428	
24632	0	22417	22285	44228	
24633	0	22480	23180	43912	
24634	0	22560	24084	43848	
24635	0	22636	25161	43460	
24636	0	22721	26253	42936	
24637	0	22804	27332	42336	
24638	0	22900	28394	41576	
24639	0	22992	29442	40760	
24640	0	23096	30464	40220	
24641	0	23197	31389	39828	
24642	0	23296	32256	39289	
24643	0	23408	33092	38852	
24644	0	23520	33760	38336	
24645	0	23636	34340	37820	
24646	0	23764	34860	37392	
24647	0	23880	35348	37080	
24648	0	24012	35776	36856	
24649	0	24138	36093	36633	
24650	0	24268	36392	36276	
24651	0	24396	36688	35972	
24652	0	24541	36960	35776	
24653	0	24680	37164	35612	
24654	0	24816	37372	35476	
24655	0	24964	37528	35376	
24656	0	25108	37664	35240	
24657	0	25264	37804	35084	
24658	0	25412	37901	34940	
24659	0	25560	38016	34768	
24660	0	25716	38156	34660	
24661	0	25868	38348	34612	
24662	0	26026	38428	34740	
24663	0	26180	38408	34896	
24664	0	26336	38328	35106	
24665	0	26500	38204	35292	
24666	0	26660	38024	35504	
24667	0	26820	37816	35684	
24668	0	26984	37636	35860	
24669	0	27137	37352	35908	
24670	0	27312	37084	35872	
24671	0	27476	36772	35938	
24672	0	27640	36421	36156	
24673	0	27804	36012	36280	
24674	0	27968	35592	36320	
24675	0	28132	35076	36236	
24676	0	28300	34420	35949	
24677	0	28476	33492	35656	
24678	0	28628	32400	35264	
24679	0	28797	31285	35088	
24680	0	28960	30056	34888	
24681	0	29132	28736	34661	
24682	0	29300	27614	34468	
24683	0	29464	26776	34340	
24684	0	29632	26120	34148	
24685	0	29796	25482	34076	
24686	0	29960	24725	33940	
24687	0	30128	24056	33464	
24688	0	30292	23405	32868	
24689	0	30464	22768	32232	
24690	0	30624	22133	31696	
24691	0	30789	21412	31312	
24692	0	30956	20977	30772	
24693	0	31120	20554	30348	
24694	0	31284	20192	30004	
24695	0	31448	19933	29671	
24696	0	31616	19936	29396	
24697	0	31772	19920	29096	
24698	0	31944	20010	28852	
24699	0	32100	20349	28696	
24700	0	32260	20894	28604	
24701	0	32424	21568	28561	
24702	0	32576	22276	28621	
24703	0	32736	23053	28840	
24704	0	32896	23908	29052	
24705	0	33056	24852	29328	
24706	0	33213	18836	31309	
24707	0	33364	11774	29733	
24708	0	33520	20705	23190	
24709	0	33676	14128	36380	
24710	0	33824	18205	33700	
24711	0	33984	13685	44104	
24712	0	34128	14674	41076	
24713	0	34276	18065	41032	
24714	0	34432	34860	43920	
24715	0	34569	39924	36864	
24716	0	34720	36188	34549	
24717	0	34860	31452	32728	
24718	0	35000	27804	33928	
24719	0	35138	27772	37244	
24720	0	35280	29000	39072	
24721	0	35417	28442	40104	
24722	0	35548	26248	37404	
24723	0	35680	24593	34256	
24724	0	35812	25344	34352	
24725	0	35941	28712	33216	
24726	0	36072	30288	33968	
24727	0	36196	30108	36372	
24728	0	36324	29492	36728	
24729	0	36448	28462	36332	
24730	0	36568	28536	35988	
24731	0	36684	28622	35768	
24732	0	36796	28960	35548	
24733	0	36908	29148	35904	
24734	0	37020	29044	36504	
24735	0	37128	28857	36712	
24736	0	37228	28960	36380	
24737	0	37328	29060	35960	
24738	0	37440	29249	35708	
24739	0	37532	29172	35901	
24740	0	37628	29060	36244	
24741	0	37724	28933	36705	
24742	0	37812	28960	36845	
24743	0	37900	29004	36684	
24744	0	37976	29000	36376	
24745	0	38068	29040	36184	
24746	0	38143	28980	36240	
24747	0	38220	29028	36388	
24748	0	38296	29044	36440	
24749	0	38364	29036	36464	
24750	0	38436	29024	36396	
24751	0	38508	28832	36532	
24752	0	38560	28876	36388	
24753	0	38636	28941	36328	
24754	0	38688	28980	36364	
24755	0	38744	29000	36392	
24756	0	38793	28988	36381	
24757	0	38848	28956	36368	
24758	0	38904	28976	36340	
24759	0	38952	29037	36360	
24760	0	38992	29104	36388	
24761	0	39040	29184	36448	
24762	0	39068	29173	36426	
24763	0	39104	28944	36232	
24764	0	39140	29014	36348	
24765	0	39169	28926	36300	
24766	0	39204	29016	36389	
24767	0	39232	28996	36420	
24768	0	39256	28956	36329	
24769	0	39276	29000	36296	
24770	0	39288	28804	36308	
24771	0	39300	28840	36344	
24772	0	39321	28873	36380	
24773	0	39328	28784	36400	
24774	0	39344	28968	36492	
24775	0	39336	28937	36480	
24776	0	39336	29004	36441	
24777	0	39340	28816	36332	
24778	0	39332	28804	36488	
24779	0	39324	29000	36400	
24780	0	39316	28924	36464	
24781	0	39304	28884	36480	
24782	0	39280	28756	36416	
24783	0	39260	28712	36356	
24784	0	39240	28588	36256	
24785	0	39216	28772	36204	
24786	0	39188	28740	36180	
24787	0	39156	28772	36148	
24788	0	39120	28700	36208	
24789	0	39084	28860	36221	
24790	0	39040	28712	36256	
24791	0	38996	28577	36492	
24792	0	38948	28558	36296	
24793	0	38904	28532	36344	
24794	0	38848	28592	36145	
24795	0	38792	28620	36068	
24796	0	38728	28598	36196	
24797	0	38672	28602	36160	
24798	0	38604	28584	36020	
24799	0	38536	28578	36160	
24800	0	38464	28500	36288	
24801	0	38388	28552	36240	
24802	0	38312	28464	36292	
24803	0	38240	28454	36216	
24804	0	38148	28384	36312	
24805	0	38072	28421	36204	
24806	0	37984	28500	36028	
24807	0	37900	28484	36032	
24808	0	37804	28460	36108	
24809	0	37712	28421	36356	
24810	0	37612	28368	36513	
24811	0	37520	28252	36622	
24812	0	37416	28012	36724	
24813	0	37320	27816	36892	
24814	0	37217	27644	37028	
24815	0	37108	27604	37024	
24816	0	37008	27584	37144	
24817	0	36900	27572	36936	
24818	0	36780	27382	37048	
24819	0	36664	27872	37098	
24820	0	36560	29528	37576	
24821	0	36436	35104	35020	
24822	0	36320	17200	45152	
24823	0	36204	36964	32113	
24824	0	36088	17192	43888	
24825	0	35965	27176	37320	
24826	0	35852	23189	40040	
24827	0	35720	26968	40064	
24828	0	35600	25612	39920	
24829	0	35476	25220	40596	
24830	0	35354	25160	40936	
24831	0	35232	24400	40992	
24832	0	35112	24618	41028	
24833	0	34980	24400	41236	
24834	0	34844	24164	41604	
24835	0	34725	24152	42588	
24836	0	34596	24138	44024	
24837	0	34472	23660	45656	
24838	0	34336	23065	46824	
24839	0	34205	23016	47964	
24840	0	34088	23820	48364	
24841	0	33964	24808	47872	
24842	0	33836	25048	45916	
24843	0	33708	25864	44352	
24844	0	33584	26641	42768	
24845	0	33452	26224	40240	
24846	0	33336	25568	39720	
24847	0	33212	25754	39404	
24848	0	33088	28036	39312	
24849	0	32961	28388	37224	
24850	0	32844	31400	41684	
24851	0	32724	33768	43844	
24852	0	32600	35452	45200	
24853	0	32481	34928	45940	
24854	0	32364	35826	46384	
24855	0	32236	37768	47964	
24856	0	32128	39808	47288	
24857	0	32012	41208	45320	
24858	0	31896	41408	44408	
24859	0	31776	41476	42844	
24860	0	31668	41837	41604	
24861	0	31552	42176	40736	
24862	0	31440	42489	40060	
24863	0	31336	42688	39888	
24864	0	31224	42744	40036	
24865	0	31112	42556	40180	
24866	0	31008	42244	40208	
24867	0	30904	41792	40536	
24868	0	30793	41392	40688	
24869	0	30700	40940	40736	
24870	0	30592	40408	40682	
24871	0	30496	39780	40548	
24872	0	30400	39120	40316	
24873	0	30300	38956	39668	
24874	0	30202	38036	39916	
24875	0	30104	37876	39444	
24876	0	30012	36884	39760	
24877	0	29920	36744	39356	
24878	0	29832	35772	39820	
24879	0	29744	35053	40192	
24880	0	29652	34905	39960	
24881	0	29572	34200	40480	
24882	0	29488	32548	42036	
24883	0	29400	33436	40640	
24884	0	29316	32340	41736	
24885	0	29236	32457	40880	
24886	0	29156	31196	41868	
24887	0	29084	31260	41684	
24888	0	29008	30900	41308	
24889	0	28929	30404	41148	
24890	0	28860	28734	42496	
24891	0	28788	28828	41352	
24892	0	28716	28290	40520	
24893	0	28653	26996	41740	
24894	0	28580	26964	40293	
24895	0	28524	26656	39176	
24896	0	28457	26148	38692	
24897	0	28394	25276	38812	
24898	0	28336	24608	38160	
24899	0	28280	23785	38152	
24900	0	28218	23161	37584	
24901	0	28164	22706	36820	
24902	0	28112	22373	36476	
24903	0	28058	22000	35932	
24904	0	28013	21608	35500	
24905	0	27968	21313	35220	
24906	0	27916	20270	36088	
24907	0	27868	21024	34220	
24908	0	27824	20696	34048	
24909	0	27784	20264	33608	
24910	0	27742	20864	32524	
24911	0	27712	20026	32420	
24912	0	27672	19621	32212	
24913	0	27632	19634	31968	
24914	0	27604	19744	31936	
24915	0	27577	19928	31812	
24916	0	27541	20309	31544	
24917	0	27512	20644	31248	
24918	0	27488	21018	30880	
24919	0	27464	21398	30516	
24920	0	27441	21796	30268	
24921	0	27425	22176	30048	
24922	0	27405	21725	30842	
24923	0	27393	11776	35816	
24924	0	27374	15317	34288	
24925	0	27360	20344	31588	
24926	0	27354	25898	30084	
24927	0	27348	28896	31556	
24928	0	27340	29440	37592	
24929	0	27340	32460	44796	
24930	0	27332	34316	47000	
24931	0	27333	32924	47064	
24932	0	27348	30549	44572	
24933	0	27344	29616	40604	
24934	0	27356	28720	36952	
24935	0	27364	27992	35812	
24936	0	27373	26592	37132	
24937	0	27385	25280	37849	
24938	0	27412	25176	39176	
24939	0	27432	22789	35632	
24940	0	27449	24712	34320	
24941	0	27477	27760	32413	
24942	0	27508	30185	33144	
24943	0	27532	29232	35040	
24944	0	27572	27664	36416	
24945	0	27608	27724	36976	
24946	0	27648	28508	37068	
24947	0	27685	29384	36200	
24948	0	27729	28744	35224	
24949	0	27780	28833	35320	
24950	0	27824	29743	35756	
24951	0	27876	29516	36128	
24952	0	27929	28737	36469	
24953	0	27984	28736	36388	
24954	0	28042	28841	36480	
24955	0	28096	28944	36637	
24956	0	28160	28908	36664	
24957	0	28224	28952	36676	
24958	0	28290	28976	36544	
24959	0	28360	29413	36184	
24960	0	28420	28860	36537	
24961	0	28496	28984	36360	
24962	0	28569	28908	36444	
24963	0	28640	28940	36412	
24964	0	28728	28888	36377	
24965	0	28800	28774	36552	
24966	0	28882	28816	36456	
24967	0	28964	28673	36616	
24968	0	29052	28656	36416	
24969	0	29124	28598	36600	
24970	0	29216	28640	36624	
24971	0	29308	28716	36548	
24972	0	29396	28580	36648	
24973	0	29484	28601	36564	
24974	0	29582	28649	36432	
24975	0	29668	28632	36508	
24976	0	29772	28650	36532	
24977	0	29868	28700	36564	
24978	0	29966	28812	36436	
24979	0	30068	28742	36584	
24980	0	30162	28761	36428	
24981	0	30265	28736	36440	
24982	0	30372	28708	36488	
24983	0	30468	28640	36484	
24984	0	30580	28692	36516	
24985	0	30680	28688	36348	
24986	0	30796	28652	36416	
24987	0	30900	28584	36600	
24988	0	31013	28600	36532	
24989	0	31120	28624	36596	
24990	0	31244	28588	36672	
24991	0	31348	28625	36436	
24992	0	31456	28380	36752	
24993	0	31576	28485	36832	
24994	0	31696	28654	36544	
24995	0	31800	28285	36784	
24996	0	31912	28353	36656	
24997	0	32032	28660	36581	
24998	0	32148	28832	36564	
24999	0	32257	28833	36588	
25000	0	32376	28752	36768	
25001	0	32496	28689	36752	
25002	0	32624	28724	36748	
25003	0	32737	28608	36696	
25004	0	32848	28584	36493	
25005	0	32976	28720	36465	
25006	0	33100	28600	36544	
25007	0	33217	28796	36596	
25008	0	33336	28800	36508	
25009	0	33448	28560	36476	
25010	0	33568	28276	36480	
25011	0	33688	28244	36416	
25012	0	33808	28409	36356	
25013	0	33924	28564	36220	
25014	0	34040	28560	36076	
25015	0	34157	28428	36168	
25016	0	34276	28416	36104	
25017	0	34396	28544	36161	
25018	0	34512	28584	36317	
25019	0	34628	28566	36296	
25020	0	34748	28412	36493	
25021	0	34864	28389	36584	
25022	0	34976	28204	36500	
25023	0	35096	28181	36868	
25024	0	35212	28224	36828	
25025	0	35320	28417	36644	
25026	0	35436	28141	36680	
25027	0	35556	27952	36904	
25028	0	35668	27712	37120	
25029	0	35784	27560	37268	
25030	0	35892	27656	37732	
25031	0	36000	27472	37684	
25032	0	36120	27684	37901	
25033	0	36228	27449	37816	
25034	0	36332	26968	37908	
25035	0	36448	26216	38140	
25036	0	36552	26240	39488	
25037	0	36665	27748	39780	
25038	0	36772	27520	38864	
25039	0	36884	27378	38912	
25040	0	36988	26768	39228	
25041	0	37088	26712	39884	
25042	0	37196	26892	40812	
25043	0	37309	26712	41288	
25044	0	37408	26369	41204	
25045	0	37520	25817	41076	
25046	0	37612	25236	40800	
25047	0	37716	24796	40160	
25048	0	37824	23112	40556	
25049	0	37920	22889	41976	
25050	0	38020	20315	41089	
25051	0	38118	20508	41492	
25052	0	38216	19440	43096	
25053	0	38308	20268	45268	
25054	0	38408	20232	45300	
25055	0	38508	19912	46028	
25056	0	38596	18965	47164	
25057	0	38689	18836	47984	
25058	0	38780	17746	45416	
25059	0	38880	15474	42132	
25060	0	38972	12620	39244	
25061	0	39060	15876	34768	
25062	0	39144	12628	39480	
25063	0	39224	13892	35752	
25064	0	39308	17590	39954	
25065	0	39392	18736	42116	
25066	0	39472	19352	44008	
25067	0	39564	20130	44880	
25068	0	39640	21460	44108	
25069	0	39720	22736	43784	
25070	0	39800	23994	43428	
25071	0	39868	25309	42989	
25072	0	39940	26791	42660	
25073	0	40016	28293	42012	
25074	0	40092	29840	41356	
25075	0	40160	31440	40816	
25076	0	40228	33033	40324	
25077	0	40304	34812	39608	
25078	0	40372	35784	39140	
25079	0	40428	36776	38796	
25080	0	40496	37584	38532	
25081	0	40564	38244	38192	
25082	0	40624	38788	37760	
25083	0	40680	39176	37264	
25084	0	40744	39588	36824	
25085	0	40800	39880	36424	
25086	0	40860	40048	36208	
25087	0	40924	40152	36184	
25088	0	40968	40236	36168	
25089	0	41024	40328	36137	
25090	0	41072	40416	36008	
25091	0	41120	40440	35745	
25092	0	41168	40452	35432	
25093	0	41212	40412	35036	
25094	0	41264	40360	34640	
25095	0	41304	40256	34352	
25096	0	41332	40096	34181	
25097	0	41380	39868	34040	
25098	0	41416	39580	34032	
25099	0	41448	39208	34088	
25100	0	41484	38816	34124	
25101	0	41512	38348	34132	
25102	0	41540	37932	34144	
25103	0	41560	37624	34018	
25104	0	41584	37400	34020	
25105	0	41608	37244	33880	
25106	0	41628	37088	33701	
25107	0	41636	36724	33744	
25108	0	41652	36108	33672	
25109	0	41656	35364	33372	
25110	0	41664	34464	32840	
25111	0	41672	33312	32496	
25112	0	41672	32188	32140	
25113	0	41672	30885	32016	
25114	0	41672	29460	32096	
25115	0	41656	28056	32072	
25116	0	41664	26598	32008	
25117	0	41636	25244	31780	
25118	0	41624	23957	31544	
25119	0	41604	22696	31184	
25120	0	41584	21536	30820	
25121	0	41560	20480	30414	
25122	0	41536	19538	30029	
25123	0	41508	18773	29769	
25124	0	41476	18204	29588	
25125	0	41440	17934	29516	
25126	0	41404	17832	29552	
25127	0	41364	17908	29612	
25128	0	41320	18153	29668	
25129	0	41276	18498	29736	
25130	0	41220	18932	29700	
25131	0	41172	19440	29596	
25132	0	41120	20100	29488	
25133	0	41056	20981	29408	
25134	0	41000	22076	29368	
25135	0	40940	23553	29020	
25136	0	40878	24744	29452	
25137	0	40804	26310	29364	
25138	0	40744	24076	25288	
25139	0	40672	14856	35448	
25140	0	40600	13524	38040	
25141	0	40532	11508	37844	
25142	0	40440	12241	28788	
25143	0	40364	18916	43002	
25144	0	40288	27472	45516	
25145	0	40212	35372	45552	
25146	0	40120	36480	46324	
25147	0	40036	34496	42400	
25148	0	39952	30858	38864	
25149	0	39865	28061	37872	
25150	0	39772	28532	36904	
25151	0	39676	28482	36008	
25152	0	39584	27776	35176	
25153	0	39488	27444	34900	
25154	0	39396	27828	34472	
25155	0	39288	27981	34052	
25156	0	39188	28448	33880	
25157	0	39100	28960	34257	
25158	0	38988	29326	34788	
25159	0	38892	29314	35432	
25160	0	38776	29420	35876	
25161	0	38684	29168	36332	
25162	0	38569	28733	36892	
25163	0	38464	28372	37133	
25164	0	38364	28192	37148	
25165	0	38253	28004	37316	
25166	0	38148	28256	37408	
25167	0	38036	28408	37380	
25168	0	37924	28528	37348	
25169	0	37824	28602	37120	
25170	0	37712	28624	36788	
25171	0	37600	28644	36476	
25172	0	37484	28776	36060	
25173	0	37376	28773	35800	
25174	0	37264	28748	35884	
25175	0	37152	28712	35940	
25176	0	37042	28656	36128	
25177	0	36936	28581	36288	
25178	0	36816	28572	36480	
25179	0	36708	28549	36656	
25180	0	36608	28572	36632	
25181	0	36492	28596	36552	
25182	0	36384	28608	36416	
25183	0	36276	28580	36340	
25184	0	36172	28484	36464	
25185	0	36064	28444	36441	
25186	0	35960	28408	36368	
25187	0	35848	28325	36352	
25188	0	35748	28336	36148	
25189	0	35648	28400	35976	
25190	0	35532	28532	35840	
25191	0	35436	28592	35768	
25192	0	35332	28629	35728	
25193	0	35224	28570	35752	
25194	0	35132	28509	35768	
25195	0	35025	28432	35868	
25196	0	34924	28408	36076	
25197	0	34832	28372	36268	
25198	0	34732	28300	36552	
25199	0	34632	28280	36833	
25200	0	34540	28248	36936	
25201	0	34440	28201	36884	
25202	0	34348	28176	36804	
25203	0	34252	28301	36653	
25204	0	34156	28462	36560	
25205	0	34058	28524	36416	
25206	0	33964	28506	36260	
25207	0	33872	28480	36144	
25208	0	33784	28501	36032	
25209	0	33696	28628	35920	
25210	0	33592	28706	35656	
25211	0	33504	28520	35516	
25212	0	33412	28564	35214	
25213	0	33320	28572	35072	
25214	0	33232	28701	34928	
25215	0	33156	28828	34904	
25216	0	33044	28956	35029	
25217	0	32968	28928	35476	
25218	0	32869	28628	35904	
25219	0	32784	28541	36224	
25220	0	32700	28320	36696	
25221	0	32604	27916	37140	
25222	0	32514	27869	37529	
25223	0	32436	27945	37752	
25224	0	32344	27996	37416	
25225	0	32250	28033	36956	
25226	0	32164	28268	36904	
25227	0	32080	28624	36827	
25228	0	31988	28636	36888	
25229	0	31904	28576	36900	
25230	0	31812	28648	36944	
25231	0	31728	28648	37108	
25232	0	31629	28460	37145	
25233	0	31552	28212	37256	
25234	0	31456	28288	37140	
25235	0	31372	28221	37020	
25236	0	31284	28094	37020	
25237	0	31196	27902	37196	
25238	0	31104	27737	37476	
25239	0	31016	27476	38024	
25240	0	30932	27212	38408	
25241	0	30837	27140	38772	
25242	0	30744	27200	38788	
25243	0	30660	27257	38696	
25244	0	30576	27208	38560	
25245	0	30484	27400	38584	
25246	0	30404	27177	38820	
25247	0	30308	26372	39160	
25248	0	30224	26468	39720	
25249	0	30132	25720	38204	
25250	0	30045	25336	37712	
25251	0	29956	23213	40904	
25252	0	29865	25408	44541	
25253	0	29785	25644	41960	
25254	0	29701	26716	40580	
25255	0	29616	25964	39364	
25256	0	29528	25952	39304	
25257	0	29444	25392	40072	
25258	0	29356	24481	39761	
25259	0	29268	24824	40104	
25260	0	29192	24812	40792	
25261	0	29108	23893	42496	
25262	0	29028	21848	43012	
25263	0	28942	20957	44096	
25264	0	28860	19847	41956	
25265	0	28780	18437	39832	
25266	0	28704	17184	38740	
25267	0	28632	15684	36628	
25268	0	28544	14321	37328	
25269	0	28468	15421	34824	
25270	0	28392	15377	37401	
25271	0	28320	15012	39000	
25272	0	28252	14830	40832	
25273	0	28176	15176	42316	
25274	0	28104	16112	42100	
25275	0	28032	17040	41760	
25276	0	27972	17996	41416	
25277	0	27908	18788	41344	
25278	0	27840	19603	41568	
25279	0	27777	20424	41860	
25280	0	27712	21416	42040	
25281	0	27648	22586	42141	
25282	0	27593	23928	41908	
25283	0	27534	25354	41492	
25284	0	27480	26978	40924	
25285	0	27424	28616	40432	
25286	0	27372	30181	40288	
25287	0	27324	31472	40236	
25288	0	27268	33000	39268	
25289	0	27220	33692	39420	
25290	0	27168	34264	39141	
25291	0	27120	35136	38292	
25292	0	27086	35832	38680	
25293	0	27037	36708	38504	
25294	0	26996	37572	38018	
25295	0	26956	38184	37661	
25296	0	26920	38344	37264	
25297	0	26888	38424	36876	
25298	0	26848	38724	36708	
25299	0	26816	39112	36500	
25300	0	26788	39464	36205	
25301	0	26753	39548	36020	
25302	0	26728	39612	35816	
25303	0	26708	39688	35580	
25304	0	26684	39772	35369	
25305	0	26656	39840	35120	
25306	0	26638	39853	34944	
25307	0	26616	39800	34864	
25308	0	26600	39744	34800	
25309	0	26581	39616	34700	
25310	0	26576	39432	34629	
25311	0	26560	39180	34540	
25312	0	26554	38980	34528	
25313	0	26548	38696	34276	
25314	0	26536	38432	34164	
25315	0	26536	38072	33925	
25316	0	26536	37708	33780	
25317	0	26542	37249	33588	
25318	0	26540	36792	33249	
25319	0	26544	36252	33169	
25320	0	26557	35588	32937	
25321	0	26568	34880	32608	
25322	0	26572	34048	32552	
25323	0	26584	33220	32184	
25324	0	26608	32200	31924	
25325	0	26629	31032	32001	
25326	0	26648	29960	31708	
25327	0	26668	28580	32024	
25328	0	26696	27036	31776	
25329	0	26728	25394	31492	
25330	0	26753	23728	31552	
25331	0	26784	21884	30884	
25332	0	26816	20048	30273	
25333	0	26864	18321	29784	
25334	0	26896	16657	29268	
25335	0	26944	15197	28752	
25336	0	26984	14012	28318	
25337	0	27036	13029	28132	
25338	0	27080	12511	27696	
25339	0	27124	12338	25452	
25340	0	27180	12997	27096	
25341	0	27236	8802	24844	
25342	0	27296	8517	30237	
25343	0	27360	8368	29232	
25344	0	27412	9380	26752	
25345	0	27476	8773	24334	
25346	0	27552	11780	25696	
25347	0	27610	18501	28464	
25348	0	27684	23344	31224	
25349	0	27757	26896	36572	
25350	0	27832	28432	35904	
25351	0	27908	33804	36040	
25352	0	27992	37036	35200	
25353	0	28065	34084	35592	
25354	0	28152	26800	34093	
25355	0	28238	25848	34574	
25356	0	28328	29201	35440	
25357	0	28420	30948	35848	
25358	0	28516	30192	36740	
25359	0	28612	28152	37288	
25360	0	28708	27260	37661	
25361	0	28800	27456	37784	
25362	0	28912	27864	37552	
25363	0	29020	28264	37604	
25364	0	29124	28044	37140	
25365	0	29232	28628	37032	
25366	0	29341	29124	36936	
25367	0	29456	29560	36756	
25368	0	29576	29604	36792	
25369	0	29692	29168	37048	
25370	0	29816	28680	37300	
25371	0	29940	28380	37460	
25372	0	30060	28136	37656	
25373	0	30184	28046	37728	
25374	0	30317	28216	37676	
25375	0	30440	28413	37580	
25376	0	30573	28645	37296	
25377	0	30704	28864	37064	
25378	0	30836	28976	36904	
25379	0	30980	29008	36820	
25380	0	31104	28964	37016	
25381	0	31244	28813	36916	
25382	0	31384	28656	37256	
25383	0	31520	28518	37280	
25384	0	31656	28497	37304	
25385	0	31800	28312	37196	
25386	0	31936	28512	37332	
25387	0	32080	28640	37248	
25388	0	32220	28645	37044	
25389	0	32364	28849	36808	
25390	0	32504	28900	36768	
25391	0	32644	28988	36536	
25392	0	32785	29048	36368	
25393	0	32933	28986	36288	
25394	0	33084	29004	36228	
25395	0	33220	28993	36192	
25396	0	33368	28965	36264	
25397	0	33504	28929	36368	
25398	0	33648	28932	36377	
25399	0	33792	28848	36469	
25400	0	33932	28872	36532	
25401	0	34069	28818	36636	
25402	0	34212	28865	36624	
25403	0	34364	28864	36740	
25404	0	34500	28796	36736	
25405	0	34644	28748	36748	
25406	0	34780	28692	36724	
25407	0	34920	28720	36708	
25408	0	35056	28724	36764	
25409	0	35200	28764	36732	
25410	0	35330	28820	36652	
25411	0	35468	28804	36797	
25412	0	35600	28904	36500	
25413	0	35736	29016	36077	
25414	0	35872	27736	36440	
25415	0	36008	28900	36100	
25416	0	36140	29048	36064	
25417	0	36276	27952	36472	
25418	0	36400	28825	36082	
25419	0	36532	28896	36036	
25420	0	36660	28818	35920	
25421	0	36780	28860	35768	
25422	0	36904	28904	35613	
25423	0	37028	28976	35524	
25424	0	37156	29020	35520	
25425	0	37272	29033	35492	
25426	0	37389	29077	35456	
25427	0	37508	29173	35460	
25428	0	37632	29192	35614	
25429	0	37740	29182	35760	
25430	0	37845	29132	35876	
25431	0	37960	29028	35984	
25432	0	38064	28844	36080	
25433	0	38180	28776	36096	
25434	0	38280	28850	36096	
25435	0	38380	29012	36232	
25436	0	38480	29068	36308	
25437	0	38576	29000	36432	
25438	0	38680	28956	36408	
25439	0	38776	28912	36416	
25440	0	38870	28952	36644	
25441	0	38956	28924	36808	
25442	0	39048	28896	36982	
25443	0	39140	28872	37029	
25444	0	39220	28848	37056	
25445	0	39308	28817	37336	
25446	0	39380	28656	37620	
25447	0	39460	28453	37928	
25448	0	39532	28300	38144	
25449	0	39608	28240	38240	
25450	0	39680	28228	38420	
25451	0	39748	28188	38592	
25452	0	39816	28088	38720	
25453	0	39876	27996	38832	
25454	0	39940	27969	38948	
25455	0	40012	27917	39192	
25456	0	40056	27840	39292	
25457	0	40116	28068	39680	
25458	0	40168	28017	39240	
25459	0	40217	28212	39248	
25460	0	40264	27788	39084	
25461	0	40312	28004	39941	
25462	0	40348	27785	40808	
25463	0	40384	28332	41408	
25464	0	40417	24301	41380	
25465	0	40456	26160	41316	
25466	0	40488	26572	41748	
25467	0	40520	26492	41612	
25468	0	40544	26186	41984	
25469	0	40568	26452	41896	
25470	0	40592	26521	42368	
25471	0	40616	26068	42816	
25472	0	40632	26456	41864	
25473	0	40648	26239	41280	
25474	0	40657	24396	42200	
25475	0	40680	22740	43212	
25476	0	40680	22985	47488	
25477	0	40680	22693	47840	
25478	0	40688	21793	47776	
25479	0	40688	20598	47748	
25480	0	40688	20244	46896	
25481	0	40616	19200	45217	
25482	0	40672	18390	44356	
25483	0	40672	18512	41456	
25484	0	40665	15032	36044	
25485	0	40648	18144	34516	
25486	0	40640	19454	36336	
25487	0	40624	17492	39196	
25488	0	40608	17849	39288	
25489	0	40588	18505	40324	
25490	0	40564	19528	40440	
25491	0	40540	20701	40512	
25492	0	40512	21448	40316	
25493	0	40484	22248	39956	
25494	0	40464	23650	39660	
25495	0	40425	25356	39172	
25496	0	40404	27104	38649	
25497	0	40356	28608	38484	
25498	0	40324	29716	38324	
25499	0	40292	30852	38020	
25500	0	40256	31928	37940	
25501	0	40208	33069	37756	
25502	0	40165	33844	37360	
25503	0	40128	34528	36836	
25504	0	40084	35272	36736	
25505	0	40032	36396	36160	
25506	0	39984	36786	36281	
25507	0	39936	37364	35960	
25508	0	39880	37464	35900	
25509	0	39820	37320	35428	
25510	0	39768	37310	35100	
25511	0	39712	37344	34848	
25512	0	39656	37424	34628	
25513	0	39604	37340	34440	
25514	0	39532	37168	34360	
25515	0	39472	37088	34396	
25516	0	39408	37064	34512	
25517	0	39340	37044	34676	
25518	0	39276	37052	34812	
25519	0	39208	37132	34900	
25520	0	39140	37224	34861	
25521	0	39072	37272	34848	
25522	0	39004	37296	34700	
25523	0	38928	37260	34544	
25524	0	38848	37164	34484	
25525	0	38781	37004	34456	
25526	0	38708	36812	34408	
25527	0	38628	36648	34208	
25528	0	38556	36429	33904	
25529	0	38472	36152	33618	
25530	0	38392	35721	33244	
25531	0	38316	35188	32856	
25532	0	38234	34524	32472	
25533	0	38144	33804	32208	
25534	0	38072	32816	31844	
25535	0	37984	31926	31508	
25536	0	37896	30998	30724	
25537	0	37808	30220	30020	
25538	0	37732	29081	29598	
25539	0	37644	27812	29224	
25540	0	37552	26416	29073	
25541	0	37464	25040	29328	
25542	0	37384	23729	29568	
25543	0	37296	22500	29728	
25544	0	37204	21348	29748	
25545	0	37108	20402	29518	
25546	0	37024	19656	29116	
25547	0	36921	19067	28664	
25548	0	36832	18584	28321	
25549	0	36744	18268	28033	
25550	0	36656	17880	27840	
25551	0	36560	17636	27719	
25552	0	36472	17588	27324	
25553	0	36364	17649	27796	
25554	0	36276	17946	27504	
25555	0	36184	18668	27264	
25556	0	36084	19364	27333	
25557	0	35992	20188	27332	
25558	0	35896	21404	27444	
25559	0	35804	22916	27652	
25560	0	35709	24388	27941	
25561	0	35612	25704	27721	
25562	0	35520	16498	33536	
25563	0	35416	19457	41396	
25564	0	35320	23440	31256	
25565	0	35228	21028	30840	
25566	0	35136	25448	34672	
25567	0	35036	25588	33960	
25568	0	34944	26333	44512	
25569	0	34848	31032	48688	
25570	0	34752	28696	44280	
25571	0	34660	28412	38689	
25572	0	34569	28464	40440	
25573	0	34472	29694	38080	
25574	0	34388	31800	35728	
25575	0	34292	30104	36568	
25576	0	34196	28492	36468	
25577	0	34104	27392	36336	
25578	0	34012	27500	35852	
25579	0	33920	27372	35212	
25580	0	33840	27680	34785	
25581	0	33740	28284	34676	
25582	0	33656	28932	34356	
25583	0	33556	29392	34332	
25584	0	33480	29760	34740	
25585	0	33380	29820	35292	
25586	0	33296	29564	35884	
25587	0	33208	29056	36666	
25588	0	33120	28408	37541	
25589	0	33040	27940	38516	
25590	0	32952	27712	38824	
25591	0	32868	27582	39200	
25592	0	32773	27770	38856	
25593	0	32688	28100	38448	
25594	0	32605	28316	38108	
25595	0	32521	28506	37808	
25596	0	32440	28584	37512	
25597	0	32360	28640	37276	
25598	0	32272	28612	37140	
25599	0	32196	28513	37120	
25600	0	32109	28576	36896	
25601	0	32032	28676	36876	
25602	0	31948	28704	36920	
25603	0	31869	28716	36964	
25604	0	31800	28648	37081	
25605	0	31716	28664	37040	
25606	0	31644	28650	37052	
25607	0	31568	28633	37092	
25608	0	31492	28604	36996	
25609	0	31420	28624	36892	
25610	0	31340	28668	36776	
25611	0	31268	28746	36644	
25612	0	31192	28780	36597	
25613	0	31133	28841	36496	
25614	0	31056	28888	36388	
25615	0	30988	28884	36436	
25616	0	30916	28829	36468	
25617	0	30852	28724	36484	
25618	0	30776	28704	36476	
25619	0	30716	28664	36536	
25620	0	30644	28581	36612	
25621	0	30588	28592	36736	
25622	0	30512	28504	36876	
25623	0	30452	28524	36816	
25624	0	30384	28548	36973	
25625	0	30317	28620	36504	
25626	0	30264	28721	37149	
25627	0	30196	28800	36352	
25628	0	30136	28737	36268	
25629	0	30076	28668	36296	
25630	0	30016	28622	36292	
25631	0	29961	28600	36288	
25632	0	29900	28650	36384	
25633	0	29845	28620	36280	
25634	0	29784	28580	36369	
25635	0	29728	28648	36268	
25636	0	29661	28824	36200	
25637	0	29608	28924	36096	
25638	0	29554	29016	35924	
25639	0	29500	28992	35840	
25640	0	29440	28860	35860	
25641	0	29384	28876	35872	
25642	0	29332	28932	35880	
25643	0	29272	28908	35960	
25644	0	29224	28808	36144	
25645	0	29168	28616	36264	
25646	0	29112	28408	36408	
25647	0	29052	28258	36552	
25648	0	29004	28201	36644	
25649	0	28944	28352	36528	
25650	0	28892	28536	36504	
25651	0	28852	28716	36524	
25652	0	28792	28764	36560	
25653	0	28744	28649	36568	
25654	0	28692	28557	36564	
25655	0	28640	28497	36564	
25656	0	28588	28508	36416	
25657	0	28548	28473	36296	
25658	0	28496	28756	36152	
25659	0	28438	28920	36196	
25660	0	28402	28792	36400	
25661	0	28344	28540	36588	
25662	0	28304	28316	36778	
25663	0	28256	28136	36989	
25664	0	28217	28040	37210	
25665	0	28168	27876	37444	
25666	0	28128	27765	37757	
25667	0	28088	27678	37922	
25668	0	28053	27408	38244	
25669	0	28012	27332	38352	
25670	0	27968	27340	38384	
25671	0	27932	27314	38704	
25672	0	27892	27472	38752	
25673	0	27872	27388	39036	
25674	0	27840	27296	39344	
25675	0	27804	27012	39616	
25676	0	27772	26757	39680	
25677	0	27748	26476	39736	
25678	0	27724	26088	39960	
25679	0	27704	28472	37816	
25680	0	27681	25288	43584	
25681	0	27656	26540	42292	
25682	0	27644	27596	40484	
25683	0	27628	26360	40200	
25684	0	27608	26188	40932	
25685	0	27596	26688	42248	
25686	0	27586	25500	41956	
25687	0	27584	24808	41096	
25688	0	27576	24512	40744	
25689	0	27580	23758	40696	
25690	0	27584	23020	41128	
25691	0	27580	22224	42740	
25692	0	27580	20648	43824	
25693	0	27584	19625	43504	
25694	0	27593	18680	42772	
25695	0	27614	18073	41948	
25696	0	27632	16464	41856	
25697	0	27645	16685	44260	
25698	0	27664	14366	38860	
25699	0	27689	16582	38516	
25700	0	27716	17780	40524	
25701	0	27748	18192	40889	
25702	0	27776	18341	42964	
25703	0	27816	18916	43968	
25704	0	27856	19936	44276	
25705	0	27892	20944	44488	
25706	0	27936	21932	44121	
25707	0	27984	22980	43724	
25708	0	28036	24104	43344	
25709	0	28092	25184	42840	
25710	0	28152	26132	42240	
25711	0	28214	27096	41792	
25712	0	28276	28394	41210	
25713	0	28336	29888	40456	
25714	0	28408	31212	39572	
25715	0	28481	31764	39536	
25716	0	28560	33169	38424	
25717	0	28624	33776	38400	
25718	0	28704	34652	37872	
25719	0	28796	35292	37780	
25720	0	28880	35660	37640	
25721	0	28968	36257	37340	
25722	0	29060	36761	37104	
25723	0	29148	37184	36788	
25724	0	29248	37508	36454	
25725	0	29333	37752	36156	
25726	0	29428	37996	35844	
25727	0	29536	38220	35520	
25728	0	29636	38396	35420	
25729	0	29734	38505	35284	
25730	0	29848	38577	35164	
25731	0	29948	38584	35104	
25732	0	30057	38584	34940	
25733	0	30164	38584	34672	
25734	0	30283	38592	34692	
25735	0	30384	38548	34409	
25736	0	30496	38441	34536	
25737	0	30616	38276	34032	
25738	0	30724	38076	34068	
25739	0	30848	37708	33460	
25740	0	30960	37380	33544	
25741	0	31085	36953	33444	
25742	0	31196	36484	32768	
25743	0	31316	36072	33056	
25744	0	31434	35620	32820	
25745	0	31556	35261	32665	
25746	0	31673	34881	32812	
25747	0	31808	34436	32480	
25748	0	31920	34040	32128	
25749	0	32044	33664	31672	
25750	0	32157	33304	31224	
25751	0	32281	32737	31088	
25752	0	32408	32077	30788	
25753	0	32529	31204	30598	
25754	0	32648	30204	30464	
25755	0	32776	29248	30164	
25756	0	32876	28368	30368	
25757	0	33016	27656	29900	
25758	0	33148	26740	29688	
25759	0	33272	25696	29592	
25760	0	33388	24704	29584	
25761	0	33516	23716	29640	
25762	0	33636	22809	29376	
25763	0	33762	21824	29776	
25764	0	33880	20920	29596	
25765	0	34000	20068	29568	
25766	0	34126	19372	29537	
25767	0	34244	18856	29512	
25768	0	34368	18473	29529	
25769	0	34480	18308	29452	
25770	0	34600	18264	29301	
25771	0	34724	18440	29240	
25772	0	34844	18313	29120	
25773	0	34960	13601	30720	
25774	0	35072	9432	34872	
25775	0	35188	7182	34017	
25776	0	35304	6497	31176	
25777	0	35424	18116	29252	
25778	0	35536	18404	32036	
25779	0	35648	27373	37445	
25780	0	35760	28452	45060	
25781	0	35876	34472	39800	
25782	0	35980	36356	37088	
25783	0	36092	30948	38924	
25784	0	36196	26012	38464	
25785	0	36305	24724	35484	
25786	0	36412	27805	34953	
25787	0	36516	29888	36088	
25788	0	36616	31584	38244	
25789	0	36724	28858	34888	
25790	0	36832	28152	35172	
25791	0	36928	28634	35244	
25792	0	37036	29348	35064	
25793	0	37136	29468	35241	
25794	0	37244	29596	36688	
25795	0	37332	28992	35552	
25796	0	37428	29244	35844	
25797	0	37528	29092	36532	
25798	0	37620	29084	36804	
25799	0	37716	28892	37438	
25800	0	37812	28612	37964	
25801	0	37908	28412	38280	
25802	0	37996	28368	38456	
25803	0	38084	28468	38320	
25804	0	38180	28616	38112	
25805	0	38272	28814	37844	
25806	0	38356	28908	37636	
25807	0	38448	29028	37480	
25808	0	38532	29084	37252	
25809	0	38616	29072	37192	
25810	0	38700	29008	37244	
25811	0	38784	28984	37220	
25812	0	38860	28960	37230	
25813	0	38944	28956	37200	
25814	0	39016	28997	37120	
25815	0	39100	29064	37040	
25816	0	39168	29104	37056	
25817	0	39240	29136	37048	
25818	0	39320	29164	37108	
25819	0	39381	29070	37230	
25820	0	39456	29145	39448	
25821	0	39524	29052	36984	
25822	0	39584	28972	37288	
25823	0	39648	28946	37310	
25824	0	39712	28808	36028	
25825	0	39772	28920	36928	
25826	0	39836	29086	37288	
25827	0	39884	28964	36149	
25828	0	39940	28944	36816	
25829	0	39986	28696	36461	
25830	0	40052	28944	36568	
25831	0	40096	28988	36924	
25832	0	40140	28905	36300	
25833	0	40188	29076	36533	
25834	0	40228	28881	36316	
25835	0	40260	28997	36396	
25836	0	40300	29260	36432	
25837	0	40336	29042	36333	
25838	0	40372	29165	36316	
25839	0	40400	28800	36176	
25840	0	40420	28892	36164	
25841	0	40448	28904	36108	
25842	0	40468	28876	36056	
25843	0	40488	28756	36060	
25844	0	40512	28896	36064	
25845	0	40520	28844	36064	
25846	0	40528	28880	36000	
25847	0	40544	28876	35844	
25848	0	40552	28905	35760	
25849	0	40556	28960	35700	
25850	0	40556	28992	35604	
25851	0	40557	29124	35445	
25852	0	40552	29228	35344	
25853	0	40544	29232	35268	
25854	0	40544	29164	35212	
25855	0	40524	29137	35334	
25856	0	40500	29212	35488	
25857	0	40488	29177	35612	
25858	0	40468	28992	35744	
25859	0	40444	28936	35840	
25860	0	40420	28888	35904	
25861	0	40388	28800	36057	
25862	0	40356	28661	36208	
25863	0	40324	28548	36388	
25864	0	40292	28456	36528	
25865	0	40252	28433	36660	
25866	0	40208	28384	36844	
25867	0	40164	28300	36996	
25868	0	40112	28204	37108	
25869	0	40064	28207	37381	
25870	0	40012	28160	37324	
25871	0	39956	28264	37328	
25872	0	39900	28432	37244	
25873	0	39836	28404	37088	
25874	0	39768	28500	37204	
25875	0	39712	28400	37386	
25876	0	39636	28296	37468	
25877	0	39564	28116	37740	
25878	0	39488	27944	38048	
25879	0	39412	27762	38172	
25880	0	39340	27912	38328	
25881	0	39252	27864	38308	
25882	0	39180	27820	38270	
25883	0	39100	27769	38321	
25884	0	39008	27848	38272	
25885	0	38924	27816	38508	
25886	0	38832	28205	38304	
25887	0	38744	26592	39316	
25888	0	38650	26349	40760	
25889	0	38556	26680	40164	
25890	0	38460	27236	38700	
25891	0	38372	27301	39560	
25892	0	38272	27105	39832	
25893	0	38176	26437	40168	
25894	0	38076	26324	40712	
25895	0	37976	26609	41268	
25896	0	37864	26780	41160	
25897	0	37760	26976	40916	
25898	0	37660	26849	40924	
25899	0	37552	25552	40340	
25900	0	37444	25380	40808	
25901	0	37336	23612	40428	
25902	0	37228	23348	42624	
25903	0	37120	23214	43808	
25904	0	37008	22226	43276	
25905	0	36896	21664	43720	
25906	0	36785	21280	44132	
25907	0	36672	19810	44680	
25908	0	36564	19252	45024	
25909	0	36452	18432	45740	
25910	0	36336	17704	44336	
25911	0	36228	16202	43072	
25912	0	36113	17056	45112	
25913	0	36000	15262	37696	
25914	0	35888	11506	34960	
25915	0	35772	16972	34600	
25916	0	35652	18920	40016	
25917	0	35544	19181	40304	
25918	0	35432	19293	41344	
25919	0	35312	19712	41612	
25920	0	35197	20536	42188	
25921	0	35088	21628	42912	
25922	0	34968	22772	43188	
25923	0	34856	23970	43236	
25924	0	34748	25348	42880	
25925	0	34644	26812	42116	
25926	0	34540	28236	41244	
25927	0	34416	29552	40616	
25928	0	34304	31096	40237	
25929	0	34197	32720	40176	
25930	0	34088	33897	39984	
25931	0	33984	35717	38828	
25932	0	33880	35428	38332	
25933	0	33776	35904	38164	
25934	0	33664	36328	38308	
25935	0	33560	37052	37880	
25936	0	33444	37728	37764	
25937	0	33344	38036	37904	
25938	0	33252	38248	37416	
25939	0	33152	38556	36652	
25940	0	33052	39008	36045	
25941	0	32953	39524	35592	
25942	0	32856	39972	35406	
25943	0	32760	40116	35368	
25944	0	32664	40080	35444	
25945	0	32565	39992	35672	
25946	0	32476	39886	35856	
25947	0	32366	39652	36100	
25948	0	32285	39344	36249	
25949	0	32196	39100	36256	
25950	0	32112	38920	36076	
25951	0	32024	38768	35817	
25952	0	31936	38624	35716	
25953	0	31844	38400	35632	
25954	0	31770	38196	35392	
25955	0	31676	37908	35452	
25956	0	31596	37592	35744	
25957	0	31512	37240	35972	
25958	0	31432	36868	36168	
25959	0	31360	36481	36384	
25960	0	31272	36044	36572	
25961	0	31196	35593	36708	
25962	0	31120	35140	36616	
25963	0	31044	34624	36376	
25964	0	30972	34002	36188	
25965	0	30892	33336	36144	
25966	0	30820	32608	36137	
25967	0	30752	31869	35980	
25968	0	30680	30984	35732	
25969	0	30608	29884	35384	
25970	0	30536	28632	35056	
25971	0	30464	27500	34884	
25972	0	30400	26506	34868	
25973	0	30332	25648	34948	
25974	0	30264	24844	35088	
25975	0	30200	23992	35144	
25976	0	30136	23198	35064	
25977	0	30069	22501	34760	
25978	0	30008	21917	34253	
25979	0	29948	21485	33580	
25980	0	29884	21240	32824	
25981	0	29823	21076	32080	
25982	0	29756	20957	31433	
25983	0	29700	20838	30976	
25984	0	29640	20684	30736	
25985	0	29585	20572	30588	
25986	0	29529	20596	30465	
25987	0	29472	20778	30548	
25988	0	29412	21156	30508	
25989	0	29360	21485	30504	
25990	0	29304	21680	30590	
25991	0	29252	21756	30784	
25992	0	29200	15341	35084	
25993	0	29148	8940	33689	
25994	0	29097	20676	26480	
25995	0	29052	12560	39196	
25996	0	29004	11484	28840	
25997	0	28956	9821	27308	
25998	0	28900	11104	25276	
25999	0	28864	12150	27028	
26000	0	28820	17592	28592	
26001	0	28784	23930	34852	
26002	0	28732	30416	38877	
26003	0	28700	32188	41812	
26004	0	28653	30766	39208	
26005	0	28618	30801	38336	
26006	0	28584	31440	38692	
26007	0	28562	31216	38180	
26008	0	28520	31181	37860	
26009	0	28492	31700	37600	
26010	0	28472	26576	38985	
26011	0	28448	23632	35948	
26012	0	28424	34160	35764	
26013	0	28412	23640	32935	
26014	0	28389	29020	33576	
26015	0	28381	28992	35120	
26016	0	28361	27200	36376	
26017	0	28368	28316	36252	
26018	0	28360	29248	36710	
26019	0	28360	28532	36956	
26020	0	28361	28744	36704	
26021	0	28368	29024	36360	
26022	0	28369	28986	36056	
26023	0	28392	28784	36020	
26024	0	28408	28876	36224	
26025	0	28426	29057	36374	
26026	0	28448	29072	36448	
26027	0	28472	29076	36440	
26028	0	28508	29140	36368	
26029	0	28540	29132	36400	
26030	0	28576	29096	36524	
26031	0	28617	29044	36576	
26032	0	28672	29026	36541	
26033	0	28716	28976	36536	
26034	0	28764	29024	36504	
26035	0	28832	29017	36548	
26036	0	28888	29028	36524	
26037	0	28961	28992	36568	
26038	0	29024	28976	36584	
26039	0	29096	28964	36528	
26040	0	29172	28942	36480	
26041	0	29252	28880	36416	
26042	0	29340	28880	36424	
26043	0	29420	28912	36442	
26044	0	29509	28924	36484	
26045	0	29601	28952	36520	
26046	0	29700	28908	36512	
26047	0	29796	28924	36500	
26048	0	29901	28933	36528	
26049	0	30000	28904	36496	
26050	0	30116	28920	36477	
26051	0	30232	28908	36516	
26052	0	30344	28876	36584	
26053	0	30460	28928	36560	
26054	0	30588	28881	36568	
26055	0	30704	28860	36456	
26056	0	30825	28804	36432	
26057	0	30952	28732	36437	
26058	0	31084	28680	36480	
26059	0	31212	28660	36517	
26060	0	31348	28652	36568	
26061	0	31480	28708	36548	
26062	0	31616	28704	36576	
26063	0	31756	28665	36572	
26064	0	31892	28620	36700	
26065	0	32032	28636	36656	
26066	0	32184	28677	36604	
26067	0	32316	28612	36560	
26068	0	32460	28634	36408	
26069	0	32600	28700	36441	
26070	0	32744	28656	36552	
26071	0	32892	28664	36436	
26072	0	33040	28556	36416	
26073	0	33181	28478	36368	
26074	0	33324	28524	36512	
26075	0	33464	28732	36180	
26076	0	33612	28516	36292	
26077	0	33760	28696	36265	
26078	0	33896	28612	36288	
26079	0	34041	28493	36316	
26080	0	34184	28604	36160	
26081	0	34316	28704	36172	
26082	0	34460	28789	35964	
26083	0	34596	28560	36496	
26084	0	34725	28760	36092	
26085	0	34868	28560	36092	
26086	0	35005	28680	36388	
26087	0	35136	28602	36248	
26088	0	35260	28698	36232	
26089	0	35389	28532	36560	
26090	0	35520	28710	36212	
26091	0	35648	28749	36220	
26092	0	35776	28745	36282	
26093	0	35892	28600	36524	
26094	0	36020	28704	36293	
26095	0	36128	28541	36352	
26096	0	36256	28385	36388	
26097	0	36368	28380	36532	
26098	0	36480	28448	36524	
26099	0	36592	28516	36356	
26100	0	36700	28556	36449	
26101	0	36820	28492	36548	
26102	0	36932	28380	36652	
26103	0	37028	28312	36840	
26104	0	37128	28228	36748	
26105	0	37236	28112	36856	
26106	0	37340	28148	36652	
26107	0	37440	28140	36580	
26108	0	37536	28225	36513	
26109	0	37636	28232	36433	
26110	0	37716	28044	36296	
26111	0	37820	27628	36852	
26112	0	37912	27792	36788	
26113	0	38008	27496	36837	
26114	0	38088	28300	37084	
26115	0	38180	28256	36988	
26116	0	38268	29993	34848	
26117	0	38352	21776	41240	
26118	0	38444	30816	36240	
26119	0	38524	25144	40648	
26120	0	38606	26932	36448	
26121	0	38684	29784	37128	
26122	0	38764	25812	38680	
26123	0	38848	28182	36204	
26124	0	38924	26489	39852	
26125	0	39000	26736	37512	
26126	0	39072	27880	37520	
26127	0	39160	25880	39708	
26128	0	39232	26644	37604	
26129	0	39312	26701	39028	
26130	0	39381	25488	38952	
26131	0	39456	26280	39004	
26132	0	39532	25096	39520	
26133	0	39600	25460	38624	
26134	0	39680	24572	39896	
26135	0	39752	24780	39460	
26136	0	39824	24004	41176	
26137	0	39900	23952	40920	
26138	0	39948	23692	42296	
26139	0	40044	23760	40320	
26140	0	40112	23700	42109	
26141	0	40192	23260	44848	
26142	0	40256	23024	45136	
26143	0	40328	22828	46356	
26144	0	40400	23149	47064	
26145	0	40468	23324	46960	
26146	0	40528	23493	45148	
26147	0	40600	23377	43188	
26148	0	40672	21913	41056	
26149	0	40740	20925	39740	
26150	0	40800	21690	40530	
26151	0	40868	22528	43984	
26152	0	40932	25132	40352	
26153	0	41008	27664	39620	
26154	0	41068	30880	35752	
26155	0	41136	31376	38264	
26156	0	41200	31480	41796	
26157	0	41260	34012	42528	
26158	0	41328	35616	38568	
26159	0	41388	34608	38425	
26160	0	41453	36108	40496	
26161	0	41508	37128	39832	
26162	0	41568	39552	42248	
26163	0	41625	39480	45808	
26164	0	41680	39344	43884	
26165	0	41736	39916	44048	
26166	0	41784	39836	44304	
26167	0	41836	39984	44480	
26168	0	41876	40105	43176	
26169	0	41929	40709	42892	
26170	0	41980	40608	42968	
26171	0	42016	40544	42540	
26172	0	42060	40508	42116	
26173	0	42093	40608	41624	
26174	0	42137	40776	41180	
26175	0	42168	40833	40836	
26176	0	42200	40712	40652	
26177	0	42240	40480	40624	
26178	0	42260	40240	40672	
26179	0	42288	39872	41424	
26180	0	42308	39489	40400	
26181	0	42336	38980	41044	
26182	0	42348	38348	40964	
26183	0	42368	38080	41432	
26184	0	42384	37164	43784	
26185	0	42388	36966	41904	
26186	0	42404	36268	42584	
26187	0	42392	35864	41981	
26188	0	42400	34732	43092	
26189	0	42416	34188	42824	
26190	0	42400	32196	45120	
26191	0	42396	32708	43352	
26192	0	42388	31488	44072	
26193	0	42384	31460	43288	
26194	0	42372	30680	43084	
26195	0	42352	29788	43476	
26196	0	42340	28128	45156	
26197	0	42316	28176	44052	
26198	0	42292	27424	44528	
26199	0	42260	26841	44628	
26200	0	42232	26436	44464	
26201	0	42200	25884	43844	
26202	0	42168	25496	43300	
26203	0	42136	24978	41928	
26204	0	42093	24328	43328	
26205	0	42056	24360	41188	
26206	0	42008	23792	41944	
26207	0	41968	23292	41837	
26208	0	41912	22560	43580	
26209	0	41860	22816	40268	
26210	0	41804	22660	39908	
26211	0	41756	22580	39160	
26212	0	41692	22552	38344	
26213	0	41628	22409	37584	
26214	0	41560	22372	36828	
26215	0	41504	22424	36060	
26216	0	41432	22444	35412	
26217	0	41360	22432	34896	
26218	0	41284	22300	34524	
26219	0	41216	22036	34308	
26220	0	41136	21912	34048	
26221	0	41056	21811	33872	
26222	0	40976	21761	33552	
26223	0	40896	21820	33127	
26224	0	40808	21892	32748	
26225	0	40728	21872	32396	
26226	0	40636	21984	31932	
26227	0	40552	22162	31508	
26228	0	40464	22448	31304	
26229	0	40368	19338	37184	
26230	0	40272	14180	35168	
26231	0	40184	16936	32972	
26232	0	40084	23624	30104	
26233	0	39988	28144	28912	
26234	0	39888	27864	34340	
26235	0	39788	27556	43584	
26236	0	39682	29681	46024	
26237	0	39576	31692	47604	
26238	0	39472	32793	45821	
26239	0	39368	32794	44152	
26240	0	39252	31997	38352	
26241	0	39156	30652	36602	
26242	0	39040	29832	35277	
26243	0	38928	30843	34560	
26244	0	38812	31336	35676	
26245	0	38701	25610	40184	
26246	0	38588	22270	38124	
26247	0	38476	24554	37500	
26248	0	38356	28640	34232	
26249	0	38240	28948	33028	
26250	0	38120	28736	34804	
26251	0	37996	29181	37888	
26252	0	37884	29312	38252	
26253	0	37772	29016	37224	
26254	0	37644	28552	35664	
26255	0	37524	28648	34848	
26256	0	37396	28768	35488	
26257	0	37280	28720	35672	
26258	0	37157	28652	36010	
26259	0	37032	29308	36108	
26260	0	36912	29700	36312	
26261	0	36784	29572	36404	
26262	0	36658	29452	36352	
26263	0	36536	29364	36476	
26264	0	36412	29284	36640	
26265	0	36280	29198	36764	
26266	0	36164	29157	36796	
26267	0	36033	29160	36804	
26268	0	35908	29160	36772	
26269	0	35788	29140	36750	
26270	0	35660	29132	36764	
26271	0	35528	29124	36700	
26272	0	35409	29121	36712	
26273	0	35284	29168	36676	
26274	0	35156	29152	36784	
26275	0	35036	29144	36825	
26276	0	34908	29061	36892	
26277	0	34776	28992	36832	
26278	0	34668	28964	36796	
26279	0	34540	28964	36672	
26280	0	34408	28848	36904	
26281	0	34285	28956	36612	
26282	0	34160	29048	36653	
26283	0	34036	29056	36528	
26284	0	33912	28896	36768	
26285	0	33796	29116	36216	
26286	0	33664	28976	36696	
26287	0	33544	29122	36388	
26288	0	33432	28952	36700	
26289	0	33305	29020	36649	
26290	0	33184	29012	36620	
26291	0	33056	28997	36728	
26292	0	32940	28961	36656	
26293	0	32825	28992	36496	
26294	0	32704	28872	36756	
26295	0	32584	28876	36676	
26296	0	32464	29044	36532	
26297	0	32352	28981	36644	
26298	0	32228	28872	36636	
26299	0	32112	28783	36704	
26300	0	32000	28872	36440	
26301	0	31888	28848	36592	
26302	0	31768	28848	36756	
26303	0	31652	28880	36704	
26304	0	31540	28768	36820	
26305	0	31424	28817	36660	
26306	0	31316	28828	36548	
26307	0	31197	28876	36400	
26308	0	31093	28864	36785	
26309	0	30984	28908	36728	
26310	0	30864	29100	36837	
26311	0	30760	29048	36809	
26312	0	30648	28984	36736	
26313	0	30548	28992	36616	
26314	0	30432	28889	36620	
26315	0	30334	28876	36773	
26316	0	30224	28920	36708	
26317	0	30116	28836	36828	
26318	0	30012	28788	36912	
26319	0	29912	28868	36633	
26320	0	29800	28530	36708	
26321	0	29700	28596	36541	
26322	0	29599	28860	36385	
26323	0	29488	28796	36388	
26324	0	29396	28910	36424	
26325	0	29296	28780	36516	
26326	0	29189	28828	36560	
26327	0	29088	28984	36612	
26328	0	28996	29012	36828	
26329	0	28898	28960	36708	
26330	0	28797	28940	36712	
26331	0	28704	28932	36580	
26332	0	28608	28896	36756	
26333	0	28520	28932	36728	
26334	0	28424	28912	36668	
26335	0	28324	28892	36448	
26336	0	28236	28964	36364	
26337	0	28144	28940	36309	
26338	0	28053	28804	36436	
26339	0	27968	28860	36432	
26340	0	27872	28857	36448	
26341	0	27792	28856	36489	
26342	0	27708	28900	36520	
26343	0	27620	28896	36664	
26344	0	27538	28765	36912	
26345	0	27456	28536	36948	
26346	0	27372	28524	36736	
26347	0	27289	28388	37180	
26348	0	27212	28088	36832	
26349	0	27132	28276	36832	
26350	0	27028	27948	37168	
26351	0	26977	28174	37032	
26352	0	26908	27800	37192	
26353	0	26836	27732	37520	
26354	0	26768	27476	37616	
26355	0	26689	27712	37292	
26356	0	26628	27648	37492	
26357	0	26556	27989	37868	
26358	0	26496	27132	37216	
26359	0	26428	26762	39648	
26360	0	26362	28704	38796	
26361	0	26296	28644	36968	
26362	0	26246	27456	40104	
26363	0	26188	28933	38425	
26364	0	26130	27041	39356	
26365	0	26068	27172	39400	
26366	0	26020	27120	40580	
26367	0	25968	25936	41432	
26368	0	25916	25644	41689	
26369	0	25880	25272	42532	
26370	0	25828	24948	42728	
26371	0	25773	24900	42508	
26372	0	25728	24776	42281	
26373	0	25696	24490	42232	
26374	0	25656	24364	41688	
26375	0	25620	24008	41384	
26376	0	25577	23332	41960	
26377	0	25548	22633	42757	
26378	0	25516	22254	43304	
26379	0	25484	21837	43968	
26380	0	25456	21725	44720	
26381	0	25432	22262	44305	
26382	0	25408	18320	48584	
26383	0	25388	22758	46228	
26384	0	25364	22156	47808	
26385	0	25344	19892	51688	
26386	0	25332	22272	52472	
26387	0	25317	22250	46424	
26388	0	25308	21764	41960	
26389	0	25296	22154	42448	
26390	0	25292	20861	39852	
26391	0	25280	21717	45412	
26392	0	25280	22736	40196	
26393	0	25289	16828	33349	
26394	0	25290	19961	31372	
26395	0	25292	26108	35376	
26396	0	25304	26036	37376	
26397	0	25312	27780	38480	
26398	0	25325	28133	39300	
26399	0	25341	27348	39104	
26400	0	25364	26568	39776	
26401	0	25392	27065	39653	
26402	0	25412	28236	39300	
26403	0	25440	29268	38932	
26404	0	25472	30489	37976	
26405	0	25504	31548	37000	
26406	0	25550	32412	36460	
26407	0	25593	33212	36353	
26408	0	25628	33776	36205	
26409	0	25680	34116	35964	
26410	0	25732	34424	35560	
26411	0	25781	34632	35181	
26412	0	25836	34904	34912	
26413	0	25904	35164	34776	
26414	0	25957	35332	34612	
26415	0	26032	35505	34296	
26416	0	26088	35656	34065	
26417	0	26166	35833	33820	
26418	0	26240	36076	33628	
26419	0	26310	36348	33593	
26420	0	26396	36576	33584	
26421	0	26476	36784	33592	
26422	0	26560	36976	33608	
26423	0	26648	37140	33680	
26424	0	26728	37262	33604	
26425	0	26824	37341	33417	
26426	0	26916	37392	33260	
26427	0	27008	37388	33142	
26428	0	27110	37336	32972	
26429	0	27204	37252	32856	
26430	0	27300	37132	32809	
26431	0	27408	36965	32800	
26432	0	27510	36738	32732	
26433	0	27616	36508	32573	
26434	0	27724	36216	32268	
26435	0	27832	35780	32132	
26436	0	27940	35308	31980	
26437	0	28048	34804	31806	
26438	0	28164	34316	31564	
26439	0	28272	33744	31120	
26440	0	28388	33080	30680	
26441	0	28508	32292	30224	
26442	0	28608	31418	29884	
26443	0	28740	30320	29712	
26444	0	28856	29093	29625	
26445	0	28976	27844	29696	
26446	0	29088	26736	29760	
26447	0	29212	25715	29865	
26448	0	29324	24640	29920	
26449	0	29452	23448	29960	
26450	0	29568	22224	29970	
26451	0	29700	21081	29792	
26452	0	29812	20138	29504	
26453	0	29929	19453	29128	
26454	0	30060	18905	28808	
26455	0	30180	18516	28656	
26456	0	30308	18222	28660	
26457	0	30432	18008	28701	
26458	0	30552	17904	28760	
26459	0	30684	17953	28808	
26460	0	30804	18250	28832	
26461	0	30928	10434	24696	
26462	0	31048	11705	36672	
26463	0	31184	7844	33632	
26464	0	31304	10745	32688	
26465	0	31424	21488	30569	
26466	0	31552	28020	29712	
26467	0	31672	31200	35364	
26468	0	31802	33748	41180	
26469	0	31916	35024	44136	
26470	0	32044	34952	43476	
26471	0	32160	32844	38956	
26472	0	32292	27930	39536	
26473	0	32412	22814	31925	
26474	0	32540	23472	37156	
26475	0	32656	23278	36320	
26476	0	32780	29136	35040	
26477	0	32900	31777	34632	
26478	0	33016	31376	32900	
26479	0	33136	30776	34648	
26480	0	33258	29144	33668	
26481	0	33376	29362	33912	
26482	0	33496	29400	34445	
26483	0	33600	29104	35236	
26484	0	33720	28620	35968	
26485	0	33836	28480	36372	
26486	0	33952	28580	36888	
26487	0	34060	28829	37185	
26488	0	34172	28992	37473	
26489	0	34276	29068	37733	
26490	0	34384	29134	38048	
26491	0	34496	29068	38152	
26492	0	34596	28916	38400	
26493	0	34696	28756	38569	
26494	0	34804	28640	38602	
26495	0	34904	28584	38540	
26496	0	35004	28572	38364	
26497	0	35088	28676	37988	
26498	0	35192	28840	37656	
26499	0	35288	29012	37244	
26500	0	35380	29136	36984	
26501	0	35472	29308	36600	
26502	0	35560	29312	36556	
26503	0	35656	29316	36576	
26504	0	35732	29256	36748	
26505	0	35814	29364	38088	
26506	0	35904	29164	36520	
26507	0	35980	29100	36752	
26508	0	36060	29072	36816	
26509	0	36140	29104	36744	
26510	0	36212	28602	35709	
26511	0	36288	28989	36288	
26512	0	36356	29144	36412	
26513	0	36433	29176	36408	
26514	0	36496	29204	36452	
26515	0	36564	30013	38672	
26516	0	36640	29020	35880	
26517	0	36704	29024	36412	
26518	0	36768	29048	36484	
26519	0	36820	29060	36504	
26520	0	36896	29108	36637	
26521	0	36948	28600	35728	
26522	0	37000	28928	36624	
26523	0	37056	28976	36856	
26524	0	37108	28976	37026	
26525	0	37160	28904	37056	
26526	0	37212	28832	37072	
26527	0	37260	29524	38420	
26528	0	37300	28704	36568	
26529	0	37352	28817	36800	
26530	0	37384	28920	36745	
26531	0	37432	28760	36136	
26532	0	37472	29057	36212	
26533	0	37496	29176	36244	
26534	0	37540	28992	35748	
26535	0	37568	29120	35876	
26536	0	37592	29164	35788	
26537	0	37632	29200	35712	
26538	0	37656	29233	35736	
26539	0	37684	29160	35830	
26540	0	37704	29085	35840	
26541	0	37704	28996	35924	
26542	0	37736	28845	36008	
26543	0	37756	28719	35976	
26544	0	37772	28772	35828	
26545	0	37788	28896	35808	
26546	0	37784	29024	35832	
26547	0	37792	29108	35857	
26548	0	37792	29076	35941	
26549	0	37804	29048	35984	
26550	0	37804	28944	36144	
26551	0	37808	28756	36313	
26552	0	37796	28557	36485	
26553	0	37788	28512	36556	
26554	0	37780	28610	36524	
26555	0	37768	28740	36384	
26556	0	37760	28800	36432	
26557	0	37740	28864	36420	
26558	0	37724	28885	36356	
26559	0	37696	28876	36332	
26560	0	37680	28853	36332	
26561	0	37656	28806	36388	
26562	0	37632	28752	36468	
26563	0	37600	28716	36632	
26564	0	37568	28666	36855	
26565	0	37524	28584	37048	
26566	0	37492	28544	37192	
26567	0	37449	28480	37345	
26568	0	37416	28338	37604	
26569	0	37368	28132	37812	
26570	0	37312	27976	37976	
26571	0	37272	28045	38304	
26572	0	37221	28044	38176	
26573	0	37168	28220	38012	
26574	0	37108	27121	37272	
26575	0	37052	28808	38380	
26576	0	36992	27393	39192	
26577	0	36928	28088	38448	
26578	0	36860	27588	39232	
26579	0	36792	28248	37321	
26580	0	36724	27524	38248	
26581	0	36652	28612	39816	
26582	0	36580	27432	39328	
26583	0	36501	27052	39000	
26584	0	36432	26912	39236	
26585	0	36352	26684	39720	
26586	0	36272	26426	40024	
26587	0	36184	26688	40496	
26588	0	36096	26896	40344	
26589	0	36004	26800	40404	
26590	0	35916	26956	40516	
26591	0	35836	26996	40744	
26592	0	35740	26088	40984	
26593	0	35644	25956	41084	
26594	0	35552	27308	41388	
26595	0	35456	25616	40912	
26596	0	35356	21629	40212	
26597	0	35256	23340	39788	
26598	0	35152	21720	40512	
26599	0	35044	21742	45492	
26600	0	34944	20896	45888	
26601	0	34837	20704	45436	
26602	0	34732	21376	44820	
26603	0	34616	20924	42940	
26604	0	34512	20372	42384	
26605	0	34400	20544	42112	
26606	0	34292	22496	41004	
26607	0	34180	20620	37808	
26608	0	34064	15750	32552	
26609	0	33948	21104	31544	
26610	0	33832	22489	35788	
26611	0	33716	21972	36396	
26612	0	33600	22260	37452	
26613	0	33481	21904	38556	
26614	0	33368	22116	39201	
26615	0	33241	22672	39724	
26616	0	33120	23341	39744	
26617	0	33010	23844	39746	
26618	0	32884	24472	39616	
26619	0	32768	25334	39412	
26620	0	32652	26276	39260	
26621	0	32520	27204	38766	
26622	0	32408	27972	38308	
26623	0	32288	28712	37880	
26624	0	32172	29620	37632	
26625	0	32045	30556	37304	
26626	0	31932	31388	37040	
26627	0	31804	32140	36840	
26628	0	31680	32736	36652	
26629	0	31564	33176	36372	
26630	0	31440	33568	36056	
26631	0	31324	33908	35768	
26632	0	31200	34196	35560	
26633	0	31080	34500	35304	
26634	0	30957	34860	34980	
26635	0	30840	35200	34580	
26636	0	30721	35544	34408	
26637	0	30596	35748	34128	
26638	0	30480	35880	34056	
26639	0	30360	35952	34052	
26640	0	30241	36024	34088	
26641	0	30124	36092	34064	
26642	0	30004	36128	34016	
26643	0	29888	36140	33912	
26644	0	29773	36112	33840	
26645	0	29652	36128	33772	
26646	0	29540	36072	33709	
26647	0	29428	36100	33544	
26648	0	29316	36142	33472	
26649	0	29204	36120	33453	
26650	0	29092	36036	33472	
26651	0	28980	35904	33504	
26652	0	28864	35788	33488	
26653	0	28756	35596	33460	
26654	0	28640	35296	33352	
26655	0	28545	34998	33612	
26656	0	28440	34596	33560	
26657	0	28328	34197	33412	
26658	0	28224	33713	33160	
26659	0	28120	33189	33292	
26660	0	28020	32380	31884	
26661	0	27920	31816	32321	
26662	0	27820	31096	31146	
26663	0	27725	30196	31537	
26664	0	27628	29268	30040	
26665	0	27528	28296	31104	
26666	0	27444	27324	30852	
26667	0	27332	26340	30748	
26668	0	27245	25334	31245	
26669	0	27152	24416	30740	
26670	0	27061	23380	30276	
26671	0	26976	22348	30456	
26672	0	26888	21408	29760	
26673	0	26793	20380	29553	
26674	0	26716	19596	29424	
26675	0	26624	18964	29276	
26676	0	26550	18480	29292	
26677	0	26468	18216	29117	
26678	0	26384	18036	29016	
26679	0	26302	17976	29048	
26680	0	26228	18100	29032	
26681	0	26148	18477	29164	
26682	0	26080	15516	29376	
26683	0	26004	15894	33456	
26684	0	25932	15400	32180	
26685	0	25864	13948	30928	
26686	0	25792	5132	24284	
26687	0	25722	25100	29677	
26688	0	25658	23637	36016	
26689	0	25592	23116	36864	
26690	0	25528	30128	37056	
26691	0	25468	35309	39396	
26692	0	25409	35008	39112	
26693	0	25352	31976	40736	
26694	0	25288	30012	40036	
26695	0	25236	25764	39736	
26696	0	25184	25772	41049	
26697	0	25136	24864	38336	
26698	0	25080	25920	37404	
26699	0	25032	28552	36808	
26700	0	24984	29968	36424	
26701	0	24937	29350	34832	
26702	0	24896	29768	33696	
26703	0	24860	30756	33656	
26704	0	24812	32664	36620	
26705	0	24784	30265	33344	
26706	0	24744	29972	34640	
26707	0	24716	29576	35485	
26708	0	24677	29260	36256	
26709	0	24648	28941	36992	
26710	0	24628	28821	37452	
26711	0	24592	28676	37968	
26712	0	24568	28640	38064	
26713	0	24545	28740	38128	
26714	0	24532	28876	38060	
26715	0	24512	28760	38040	
26716	0	24498	28864	37852	
26717	0	24480	28924	37772	
26718	0	24468	28948	37656	
26719	0	24460	29044	37448	
26720	0	24448	29116	37260	
26721	0	24448	29232	37064	
26722	0	24444	29317	37072	
26723	0	24432	29344	36720	
26724	0	24444	29312	36860	
26725	0	24448	29285	36874	
26726	0	24452	29296	36856	
26727	0	24456	29180	36944	
26728	0	24470	29180	37052	
26729	0	24480	29092	37252	
26730	0	24501	29120	37300	
26731	0	24508	29104	37364	
26732	0	24540	29120	37296	
26733	0	24556	29164	37140	
26734	0	24584	29202	37056	
26735	0	24612	29124	35880	
26736	0	24644	29200	36616	
26737	0	24680	30300	39944	
26738	0	24716	29260	35892	
26739	0	24760	29381	36052	
26740	0	24804	29920	37264	
26741	0	24853	29468	35700	
26742	0	24900	29444	35984	
26743	0	24948	29452	36096	
26744	0	25008	29404	36176	
26745	0	25065	29312	36292	
26746	0	25133	29234	36380	
26747	0	25200	29184	36512	
26748	0	25264	29092	36540	
26749	0	25340	29088	36584	
26750	0	25416	29084	36640	
26751	0	25492	29100	36620	
26752	0	25554	29033	36688	
26753	0	25644	29008	36772	
26754	0	25732	29024	36828	
26755	0	25820	29048	36856	
26756	0	25920	28984	36873	
26757	0	25992	28916	36848	
26758	0	26096	28884	36896	
26759	0	26198	28916	36868	
26760	0	26300	28984	36808	
26761	0	26396	29008	36712	
26762	0	26500	29077	36600	
26763	0	26602	29166	36360	
26764	0	26708	29277	36240	
26765	0	26832	29288	35972	
26766	0	26936	29313	35788	
26767	0	27052	29342	35632	
26768	0	27168	29356	35668	
26769	0	27288	29309	35588	
26770	0	27409	29240	35592	
26771	0	27520	29220	35692	
26772	0	27644	29164	35776	
26773	0	27772	29044	35893	
26774	0	27892	29000	36116	
26775	0	28012	28896	36277	
26776	0	28144	28821	36410	
26777	0	28268	28756	36552	
26778	0	28398	28756	36640	
26779	0	28528	28764	36664	
26780	0	28660	28712	36688	
26781	0	28792	28661	36704	
26782	0	28920	28704	36716	
26783	0	29044	28816	36704	
26784	0	29180	28860	36888	
26785	0	29316	28680	37192	
26786	0	29444	28533	37512	
26787	0	29580	28360	37696	
26788	0	29708	28244	37780	
26789	0	29845	28110	37844	
26790	0	29980	28116	37840	
26791	0	30108	28164	37736	
26792	0	30240	28172	37696	
26793	0	30368	28144	37816	
26794	0	30500	28012	38040	
26795	0	30636	27852	38532	
26796	0	30768	27768	38384	
26797	0	30893	27789	38698	
26798	0	31028	27949	38680	
26799	0	31152	27696	38248	
26800	0	31282	27664	38076	
26801	0	31416	27688	38200	
26802	0	31544	27772	38388	
26803	0	31672	27476	38640	
26804	0	31796	27300	38672	
26805	0	31924	26553	39420	
26806	0	32056	26908	41069	
26807	0	32181	25752	39380	
26808	0	32304	27469	38873	
26809	0	32432	27576	36060	
26810	0	32556	25044	45296	
26811	0	32680	25016	43040	
26812	0	32808	27056	41760	
26813	0	32928	27540	40356	
26814	0	33056	26909	39516	
26815	0	33184	25616	41088	
26816	0	33300	24056	41552	
26817	0	33424	24197	41040	
26818	0	33540	23721	40800	
26819	0	33664	23462	41724	
26820	0	33784	22865	43088	
26821	0	33908	21376	43780	
26822	0	34028	19948	43928	
26823	0	34136	19188	43456	
26824	0	34260	18476	43460	
26825	0	34376	16840	42908	
26826	0	34496	18349	42524	
26827	0	34608	15672	37568	
26828	0	34724	13472	35048	
26829	0	34840	17149	35340	
26830	0	34948	17772	39248	
26831	0	35064	17882	39740	
26832	0	35188	18004	41080	
26833	0	35288	18592	42104	
26834	0	35400	19561	42724	
26835	0	35508	20637	43149	
26836	0	35616	21676	43313	
26837	0	35717	22944	43316	
26838	0	35822	24412	43044	
26839	0	35932	25857	42688	
26840	0	36028	27192	42308	
26841	0	36128	28348	41660	
26842	0	36232	29504	41000	
26843	0	36324	30596	40365	
26844	0	36424	31736	39876	
26845	0	36524	32896	39464	
26846	0	36608	33845	39153	
26847	0	36704	34604	38848	
26848	0	36788	35204	38392	
26849	0	36884	35716	37888	
26850	0	36968	36138	37468	
26851	0	37056	36420	36812	
26852	0	37136	36660	36460	
26853	0	37216	36848	36225	
26854	0	37284	37000	35897	
26855	0	37364	37184	35548	
26856	0	37436	37462	35205	
26857	0	37508	37760	34920	
26858	0	37572	37988	34664	
26859	0	37641	38172	34450	
26860	0	37700	38294	34312	
26861	0	37764	38492	34240	
26862	0	37816	38628	34145	
26863	0	37876	38720	34056	
26864	0	37924	38746	33956	
26865	0	37972	38680	34184	
26866	0	38020	38590	33912	
26867	0	38061	38424	33396	
26868	0	38108	38228	33916	
26869	0	38142	37872	33368	
26870	0	38180	37629	33696	
26871	0	38204	37404	32700	
26872	0	38240	36936	33100	
26873	0	38260	36540	33162	
26874	0	38272	35956	32664	
26875	0	38294	35260	32536	
26876	0	38316	34468	32480	
26877	0	38324	33624	32360	
26878	0	38336	32740	31960	
26879	0	38340	31992	32004	
26880	0	38352	31353	31284	
26881	0	38332	30605	30700	
26882	0	38346	29744	30136	
26883	0	38332	28808	29741	
26884	0	38336	27700	29456	
26885	0	38321	26696	29268	
26886	0	38308	25724	29153	
26887	0	38288	24772	29028	
26888	0	38280	23840	28900	
26889	0	38244	22889	28696	
26890	0	38224	22060	28436	
26891	0	38208	21104	28392	
26892	0	38172	20377	27958	
26893	0	38144	19596	28256	
26894	0	38104	18864	28084	
26895	0	38068	18302	27877	
26896	0	38028	17920	28013	
26897	0	37992	17774	27760	
26898	0	37944	17700	27628	
26899	0	37900	17862	27520	
26900	0	37852	18216	27464	
26901	0	37788	19063	27216	
26902	0	37735	12736	25600	
26903	0	37688	12767	34484	
26904	0	37636	8777	34868	
26905	0	37576	13069	36488	
26906	0	37516	19936	26600	
26907	0	37452	16354	29685	
26908	0	37396	30272	32028	
26909	0	37320	32360	40636	
26910	0	37264	33996	43816	
26911	0	37192	33728	41808	
26912	0	37125	33556	37496	
26913	0	37056	30732	35808	
26914	0	36976	27732	35120	
26915	0	36901	27672	36268	
26916	0	36832	27900	38160	
26917	0	36760	27732	38760	
26918	0	36681	27696	38068	
26919	0	36604	27664	37832	
26920	0	36512	27624	37368	
26921	0	36436	28296	37100	
26922	0	36360	28977	36292	
26923	0	36276	29240	35492	
26924	0	36184	29312	35164	
26925	0	36104	29473	35308	
26926	0	36012	29564	35484	
26927	0	35936	29472	35502	
26928	0	35845	29484	35776	
26929	0	35760	29360	36436	
26930	0	35668	29208	37152	
26931	0	35576	29102	37560	
26932	0	35488	28872	38104	
26933	0	35392	28652	38528	
26934	0	35296	28597	38592	
26935	0	35212	28684	38440	
26936	0	35114	28756	38264	
26937	0	35017	28797	38185	
26938	0	34924	28888	38016	
26939	0	34820	28945	38016	
26940	0	34724	28876	38020	
26941	0	34624	28850	37976	
26942	0	34532	28816	37996	
26943	0	34432	28836	37900	
26944	0	34336	28832	37872	
26945	0	34232	28912	37776	
26946	0	34128	29016	37673	
26947	0	34040	29048	37492	
26948	0	33932	29077	37336	
26949	0	33837	29088	37185	
26950	0	33728	29160	36896	
26951	0	33632	29224	36753	
26952	0	33528	29284	36552	
26953	0	33433	29308	36362	
26954	0	33332	29344	36196	
26955	0	33228	29344	36116	
26956	0	33128	29386	35965	
26957	0	33022	29376	35876	
26958	0	32928	29368	35844	
26959	0	32820	29368	35816	
26960	0	32720	29276	35885	
26961	0	32620	29276	35940	
26962	0	32524	29196	35992	
26963	0	32420	29220	36048	
26964	0	32320	29196	36212	
26965	0	32228	29180	36268	
26966	0	32124	29164	36513	
26967	0	32028	29168	36684	
26968	0	31924	29109	36880	
26969	0	31832	29057	37052	
26970	0	31736	29077	37228	
26971	0	31644	29048	37332	
26972	0	31552	28992	37548	
26973	0	31452	28942	37664	
26974	0	31353	28944	37732	
26975	0	31261	28976	37692	
26976	0	31161	29040	37560	
26977	0	31076	29136	37329	
26978	0	30984	29296	37100	
26979	0	30900	29420	36884	
26980	0	30806	29417	36748	
26981	0	30713	29400	36709	
26982	0	30628	29340	36712	
26983	0	30544	29320	36740	
26984	0	30456	29296	36824	
26985	0	30368	29268	36937	
26986	0	30288	29152	37004	
26987	0	30200	29152	36976	
26988	0	30120	29168	36928	
26989	0	30036	29184	36824	
26990	0	29957	29264	36736	
26991	0	29872	29272	36704	
26992	0	29798	29270	36732	
26993	0	29716	29336	36864	
26994	0	29644	29388	36996	
26995	0	29560	29256	37092	
26996	0	29488	29098	37180	
26997	0	29412	29044	37276	
26998	0	29332	29077	37376	
26999	0	29256	29148	37472	
27000	0	29188	29100	37472	
27001	0	29116	29104	37389	
27002	0	29048	29042	37360	
27003	0	28972	29064	37340	
27004	0	28901	29108	37344	
27005	0	28836	29064	37480	
27006	0	28764	28948	37564	
27007	0	28696	28856	37696	
27008	0	28636	28804	37841	
27009	0	28564	28716	37864	
27010	0	28508	28644	37884	
27011	0	28442	28460	37976	
27012	0	28384	28301	38189	
27013	0	28320	28232	38345	
27014	0	28256	28128	38720	
27015	0	28205	27172	36796	
27016	0	28145	27641	39164	
27017	0	28094	27108	38749	
27018	0	28044	28272	41460	
27019	0	27996	27752	39008	
27020	0	27936	28172	39880	
27021	0	27892	27908	39728	
27022	0	27844	27764	40560	
27023	0	27796	27576	40312	
27024	0	27760	27184	40432	
27025	0	27724	27372	41560	
27026	0	27676	27220	40496	
27027	0	27636	29016	40120	
27028	0	27600	25488	42620	
27029	0	27568	26592	42432	
27030	0	27548	27724	42260	
27031	0	27516	26496	41832	
27032	0	27488	24340	41336	
27033	0	27456	23982	40600	
27034	0	27448	23038	40512	
27035	0	27421	22969	40248	
27036	0	27408	22330	47968	
27037	0	27392	22525	49480	
27038	0	27380	21588	49592	
27039	0	27380	21184	48388	
27040	0	27376	21352	47948	
27041	0	27368	21281	46368	
27042	0	27365	20828	43596	
27043	0	27368	16968	39824	
27044	0	27376	15444	32944	
27045	0	27392	22880	34752	
27046	0	27412	23217	37336	
27047	0	27428	22936	38662	
27048	0	27442	21965	40628	
27049	0	27472	21570	41620	
27050	0	27492	22422	42108	
27051	0	27529	23616	41957	
27052	0	27554	24532	41508	
27053	0	27600	25408	41144	
27054	0	27644	26269	40680	
27055	0	27696	27277	40168	
27056	0	27741	28416	39680	
27057	0	27796	29568	39308	
27058	0	27844	30568	39084	
27059	0	27916	31312	38956	
27060	0	27976	31973	39000	
27061	0	28044	32660	38916	
27062	0	28122	33297	38600	
27063	0	28192	33924	38152	
27064	0	28272	34520	37621	
27065	0	28362	34956	37040	
27066	0	28441	35320	36832	
27067	0	28528	35564	36620	
27068	0	28616	35612	36416	
27069	0	28720	35600	36132	
27070	0	28812	35740	35685	
27071	0	28916	35932	35344	
27072	0	29016	36128	35105	
27073	0	29124	36304	34933	
27074	0	29236	36484	34844	
27075	0	29340	36700	34696	
27076	0	29460	36932	34680	
27077	0	29568	37204	34634	
27078	0	29692	37529	34576	
27079	0	29805	37628	34472	
27080	0	29925	37617	34236	
27081	0	30052	37472	33936	
27082	0	30176	37112	33856	
27083	0	30300	36716	33884	
27084	0	30428	36340	33888	
27085	0	30553	36008	33856	
27086	0	30680	35700	33624	
27087	0	30812	35364	33344	
27088	0	30940	35000	33049	
27089	0	31072	34672	32896	
27090	0	31208	34285	32832	
27091	0	31342	33860	32776	
27092	0	31476	33400	32520	
27093	0	31617	32720	32088	
27094	0	31740	31800	31664	
27095	0	31876	30530	31304	
27096	0	32004	29240	31064	
27097	0	32140	28196	30852	
27098	0	32284	27228	30648	
27099	0	32421	26144	30500	
27100	0	32556	24916	30261	
27101	0	32680	23616	30073	
27102	0	32824	22734	29552	
27103	0	32960	21768	29352	
27104	0	33096	20322	29300	
27105	0	33232	19669	28992	
27106	0	33360	19209	28876	
27107	0	33496	18360	29028	
27108	0	33625	18158	28560	
27109	0	33760	17897	28512	
27110	0	33888	17556	28336	
27111	0	34020	13616	27948	
27112	0	34152	10185	33365	
27113	0	34276	8292	34456	
27114	0	34392	8775	31424	
27115	0	34536	10408	27929	
27116	0	34664	13874	30952	
27117	0	34792	25112	29760	
27118	0	34920	34160	34104	
27119	0	35048	33684	35944	
27120	0	35160	33328	40340	
27121	0	35296	33300	37144	
27122	0	35416	33008	34637	
27123	0	35528	31140	36992	
27124	0	35648	28448	37812	
27125	0	35764	25464	36448	
27126	0	35888	25284	36040	
27127	0	36000	27402	36788	
27128	0	36112	28576	37024	
27129	0	36224	28904	36668	
27130	0	36344	29512	36596	
27131	0	36448	29000	35472	
27132	0	36560	29574	35164	
27133	0	36672	30084	34816	
27134	0	36772	30080	35012	
27135	0	36884	29796	35456	
27136	0	36992	29618	35812	
27137	0	37100	29481	36284	
27138	0	37208	29204	36876	
27139	0	37304	29028	37344	
27140	0	37412	28956	37696	
27141	0	37504	28877	37972	
27142	0	37600	28792	38192	
27143	0	37704	28789	38304	
27144	0	37792	28872	38282	
27145	0	37884	28964	38236	
27146	0	37972	29040	38081	
27147	0	38068	29092	37848	
27148	0	38148	29124	37616	
27149	0	38240	29160	37344	
27150	0	38328	29201	37176	
27151	0	38404	29216	37040	
27152	0	38496	29256	36976	
27153	0	38560	29308	36956	
27154	0	38636	29356	36942	
27155	0	38708	29406	36904	
27156	0	38780	29396	36928	
27157	0	38848	29400	36940	
27158	0	38920	29381	36908	
27159	0	38976	29396	36804	
27160	0	39044	29400	36652	
27161	0	39104	29437	36520	
27162	0	39154	29588	36304	
27163	0	39208	29569	36384	
27164	0	39272	29596	36240	
27165	0	39308	29608	36221	
27166	0	39356	29516	36328	
27167	0	39392	29460	36460	
27168	0	39444	29460	36592	
27169	0	39482	29420	36764	
27170	0	39512	29404	36816	
27171	0	39556	29336	36886	
27172	0	39584	29294	37044	
27173	0	39604	29250	37096	
27174	0	39640	29184	37100	
27175	0	39660	29256	37032	
27176	0	39684	29304	37008	
27177	0	39700	29356	36876	
27178	0	39720	29320	37025	
27179	0	39724	29300	36981	
27180	0	39736	29304	36916	
27181	0	39744	29354	36960	
27182	0	39744	29332	36914	
27183	0	39756	29352	36920	
27184	0	39756	29361	36920	
27185	0	39752	29360	36832	
27186	0	39736	29272	36812	
27187	0	39736	29232	36756	
27188	0	39720	29285	36644	
27189	0	39712	29424	36494	
27190	0	39696	29552	36332	
27191	0	39668	29642	36245	
27192	0	39648	29632	36236	
27193	0	39620	29612	36229	
27194	0	39592	29481	36232	
27195	0	39564	29328	36152	
27196	0	39532	29504	36198	
27197	0	39496	29629	36272	
27198	0	39456	29628	36432	
27199	0	39416	29600	36356	
27200	0	39368	29520	36512	
27201	0	39332	29440	36717	
27202	0	39280	29380	36768	
27203	0	39220	29308	36916	
27204	0	39172	29181	37105	
27205	0	39112	29056	37268	
27206	0	39056	28972	37496	
27207	0	38992	29004	37632	
27208	0	38928	29044	37720	
27209	0	38860	29044	37684	
27210	0	38792	29009	37732	
27211	0	38732	28953	37648	
27212	0	38652	29024	37624	
27213	0	38576	29132	37508	
27214	0	38496	29204	37408	
27215	0	38420	29216	37392	
27216	0	38336	29124	37508	
27217	0	38254	29008	37688	
27218	0	38168	28864	37744	
27219	0	38084	28772	37748	
27220	0	37984	28772	37728	
27221	0	37900	28836	37748	
27222	0	37816	28784	37836	
27223	0	37716	28704	38068	
27224	0	37624	28556	38480	
27225	0	37516	28456	38312	
27226	0	37428	28552	39436	
27227	0	37320	28353	38184	
27228	0	37228	28816	40114	
27229	0	37120	28325	38568	
27230	0	37012	27964	38412	
27231	0	36912	28568	40300	
27232	0	36800	28148	39964	
27233	0	36696	27713	40080	
27234	0	36592	27712	41264	
27235	0	36488	27456	39608	
27236	0	36376	27801	40236	
27237	0	36264	27269	41861	
27238	0	36144	25256	39840	
27239	0	36040	27202	43481	
27240	0	35920	27796	42816	
27241	0	35809	27456	43365	
27242	0	35692	26093	43192	
27243	0	35580	25830	43933	
27244	0	35468	24814	44584	
27245	0	35349	23772	43816	
27246	0	35236	23180	43008	
27247	0	35120	21092	43172	
27248	0	35008	22557	45092	
27249	0	34884	22112	48728	
27250	0	34776	21729	48432	
27251	0	34660	21997	48212	
27252	0	34548	22728	48648	
27253	0	34424	22918	47808	
27254	0	34312	23173	46780	
27255	0	34204	23132	44889	
27256	0	34084	21196	40696	
27257	0	33972	16124	33400	
27258	0	33864	23140	33412	
27259	0	33748	24958	37648	
27260	0	33636	24097	39084	
27261	0	33524	22984	40904	
27262	0	33413	22628	41660	
27263	0	33284	23110	41728	
27264	0	33200	23944	41908	
27265	0	33092	24597	41772	
27266	0	32984	25370	41340	
27267	0	32880	26072	41048	
27268	0	32768	26920	40352	
27269	0	32668	27896	39448	
27270	0	32564	28852	38672	
27271	0	32460	29872	38132	
27272	0	32353	31012	37692	
27273	0	32260	32008	37228	
27274	0	32160	21414	33832	
27275	0	32056	36884	40664	
27276	0	31960	17765	40904	
27277	0	31860	35081	10224	
27278	0	31764	33100	23576	
27279	0	31668	35544	18144	
27280	0	31568	40498	31804	
27281	0	31472	40244	41540	
27282	0	31392	40648	44509	
27283	0	31290	36560	45800	
27284	0	31188	34764	42968	
27285	0	31112	34804	41060	
27286	0	31012	33544	40912	
27287	0	30928	33949	38572	
27288	0	30840	35360	37668	
27289	0	30745	36728	36600	
27290	0	30656	37324	35652	
27291	0	30572	37472	34824	
27292	0	30484	38448	34148	
27293	0	30400	39868	33900	
27294	0	30308	41272	33072	
27295	0	30230	41692	32760	
27296	0	30140	41088	34264	
27297	0	30056	40352	36356	
27298	0	29968	39600	38436	
27299	0	29888	38432	39920	
27300	0	29800	37112	40704	
27301	0	29720	36325	40848	
27302	0	29640	36021	40380	
27303	0	29553	36129	38808	
27304	0	29476	36537	36996	
27305	0	29396	36732	35688	
27306	0	29309	37108	34808	
27307	0	29234	37476	34332	
27308	0	29152	37450	34176	
27309	0	29076	37064	34076	
27310	0	28992	36568	33840	
27311	0	28916	35924	33716	
27312	0	28840	35112	33508	
27313	0	28769	34368	33288	
27314	0	28692	33673	33220	
27315	0	28616	32961	33140	
27316	0	28548	32216	33116	
27317	0	28480	31160	33328	
27318	0	28396	29949	33296	
27319	0	28328	28748	32584	
27320	0	28261	27304	31600	
27321	0	28192	25833	31016	
27322	0	28120	24290	31192	
27323	0	28060	22469	31876	
27324	0	27988	20489	32328	
27325	0	27924	18456	32228	
27326	0	27860	16484	31928	
27327	0	27796	14724	31564	
27328	0	27732	13552	31296	
27329	0	27668	13112	31013	
27330	0	27612	13214	30516	
27331	0	27545	13587	29808	
27332	0	27492	14136	29228	
27333	0	27436	12489	30505	
27334	0	27384	5129	35208	
27335	0	27328	8702	25792	
27336	0	27268	9600	35084	
27337	0	27216	12361	26216	
27338	0	27172	12752	24808	
27339	0	27120	17576	28024	
27340	0	27076	23296	31584	
27341	0	27028	25112	34560	
27342	0	26988	26717	38876	
27343	0	26936	28768	42180	
27344	0	26904	28616	42168	
27345	0	26860	29693	40704	
27346	0	26824	30800	38484	
27347	0	26793	31720	37492	
27348	0	26752	31077	37620	
27349	0	26721	30628	37236	
27350	0	26700	29016	37092	
27351	0	26668	30636	36256	
27352	0	26640	26236	35512	
27353	0	26616	25054	34712	
27354	0	26596	27620	34104	
27355	0	26576	28760	34612	
27356	0	26556	28650	35484	
27357	0	26545	29120	36069	
27358	0	26532	28892	36676	
27359	0	26522	28716	37064	
27360	0	26516	28932	37056	
27361	0	26516	29088	36800	
27362	0	26504	29228	36504	
27363	0	26508	29212	36376	
27364	0	26509	29172	36376	
27365	0	26520	29152	36412	
27366	0	26528	29149	36400	
27367	0	26540	29196	36328	
27368	0	26552	29256	36268	
27369	0	26572	29280	36304	
27370	0	26592	29240	36344	
27371	0	26613	29153	36432	
27372	0	26640	29156	36453	
27373	0	26664	29189	36436	
27374	0	26708	29196	36448	
27375	0	26748	29244	36424	
27376	0	26776	29216	36416	
27377	0	26813	29164	36448	
27378	0	26868	29180	36472	
27379	0	26912	29156	36428	
27380	0	26964	29104	36416	
27381	0	27016	29112	36448	
27382	0	27088	29112	36412	
27383	0	27140	29056	36484	
27384	0	27204	29010	36577	
27385	0	27272	28996	36572	
27386	0	27348	28972	36520	
27387	0	27416	29012	36432	
27388	0	27496	29088	36364	
27389	0	27576	29048	36396	
27390	0	27660	29056	36456	
27391	0	27740	29008	36580	
27392	0	27832	28985	36668	
27393	0	27929	28976	36708	
27394	0	28016	29060	36596	
27395	0	28116	29108	36460	
27396	0	28208	29078	36368	
27397	0	28316	29016	36385	
27398	0	28420	28976	36420	
27399	0	28520	28976	36440	
27400	0	28625	28952	36504	
27401	0	28736	28940	36576	
27402	0	28856	28918	36708	
27403	0	28964	28912	36756	
27404	0	29081	28904	36672	
27405	0	29204	28848	36552	
27406	0	29320	28856	36520	
27407	0	29444	28841	36492	
27408	0	29550	28840	36608	
27409	0	29684	28792	36644	
27410	0	29805	28740	36616	
27411	0	29932	28628	36840	
27412	0	30053	28656	36788	
27413	0	30180	28596	36868	
27414	0	30312	28685	36792	
27415	0	30432	28633	36942	
27416	0	30560	28592	36976	
27417	0	30692	28488	36948	
27418	0	30825	28433	36784	
27419	0	30952	28340	36788	
27420	0	31080	28340	36554	
27421	0	31204	28245	36577	
27422	0	31344	28264	36372	
27423	0	31461	28333	36192	
27424	0	31596	28373	36164	
27425	0	31728	28324	36140	
27426	0	31862	28336	36012	
27427	0	31988	28352	36008	
27428	0	32114	28320	35984	
27429	0	32248	28328	36068	
27430	0	32380	28424	36072	
27431	0	32500	28524	36109	
27432	0	32636	28541	36128	
27433	0	32760	28649	36248	
27434	0	32888	28688	36352	
27435	0	33016	28616	36428	
27436	0	33136	28436	36516	
27437	0	33262	28168	36500	
27438	0	33388	28056	36392	
27439	0	33512	28014	36484	
27440	0	33640	28088	36264	
27441	0	33760	27977	36408	
27442	0	33880	28084	36224	
27443	0	34000	28140	36168	
27444	0	34116	28176	36084	
27445	0	34232	28177	36120	
27446	0	34352	28164	36284	
27447	0	34461	28164	36372	
27448	0	34576	28076	36440	
27449	0	34684	27926	36376	
27450	0	34796	27840	36110	
27451	0	34901	27496	35880	
27452	0	35016	26756	35768	
27453	0	35120	25976	36580	
27454	0	35232	26068	37284	
27455	0	35328	24605	39876	
27456	0	35428	30664	36216	
27457	0	35529	23419	40440	
27458	0	35628	29684	36004	
27459	0	35712	25713	41253	
27460	0	35812	27020	37240	
27461	0	35912	27072	37920	
27462	0	35996	25352	41760	
27463	0	36080	25836	38636	
27464	0	36164	26000	39328	
27465	0	36256	25210	41160	
27466	0	36336	25492	38464	
27467	0	36420	24180	41968	
27468	0	36496	24421	42005	
27469	0	36568	24054	43032	
27470	0	36644	23460	44248	
27471	0	36712	23324	43808	
27472	0	36788	22908	46004	
27473	0	36848	22604	46136	
27474	0	36920	22212	46768	
27475	0	36976	22148	47392	
27476	0	37040	22833	47372	
27477	0	37096	23340	47288	
27478	0	37148	23164	47376	
27479	0	37200	23382	48168	
27480	0	37256	23444	48672	
27481	0	37308	23484	49348	
27482	0	37348	23660	48849	
27483	0	37404	22908	46940	
27484	0	37440	19829	45716	
27485	0	37480	18686	44440	
27486	0	37516	21312	44016	
27487	0	37556	22681	43144	
27488	0	37588	27461	39140	
27489	0	37616	31360	40272	
27490	0	37648	34228	38500	
27491	0	37668	36960	41713	
27492	0	37700	37284	37692	
27493	0	37728	37364	38228	
27494	0	37740	39616	36752	
27495	0	37768	37028	45296	
27496	0	37776	38066	41820	
27497	0	37792	39392	44712	
27498	0	37808	40116	43232	
27499	0	37816	40248	43660	
27500	0	37824	39520	43432	
27501	0	37832	39860	43828	
27502	0	37840	39952	44210	
27503	0	37840	39816	44616	
27504	0	37844	40356	41016	
27505	0	37836	39712	41664	
27506	0	37832	40260	39640	
27507	0	37833	40236	39164	
27508	0	37828	40320	38888	
27509	0	37824	40296	39100	
27510	0	37804	40148	39572	
27511	0	37796	39968	40024	
27512	0	37780	39640	40304	
27513	0	37760	39208	40608	
27514	0	37744	38720	40832	
27515	0	37720	38253	41056	
27516	0	37706	37932	41176	
27517	0	37680	37693	41236	
27518	0	37652	37460	41272	
27519	0	37624	37152	41368	
27520	0	37596	37328	40868	
27521	0	37564	35421	42880	
27522	0	37528	36216	41976	
27523	0	37489	34292	43424	
27524	0	37456	35180	42596	
27525	0	37420	34408	43161	
27526	0	37376	33512	43744	
27527	0	37336	33520	43772	
27528	0	37280	32556	44248	
27529	0	37236	30484	45324	
27530	0	37188	31992	44136	
27531	0	37128	31400	44400	
27532	0	37080	31224	43788	
27533	0	37020	30309	44560	
27534	0	36960	29560	44784	
27535	0	36904	28692	44980	
27536	0	36836	27881	45256	
27537	0	36773	27524	44464	
27538	0	36704	25884	45684	
27539	0	36640	25201	44348	
27540	0	36576	24016	43584	
27541	0	36496	22821	42664	
27542	0	36424	21561	42468	
27543	0	36356	20529	42408	
27544	0	36280	19660	42065	
27545	0	36204	19036	41292	
27546	0	36128	18476	40376	
27547	0	36040	18484	38048	
27548	0	35960	18048	38024	
27549	0	35884	17918	37126	
27550	0	35788	18145	36100	
27551	0	35696	18401	35188	
27552	0	35617	18508	34424	
27553	0	35528	18612	33752	
27554	0	35433	18498	33388	
27555	0	35348	18180	33160	
27556	0	35254	18385	32736	
27557	0	35153	17820	32824	
27558	0	35068	15412	34008	
27559	0	34964	18392	32656	
27560	0	34868	18309	32649	
27561	0	34776	17777	32752	
27562	0	34668	13973	38296	
27563	0	34568	13873	31692	
27564	0	34468	14712	30922	
27565	0	34368	16384	28825	
27566	0	34272	16856	28328	
27567	0	34169	17016	27900	
27568	0	34061	15821	31092	
27569	0	33964	19684	31156	
27570	0	33856	26608	32196	
27571	0	33760	29824	37224	
27572	0	33652	31128	42560	
27573	0	33544	34180	47072	
27574	0	33444	36078	46296	
27575	0	33340	34556	46604	
27576	0	33236	32385	42056	
27577	0	33136	29677	35624	
27578	0	33032	28058	33724	
27579	0	32928	27084	34460	
27580	0	32828	26436	36328	
27581	0	32720	25544	38184	
27582	0	32624	26036	38020	
27583	0	32512	26844	37812	
27584	0	32416	27188	36428	
27585	0	32320	27720	35692	
27586	0	32216	30048	36564	
27587	0	32120	28032	36505	
27588	0	32028	28612	37420	
27589	0	31928	25210	35568	
27590	0	31828	25820	34856	
27591	0	31736	27384	34984	
27592	0	31636	28468	35744	
27593	0	31552	28756	36488	
27594	0	31456	28722	36440	
27595	0	31360	28668	36260	
27596	0	31276	29816	35832	
27597	0	31188	29420	36297	
27598	0	31100	28648	36496	
27599	0	31012	29188	36400	
27600	0	30920	29216	36340	
27601	0	30840	29240	36552	
27602	0	30756	30048	37152	
27603	0	30673	29472	36656	
27604	0	30588	28992	36400	
27605	0	30512	29868	36752	
27606	0	30432	28797	36224	
27607	0	30356	29424	36676	
27608	0	30284	28928	36444	
27609	0	30201	28700	36620	
27610	0	30125	29004	36880	
27611	0	30052	29305	37053	
27612	0	29984	28311	36704	
27613	0	29916	29098	36709	
27614	0	29845	29325	36656	
27615	0	29777	29256	36560	
27616	0	29708	29420	36664	
27617	0	29636	29196	36780	
27618	0	29580	28796	36864	
27619	0	29516	28904	36820	
27620	0	29456	29156	36700	
27621	0	29393	29141	36662	
27622	0	29336	29060	36717	
27623	0	29280	28780	36812	
27624	0	29220	28648	36844	
27625	0	29160	28868	36824	
27626	0	29104	29001	36764	
27627	0	29056	28992	36636	
27628	0	28997	28932	36560	
27629	0	28948	28944	36705	
27630	0	28896	28925	36824	
27631	0	28848	28852	36936	
27632	0	28800	28801	36908	
27633	0	28740	28776	37004	
27634	0	28697	28649	36781	
27635	0	28656	28684	36704	
27636	0	28608	28760	36800	
27637	0	28562	28722	36752	
27638	0	28516	28624	36704	
27639	0	28480	28656	36608	
27640	0	28432	28712	36512	
27641	0	28392	28728	36532	
27642	0	28352	28696	36522	
27643	0	28308	28564	36420	
27644	0	28268	28362	36729	
27645	0	28236	28368	36664	
27646	0	28196	28468	36512	
27647	0	28148	28412	36556	
27648	0	28112	28384	36564	
27649	0	28080	28396	36552	
27650	0	28044	28340	36537	
27651	0	28008	28476	36300	
27652	0	27972	28364	36288	
27653	0	27940	28441	36256	
27654	0	27904	28480	36264	
27655	0	27868	28232	36250	
27656	0	27837	27792	36200	
27657	0	27800	28480	36500	
27658	0	27776	28228	36832	
27659	0	27733	27279	35908	
27660	0	27704	25548	34356	
27661	0	27680	22296	40168	
27662	0	27636	30241	35864	
27663	0	27604	27496	34792	
27664	0	27572	28148	39144	
27665	0	27544	30296	33716	
27666	0	27512	27076	40736	
27667	0	27482	29621	33905	
27668	0	27452	26016	40876	
27669	0	27428	25680	34980	
27670	0	27397	25945	39656	
27671	0	27364	22552	36668	
27672	0	27338	26244	38576	
27673	0	27312	25964	37656	
27674	0	27276	25773	36908	
27675	0	27252	26673	38624	
27676	0	27232	27436	37448	
27677	0	27204	27684	37144	
27678	0	27181	27492	37392	
27679	0	27164	28040	38636	
27680	0	27148	28864	36961	
27681	0	27120	28893	37096	
27682	0	27104	29573	37344	
27683	0	27088	29408	37424	
27684	0	27069	30260	37233	
27685	0	27056	30368	37641	
27686	0	27048	30504	37704	
27687	0	27028	30804	37964	
27688	0	27020	31036	37568	
27689	0	27020	31400	37360	
27690	0	27012	31700	37560	
27691	0	27008	31988	37116	
27692	0	27008	32140	37017	
27693	0	27006	32336	37000	
27694	0	27010	32544	37038	
27695	0	27020	32612	37080	
27696	0	27024	32616	36920	
27697	0	27040	32736	36992	
27698	0	27048	32564	37200	
27699	0	27068	32336	37196	
27700	0	27089	32173	37544	
27701	0	27112	31756	37465	
27702	0	27132	31313	37388	
27703	0	27164	30844	37396	
27704	0	27193	30417	37444	
27705	0	27224	29970	37460	
27706	0	27268	29564	37600	
27707	0	27308	29573	37912	
27708	0	27348	29087	37656	
27709	0	27396	28593	37460	
27710	0	27436	27736	37756	
27711	0	27496	27316	37916	
27712	0	27548	27213	37976	
27713	0	27608	26732	37224	
27714	0	27665	26297	36920	
27715	0	27725	25760	37876	
27716	0	27788	25728	38416	
27717	0	27860	25948	38436	
27718	0	27928	25872	38240	
27719	0	28000	26156	38328	
27720	0	28080	26472	38296	
27721	0	28156	26177	37888	
27722	0	28232	26562	38656	
27723	0	28312	26537	38258	
27724	0	28400	26796	39125	
27725	0	28488	27109	39308	
27726	0	28576	26924	39732	
27727	0	28660	25979	39481	
27728	0	28760	25706	41000	
27729	0	28844	25204	41332	
27730	0	28940	24460	41800	
27731	0	29029	23912	41756	
27732	0	29128	23360	41228	
27733	0	29232	22917	42088	
27734	0	29328	22028	42725	
27735	0	29428	21330	44452	
27736	0	29528	20964	45404	
27737	0	29632	20688	45940	
27738	0	29744	20072	46192	
27739	0	29836	22730	45148	
27740	0	29948	15099	50268	
27741	0	30060	21942	45180	
27742	0	30165	21596	47800	
27743	0	30276	22254	49332	
27744	0	30384	23088	48720	
27745	0	30500	24164	50016	
27746	0	30608	25060	43176	
27747	0	30716	25376	42040	
27748	0	30832	25464	40212	
27749	0	30944	25436	37856	
27750	0	31056	25118	40348	
27751	0	31169	25490	38700	
27752	0	31285	22500	31944	
27753	0	31404	27353	29984	
27754	0	31524	29520	34356	
27755	0	31644	30744	34196	
27756	0	31768	31160	37040	
27757	0	31882	30080	39844	
27758	0	32008	29569	40744	
27759	0	32128	29876	40676	
27760	0	32252	30745	40416	
27761	0	32364	31364	40040	
27762	0	32504	31896	39562	
27763	0	32632	32504	38388	
27764	0	32756	33104	37416	
27765	0	32888	33540	36808	
27766	0	33012	33840	36276	
27767	0	33140	34124	35788	
27768	0	33268	34288	35428	
27769	0	33404	34436	35068	
27770	0	33540	34580	34668	
27771	0	33676	34720	34404	
27772	0	33804	34772	34197	
27773	0	33932	34752	34156	
27774	0	34068	34688	34380	
27775	0	34216	34660	34624	
27776	0	34336	34720	34860	
27777	0	34472	34724	35144	
27778	0	34612	34652	35308	
27779	0	34744	34568	35264	
27780	0	34880	34496	35036	
27781	0	35010	34488	34688	
27782	0	35144	34492	34092	
27783	0	35276	34424	33420	
27784	0	35412	34348	33092	
27785	0	35556	34156	32812	
27786	0	35680	33888	32628	
27787	0	35808	33612	32608	
27788	0	35944	33300	32652	
27789	0	36077	32968	32692	
27790	0	36200	32661	32652	
27791	0	36332	32348	32532	
27792	0	36460	31984	32396	
27793	0	36584	31630	32144	
27794	0	36705	31276	31944	
27795	0	36828	30904	31716	
27796	0	36960	30521	31581	
27797	0	37080	30104	31532	
27798	0	37196	29644	31508	
27799	0	37316	29244	31472	
27800	0	37432	28836	31381	
27801	0	37556	28444	31188	
27802	0	37668	28016	30996	
27803	0	37784	27584	30812	
27804	0	37896	27216	30604	
27805	0	38008	26712	30524	
27806	0	38116	26117	30324	
27807	0	38220	25524	30048	
27808	0	38336	24718	29744	
27809	0	38440	23448	27536	
27810	0	38528	22904	29536	
27811	0	38636	22017	29348	
27812	0	38740	21238	29992	
27813	0	38832	20417	29593	
27814	0	38917	19760	29360	
27815	0	39012	19204	29893	
27816	0	39096	18820	29372	
27817	0	39188	18673	29252	
27818	0	39280	18665	29196	
27819	0	39356	18866	29140	
27820	0	39436	19280	29069	
27821	0	39512	19941	28968	
27822	0	39592	14160	25172	
27823	0	39672	9544	38144	
27824	0	39732	13092	33625	
27825	0	39796	18644	33620	
27826	0	39864	25624	30500	
27827	0	39928	27406	31840	
27828	0	39980	29924	39564	
27829	0	40040	31872	40280	
27830	0	40088	32736	39200	
27831	0	40144	31800	39108	
27832	0	40192	29660	35460	
27833	0	40229	27185	33388	
27834	0	40272	28408	35621	
27835	0	40316	29456	34712	
27836	0	40344	30548	35316	
27837	0	40380	30920	34968	
27838	0	40408	30628	35141	
27839	0	40440	29968	35520	
27840	0	40452	29556	36100	
27841	0	40477	29244	36584	
27842	0	40505	29020	36581	
27843	0	40512	28864	36644	
27844	0	40524	28752	36732	
27845	0	40536	28853	36744	
27846	0	40532	29292	36372	
27847	0	40540	29680	36232	
27848	0	40540	29857	36344	
27849	0	40540	29960	36281	
27850	0	40532	29893	36765	
27851	0	40520	29648	37472	
27852	0	40496	29524	37816	
27853	0	40484	29308	38184	
27854	0	40468	29209	38352	
27855	0	40453	29229	38408	
27856	0	40428	29248	38260	
27857	0	40388	29301	38092	
27858	0	40364	29408	37964	
27859	0	40336	29484	37832	
27860	0	40288	29476	37768	
27861	0	40260	29454	37760	
27862	0	40208	29417	37824	
27863	0	40168	29340	37888	
27864	0	40116	29252	37992	
27865	0	40072	29252	37966	
27866	0	40024	29280	37904	
27867	0	39964	29332	37816	
27868	0	39912	29376	37708	
27869	0	39845	29425	37616	
27870	0	39792	29340	37577	
27871	0	39724	29396	37396	
27872	0	39672	29500	37169	
27873	0	39600	29448	37232	
27874	0	39524	29309	37465	
27875	0	39460	29268	37460	
27876	0	39384	29252	37280	
27877	0	39313	31328	42448	
27878	0	39236	29016	36028	
27879	0	39156	29166	36854	
27880	0	39081	29156	36440	
27881	0	38996	29256	36297	
27882	0	38920	29422	36781	
27883	0	38840	28570	35501	
27884	0	38753	29132	36513	
27885	0	38668	30048	37560	
27886	0	38584	29108	36064	
27887	0	38496	30096	37728	
27888	0	38409	28992	35816	
27889	0	38312	29573	36712	
27890	0	38228	29016	35836	
27891	0	38136	29340	36261	
27892	0	38048	28968	35697	
27893	0	37952	29256	36032	
27894	0	37857	29200	35968	
27895	0	37760	29284	36056	
27896	0	37673	29248	35980	
27897	0	37572	29132	35825	
27898	0	37472	28888	35664	
27899	0	37380	29136	35804	
27900	0	37272	29008	35684	
27901	0	37176	28988	35601	
27902	0	37080	29053	35560	
27903	0	36980	29096	35578	
27904	0	36876	29032	35668	
27905	0	36776	28988	35748	
27906	0	36680	28932	35720	
27907	0	36576	28968	35716	
27908	0	36464	28921	35680	
27909	0	36368	28896	35721	
27910	0	36256	28816	35856	
27911	0	36160	28769	35976	
27912	0	36048	28828	35954	
27913	0	35944	28802	35808	
27914	0	35844	28804	35828	
27915	0	35728	28768	35904	
27916	0	35616	28752	36064	
27917	0	35506	28709	36236	
27918	0	35400	28560	36320	
27919	0	35296	28541	36492	
27920	0	35184	28416	36516	
27921	0	35076	28464	36709	
27922	0	34968	28392	36845	
27923	0	34853	28452	37096	
27924	0	34740	28568	37412	
27925	0	34624	28436	37444	
27926	0	34521	28204	37376	
27927	0	34401	28168	37308	
27928	0	34296	28168	37104	
27929	0	34180	28376	37476	
27930	0	34060	28210	37568	
27931	0	33952	27936	37408	
27932	0	33840	28404	37884	
27933	0	33728	27412	37872	
27934	0	33608	28040	38752	
27935	0	33500	27680	37456	
27936	0	33388	28696	38996	
27937	0	33272	27256	37852	
27938	0	33152	27440	38868	
27939	0	33044	27240	39264	
27940	0	32928	27892	39252	
27941	0	32804	28036	40432	
27942	0	32704	27312	40696	
27943	0	32596	27004	40480	
27944	0	32480	26916	40208	
27945	0	32372	27084	40112	
27946	0	32264	26764	40160	
27947	0	32145	26944	40096	
27948	0	32033	27372	39920	
27949	0	31928	27584	40308	
27950	0	31812	27540	39900	
27951	0	31704	27200	40132	
27952	0	31596	27525	40616	
27953	0	31492	27356	40984	
27954	0	31381	23326	39948	
27955	0	31269	20649	41440	
27956	0	31168	19504	43304	
27957	0	31064	21317	43888	
27958	0	30960	20184	49800	
27959	0	30860	21212	46872	
27960	0	30748	19832	49588	
27961	0	30648	21540	44128	
27962	0	30557	21649	42596	
27963	0	30441	21416	45336	
27964	0	30336	20097	41120	
27965	0	30244	19332	40564	
27966	0	30148	21916	42276	
27967	0	30048	18844	38252	
27968	0	29952	15046	33637	
27969	0	29852	21438	33384	
27970	0	29760	22468	36512	
27971	0	29664	22858	36668	
27972	0	29568	22588	37876	
27973	0	29481	22236	38772	
27974	0	29388	22537	39488	
27975	0	29296	22933	40240	
27976	0	29208	23444	40732	
27977	0	29116	24109	40813	
27978	0	29033	24976	40801	
27979	0	28944	26054	40168	
27980	0	28856	27000	39284	
27981	0	28772	27920	38648	
27982	0	28688	28932	38108	
27983	0	28608	30060	37488	
27984	0	28528	30928	36904	
27985	0	28448	31624	36340	
27986	0	28364	32288	35752	
27987	0	28284	32952	35264	
27988	0	28212	33508	34872	
27989	0	28128	33940	34570	
27990	0	28056	34341	34288	
27991	0	27976	34728	34112	
27992	0	27896	35060	33952	
27993	0	27828	35344	33864	
27994	0	27752	35602	33730	
27995	0	27684	35769	33664	
27996	0	27608	36000	33644	
27997	0	27540	36184	33540	
27998	0	27468	36340	33512	
27999	0	27412	36440	33504	
28000	0	27329	36476	33333	
28001	0	27260	36521	33204	
28002	0	27202	36592	33144	
28003	0	27136	36600	33057	
28004	0	27073	36580	32988	
28005	0	27009	36560	32972	
28006	0	26945	36476	32984	
28007	0	26890	36344	32980	
28008	0	26832	36228	32956	
28009	0	26772	36100	32948	
28010	0	26720	35944	32997	
28011	0	26660	35740	33048	
28012	0	26612	35536	33052	
28013	0	26556	35332	32976	
28014	0	26504	35029	32884	
28015	0	26460	34640	32792	
28016	0	26405	34260	32920	
28017	0	26362	33852	32984	
28018	0	26329	33440	33024	
28019	0	26284	32932	32992	
28020	0	26249	32434	32912	
28021	0	26204	31928	32676	
28022	0	26176	31344	32268	
28023	0	26144	30650	31896	
28024	0	26116	29832	31528	
28025	0	26088	28942	31260	
28026	0	26064	27965	31180	
28027	0	26044	26937	31184	
28028	0	26022	25944	31220	
28029	0	26004	25112	31274	
28030	0	25996	24304	31200	
28031	0	25980	23529	31112	
28032	0	25972	22760	30976	
28033	0	25968	22012	30876	
28034	0	25972	21338	30816	
28035	0	25962	20768	30720	
28036	0	25972	20254	30529	
28037	0	25982	19745	30338	
28038	0	25988	19313	30196	
28039	0	26000	19001	29964	
28040	0	26020	18921	29632	
28041	0	26029	18981	29580	
28042	0	26052	19252	29324	
28043	0	26080	19666	29096	
28044	0	26113	20381	29040	
28045	0	26144	21385	28864	
28046	0	26172	22647	28728	
28047	0	26208	22653	27620	
28048	0	26256	19840	33221	
28049	0	26296	12612	39876	
28050	0	26344	22888	32800	
28051	0	26388	26240	32996	
28052	0	26444	25969	38812	
28053	0	26500	29218	38996	
28054	0	26560	31600	39320	
28055	0	26621	31528	39884	
28056	0	26688	30412	38452	
28057	0	26754	28444	37604	
28058	0	26820	28300	37064	
28059	0	26900	29928	36936	
28060	0	26977	31044	36941	
28061	0	27056	31250	36904	
28062	0	27129	30852	36724	
28063	0	27208	30184	36568	
28064	0	27297	29568	36828	
28065	0	27384	29209	36957	
28066	0	27468	28948	36792	
28067	0	27564	28888	36829	
28068	0	27652	28960	36912	
28069	0	27756	29273	36920	
28070	0	27850	29636	36804	
28071	0	27948	30138	36700	
28072	0	28048	30297	37024	
28073	0	28156	30368	37452	
28074	0	28254	30233	37804	
28075	0	28360	29868	38328	
28076	0	28464	29376	38804	
28077	0	28566	29040	39104	
28078	0	28676	28816	39344	
28079	0	28788	28760	39396	
28080	0	28892	28948	39260	
28081	0	29008	29172	39140	
28082	0	29113	29344	38912	
28083	0	29228	29356	38701	
28084	0	29340	29380	38500	
28085	0	29451	29360	38300	
28086	0	29568	29388	38104	
28087	0	29680	29452	37804	
28088	0	29788	29616	37805	
28089	0	29908	29720	37624	
28090	0	30020	29496	37760	
28091	0	30144	29380	37641	
28092	0	30257	29397	37492	
28093	0	30368	29524	37324	
28094	0	30488	29520	37356	
28095	0	30612	30209	38600	
28096	0	30720	29248	36964	
28097	0	30836	29324	37092	
28098	0	30953	31504	40400	
28099	0	31069	28864	36016	
28100	0	31196	29228	36824	
28101	0	31316	31432	39628	
28102	0	31432	29093	36281	
28103	0	31552	29188	36700	
28104	0	31672	30772	38836	
28105	0	31794	28908	36368	
28106	0	31908	29156	36780	
28107	0	32032	29893	37533	
28108	0	32149	29160	36488	
28109	0	32276	29236	36596	
28110	0	32392	29280	36524	
28111	0	32512	29181	36388	
28112	0	32632	29216	36320	
28113	0	32760	29280	36336	
28114	0	32877	29770	36357	
28115	0	33004	29041	36068	
28116	0	33128	29176	36152	
28117	0	33248	29108	36216	
28118	0	33365	29104	36144	
28119	0	33492	28960	36160	
28120	0	33620	29092	36176	
28121	0	33736	28928	36040	
28122	0	33860	28904	35928	
28123	0	33980	28832	35728	
28124	0	34104	29041	35660	
28125	0	34225	29108	35524	
28126	0	34360	29044	35372	
28127	0	34460	29192	35597	
28128	0	34588	29236	35616	
28129	0	34708	29204	35660	
28130	0	34824	29096	35720	
28131	0	34944	29025	35736	
28132	0	35056	28948	35749	
28133	0	35172	28913	35805	
28134	0	35296	28984	35788	
28135	0	35404	29100	35745	
28136	0	35520	29124	35916	
28137	0	35640	29120	36108	
28138	0	35752	29068	36268	
28139	0	35868	29010	36412	
28140	0	35984	28892	36640	
28141	0	36084	28824	36956	
28142	0	36192	28753	37149	
28143	0	36304	28648	37220	
28144	0	36404	28680	37296	
28145	0	36512	28773	37160	
28146	0	36608	28768	37216	
28147	0	36713	28782	37204	
28148	0	36816	28768	37196	
28149	0	36912	28764	37216	
28150	0	37009	28748	37336	
28151	0	37108	28828	37698	
28152	0	37192	28712	37620	
28153	0	37300	28524	37832	
28154	0	37376	28345	37720	
28155	0	37468	28234	38356	
28156	0	37552	27732	37472	
28157	0	37640	28049	38480	
28158	0	37708	28172	38684	
28159	0	37789	28096	38381	
28160	0	37868	28037	38508	
28161	0	37936	28132	38584	
28162	0	38012	28196	38441	
28163	0	38084	27992	39005	
28164	0	38152	27976	38756	
28165	0	38209	27968	38808	
28166	0	38284	28132	39176	
28167	0	38340	28272	39172	
28168	0	38408	28032	40641	
28169	0	38448	27072	41584	
28170	0	38504	26685	42000	
28171	0	38556	26888	41708	
28172	0	38600	26976	41428	
28173	0	38652	26978	41645	
28174	0	38692	26952	41900	
28175	0	38732	27162	42104	
28176	0	38768	27428	42028	
28177	0	38796	27116	41796	
28178	0	38833	26984	40880	
28179	0	38864	27132	41260	
28180	0	38884	26624	40264	
28181	0	38908	25372	41232	
28182	0	38936	23941	40988	
28183	0	38945	22100	45316	
28184	0	38960	22192	46648	
28185	0	38972	23984	43872	
28186	0	38984	23041	44568	
28187	0	38992	22340	45564	
28188	0	39000	22548	46592	
28189	0	38992	22902	44248	
28190	0	38996	21860	41964	
28191	0	38988	19212	39248	
28192	0	38986	20034	42104	
28193	0	38976	22209	39632	
28194	0	38960	18172	34980	
28195	0	38956	18644	32416	
28196	0	38940	23088	34824	
28197	0	38912	23216	36880	
28198	0	38900	23184	36772	
28199	0	38873	22833	37804	
28200	0	38848	22764	38024	
28201	0	38820	23451	38848	
28202	0	38796	24084	39008	
28203	0	38760	24456	39236	
28204	0	38720	24880	39348	
28205	0	38688	25660	39464	
28206	0	38648	26588	39248	
28207	0	38604	27434	38872	
28208	0	38564	28284	38464	
28209	0	38508	29040	38032	
28210	0	38464	29761	37761	
28211	0	38416	30488	37344	
28212	0	38360	31164	36936	
28213	0	38312	31780	36642	
28214	0	38244	32398	36356	
28215	0	38192	33012	36068	
28216	0	38132	33564	35760	
28217	0	38064	34064	35504	
28218	0	38004	34420	35284	
28219	0	37944	34704	35052	
28220	0	37868	34952	34864	
28221	0	37792	35212	34544	
28222	0	37720	35408	34280	
28223	0	37652	35580	34096	
28224	0	37564	35704	34080	
28225	0	37492	35816	34036	
28226	0	37412	35952	34032	
28227	0	37324	36064	33968	
28228	0	37240	36192	33864	
28229	0	37160	36336	33688	
28230	0	37068	36420	33624	
28231	0	36984	36484	33548	
28232	0	36885	36488	33532	
28233	0	36792	36420	33504	
28234	0	36688	36344	33440	
28235	0	36596	36248	33424	
28236	0	36504	36145	33376	
28237	0	36392	36040	33244	
28238	0	36300	35832	33116	
28239	0	36194	35594	32996	
28240	0	36096	35296	32828	
28241	0	35980	35024	32852	
28242	0	35876	34692	32661	
28243	0	35768	34408	32480	
28244	0	35657	34052	32629	
28245	0	35544	33672	32164	
28246	0	35444	33436	31016	
28247	0	35320	32432	31896	
28248	0	35201	31964	29812	
28249	0	35100	30800	31532	
28250	0	34984	29952	30296	
28251	0	34868	29100	31336	
28252	0	34748	28256	31057	
28253	0	34628	27148	31656	
28254	0	34520	26425	31140	
28255	0	34400	25440	31489	
28256	0	34272	24468	30813	
28257	0	34156	23325	30848	
28258	0	34041	22252	30032	
28259	0	33925	21281	29860	
28260	0	33804	20338	28621	
28261	0	33688	19638	28688	
28262	0	33556	19295	26384	
28263	0	33444	18540	27436	
28264	0	33324	18194	26392	
28265	0	33201	18148	26792	
28266	0	33088	18438	26440	
28267	0	32960	18877	26456	
28268	0	32848	19742	26528	
28269	0	32732	21074	26660	
28270	0	32624	8996	23436	
28271	0	32500	13016	33996	
28272	0	32384	13469	31820	
28273	0	32268	10634	29693	
28274	0	32148	17930	30976	
28275	0	32048	25476	31254	
28276	0	31928	28456	34000	
28277	0	31812	30674	38188	
28278	0	31704	33388	40092	
28279	0	31600	33436	37016	
28280	0	31492	28064	37436	
28281	0	31388	27408	37520	
28282	0	31276	28740	38336	
28283	0	31172	29568	39345	
28284	0	31073	29812	40412	
28285	0	30976	28644	40368	
28286	0	30873	27364	40268	
28287	0	30766	26736	40184	
28288	0	30672	26484	39684	
28289	0	30580	26640	38660	
28290	0	30492	27116	37864	
28291	0	30396	27969	36909	
28292	0	30305	28570	35936	
28293	0	30220	29597	35032	
28294	0	30136	29916	34628	
28295	0	30044	29857	34532	
28296	0	29964	29628	34476	
28297	0	29880	29220	34676	
28298	0	29797	28856	35092	
28299	0	29716	28517	35484	
28300	0	29644	28456	35852	
28301	0	29569	28404	36065	
28302	0	29492	28460	36268	
28303	0	29416	28624	36528	
28304	0	29344	28756	36808	
28305	0	29272	28929	37012	
28306	0	29208	28852	37320	
28307	0	29140	28744	37616	
28308	0	29076	28548	38024	
28309	0	29012	28417	38409	
28310	0	28944	27757	38668	
28311	0	28892	28100	38800	
28312	0	28824	28108	38725	
28313	0	28764	28168	38548	
28314	0	28705	28100	38532	
28315	0	28648	28256	38344	
28316	0	28592	28297	38260	
28317	0	28536	28444	37952	
28318	0	28488	28524	37696	
28319	0	28432	28644	37400	
28320	0	28382	28732	37168	
28321	0	28336	28869	36868	
28322	0	28284	28928	36688	
28323	0	28228	28996	36536	
28324	0	28188	29021	36396	
28325	0	28136	29044	36352	
28326	0	28096	29017	36388	
28327	0	28048	28921	36436	
28328	0	28008	28872	36480	
28329	0	27966	28828	36496	
28330	0	27928	28792	36545	
28331	0	27884	28761	36588	
28332	0	27848	28769	36600	
28333	0	27806	28749	36600	
28334	0	27768	28768	36572	
28335	0	27724	28756	36436	
28336	0	27688	28808	36324	
28337	0	27656	28868	36160	
28338	0	27620	28968	35992	
28339	0	27584	29028	35800	
28340	0	27549	29056	35622	
28341	0	27516	29090	35592	
28342	0	27484	29156	35600	
28343	0	27449	29036	35649	
28344	0	27424	29220	35524	
28345	0	27385	29285	35352	
28346	0	27354	29256	35408	
28347	0	27328	29320	35320	
28348	0	27296	29193	35400	
28349	0	27265	29140	35424	
28350	0	27240	29085	35548	
28351	0	27212	29000	35632	
28352	0	27184	29012	35696	
28353	0	27153	29080	35784	
28354	0	27128	29013	36016	
28355	0	27100	29008	36372	
28356	0	27076	29000	36704	
28357	0	27053	29016	36796	
28358	0	27024	29052	36637	
28359	0	27012	29000	36464	
28360	0	26980	28932	36348	
28361	0	26960	28910	36260	
28362	0	26944	29000	36220	
28363	0	26922	29166	36368	
28364	0	26900	29288	36625	
28365	0	26884	29280	36820	
28366	0	26866	29284	36904	
28367	0	26840	29052	36944	
28368	0	26832	28740	37056	
28369	0	26813	28564	37224	
28370	0	26800	28676	37236	
28371	0	26785	28816	37272	
28372	0	26772	28924	37304	
28373	0	26765	28981	37196	
28374	0	26756	29024	37160	
28375	0	26745	29074	37169	
28376	0	26748	28976	37332	
28377	0	26740	28917	37669	
28378	0	26733	28868	38040	
28379	0	26736	28840	38369	
28380	0	26732	28664	38745	
28381	0	26729	28426	39088	
28382	0	26728	28157	39471	
28383	0	26736	27932	39820	
28384	0	26748	27837	39948	
28385	0	26748	27737	39996	
28386	0	26760	27689	39988	
28387	0	26765	27636	40121	
28388	0	26772	28168	39484	
28389	0	26788	27564	40416	
28390	0	26809	28102	39972	
28391	0	26824	27280	40348	
28392	0	26840	28404	39276	
28393	0	26864	27340	39700	
28394	0	26885	30368	40028	
28395	0	26901	26880	39560	
28396	0	26932	28272	40928	
28397	0	26965	28032	38732	
28398	0	26988	27212	41432	
28399	0	27024	26960	41940	
28400	0	27052	26978	42008	
28401	0	27086	26900	41276	
28402	0	27128	27384	40852	
28403	0	27157	27288	40588	
28404	0	27196	26845	39748	
28405	0	27240	26516	40932	
28406	0	27284	25432	41220	
28407	0	27328	22065	44512	
28408	0	27368	22853	43700	
28409	0	27425	23760	41588	
28410	0	27472	23988	41248	
28411	0	27516	23488	41464	
28412	0	27572	22457	41856	
28413	0	27625	21636	42748	
28414	0	27684	21137	44004	
28415	0	27744	20636	44704	
28416	0	27798	20596	44512	
28417	0	27856	21540	42572	
28418	0	27912	18245	35524	
28419	0	27972	19120	34472	
28420	0	28044	21396	36324	
28421	0	28101	20546	37896	
28422	0	28172	21300	38576	
28423	0	28240	21473	39996	
28424	0	28305	22108	39952	
28425	0	28376	22928	39616	
28426	0	28448	23584	39164	
28427	0	28528	24236	38852	
28428	0	28600	24885	38936	
28429	0	28676	25544	39140	
28430	0	28752	26280	39080	
28431	0	28836	27100	38784	
28432	0	28912	28024	38384	
28433	0	28996	28945	38052	
28434	0	29080	29772	37848	
28435	0	29164	30496	37624	
28436	0	29248	31189	37404	
28437	0	29336	31808	37120	
28438	0	29424	32412	36780	
28439	0	29516	32924	36440	
28440	0	29608	33408	36104	
28441	0	29696	33853	35816	
28442	0	29792	34208	35560	
28443	0	29888	34536	35308	
28444	0	29976	34740	35100	
28445	0	30082	34948	34976	
28446	0	30168	35076	34862	
28447	0	30276	35176	34749	
28448	0	30368	35284	34604	
28449	0	30472	35372	34508	
28450	0	30569	35436	34388	
28451	0	30668	35524	34296	
28452	0	30776	35568	34280	
28453	0	30885	35597	34192	
28454	0	30988	35608	34108	
28455	0	31092	35608	34072	
28456	0	31185	35620	34032	
28457	0	31296	35628	34044	
28458	0	31408	35617	34088	
28459	0	31516	35620	34092	
28460	0	31620	35640	33996	
28461	0	31732	35620	33904	
28462	0	31837	35616	33809	
28463	0	31944	35540	33764	
28464	0	32048	35460	33728	
28465	0	32164	35384	33692	
28466	0	32266	35296	33580	
28467	0	32382	35156	33664	
28468	0	32488	34856	33549	
28469	0	32604	34545	33364	
28470	0	32689	34188	33621	
28471	0	32832	33768	33444	
28472	0	32928	33248	33440	
28473	0	33049	32700	33364	
28474	0	33156	32228	33277	
28475	0	33264	31780	32988	
28476	0	33380	31184	32488	
28477	0	33496	30588	32336	
28478	0	33612	29520	31545	
28479	0	33716	28952	31076	
28480	0	33828	28228	31101	
28481	0	33932	27505	31178	
28482	0	34056	26840	31292	
28483	0	34164	26112	31280	
28484	0	34272	25300	31100	
28485	0	34384	24276	30804	
28486	0	34500	23424	30389	
28487	0	34608	22460	30160	
28488	0	34728	21576	29884	
28489	0	34840	20777	29609	
28490	0	34944	20012	29428	
28491	0	35056	19368	29300	
28492	0	35168	18876	28916	
28493	0	35280	18622	28681	
28494	0	35396	18686	28360	
28495	0	35504	19016	28093	
28496	0	35612	19588	27944	
28497	0	35725	20020	27742	
28498	0	35836	14136	30348	
28499	0	35948	5504	33350	
28500	0	36048	14173	36184	
28501	0	36160	8669	23780	
28502	0	36268	22684	33021	
28503	0	36380	29821	32428	
28504	0	36488	32004	37640	
28505	0	36596	31709	39324	
28506	0	36704	34925	37488	
28507	0	36808	32968	36656	
28508	0	36912	30716	34496	
28509	0	37028	28733	33272	
28510	0	37128	28552	33604	
28511	0	37232	29280	35580	
28512	0	37332	29716	36849	
28513	0	37444	29508	36924	
28514	0	37536	28660	36776	
28515	0	37636	27988	36768	
28516	0	37740	28084	37096	
28517	0	37840	28528	37140	
28518	0	37940	28666	36560	
28519	0	38032	28634	36280	
28520	0	38132	28784	36238	
28521	0	38232	29024	36224	
28522	0	38320	29212	36396	
28523	0	38408	29356	36508	
28524	0	38496	29333	36788	
28525	0	38592	29276	36960	
28526	0	38676	29176	37208	
28527	0	38756	29008	37440	
28528	0	38828	28964	37624	
28529	0	38916	28996	37720	
28530	0	38996	29024	37604	
28531	0	39068	29100	37492	
28532	0	39144	29268	37340	
28533	0	39220	29176	37268	
28534	0	39296	29202	37268	
28535	0	39348	29149	37248	
28536	0	39412	29124	37240	
28537	0	39484	29096	37228	
28538	0	39536	29064	37256	
28539	0	39588	28317	35708	
28540	0	39640	28917	36797	
28541	0	39696	29124	36944	
28542	0	39744	29240	36881	
28543	0	39780	29276	36844	
28544	0	39820	29276	36788	
28545	0	39860	28968	36916	
28546	0	39900	30400	38512	
28547	0	39936	28932	35921	
28548	0	39960	29012	36660	
28549	0	39988	29122	36684	
28550	0	40016	29140	36680	
28551	0	40032	29040	37058	
28552	0	40044	29025	36996	
28553	0	40068	27496	34836	
28554	0	40076	28704	36508	
28555	0	40084	29024	36660	
28556	0	40096	29172	36504	
28557	0	40088	29484	36964	
28558	0	40096	28508	35380	
28559	0	40089	29038	36300	
28560	0	40092	29140	36440	
28561	0	40084	29152	36505	
28562	0	40056	29048	36320	
28563	0	40048	28936	36212	
28564	0	40036	28952	36389	
28565	0	40016	28984	36284	
28566	0	39992	29632	37232	
28567	0	39968	28832	35748	
28568	0	39940	29073	36008	
28569	0	39904	29156	35964	
28570	0	39856	29220	35880	
28571	0	39832	29236	35800	
28572	0	39784	29204	35744	
28573	0	39736	29216	35696	
28574	0	39692	29232	35680	
28575	0	39636	29161	35728	
28576	0	39588	29132	35792	
28577	0	39540	29072	35856	
28578	0	39480	29000	35888	
28579	0	39412	29012	35812	
28580	0	39344	29010	35796	
28581	0	39280	29004	35788	
28582	0	39210	29060	35840	
28583	0	39140	29104	35928	
28584	0	39052	29100	36008	
28585	0	38984	29080	36028	
28586	0	38912	29028	36112	
28587	0	38824	29020	36164	
28588	0	38736	28954	36264	
28589	0	38652	28873	36336	
28590	0	38560	28856	36384	
28591	0	38472	28813	36456	
28592	0	38372	28780	36540	
28593	0	38276	28752	36688	
28594	0	38180	28696	36912	
28595	0	38080	28633	37064	
28596	0	37981	28584	37189	
28597	0	37877	28552	37276	
28598	0	37764	28528	37384	
28599	0	37664	28488	37592	
28600	0	37560	28448	37689	
28601	0	37440	28446	37704	
28602	0	37324	28396	37701	
28603	0	37216	28356	37692	
28604	0	37104	28346	37696	
28605	0	36992	28340	37848	
28606	0	36864	28304	38016	
28607	0	36740	28216	38044	
28608	0	36620	28168	38296	
28609	0	36497	26960	38578	
28610	0	36372	28048	38700	
28611	0	36248	27968	38884	
28612	0	36124	26892	39048	
28613	0	35996	28992	38885	
28614	0	35868	26868	38612	
28615	0	35744	28136	40016	
28616	0	35605	28045	38804	
28617	0	35480	27660	41064	
28618	0	35352	26525	40992	
28619	0	35220	26594	41248	
28620	0	35080	26428	41292	
28621	0	34952	26228	41716	
28622	0	34808	26520	41324	
28623	0	34676	27233	41160	
28624	0	34544	27230	41776	
28625	0	34400	26364	42644	
28626	0	34268	25900	41658	
28627	0	34128	25504	41208	
28628	0	33989	26338	40056	
28629	0	33856	23932	41404	
28630	0	33716	24954	43160	
28631	0	33572	21188	45888	
28632	0	33432	25333	43692	
28633	0	33292	23780	43364	
28634	0	33164	22648	43276	
28635	0	33020	21434	43649	
28636	0	32880	20324	47168	
28637	0	32740	21024	42540	
28638	0	32601	20577	42720	
28639	0	32464	19974	39209	
28640	0	32324	19496	38024	
28641	0	32186	20004	37944	
28642	0	32045	19956	36804	
28643	0	31916	15102	32385	
28644	0	31782	17918	27905	
28645	0	31648	20238	31424	
28646	0	31516	19624	33888	
28647	0	31377	19090	33956	
28648	0	31256	19144	35472	
28649	0	31124	19725	36844	
28650	0	30992	20500	37512	
28651	0	30864	19852	39428	
28652	0	30736	21545	38304	
28653	0	30609	22105	38757	
28654	0	30492	23209	38788	
28655	0	30364	24444	38556	
28656	0	30240	25528	38116	
28657	0	30120	26468	37752	
28658	0	30004	27576	37712	
28659	0	29892	28864	37788	
28660	0	29768	30308	37736	
28661	0	29653	31733	37520	
28662	0	29530	32840	37388	
28663	0	29428	33704	37656	
28664	0	29312	34884	37352	
28665	0	29200	35208	37588	
28666	0	29092	35809	38104	
28667	0	28980	36588	38337	
28668	0	28876	37101	38564	
28669	0	28768	37812	38048	
28670	0	28660	38492	37768	
28671	0	28560	38824	37696	
28672	0	28448	38932	37740	
28673	0	28348	39056	37624	
28674	0	28244	39316	37444	
28675	0	28148	39632	37349	
28676	0	28052	39848	37400	
28677	0	27952	39920	37412	
28678	0	27852	39880	37380	
28679	0	27757	39828	37336	
28680	0	27664	39808	37284	
28681	0	27576	39752	37200	
28682	0	27484	39636	37080	
28683	0	27384	39465	37064	
28684	0	27300	39233	37029	
28685	0	27204	38980	36936	
28686	0	27120	38628	36960	
28687	0	27040	38276	36904	
28688	0	26952	37940	36952	
28689	0	26868	37596	36960	
28690	0	26788	37289	36896	
28691	0	26705	36948	36860	
28692	0	26636	36544	36848	
28693	0	26556	36080	36784	
28694	0	26488	35624	36632	
28695	0	26420	35024	36244	
28696	0	26348	34464	35988	
28697	0	26276	33676	35608	
28698	0	26217	32832	35316	
28699	0	26156	31888	35124	
28700	0	26088	30884	34968	
28701	0	26044	29804	34840	
28702	0	25984	28570	34624	
28703	0	25944	27208	34500	
28704	0	25889	25890	34309	
28705	0	25837	24790	34104	
28706	0	25800	23812	33848	
28707	0	25760	22832	33554	
28708	0	25722	21680	33313	
28709	0	25696	20525	33080	
28710	0	25672	19485	32800	
28711	0	25648	18594	32405	
28712	0	25624	17829	31964	
28713	0	25588	17234	31465	
28714	0	25583	16750	31045	
28715	0	25572	16396	30708	
28716	0	25552	16171	30528	
28717	0	25556	16240	30344	
28718	0	25546	16532	30140	
28719	0	25553	8552	33436	
28720	0	25560	4579	39932	
28721	0	25576	15417	26574	
28722	0	25580	11309	35928	
28723	0	25604	6888	23536	
28724	0	25624	11918	21934	
28725	0	25648	11237	25657	
28726	0	25680	13584	22916	
28727	0	25716	23409	27104	
28728	0	25752	25701	35120	
28729	0	25788	26748	31952	
28730	0	25836	33353	37144	
28731	0	25884	32904	39624	
28732	0	25932	32232	42804	
28733	0	25992	31476	45052	
28734	0	26056	29056	44000	
28735	0	26116	30276	40465	
28736	0	26189	26756	35736	
28737	0	26268	23884	34069	
28738	0	26334	29052	32106	
28739	0	26416	31564	32532	
28740	0	26497	29741	34628	
28741	0	26589	28521	36520	
28742	0	26688	28687	37504	
28743	0	26785	28380	37792	
28744	0	26880	28244	37852	
28745	0	26980	28832	37476	
28746	0	27088	29197	36672	
28747	0	27198	28980	35688	
28748	0	27316	29200	35376	
28749	0	27432	29380	35816	
28750	0	27544	29228	36448	
28751	0	27673	28912	36773	
28752	0	27792	28836	36772	
28753	0	27924	28892	36572	
28754	0	28056	29001	36360	
28755	0	28188	29025	36292	
28756	0	28320	29048	36237	
28757	0	28456	29012	36236	
28758	0	28600	28992	36264	
28759	0	28750	28944	36360	
28760	0	28892	28928	36400	
28761	0	29044	28972	36364	
28762	0	29196	28985	36376	
28763	0	29340	28976	36428	
28764	0	29500	28918	36480	
28765	0	29660	28856	36508	
28766	0	29820	28834	36480	
28767	0	29984	28837	36464	
28768	0	30144	28868	36424	
28769	0	30312	28848	36376	
28770	0	30476	28824	36373	
28771	0	30640	28792	36337	
28772	0	30816	28756	36396	
28773	0	30984	28785	36402	
28774	0	31152	28853	36408	
28775	0	31328	28852	36432	
28776	0	31504	28868	36422	
28777	0	31680	28904	36436	
28778	0	31853	28909	36444	
28779	0	32032	28837	36512	
28780	0	32212	28804	36592	
28781	0	32393	28752	36605	
28782	0	32576	28724	36601	
28783	0	32752	28720	36602	
28784	0	32932	28768	36536	
28785	0	33112	28748	36497	
28786	0	33306	28724	36452	
28787	0	33485	28736	36464	
28788	0	33658	28768	36424	
28789	0	33848	28780	36420	
28790	0	34024	28796	36484	
28791	0	34208	28781	36464	
28792	0	34388	28824	36468	
28793	0	34561	28852	36508	
28794	0	34744	28828	36592	
28795	0	34920	28888	36560	
28796	0	35097	28888	36568	
28797	0	35276	28816	36556	
28798	0	35440	28808	36556	
28799	0	35612	28780	36488	
28800	0	35792	28784	36476	
28801	0	35952	28832	36404	
28802	0	36124	28832	36324	
28803	0	36284	28849	36364	
28804	0	36452	28928	36268	
28805	0	36608	28820	36336	
28806	0	36765	28736	36336	
28807	0	36928	28568	36524	
28808	0	37080	28920	35852	
28809	0	37224	28476	36717	
28810	0	37376	28512	36476	
28811	0	37529	28832	36364	
28812	0	37672	29064	35768	
28813	0	37812	28812	36296	
28814	0	37952	29142	36269	
28815	0	38096	28716	36161	
28816	0	38232	28896	36420	
28817	0	38360	28789	36400	
28818	0	38492	28756	36536	
28819	0	38620	28768	36554	
28820	0	38744	28724	36480	
28821	0	38872	28764	36372	
28822	0	38992	28713	36504	
28823	0	39104	28704	36612	
28824	0	39220	28545	36628	
28825	0	39333	28376	36716	
28826	0	39444	28398	36544	
28827	0	39548	28437	36509	
28828	0	39648	28460	36380	
28829	0	39765	28496	36524	
28830	0	39852	28497	36608	
28831	0	39953	28480	36716	
28832	0	40040	28356	36884	
28833	0	40128	28100	37012	
28834	0	40216	27848	37244	
28835	0	40292	27721	37324	
28836	0	40384	27644	37764	
28837	0	40460	27676	37452	
28838	0	40528	27368	38330	
28839	0	40608	27312	38312	
28840	0	40664	26881	38284	
28841	0	40736	24421	39636	
28842	0	40784	25476	41260	
28843	0	40852	26614	38744	
28844	0	40896	26552	40016	
28845	0	40952	26120	38540	
28846	0	41000	25018	41364	
28847	0	41036	25012	41748	
28848	0	41076	24956	41716	
28849	0	41112	24860	41972	
28850	0	41140	24409	42144	
28851	0	41176	23666	43688	
28852	0	41200	23384	44420	
28853	0	41224	23056	44644	
28854	0	41240	22716	43956	
28855	0	41260	22696	45004	
28856	0	41268	23047	45152	
28857	0	41268	22960	45004	
28858	0	41276	23268	45272	
28859	0	41280	23712	45966	
28860	0	41284	24376	46568	
28861	0	41276	24984	46840	
28862	0	41268	25493	46848	
28863	0	41256	26292	47052	
28864	0	41240	26482	46260	
28865	0	41216	24948	45432	
28866	0	41200	23938	43448	
28867	0	41180	24976	42217	
28868	0	41148	25959	42320	
28869	0	41116	28056	39916	
28870	0	41084	30268	38312	
28871	0	41056	32024	38012	
28872	0	41008	32108	38348	
28873	0	40960	33024	40380	
28874	0	40920	34316	37784	
28875	0	40872	35288	38676	
28876	0	40816	34800	38784	
28877	0	40773	36036	37672	
28878	0	40708	36592	39364	
28879	0	40642	38176	39688	
28880	0	40580	39412	41984	
28881	0	40528	39068	41648	
28882	0	40456	38596	40320	
28883	0	40384	38744	40004	
28884	0	40320	39064	40500	
28885	0	40240	40628	43116	
28886	0	40168	39440	40200	
28887	0	40080	39828	39872	
28888	0	40004	39932	39420	
28889	0	39924	39864	39256	
28890	0	39832	39616	39148	
28891	0	39744	39448	38948	
28892	0	39660	39372	38600	
28893	0	39564	39332	38184	
28894	0	39473	39260	37860	
28895	0	39380	39044	37736	
28896	0	39280	38696	37732	
28897	0	39184	38200	37936	
28898	0	39080	37740	38160	
28899	0	38980	37220	38488	
28900	0	38873	36692	38765	
28901	0	38772	36184	39112	
28902	0	38664	35604	39309	
28903	0	38556	34916	39589	
28904	0	38440	34124	39964	
28905	0	38336	33072	40312	
28906	0	38224	32868	40148	
28907	0	38104	31812	40364	
28908	0	37988	31833	40352	
28909	0	37868	31172	40424	
28910	0	37752	31384	40233	
28911	0	37628	30828	40408	
28912	0	37504	30496	40584	
28913	0	37380	30324	40872	
28914	0	37256	30260	40924	
28915	0	37136	30168	41452	
28916	0	37010	29792	42013	
28917	0	36884	29553	42436	
28918	0	36752	29229	42944	
28919	0	36628	28844	43296	
28920	0	36492	28833	42800	
28921	0	36368	28016	43400	
28922	0	36240	27252	43548	
28923	0	36104	26400	43760	
28924	0	35972	26062	43064	
28925	0	35836	25244	43456	
28926	0	35708	24608	43480	
28927	0	35568	24101	43336	
28928	0	35440	23572	43156	
28929	0	35308	23048	43036	
28930	0	35172	22664	42860	
28931	0	35028	22456	42536	
28932	0	34904	22386	42156	
28933	0	34768	22464	41528	
28934	0	34632	22672	40708	
28935	0	34488	22924	39684	
28936	0	34356	23192	38716	
28937	0	34216	23428	37796	
28938	0	34080	23568	37028	
28939	0	33948	23564	36524	
28940	0	33812	23452	36254	
28941	0	33672	23268	35832	
28942	0	33532	23020	35512	
28943	0	33400	22818	35160	
28944	0	33256	22584	34720	
28945	0	33124	22384	34248	
28946	0	32985	22308	33792	
28947	0	32852	22284	33364	
28948	0	32716	22333	32932	
28949	0	32588	22464	32692	
28950	0	32444	22662	32588	
28951	0	32309	22988	32536	
28952	0	32180	23340	32610	
28953	0	32044	23640	32800	
28954	0	31912	23424	33453	
28955	0	31776	17480	38404	
28956	0	31644	17568	39928	
28957	0	31520	22648	33120	
28958	0	31380	29945	33428	
28959	0	31260	32352	34756	
28960	0	31128	30041	39996	
28961	0	30992	29692	44760	
28962	0	30864	33150	45176	
28963	0	30740	34068	43860	
28964	0	30616	33612	40488	
28965	0	30492	32720	40280	
28966	0	30365	29130	38668	
28967	0	30244	27876	36700	
28968	0	30121	27088	35104	
28969	0	29996	27621	35528	
28970	0	29880	27268	36600	
28971	0	29760	25216	38932	
28972	0	29644	25033	36885	
28973	0	29524	26188	35585	
28974	0	29402	27720	34116	
28975	0	29292	28244	34660	
28976	0	29181	30033	36968	
28977	0	29072	30453	38460	
28978	0	28960	29609	38112	
28979	0	28853	27940	36792	
28980	0	28740	27816	35904	
28981	0	28632	28252	35296	
28982	0	28536	28436	35400	
28983	0	28425	28784	35996	
28984	0	28324	28848	36524	
28985	0	28217	29156	36724	
28986	0	28121	29272	36876	
28987	0	28020	29152	36714	
28988	0	27920	28978	36492	
28989	0	27832	29028	36184	
28990	0	27732	29066	36316	
28991	0	27644	29148	36325	
28992	0	27556	29141	36380	
28993	0	27464	29224	36452	
28994	0	27376	29576	36628	
28995	0	27289	29224	36588	
28996	0	27212	29252	36560	
28997	0	27132	29308	36568	
28998	0	27052	29160	36517	
28999	0	26976	29040	36622	
29000	0	26900	29053	36712	
29001	0	26828	28916	36732	
29002	0	26764	29116	36748	
29003	0	26688	29248	36761	
29004	0	26632	29116	36528	
29005	0	26564	29128	36608	
29006	0	26512	29204	36672	
29007	0	26453	29156	36800	
29008	0	26404	29116	36776	
29009	0	26356	29066	36772	
29010	0	26304	29120	36700	
29011	0	26261	29160	36600	
29012	0	26236	29048	36688	
29013	0	26188	29117	36572	
29014	0	26160	28984	36568	
29015	0	26132	28996	36580	
29016	0	26104	29032	36608	
29017	0	26077	29028	36568	
29018	0	26057	29060	36592	
29019	0	26048	28992	36570	
29020	0	26033	28984	36528	
29021	0	26024	28980	36568	
29022	0	26024	28996	36416	
29023	0	26018	28889	36620	
29024	0	26016	28980	36916	
29025	0	26029	28816	36288	
29026	0	26036	28244	37476	
29027	0	26050	29209	36268	
29028	0	26070	28512	36832	
29029	0	26088	29004	36636	
29030	0	26117	28877	36832	
29031	0	26136	28576	36780	
29032	0	26176	28504	36604	
29033	0	26208	28100	36960	
29034	0	26237	28000	36873	
29035	0	26276	27944	36896	
29036	0	26320	27792	36800	
29037	0	26368	28009	36780	
29038	0	26420	27992	36708	
29039	0	26468	27792	36788	
29040	0	26528	27353	36832	
29041	0	26588	27416	36788	
29042	0	26657	27712	36952	
29043	0	26722	27364	37020	
29044	0	26788	26742	37545	
29045	0	26868	29109	36808	
29046	0	26940	23804	41328	
29047	0	27020	31658	34356	
29048	0	27088	19488	39456	
29049	0	27176	26716	35424	
29050	0	27260	21353	40324	
29051	0	27344	26184	35821	
29052	0	27429	22960	38432	
29053	0	27528	25441	36936	
29054	0	27621	23556	38108	
29055	0	27720	25136	37448	
29056	0	27816	25488	37680	
29057	0	27912	26228	37888	
29058	0	28016	26868	37972	
29059	0	28124	27552	38592	
29060	0	28228	28285	38468	
29061	0	28330	28864	38561	
29062	0	28445	29464	38624	
29063	0	28556	30188	38848	
29064	0	28665	30970	39092	
29065	0	28784	31448	39192	
29066	0	28896	32060	39496	
29067	0	29025	32364	39628	
29068	0	29142	32544	39740	
29069	0	29272	32848	39924	
29070	0	29392	33052	39977	
29071	0	29521	33404	39877	
29072	0	29660	33560	40176	
29073	0	29780	33760	40252	
29074	0	29912	33920	40152	
29075	0	30052	34008	39976	
29076	0	30184	34172	39904	
29077	0	30325	34260	39732	
29078	0	30473	34464	39356	
29079	0	30608	34788	39076	
29080	0	30752	35064	38648	
29081	0	30900	35276	38420	
29082	0	31052	35222	38356	
29083	0	31193	35068	38172	
29084	0	31348	34849	37976	
29085	0	31500	34588	37680	
29086	0	31650	34334	37440	
29087	0	31808	33968	37404	
29088	0	31964	33580	37388	
29089	0	32128	33296	37408	
29090	0	32288	32920	37516	
29091	0	32444	32416	37680	
29092	0	32608	31928	37796	
29093	0	32772	31308	37988	
29094	0	32932	30688	38152	
29095	0	33104	30080	38316	
29096	0	33260	29608	38292	
29097	0	33433	28418	38040	
29098	0	33600	27928	37577	
29099	0	33760	27482	38000	
29100	0	33929	26881	38381	
29101	0	34096	26684	38566	
29102	0	34268	26504	38552	
29103	0	34436	26304	38648	
29104	0	34584	26404	38520	
29105	0	34764	26416	38304	
29106	0	34940	26132	38152	
29107	0	35104	25401	37505	
29108	0	35268	25380	36629	
29109	0	35436	25848	37742	
29110	0	35600	25048	39085	
29111	0	35761	25056	38424	
29112	0	35928	24856	37876	
29113	0	36088	25137	37056	
29114	0	36252	24920	37436	
29115	0	36416	24512	37916	
29116	0	36576	24336	38040	
29117	0	36732	24282	37824	
29118	0	36896	24072	37760	
29119	0	37044	24180	38496	
29120	0	37200	23880	38752	
29121	0	37352	20419	40104	
29122	0	37508	25272	39080	
29123	0	37664	18482	45412	
29124	0	37804	26645	38604	
29125	0	37952	20121	45724	
29126	0	38096	26224	39268	
29127	0	38244	24712	41860	
29128	0	38384	25400	41092	
29129	0	38524	27488	39092	
29130	0	38672	26004	43744	
29131	0	38812	27040	45828	
29132	0	38948	27360	47700	
29133	0	39068	27658	40756	
29134	0	39196	28068	39812	
29135	0	39324	28234	38464	
29136	0	39452	28441	40740	
29137	0	39580	26285	42052	
29138	0	39700	26568	41180	
29139	0	39816	30096	33728	
29140	0	39928	29964	31453	
29141	0	40048	29228	34441	
29142	0	40148	30240	35800	
29143	0	40261	30056	38588	
29144	0	40364	29008	41620	
29145	0	40472	28065	43105	
29146	0	40576	27716	43552	
29147	0	40672	28028	43076	
29148	0	40762	28732	41604	
29149	0	40860	29316	40032	
29150	0	40956	29422	39024	
29151	0	41032	29316	38320	
29152	0	41120	29148	37440	
29153	0	41204	28901	37405	
29154	0	41296	28402	37896	
29155	0	41364	27824	38436	
29156	0	41440	27284	39040	
29157	0	41504	26892	39449	
29158	0	41584	26324	38132	
29159	0	41644	26400	38965	
29160	0	41712	26465	38432	
29161	0	41764	26816	37800	
29162	0	41828	27276	36824	
29163	0	41864	27911	35709	
29164	0	41932	28666	34917	
29165	0	41976	29444	34392	
29166	0	42032	30168	34088	
29167	0	42068	30804	33980	
29168	0	42112	31310	34068	
29169	0	42148	31760	34228	
29170	0	42180	32224	34340	
29171	0	42212	32612	34376	
29172	0	42244	33016	34221	
29173	0	42272	33376	33896	
29174	0	42288	33660	33558	
29175	0	42304	33965	33121	
29176	0	42320	34144	32864	
29177	0	42328	34268	32692	
29178	0	42337	34292	32696	
29179	0	42341	34336	32756	
29180	0	42348	34297	32785	
29181	0	42352	34108	32808	
29182	0	42345	33872	32868	
29183	0	42336	33680	32797	
29184	0	42320	33380	33336	
29185	0	42308	33096	33020	
29186	0	42292	32893	32872	
29187	0	42272	32752	33424	
29188	0	42236	32594	33013	
29189	0	42212	32440	32952	
29190	0	42184	32148	32240	
29191	0	42152	31892	33280	
29192	0	42104	31540	32672	
29193	0	42060	31000	32916	
29194	0	42016	30469	32444	
29195	0	41973	29876	32960	
29196	0	41920	29304	32384	
29197	0	41868	28800	30189	
29198	0	41800	28208	32196	
29199	0	41732	27712	30012	
29200	0	41664	27172	31337	
29201	0	41596	26780	30836	
29202	0	41516	26348	30146	
29203	0	41444	25888	30745	
29204	0	41368	25780	30433	
29205	0	41284	25658	30192	
29206	0	41192	25596	30044	
29207	0	41100	25588	29912	
29208	0	41016	25584	29728	
29209	0	40916	25537	29652	
29210	0	40820	25368	29696	
29211	0	40720	25053	29836	
29212	0	40616	24732	29876	
29213	0	40516	24440	29868	
29214	0	40416	24104	29948	
29215	0	40292	23244	30705	
29216	0	40192	23265	30352	
29217	0	40072	23096	30244	
29218	0	39956	22437	30824	
29219	0	39836	22404	30412	
29220	0	39708	22053	30753	
29221	0	39588	22400	30189	
29222	0	39468	22408	30528	
29223	0	39340	22794	30248	
29224	0	39212	23440	29886	
29225	0	39087	20018	28836	
29226	0	38952	17501	33796	
29227	0	38820	18549	35596	
29228	0	38684	21876	34465	
29229	0	38548	22201	35500	
29230	0	38400	24628	29468	
29231	0	38272	15274	28421	
29232	0	38124	27888	25408	
29233	0	37988	32308	34732	
29234	0	37848	29404	36376	
29235	0	37706	31724	39224	
29236	0	37556	35012	36953	
29237	0	37412	32096	35049	
29238	0	37264	30492	36189	
29239	0	37112	29125	38572	
29240	0	36964	27874	39969	
29241	0	36816	27424	40212	
29242	0	36664	26788	40336	
29243	0	36508	25584	40208	
29244	0	36352	25668	39880	
29245	0	36200	26972	38644	
29246	0	36052	28232	36881	
29247	0	35893	28872	35426	
29248	0	35744	29520	34724	
29249	0	35588	29905	34185	
29250	0	35428	30084	33896	
29251	0	35272	29964	33936	
29252	0	35124	29564	34317	
29253	0	34960	29204	34760	
29254	0	34804	28872	35364	
29255	0	34656	28604	36000	
29256	0	34480	28396	36552	
29257	0	34332	28221	37144	
29258	0	34168	28269	37368	
29259	0	34016	28377	37512	
29260	0	33848	28520	37592	
29261	0	33688	28548	37744	
29262	0	33541	28556	37824	
29263	0	33380	28470	37964	
29264	0	33221	28328	38080	
29265	0	33068	28264	38264	
29266	0	32912	28164	38316	
29267	0	32756	28048	38332	
29268	0	32604	28128	38144	
29269	0	32449	28132	38216	
29270	0	32296	28156	37896	
29271	0	32141	28316	37576	
29272	0	31993	29444	39472	
29273	0	31852	28488	36508	
29274	0	31676	28576	36608	
29275	0	31552	30357	38532	
29276	0	31396	28504	35772	
29277	0	31256	28676	35936	
29278	0	31108	29760	36508	
29279	0	30962	28664	35493	
29280	0	30816	29052	35449	
29281	0	30688	28732	35252	
29282	0	30548	29797	34924	
29283	0	30404	29120	35104	
29284	0	30268	28880	35268	
29285	0	30128	28920	35208	
29286	0	29996	28685	35564	
29287	0	29853	28648	35656	
29288	0	29720	28020	35644	
29289	0	29592	28652	35916	
29290	0	29468	28224	36088	
29291	0	29340	27492	35864	
29292	0	29212	28320	36368	
29293	0	29077	28504	35716	
29294	0	28956	30584	35144	
29295	0	28821	28078	37796	
29296	0	28708	28744	35484	
29297	0	28588	28877	36073	
29298	0	28468	28654	36468	
29299	0	28356	28764	36540	
29300	0	28232	28709	36428	
29301	0	28121	28664	36229	
29302	0	28004	28836	36112	
29303	0	27892	29012	35960	
29304	0	27784	29136	35788	
29305	0	27672	29112	35736	
29306	0	27568	29196	35680	
29307	0	27460	29248	35600	
29308	0	27356	29332	35640	
29309	0	27253	29308	35764	
29310	0	27152	29280	36000	
29311	0	27056	29272	36224	
29312	0	26956	29164	36376	
29313	0	26864	29036	36389	
29314	0	26772	29004	36460	
29315	0	26676	29097	36524	
29316	0	26592	29201	36525	
29317	0	26512	29228	36440	
29318	0	26424	29152	36404	
29319	0	26340	29036	36436	
29320	0	26260	29032	36456	
29321	0	26184	29016	36588	
29322	0	26108	29041	36768	
29323	0	26040	29022	37060	
29324	0	25964	28864	37460	
29325	0	25898	28628	37780	
29326	0	25836	28362	37984	
29327	0	25776	28300	38124	
29328	0	25717	28384	38336	
29329	0	25648	28544	38336	
29330	0	25600	28640	38205	
29331	0	25544	28752	37972	
29332	0	25496	28800	37688	
29333	0	25456	28972	37304	
29334	0	25408	29175	37052	
29335	0	25372	29228	36928	
29336	0	25333	29197	36864	
29337	0	25296	29128	36920	
29338	0	25264	29032	36980	
29339	0	25236	28922	37024	
29340	0	25200	28836	37148	
29341	0	25173	28836	37232	
29342	0	25157	28808	37360	
29343	0	25137	28762	37424	
29344	0	25121	28664	37684	
29345	0	25108	28504	37984	
29346	0	25096	28312	38348	
29347	0	25090	28160	38732	
29348	0	25081	27944	38612	
29349	0	25084	28316	38400	
29350	0	25088	28445	38328	
29351	0	25088	28080	39020	
29352	0	25092	28056	39252	
29353	0	25104	27872	39608	
29354	0	25113	27584	40024	
29355	0	25132	27152	40608	
29356	0	25148	26817	40656	
29357	0	25164	26580	40892	
29358	0	25194	26682	41196	
29359	0	25216	26044	41337	
29360	0	25248	26972	40568	
29361	0	25276	27253	41760	
29362	0	25312	26944	41112	
29363	0	25348	27780	40688	
29364	0	25392	27448	40489	
29365	0	25428	26424	39456	
29366	0	25476	25408	39376	
29367	0	25522	24212	39864	
29368	0	25576	22344	41344	
29369	0	25632	23584	44904	
29370	0	25684	23869	44160	
29371	0	25748	23800	43432	
29372	0	25796	22444	42536	
29373	0	25864	21416	42876	
29374	0	25928	20832	43368	
29375	0	26000	20577	42912	
29376	0	26068	20494	42468	
29377	0	26140	20544	38600	
29378	0	26204	16728	36297	
29379	0	26284	19476	33432	
29380	0	26356	19940	36236	
29381	0	26440	19582	37056	
29382	0	26524	20146	37988	
29383	0	26600	20248	39385	
29384	0	26688	20836	39656	
29385	0	26776	21653	39936	
29386	0	26864	22296	40016	
29387	0	26953	23062	39768	
29388	0	27048	23952	39748	
29389	0	27144	24859	39744	
29390	0	27240	25812	39544	
29391	0	27332	26804	39184	
29392	0	27432	27872	38764	
29393	0	27532	28948	38436	
29394	0	27636	30016	38200	
29395	0	27736	30797	37896	
29396	0	27846	31552	37796	
29397	0	27956	32308	37736	
29398	0	28064	33040	37680	
29399	0	28172	33612	37300	
29400	0	28288	33920	36988	
29401	0	28396	34540	36592	
29402	0	28513	34536	36340	
29403	0	28624	35024	35908	
29404	0	28740	35304	35716	
29405	0	28856	35536	35540	
29406	0	28978	35624	35396	
29407	0	29096	35684	35296	
29408	0	29212	35760	35180	
29409	0	29340	35776	35080	
29410	0	29456	35772	34992	
29411	0	29573	35792	35053	
29412	0	29696	35785	34912	
29413	0	29820	35812	34540	
29414	0	29948	35872	34748	
29415	0	30068	35844	34536	
29416	0	30188	35828	34412	
29417	0	30312	35812	34260	
29418	0	30432	35804	34393	
29419	0	30556	35732	34184	
29420	0	30688	35740	34428	
29421	0	30808	35704	34053	
29422	0	30924	35616	33564	
29423	0	31048	35440	34100	
29424	0	31172	35252	33908	
29425	0	31296	35096	34276	
29426	0	31420	34828	33760	
29427	0	31544	34624	33888	
29428	0	31664	34232	33424	
29429	0	31784	33776	33156	
29430	0	31912	33272	33272	
29431	0	32032	32680	32976	
29432	0	32148	32032	31132	
29433	0	32268	31564	32680	
29434	0	32388	30892	32100	
29435	0	32520	30165	31672	
29436	0	32636	29156	31520	
29437	0	32752	28452	31256	
29438	0	32872	27696	31276	
29439	0	32984	27040	31229	
29440	0	33100	26312	31232	
29441	0	33224	25492	31252	
29442	0	33331	24704	31168	
29443	0	33440	24004	31072	
29444	0	33560	23416	31056	
29445	0	33664	22764	31077	
29446	0	33780	22276	30944	
29447	0	33884	21700	30844	
29448	0	34000	21106	30793	
29449	0	34100	20616	30736	
29450	0	34209	20357	30544	
29451	0	34320	20136	30356	
29452	0	34416	20040	30060	
29453	0	34520	20049	29777	
29454	0	34620	20144	29560	
29455	0	34720	20432	29396	
29456	0	34824	20852	29288	
29457	0	34916	21485	29164	
29458	0	35016	22238	29044	
29459	0	35108	23086	29048	
29460	0	35212	15988	25704	
29461	0	35300	16546	36816	
29462	0	35392	17088	35636	
29463	0	35492	22865	31504	
29464	0	35574	25276	30456	
29465	0	35658	29724	30956	
29466	0	35740	29025	38212	
29467	0	35825	30261	41672	
29468	0	35912	30497	42024	
29469	0	35990	28928	40540	
29470	0	36080	28060	37657	
29471	0	36152	27128	36536	
29472	0	36240	27536	36920	
29473	0	36304	27968	37300	
29474	0	36380	28564	36816	
29475	0	36452	29073	35768	
29476	0	36524	29828	35308	
29477	0	36596	29632	34760	
29478	0	36664	29796	34756	
29479	0	36724	29876	34608	
29480	0	36784	29916	34480	
29481	0	36852	29789	34592	
29482	0	36908	29528	35044	
29483	0	36972	29328	35520	
29484	0	37028	29120	36012	
29485	0	37080	29068	36400	
29486	0	37132	28984	36676	
29487	0	37176	28962	37032	
29488	0	37220	28984	37428	
29489	0	37268	28972	37820	
29490	0	37312	28949	38232	
29491	0	37352	29004	38344	
29492	0	37392	29076	38128	
29493	0	37408	29068	38248	
29494	0	37444	29017	38280	
29495	0	37484	29048	37980	
29496	0	37512	29057	37792	
29497	0	37540	29108	37592	
29498	0	37568	29144	37316	
29499	0	37576	29189	37052	
29500	0	37600	29280	36944	
29501	0	37612	29413	36940	
29502	0	37624	29456	36708	
29503	0	37638	29440	36740	
29504	0	37645	29392	36736	
29505	0	37644	29386	36700	
29506	0	37645	29372	36796	
29507	0	37656	29360	36944	
29508	0	37648	29303	36976	
29509	0	37656	29292	36968	
29510	0	37648	29076	37020	
29511	0	37636	29168	37080	
29512	0	37620	29128	36948	
29513	0	37612	29192	37040	
29514	0	37592	29220	36865	
29515	0	37580	29160	36888	
29516	0	37568	29185	36760	
29517	0	37540	29176	36757	
29518	0	37516	29224	36764	
29519	0	37489	29277	36660	
29520	0	37460	29308	36608	
29521	0	37432	29305	36612	
29522	0	37400	29312	36572	
29523	0	37360	29225	36640	
29524	0	37336	29209	36697	
29525	0	37304	29196	36729	
29526	0	37254	29202	36736	
29527	0	37220	29281	36673	
29528	0	37176	29288	36680	
29529	0	37136	29324	36616	
29530	0	37088	29324	36520	
29531	0	37040	29256	36540	
29532	0	36985	29180	36536	
29533	0	36940	29200	36508	
29534	0	36884	29204	36500	
29535	0	36829	29196	36416	
29536	0	36780	29164	36368	
29537	0	36718	29212	36368	
29538	0	36664	29216	36324	
29539	0	36608	29276	36296	
29540	0	36544	29345	36193	
29541	0	36481	29388	36052	
29542	0	36420	29448	35960	
29543	0	36364	29526	35973	
29544	0	36292	29525	36032	
29545	0	36240	29508	36064	
29546	0	36173	29497	36096	
29547	0	36101	29456	36180	
29548	0	36036	29416	36205	
29549	0	35968	29388	36176	
29550	0	35900	29364	36148	
29551	0	35820	29328	36228	
29552	0	35756	29280	36356	
29553	0	35696	29228	36436	
29554	0	35616	29221	36448	
29555	0	35540	29212	36500	
29556	0	35472	29220	36564	
29557	0	35400	29286	36564	
29558	0	35328	29384	36520	
29559	0	35249	29404	36708	
29560	0	35172	29380	36924	
29561	0	35104	29345	37192	
29562	0	35024	29212	37400	
29563	0	34945	29072	37772	
29564	0	34868	28996	38032	
29565	0	34804	28900	38244	
29566	0	34720	28852	38388	
29567	0	34644	28840	38464	
29568	0	34576	28816	38536	
29569	0	34488	28768	38573	
29570	0	34409	28720	38452	
29571	0	34340	28613	38496	
29572	0	34260	28540	38484	
29573	0	34188	28536	38460	
29574	0	34112	28564	38444	
29575	0	34028	28544	38456	
29576	0	33948	28420	38560	
29577	0	33873	28420	38504	
29578	0	33796	28452	38612	
29579	0	33720	28448	38728	
29580	0	33645	28408	38692	
29581	0	33568	28256	39088	
29582	0	33488	28252	39120	
29583	0	33408	28256	39176	
29584	0	33336	28196	39420	
29585	0	33260	28888	40008	
29586	0	33188	27516	39977	
29587	0	33112	27756	40112	
29588	0	33033	27956	40108	
29589	0	32960	27156	40776	
29590	0	32888	26208	39968	
29591	0	32808	26516	41152	
29592	0	32736	27156	41756	
29593	0	32660	27460	41500	
29594	0	32588	27313	41864	
29595	0	32516	26928	42212	
29596	0	32444	27054	42036	
29597	0	32368	27258	41128	
29598	0	32297	27096	39917	
29599	0	32224	26640	39848	
29600	0	32152	25356	40552	
29601	0	32076	24149	40524	
29602	0	32005	23188	41260	
29603	0	31940	24341	42448	
29604	0	31864	23472	46720	
29605	0	31800	23204	46740	
29606	0	31732	22680	44856	
29607	0	31660	23196	45116	
29608	0	31592	23616	43684	
29609	0	31520	23616	42656	
29610	0	31452	22121	41828	
29611	0	31388	22768	40868	
29612	0	31322	20185	37700	
29613	0	31252	16942	33740	
29614	0	31184	21937	33788	
29615	0	31120	23124	34844	
29616	0	31052	23129	35087	
29617	0	30992	22788	36736	
29618	0	30929	22169	38000	
29619	0	30868	22605	38480	
29620	0	30804	23260	39052	
29621	0	30748	23640	39013	
29622	0	30688	24182	38812	
29623	0	30625	24900	38848	
29624	0	30564	25604	38884	
29625	0	30504	26358	38660	
29626	0	30456	27088	38256	
29627	0	30388	27856	37924	
29628	0	30336	28704	37648	
29629	0	30276	29660	37388	
29630	0	30224	30513	37148	
29631	0	30168	31272	36884	
29632	0	30120	31928	36600	
29633	0	30064	32508	36328	
29634	0	30016	32988	36212	
29635	0	29965	33392	36044	
29636	0	29906	33732	35888	
29637	0	29858	34008	35776	
29638	0	29816	34281	35572	
29639	0	29764	34564	35304	
29640	0	29712	34836	35337	
29641	0	29669	35096	35084	
29642	0	29628	35362	34852	
29643	0	29576	35596	34692	
29644	0	29536	35792	34537	
29645	0	29488	35924	34428	
29646	0	29448	36072	34336	
29647	0	29408	36188	34244	
29648	0	29360	36280	34157	
29649	0	29324	36288	34096	
29650	0	29280	36304	33997	
29651	0	29240	36360	33960	
29652	0	29200	36332	33836	
29653	0	29164	36392	33736	
29654	0	29128	36396	33736	
29655	0	29084	36384	33780	
29656	0	29053	36312	33436	
29657	0	29008	36329	33821	
29658	0	28980	36232	33472	
29659	0	28944	36004	33388	
29660	0	28908	35736	33161	
29661	0	28872	35432	32980	
29662	0	28848	35020	33536	
29663	0	28817	34596	32728	
29664	0	28777	34352	32661	
29665	0	28752	33656	32116	
29666	0	28724	33044	32064	
29667	0	28696	32576	31732	
29668	0	28660	31708	29744	
29669	0	28640	30924	30945	
29670	0	28604	29956	31073	
29671	0	28580	28829	30340	
29672	0	28557	27809	30672	
29673	0	28536	26908	30156	
29674	0	28512	25928	30400	
29675	0	28488	25057	30272	
29676	0	28464	24182	30244	
29677	0	28448	23220	30116	
29678	0	28424	22304	29825	
29679	0	28408	21480	29440	
29680	0	28384	20736	29068	
29681	0	28376	20016	28816	
29682	0	28356	19300	28572	
29683	0	28344	18798	28300	
29684	0	28332	18448	28192	
29685	0	28322	18200	28156	
29686	0	28304	11060	26812	
29687	0	28292	9411	34668	
29688	0	28284	9546	31696	
29689	0	28276	8046	31664	
29690	0	28272	3465	22401	
29691	0	28258	17450	27756	
29692	0	28260	16601	38484	
29693	0	28252	22217	37014	
29694	0	28252	32608	39300	
29695	0	28244	39178	39464	
29696	0	28244	37848	40224	
29697	0	28244	33420	40448	
29698	0	28244	29684	40092	
29699	0	28248	23410	41732	
29700	0	28249	21164	39012	
29701	0	28256	25020	38276	
29702	0	28248	29500	37336	
29703	0	28262	30936	35856	
29704	0	28260	30360	35533	
29705	0	28264	30008	35632	
29706	0	28280	30344	35304	
29707	0	28284	30704	35168	
29708	0	28288	30108	36220	
29709	0	28304	29064	37088	
29710	0	28308	28452	37792	
29711	0	28332	28512	38040	
29712	0	28336	28776	37860	
29713	0	28354	28680	38080	
29714	0	28360	29072	37664	
29715	0	28370	29408	37408	
29716	0	28386	29508	37269	
29717	0	28413	29505	37184	
29718	0	28408	29514	37152	
29719	0	28421	29484	37204	
29720	0	28442	29460	37114	
29721	0	28448	29280	37276	
29722	0	28464	29260	37255	
29723	0	28480	29329	37248	
29724	0	28496	29425	37180	
29725	0	28512	29508	37120	
29726	0	28528	29588	37032	
29727	0	28544	29557	36988	
29728	0	28556	29530	37004	
29729	0	28576	29453	37112	
29730	0	28592	29516	37068	
29731	0	28604	29420	37244	
29732	0	28620	29444	37248	
29733	0	28632	29420	37320	
29734	0	28648	29324	37376	
29735	0	28665	29364	37376	
29736	0	28676	29388	37260	
29737	0	28700	29401	37272	
29738	0	28720	29358	37104	
29739	0	28724	29468	36940	
29740	0	28741	29570	36836	
29741	0	28761	29624	36648	
29742	0	28776	29580	36652	
29743	0	28784	29528	36605	
29744	0	28800	29536	36640	
29745	0	28821	29540	36696	
29746	0	28836	29501	36796	
29747	0	28848	29448	36905	
29748	0	28866	29438	36944	
29749	0	28880	29368	37016	
29750	0	28892	29368	36988	
29751	0	28904	29368	37040	
29752	0	28920	29397	37098	
29753	0	28929	29372	37176	
29754	0	28938	29376	37136	
29755	0	28948	29353	37180	
29756	0	28964	29348	37112	
29757	0	28976	29324	37036	
29758	0	28984	29341	36989	
29759	0	28964	29378	36949	
29760	0	28996	29360	36888	
29761	0	29004	29312	36804	
29762	0	29012	29352	36736	
29763	0	29020	29352	36688	
29764	0	29020	29356	36685	
29765	0	29025	29336	36664	
29766	0	29028	29325	36656	
29767	0	29036	29357	36616	
29768	0	29036	29416	36576	
29769	0	29028	29464	36512	
29770	0	29036	29460	36448	
29771	0	29030	29552	36388	
29772	0	29025	29584	36392	
29773	0	29018	29572	36348	
29774	0	29012	29500	36256	
29775	0	29004	29473	36272	
29776	0	29008	29528	36328	
29777	0	28992	29584	36424	
29778	0	28988	29518	36528	
29779	0	28980	29421	36628	
29780	0	28972	29370	36692	
29781	0	28953	29304	36808	
29782	0	28952	29189	36972	
29783	0	28936	29136	37048	
29784	0	28917	29104	37216	
29785	0	28908	29064	37365	
29786	0	28889	29024	37508	
29787	0	28884	28916	37624	
29788	0	28864	28913	37604	
29789	0	28848	28964	37672	
29790	0	28829	28960	37636	
29791	0	28808	28876	37848	
29792	0	28788	28892	38036	
29793	0	28772	28788	38164	
29794	0	28752	28672	38300	
29795	0	28728	28440	38528	
29796	0	28708	28496	38648	
29797	0	28688	28736	37932	
29798	0	28664	28748	37600	
29799	0	28636	28368	37576	
29800	0	28608	28320	38176	
29801	0	28584	28524	38136	
29802	0	28560	28668	38408	
29803	0	28532	28553	38720	
29804	0	28500	28200	38768	
29805	0	28472	28032	38764	
29806	0	28444	28520	39149	
29807	0	28416	28248	39200	
29808	0	28376	27709	39152	
29809	0	28352	27144	39992	
29810	0	28320	26180	41380	
29811	0	28284	25924	38076	
29812	0	28253	29868	37408	
29813	0	28216	31473	35572	
29814	0	28184	25528	44120	
29815	0	28148	24804	42904	
29816	0	28109	27620	42268	
29817	0	28076	27816	41116	
29818	0	28040	27596	40656	
29819	0	28001	26972	40988	
29820	0	27968	26216	40316	
29821	0	27929	26008	39616	
29822	0	27890	24452	41312	
29823	0	27852	23996	43384	
29824	0	27812	24100	43364	
29825	0	27776	23597	42516	
29826	0	27736	23080	42448	
29827	0	27700	21998	43280	
29828	0	27656	20728	43825	
29829	0	27621	20332	44160	
29830	0	27580	19437	42644	
29831	0	27540	18820	42668	
29832	0	27508	19000	42084	
29833	0	27476	18416	41632	
29834	0	27432	15736	37512	
29835	0	27392	17272	35836	
29836	0	27360	18972	38056	
29837	0	27322	19052	38808	
29838	0	27288	19677	39452	
29839	0	27256	20132	40948	
29840	0	27213	20724	41252	
29841	0	27184	21508	41820	
29842	0	27148	22401	41964	
29843	0	27120	23492	41640	
29844	0	27084	24686	41604	
29845	0	27060	25938	41584	
29846	0	27036	27338	41216	
29847	0	26996	28940	40708	
29848	0	26954	30216	40216	
29849	0	26940	31212	40205	
29850	0	26908	32217	40228	
29851	0	26884	33084	40028	
29852	0	26848	34252	39540	
29853	0	26824	34612	39204	
29854	0	26796	35684	38276	
29855	0	26773	35920	37820	
29856	0	26741	36588	36992	
29857	0	26716	37004	36476	
29858	0	26690	37360	35994	
29859	0	26660	37540	35688	
29860	0	26640	37674	35448	
29861	0	26616	37792	35296	
29862	0	26592	37824	35204	
29863	0	26568	37820	35148	
29864	0	26544	37784	35085	
29865	0	26520	37696	35020	
29866	0	26492	37604	34932	
29867	0	26469	37596	34764	
29868	0	26456	37580	34635	
29869	0	26428	37500	34424	
29870	0	26404	37460	34268	
29871	0	26378	37384	33972	
29872	0	26360	37312	33964	
29873	0	26336	37184	34044	
29874	0	26326	36824	33560	
29875	0	26307	36592	33736	
29876	0	26292	36256	33720	
29877	0	26276	35616	32384	
29878	0	26256	35264	33040	
29879	0	26236	34684	32993	
29880	0	26225	34088	32592	
29881	0	26213	33505	32260	
29882	0	26204	32882	32440	
29883	0	26192	32276	32248	
29884	0	26184	31749	31944	
29885	0	26176	31237	31552	
29886	0	26168	30657	31565	
29887	0	26169	30084	31226	
29888	0	26160	29424	31084	
29889	0	26160	28468	31056	
29890	0	26162	27458	31048	
29891	0	26164	26458	30916	
29892	0	26176	25620	30660	
29893	0	26172	24868	30300	
29894	0	26188	24136	29976	
29895	0	26201	23348	29092	
29896	0	26216	22270	29685	
29897	0	26232	21620	29756	
29898	0	26244	20572	29324	
29899	0	26272	19700	29688	
29900	0	26292	19236	30008	
29901	0	26320	18460	29808	
29902	0	26349	18176	30268	
29903	0	26376	17905	29696	
29904	0	26416	18232	29040	
29905	0	26452	18681	29432	
29906	0	26488	19524	29160	
29907	0	26530	18204	29056	
29908	0	26574	15129	32165	
29909	0	26621	12727	35500	
29910	0	26680	11624	35084	
29911	0	26736	14648	26912	
29912	0	26789	22057	35724	
29913	0	26848	24618	39208	
29914	0	26909	28728	39324	
29915	0	26974	31896	38936	
29916	0	27040	33309	37756	
29917	0	27108	33728	38860	
29918	0	27181	32772	39424	
29919	0	27257	29468	38468	
29920	0	27333	25624	37544	
29921	0	27412	25700	37252	
29922	0	27493	27652	36645	
29923	0	27580	28284	35928	
29924	0	27664	30168	36456	
29925	0	27753	28245	34796	
29926	0	27848	28884	34232	
29927	0	27936	29420	33656	
29928	0	28032	30404	33604	
29929	0	28128	30788	33858	
29930	0	28224	30621	34444	
29931	0	28328	30280	35224	
29932	0	28416	29804	35992	
29933	0	28529	29216	36860	
29934	0	28640	28708	37556	
29935	0	28738	28260	38136	
29936	0	28833	28108	38484	
29937	0	28948	28228	38520	
29938	0	29056	28436	38380	
29939	0	29164	28688	38168	
29940	0	29276	28888	37844	
29941	0	29384	29024	37581	
29942	0	29492	29156	37340	
29943	0	29600	29210	37196	
29944	0	29716	29136	37124	
29945	0	29824	29112	37024	
29946	0	29952	29086	36956	
29947	0	30056	29068	36928	
29948	0	30174	29120	36844	
29949	0	30292	29164	36862	
29950	0	30412	29108	36932	
29951	0	30528	29160	36932	
29952	0	30640	29124	37012	
29953	0	30764	29100	37157	
29954	0	30880	28960	37320	
29955	0	30996	28877	37488	
29956	0	31124	29378	38896	
29957	0	31245	28617	37268	
29958	0	31360	28676	37644	
29959	0	31492	28657	37768	
29960	0	31616	29934	40352	
29961	0	31736	28284	37297	
29962	0	31864	28532	37560	
29963	0	31992	27601	35900	
29964	0	32124	28440	37208	
29965	0	32244	29024	38448	
29966	0	32376	28664	36788	
29967	0	32506	28784	37436	
29968	0	32644	28728	36804	
29969	0	32776	28228	36100	
29970	0	32900	29376	38560	
29971	0	33040	28500	36880	
29972	0	33172	28428	37056	
29973	0	33308	28940	37284	
29974	0	33444	29024	37154	
29975	0	33576	28904	37064	
29976	0	33716	28548	36544	
29977	0	33856	28326	36340	
29978	0	33992	28584	36124	
29979	0	34136	28576	36100	
29980	0	34272	28704	35944	
29981	0	34416	28837	35734	
29982	0	34552	28940	35684	
29983	0	34700	28988	35424	
29984	0	34840	29092	35268	
29985	0	34978	28788	35268	
29986	0	35136	28704	35452	
29987	0	35268	28292	35868	
29988	0	35400	30268	34952	
29989	0	35560	27252	35304	
29990	0	35700	28608	35897	
29991	0	35844	30968	33836	
29992	0	35984	28308	35552	
29993	0	36132	29649	35320	
29994	0	36272	28952	35200	
29995	0	36416	29204	35360	
29996	0	36560	28876	35616	
29997	0	36704	28708	35836	
29998	0	36844	28641	35928	
29999	0	36988	28517	35964	
30000	0	37120	28496	35988	
30001	0	37268	28508	36024	
30002	0	37397	28581	36040	
30003	0	37536	28588	36240	
30004	0	37676	28588	36444	
30005	0	37804	28452	36544	
30006	0	37948	28344	36484	
30007	0	38076	28220	36604	
30008	0	38216	28272	36698	
30009	0	38348	28412	36792	
30010	0	38476	28568	36828	
30011	0	38608	28484	36936	
30012	0	38744	28336	37112	
30013	0	38856	28316	37360	
30014	0	38988	28268	37716	
30015	0	39112	27644	37745	
30016	0	39236	28836	37640	
30017	0	39349	26780	37204	
30018	0	39476	28332	38884	
30019	0	39588	26440	39340	
30020	0	39708	27352	38720	
30021	0	39820	27200	40024	
30022	0	39940	28684	37248	
30023	0	40056	27358	38432	
30024	0	40156	27689	40680	
30025	0	40264	26732	38228	
30026	0	40372	27404	37724	
30027	0	40480	27372	39208	
30028	0	40584	27056	39736	
30029	0	40688	26740	39904	
30030	0	40784	26416	40344	
30031	0	40876	26292	40704	
30032	0	40976	26570	40512	
30033	0	41068	26920	40900	
30034	0	41156	28045	39728	
30035	0	41248	26981	40168	
30036	0	41332	25525	40064	
30037	0	41408	25949	39988	
30038	0	41492	24989	39928	
30039	0	41568	24136	41732	
30040	0	41636	23628	41812	
30041	0	41708	23884	42784	
30042	0	41776	23012	43460	
30043	0	41840	23440	43876	
30044	0	41912	20716	45984	
30045	0	41968	21816	44233	
30046	0	42032	21496	43652	
30047	0	42088	21252	43712	
30048	0	42145	21434	44429	
30049	0	42184	21882	43624	
30050	0	42236	20645	39820	
30051	0	42280	19008	38520	
30052	0	42325	19160	38320	
30053	0	42360	17428	34320	
30054	0	42392	13044	32776	
30055	0	42432	18100	30912	
30056	0	42472	19940	35404	
30057	0	42496	19189	35660	
30058	0	42520	18962	36020	
30059	0	42544	19185	37548	
30060	0	42556	19620	39094	
30061	0	42580	20673	39140	
30062	0	42592	21540	39040	
30063	0	42600	22064	39900	
30064	0	42612	23041	40344	
30065	0	42612	24245	40632	
30066	0	42620	25669	40548	
30067	0	42620	27057	40012	
30068	0	42620	28404	39190	
30069	0	42596	29756	38492	
30070	0	42596	31124	37805	
30071	0	42584	32320	37152	
30072	0	42564	33332	36764	
30073	0	42548	33872	36816	
30074	0	42524	35096	36208	
30075	0	42500	35432	36764	
30076	0	42481	36204	37052	
30077	0	42440	36676	36788	
30078	0	42412	37088	36704	
30079	0	42368	37540	36560	
30080	0	42332	37952	36412	
30081	0	42276	38280	36416	
30082	0	42240	38444	36584	
30083	0	42184	38577	36776	
30084	0	42120	38752	36964	
30085	0	42084	38908	37008	
30086	0	42012	39060	36976	
30087	0	41956	39152	36806	
30088	0	41880	39248	36560	
30089	0	41824	39332	36289	
30090	0	41744	39292	36124	
30091	0	41664	39184	36168	
30092	0	41596	38988	36272	
30093	0	41508	38789	36392	
30094	0	41420	38512	36556	
30095	0	41344	38252	36588	
30096	0	41248	38008	36576	
30097	0	41152	37792	36576	
30098	0	41064	37504	36600	
30099	0	40960	37188	36640	
30100	0	40860	36912	36576	
30101	0	40756	36632	36718	
30102	0	40650	36276	36788	
30103	0	40544	35924	36880	
30104	0	40432	35476	37144	
30105	0	40324	34948	37388	
30106	0	40204	34408	37312	
30107	0	40096	33680	37120	
30108	0	39980	32912	36816	
30109	0	39860	32084	36424	
30110	0	39740	31260	36228	
30111	0	39616	30425	36292	
30112	0	39492	29556	36628	
30113	0	39364	28720	36792	
30114	0	39232	27933	36608	
30115	0	39116	27268	36308	
30116	0	38988	26596	35881	
30117	0	38858	25680	35256	
30118	0	38732	24498	34496	
30119	0	38584	23176	33876	
30120	0	38464	21762	33441	
30121	0	38324	20640	32964	
30122	0	38200	19696	32644	
30123	0	38052	18880	32404	
30124	0	37916	18188	32252	
30125	0	37780	17660	32020	
30126	0	37648	17396	31622	
30127	0	37514	17377	31130	
30128	0	37373	17524	30511	
30129	0	37236	17806	29880	
30130	0	37096	18157	29248	
30131	0	36952	18698	28672	
30132	0	36812	19382	28180	
30133	0	36680	12471	33436	
30134	0	36536	7648	33728	
30135	0	36396	21913	20749	
30136	0	36256	12061	43644	
30137	0	36120	15258	27416	
30138	0	35984	11764	25325	
30139	0	35836	11712	29808	
30140	0	35696	12068	28385	
30141	0	35552	21642	35708	
30142	0	35424	30277	39884	
30143	0	35280	30308	42032	
30144	0	35136	28588	39940	
30145	0	34996	29052	37236	
30146	0	34856	30070	37364	
30147	0	34728	30748	37632	
30148	0	34588	33472	38900	
30149	0	34448	31824	39352	
30150	0	34312	27678	40512	
30151	0	34184	25028	37137	
30152	0	34044	29381	36084	
30153	0	33912	26104	33240	
30154	0	33788	29884	33132	
30155	0	33652	28568	34980	
30156	0	33524	27732	36317	
30157	0	33388	28348	37028	
30158	0	33268	29248	36644	
30159	0	33136	29424	37192	
30160	0	32996	28604	37076	
30161	0	32898	28376	36794	
30162	0	32772	28576	36340	
30163	0	32645	28840	36124	
30164	0	32528	28677	36084	
30165	0	32416	28785	36208	
30166	0	32300	28868	36304	
30167	0	32188	28954	36400	
30168	0	32080	28916	36448	
30169	0	31976	28934	36460	
30170	0	31864	28988	36472	
30171	0	31764	28960	36548	
30172	0	31656	28944	36540	
30173	0	31560	28964	36568	
30174	0	31460	28964	36552	
30175	0	31364	28946	36580	
30176	0	31276	28936	36572	
30177	0	31180	28960	36592	
30178	0	31092	28912	36576	
30179	0	31008	28902	36552	
30180	0	30932	28913	36484	
30181	0	30850	28924	36508	
30182	0	30776	28924	36521	
30183	0	30697	28796	36620	
30184	0	30636	28936	36552	
30185	0	30568	28960	36572	
30186	0	30496	28984	36640	
30187	0	30436	28992	36676	
30188	0	30384	29016	36732	
30189	0	30332	29000	36724	
30190	0	30276	29000	36692	
30191	0	30236	29020	36712	
30192	0	30184	29044	36716	
30193	0	30144	29004	36680	
30194	0	30112	28868	36624	
30195	0	30072	28908	36528	
30196	0	30048	28984	36416	
30197	0	30012	28764	36452	
30198	0	29992	28952	36554	
30199	0	29964	29134	36664	
30200	0	29952	28916	36760	
30201	0	29938	29092	36832	
30202	0	29929	28960	36876	
30203	0	29920	29080	36772	
30204	0	29920	29232	36708	
30205	0	29920	28973	36752	
30206	0	29920	29252	36777	
30207	0	29924	29204	36880	
30208	0	29938	29216	36980	
30209	0	29952	29356	36960	
30210	0	29968	29220	36916	
30211	0	29988	29168	36824	
30212	0	30016	29108	36820	
30213	0	30040	29076	36728	
30214	0	30068	28965	36684	
30215	0	30100	28960	36640	
30216	0	30132	29028	36584	
30217	0	30176	29096	36573	
30218	0	30220	29048	36636	
30219	0	30264	29012	36700	
30220	0	30304	29024	36708	
30221	0	30356	28992	36704	
30222	0	30408	28996	36672	
30223	0	30456	29004	36624	
30224	0	30512	28954	36644	
30225	0	30576	28908	36652	
30226	0	30637	28884	36636	
30227	0	30692	28880	36600	
30228	0	30752	28856	36544	
30229	0	30821	28844	36580	
30230	0	30888	28844	36573	
30231	0	30956	28852	36640	
30232	0	31020	28824	36656	
30233	0	31092	28810	36584	
30234	0	31168	28840	36704	
30235	0	31244	28717	36594	
30236	0	31312	28736	36536	
30237	0	31392	28808	36648	
30238	0	31472	28836	36618	
30239	0	31544	28860	36624	
30240	0	31628	28844	36656	
30241	0	31700	28876	36584	
30242	0	31780	28884	36648	
30243	0	31868	28788	36668	
30244	0	31948	28686	36736	
30245	0	32032	28657	36692	
30246	0	32105	28697	36665	
30247	0	32188	28673	36540	
30248	0	32272	28636	36488	
30249	0	32356	28616	36485	
30250	0	32441	28592	36496	
30251	0	32528	28608	36700	
30252	0	32608	28612	36673	
30253	0	32696	28536	36337	
30254	0	32781	28521	36896	
30255	0	32864	28544	36812	
30256	0	32948	28512	36829	
30257	0	33044	28420	36564	
30258	0	33128	28448	36972	
30259	0	33216	28324	36928	
30260	0	33285	28278	36748	
30261	0	33377	28060	37020	
30262	0	33464	28168	37008	
30263	0	33540	28044	37080	
30264	0	33632	28096	36932	
30265	0	33716	28148	36893	
30266	0	33792	28072	36856	
30267	0	33882	27912	36588	
30268	0	33964	27904	37072	
30269	0	34048	27940	37148	
30270	0	34125	27973	37185	
30271	0	34208	27939	37396	
30272	0	34288	27924	37637	
30273	0	34364	27872	37340	
30274	0	34448	27036	37400	
30275	0	34524	26528	41912	
30276	0	34608	27986	39372	
30277	0	34676	27352	37524	
30278	0	34752	26832	37746	
30279	0	34825	26668	39776	
30280	0	34900	26709	40220	
30281	0	34976	26609	39548	
30282	0	35048	26312	39580	
30283	0	35120	26244	40412	
30284	0	35196	26308	40812	
30285	0	35264	25805	41053	
30286	0	35336	25586	40976	
30287	0	35412	25312	40900	
30288	0	35484	24945	41352	
30289	0	35552	24672	41748	
30290	0	35624	24372	42248	
30291	0	35692	24285	42608	
30292	0	35756	24000	42953	
30293	0	35830	23868	43024	
30294	0	35896	23804	43164	
30295	0	35968	23900	42113	
30296	0	36044	24272	42776	
30297	0	36108	24688	42800	
30298	0	36172	24532	42968	
30299	0	36240	24736	44484	
30300	0	36312	24768	45488	
30301	0	36384	24472	46172	
30302	0	36440	24832	46284	
30303	0	36516	24456	45232	
30304	0	36584	22877	42836	
30305	0	36648	20898	43004	
30306	0	36713	22338	43180	
30307	0	36784	23888	44000	
30308	0	36852	26196	44128	
30309	0	36916	27720	45100	
30310	0	36984	30656	42477	
30311	0	37053	31952	40376	
30312	0	37108	32428	37796	
30313	0	37180	32392	37928	
30314	0	37240	33301	41824	
30315	0	37304	33644	38036	
30316	0	37360	32836	36976	
30317	0	37432	32960	35492	
30318	0	37488	36109	34044	
30319	0	37552	35652	39748	
30320	0	37604	37512	39996	
30321	0	37672	38132	41584	
30322	0	37720	38404	41548	
30323	0	37776	38208	41588	
30324	0	37832	37904	41792	
30325	0	37880	36324	38733	
30326	0	37940	37948	42448	
30327	0	37988	37440	40648	
30328	0	38032	37868	40708	
30329	0	38080	38192	39872	
30330	0	38136	38560	39044	
30331	0	38172	38644	38500	
30332	0	38200	38472	38128	
30333	0	38248	38260	38072	
30334	0	38280	38144	37888	
30335	0	38320	38104	37656	
30336	0	38348	38082	37484	
30337	0	38372	38000	37476	
30338	0	38396	37784	37612	
30339	0	38421	37488	37876	
30340	0	38440	37141	38104	
30341	0	38456	36772	38332	
30342	0	38468	36412	38592	
30343	0	38480	36064	38740	
30344	0	38492	35692	38940	
30345	0	38488	35345	39188	
30346	0	38496	34840	39508	
30347	0	38488	34816	39700	
30348	0	38484	33977	40096	
30349	0	38472	34220	40204	
30350	0	38460	33540	40634	
30351	0	38437	33810	40716	
30352	0	38424	32940	41232	
30353	0	38400	32424	41584	
30354	0	38368	32164	41928	
30355	0	38336	31940	42224	
30356	0	38296	31704	42596	
30357	0	38260	29996	43724	
30358	0	38224	31624	42764	
30359	0	38172	31224	43160	
30360	0	38124	30112	44340	
30361	0	38080	30898	43200	
30362	0	38012	30297	43672	
30363	0	37956	29656	43976	
30364	0	37888	29344	43564	
30365	0	37836	28290	44424	
30366	0	37756	27260	44416	
30367	0	37676	26472	44616	
30368	0	37604	25314	44624	
30369	0	37524	23304	46036	
30370	0	37440	23140	43504	
30371	0	37360	22024	43936	
30372	0	37269	21804	42176	
30373	0	37184	20688	42982	
30374	0	37092	20612	41448	
30375	0	37004	19868	42016	
30376	0	36904	19704	41368	
30377	0	36800	19856	40424	
30378	0	36704	20168	39524	
30379	0	36588	20472	38716	
30380	0	36480	20626	38036	
30381	0	36376	20733	37388	
30382	0	36272	20872	36784	
30383	0	36156	20947	36204	
30384	0	36048	20812	35776	
30385	0	35920	20616	35392	
30386	0	35804	20552	35036	
30387	0	35688	20458	34532	
30388	0	35568	19440	35148	
30389	0	35448	18704	34396	
30390	0	35324	18308	32984	
30391	0	35200	17892	31332	
30392	0	35080	17142	29944	
30393	0	34952	15874	29404	
30394	0	34824	14849	29780	
30395	0	34696	14964	29192	
30396	0	34568	16732	27608	
30397	0	34432	18473	28688	
30398	0	34300	19281	31505	
30399	0	34168	23144	32072	
30400	0	34044	28972	32060	
30401	0	33910	31624	38540	
30402	0	33776	31632	42428	
30403	0	33645	34904	47816	
30404	0	33516	35640	46404	
30405	0	33372	34144	43540	
30406	0	33240	31636	38880	
30407	0	33116	28204	35732	
30408	0	32964	26156	34392	
30409	0	32837	25512	34762	
30410	0	32704	25124	36952	
30411	0	32573	25524	38300	
30412	0	32432	26016	38688	
30413	0	32302	26716	39872	
30414	0	32162	26028	38152	
30415	0	32028	27272	36320	
30416	0	31896	28804	35812	
30417	0	31764	29980	36492	
30418	0	31632	30166	37485	
30419	0	31504	28938	37944	
30420	0	31358	27268	36796	
30421	0	31232	26748	35552	
30422	0	31100	26497	34480	
30423	0	30968	27634	34496	
30424	0	30840	28428	35448	
30425	0	30708	29041	36976	
30426	0	30584	29748	37909	
30427	0	30456	29212	36521	
30428	0	30321	29256	36160	
30429	0	30208	28962	35956	
30430	0	30073	29092	36072	
30431	0	29946	29493	36069	
30432	0	29828	29520	36340	
30433	0	29700	29472	36560	
30434	0	29584	29584	36764	
30435	0	29465	29148	36496	
30436	0	29344	28968	36538	
30437	0	29225	28929	36528	
30438	0	29104	29012	36636	
30439	0	28992	29048	36628	
30440	0	28874	28909	36640	
30441	0	28764	28964	36666	
30442	0	28648	28924	36460	
30443	0	28544	28957	36468	
30444	0	28436	28992	36544	
30445	0	28320	28974	36660	
30446	0	28216	29017	36729	
30447	0	28112	29132	36748	
30448	0	28004	29200	36768	
30449	0	27900	29256	36688	
30450	0	27792	29208	36652	
30451	0	27688	29177	36636	
30452	0	27586	29216	36652	
30453	0	27488	29148	36652	
30454	0	27384	29260	36592	
30455	0	27288	29189	36669	
30456	0	27196	29228	36684	
30457	0	27096	29236	36576	
30458	0	26998	29256	36665	
30459	0	26914	29220	36665	
30460	0	26816	29120	36620	
30461	0	26728	29168	36653	
30462	0	26629	29192	36641	
30463	0	26544	29196	36637	
30464	0	26456	29172	36648	
30465	0	26360	29196	36672	
30466	0	26276	29174	36624	
30467	0	26185	29167	36572	
30468	0	26104	29245	36548	
30469	0	26014	29240	36568	
30470	0	25932	29285	36560	
30471	0	25848	29254	36620	
30472	0	25772	29188	36668	
30473	0	25692	29116	36736	
30474	0	25620	29052	36776	
30475	0	25536	29074	36712	
30476	0	25464	29110	36656	
30477	0	25396	28880	36945	
30478	0	25320	29100	36716	
30479	0	25258	29192	36744	
30480	0	25192	29356	36552	
30481	0	25128	28944	36940	
30482	0	25065	29052	36704	
30483	0	25000	29080	36864	
30484	0	24944	28844	37048	
30485	0	24896	28820	37048	
30486	0	24844	28648	36996	
30487	0	24792	28820	36784	
30488	0	24748	28730	36809	
30489	0	24700	28684	36844	
30490	0	24656	28637	36841	
30491	0	24616	28584	36837	
30492	0	24588	28616	36812	
30493	0	24550	28308	37164	
30494	0	24521	28448	36872	
30495	0	24488	28352	36904	
30496	0	24472	28332	36976	
30497	0	24458	28176	36940	
30498	0	24440	28188	36872	
30499	0	24420	28049	36784	
30500	0	24408	28040	36764	
30501	0	24408	28480	36440	
30502	0	24400	27996	36520	
30503	0	24400	27544	36952	
30504	0	24408	27369	36648	
30505	0	24416	27404	36468	
30506	0	24420	26952	36409	
30507	0	24440	25736	36396	
30508	0	24454	24040	35748	
30509	0	24477	26216	32660	
30510	0	24504	20445	43724	
30511	0	24532	26524	33300	
30512	0	24568	22692	41708	
30513	0	24608	23682	38744	
30514	0	24645	23516	41184	
30515	0	24688	25180	37916	
30516	0	24738	25516	39240	
30517	0	24794	26472	38708	
30518	0	24856	26488	39260	
30519	0	24912	27828	38496	
30520	0	24976	28412	39296	
30521	0	25052	29308	39276	
30522	0	25120	30404	38908	
30523	0	25198	30650	38900	
30524	0	25280	31832	39364	
30525	0	25368	32348	39420	
30526	0	25444	33044	39732	
30527	0	25540	33204	39592	
30528	0	25636	33828	39704	
30529	0	25736	33993	39564	
30530	0	25838	34088	39340	
30531	0	25952	34064	39337	
30532	0	26053	34080	38836	
30533	0	26168	33940	38660	
30534	0	26288	34032	38096	
30535	0	26408	34032	38020	
30536	0	26529	34176	37440	
30537	0	26660	34012	37632	
30538	0	26792	34024	37458	
30539	0	26928	34008	37301	
30540	0	27058	33880	37176	
30541	0	27204	33740	36953	
30542	0	27344	33509	36857	
30543	0	27488	33308	36804	
30544	0	27629	33012	36748	
30545	0	27784	32704	36666	
30546	0	27936	32437	36648	
30547	0	28096	32186	36668	
30548	0	28241	32133	36757	
30549	0	28408	31916	36552	
30550	0	28576	30016	35460	
30551	0	28744	29301	36020	
30552	0	28904	27724	36637	
30553	0	29076	26713	37337	
30554	0	29248	26640	37560	
30555	0	29413	26724	37425	
30556	0	29596	26884	37229	
30557	0	29768	27132	37044	
30558	0	29944	27369	36732	
30559	0	30124	27688	36484	
30560	0	30304	27961	36420	
30561	0	30488	27920	36529	
30562	0	30664	27896	36636	
30563	0	30848	27824	36720	
30564	0	31036	27920	36732	
30565	0	31208	27896	36968	
30566	0	31408	27976	36920	
30567	0	31588	27933	37004	
30568	0	31780	27884	37076	
30569	0	31964	27772	37304	
30570	0	32148	27752	37400	
30571	0	32340	27585	37464	
30572	0	32529	27320	37564	
30573	0	32720	27504	37580	
30574	0	32904	26296	37468	
30575	0	33096	26789	38040	
30576	0	33280	26196	37680	
30577	0	33472	27101	37728	
30578	0	33660	26692	38856	
30579	0	33848	26504	37728	
30580	0	34044	27616	37732	
30581	0	34224	26304	39120	
30582	0	34412	26933	38988	
30583	0	34596	26976	38908	
30584	0	34780	26841	39080	
30585	0	34964	26408	39560	
30586	0	35160	25496	40152	
30587	0	35337	25153	40704	
30588	0	35517	24325	41356	
30589	0	35712	23885	41736	
30590	0	35880	22944	42016	
30591	0	36064	23356	41952	
30592	0	36240	21109	42880	
30593	0	36416	22864	42116	
30594	0	36596	22828	42320	
30595	0	36764	21752	43072	
30596	0	36936	21601	43308	
30597	0	37108	21693	41556	
30598	0	37273	22208	43028	
30599	0	37448	23216	43868	
30600	0	37608	24492	44617	
30601	0	37780	23800	47108	
30602	0	37948	24152	48040	
30603	0	38108	25168	43416	
30604	0	38276	26636	42664	
30605	0	38428	27052	39560	
30606	0	38596	26450	40084	
30607	0	38748	28448	39840	
30608	0	38897	25288	41228	
30609	0	39060	27096	43564	
30610	0	39224	29220	38828	
30611	0	39372	22620	35296	
30612	0	39524	25761	32216	
30613	0	39672	27501	34272	
30614	0	39820	28232	33608	
30615	0	39972	28448	36260	
30616	0	40120	28022	38369	
30617	0	40272	27737	39252	
30618	0	40416	27656	40300	
30619	0	40556	27685	40600	
30620	0	40704	27980	40408	
30621	0	40844	28361	40012	
30622	0	40980	28922	39208	
30623	0	41124	29488	38272	
30624	0	41264	30008	37460	
30625	0	41400	30448	36752	
30626	0	41531	30813	36148	
30627	0	41656	31116	35628	
30628	0	41792	31448	35140	
30629	0	41920	31752	34784	
30630	0	42048	31880	34624	
30631	0	42172	31876	34817	
30632	0	42300	31812	34956	
30633	0	42408	31712	35080	
30634	0	42532	31676	35032	
30635	0	42648	31620	34344	
30636	0	42764	31936	35004	
30637	0	42872	31752	33872	
30638	0	42984	32236	34940	
30639	0	43088	32236	34412	
30640	0	43180	32473	34184	
30641	0	43289	32540	34277	
30642	0	43388	32628	33922	
30643	0	43480	32948	34525	
30644	0	43569	32712	33980	
30645	0	43652	32696	33888	
30646	0	43744	32620	33916	
30647	0	43808	32924	34836	
30648	0	43900	32668	34016	
30649	0	43960	32596	33648	
30650	0	44040	32632	34180	
30651	0	44096	32520	33604	
30652	0	44160	32480	33426	
30653	0	44205	32440	33428	
30654	0	44264	32376	33484	
30655	0	44312	32396	33460	
30656	0	44352	32448	33432	
30657	0	44388	32488	33356	
30658	0	44420	32448	33312	
30659	0	44452	32328	33385	
30660	0	44484	32157	33508	
30661	0	44500	31948	33580	
30662	0	44512	31604	33588	
30663	0	44524	31192	33508	
30664	0	44524	30672	33277	
30665	0	44532	29864	32692	
30666	0	44532	29402	33096	
30667	0	44528	28488	32628	
30668	0	44524	27420	32040	
30669	0	44500	26684	32432	
30670	0	44488	25560	31920	
30671	0	44456	24436	29884	
30672	0	44424	23648	31552	
30673	0	44392	22762	30961	
30674	0	44360	22056	29692	
30675	0	44320	21290	30368	
30676	0	44272	20774	29664	
30677	0	44224	20228	29140	
30678	0	44164	19640	28840	
30679	0	44096	19072	28632	
30680	0	44036	18580	28545	
30681	0	43968	18204	28464	
30682	0	43892	18033	29200	
30683	0	43812	18128	28684	
30684	0	43732	18228	28344	
30685	0	43648	18404	28092	
30686	0	43560	18920	27721	
30687	0	43464	19836	27416	
30688	0	43368	20864	27188	
30689	0	43264	17056	25684	
30690	0	43168	7877	32212	
30691	0	43052	11215	41296	
30692	0	42944	21704	34240	
30693	0	42832	19728	34912	
30694	0	42712	21621	43182	
30695	0	42600	30528	36224	
30696	0	42472	36476	38096	
30697	0	42352	34788	41316	
30698	0	42228	33128	40528	
30699	0	42092	26732	43124	
30700	0	41964	23728	40813	
30701	0	41828	27221	39528	
30702	0	41698	28900	38596	
30703	0	41560	29012	35644	
30704	0	41424	29916	33334	
30705	0	41272	30264	32344	
30706	0	41136	30552	32760	
30707	0	40992	30712	33216	
30708	0	40844	30540	34188	
30709	0	40696	29954	35377	
30710	0	40552	29436	36572	
30711	0	40392	29228	37484	
30712	0	40244	28976	37938	
30713	0	40096	28740	38308	
30714	0	39944	28828	38253	
30715	0	39789	28836	38444	
30716	0	39630	28996	38176	
30717	0	39472	29085	38138	
30718	0	39312	29048	38164	
30719	0	39160	29096	38068	
30720	0	38996	29092	37924	
30721	0	38836	29061	37852	
30722	0	38672	29128	37728	
30723	0	38508	29220	37524	
30724	0	38346	29276	37352	
30725	0	38180	29292	37172	
30726	0	38024	29360	37000	
30727	0	37856	29400	36852	
30728	0	37696	29440	36768	
30729	0	37528	29473	36856	
30730	0	37364	29488	36884	
30731	0	37196	29408	37004	
30732	0	37032	29424	36992	
30733	0	36864	29521	36845	
30734	0	36692	29357	37112	
30735	0	36541	29488	36640	
30736	0	36372	29236	37128	
30737	0	36204	29356	36792	
30738	0	36044	29308	36868	
30739	0	35872	29400	36652	
30740	0	35712	29232	36924	
30741	0	35548	29256	36832	
30742	0	35384	29156	37004	
30743	0	35216	29108	37160	
30744	0	35060	29090	37296	
30745	0	34900	29048	37488	
30746	0	34732	29028	37564	
30747	0	34574	29084	37528	
30748	0	34408	29060	37524	
30749	0	34248	29040	37456	
30750	0	34076	29040	37428	
30751	0	33920	29021	37420	
30752	0	33764	29028	37392	
30753	0	33600	29081	37280	
30754	0	33436	29148	37152	
30755	0	33280	29201	37000	
30756	0	33117	29264	36816	
30757	0	32956	29077	36864	
30758	0	32800	28992	36852	
30759	0	32640	29161	36405	
30760	0	32480	28944	36712	
30761	0	32324	28828	36766	
30762	0	32156	29078	36320	
30763	0	32004	28925	36658	
30764	0	31845	28616	37012	
30765	0	31696	29152	36416	
30766	0	31532	28932	36794	
30767	0	31376	28712	37065	
30768	0	31217	28768	37044	
30769	0	31064	28864	37028	
30770	0	30906	28888	36969	
30771	0	30748	28884	37004	
30772	0	30592	28944	36936	
30773	0	30442	28892	36920	
30774	0	30284	29037	36945	
30775	0	30140	29180	37108	
30776	0	29984	29072	37324	
30777	0	29828	28936	37340	
30778	0	29680	28876	37353	
30779	0	29531	28865	37364	
30780	0	29384	28900	37360	
30781	0	29236	28900	37401	
30782	0	29088	28868	37364	
30783	0	28936	28808	37333	
30784	0	28800	28768	37216	
30785	0	28648	28684	37284	
30786	0	28514	28793	37425	
30787	0	28369	28896	37392	
30788	0	28236	28976	37180	
30789	0	28096	29120	37076	
30790	0	27956	29268	37081	
30791	0	27828	29333	37188	
30792	0	27694	29240	37348	
30793	0	27564	29128	37408	
30794	0	27434	29008	37476	
30795	0	27304	28908	37526	
30796	0	27182	28828	37576	
30797	0	27060	28784	37684	
30798	0	26938	28697	37649	
30799	0	26821	28612	37600	
30800	0	26716	28732	37616	
30801	0	26592	28829	37772	
30802	0	26484	28686	37760	
30803	0	26376	28608	37676	
30804	0	26272	28529	37624	
30805	0	26168	28504	37676	
30806	0	26073	28424	38108	
30807	0	25976	28408	37904	
30808	0	25876	28305	38068	
30809	0	25792	28218	38340	
30810	0	25708	28192	38740	
30811	0	25617	27968	38680	
30812	0	25536	27736	39241	
30813	0	25460	26552	40500	
30814	0	25384	30088	37924	
30815	0	25316	24024	43060	
30816	0	25248	27452	41080	
30817	0	25189	27781	39932	
30818	0	25124	27221	40996	
30819	0	25072	26834	41216	
30820	0	25020	27094	40912	
30821	0	24969	28392	39524	
30822	0	24928	27081	39456	
30823	0	24880	25644	41252	
30824	0	24846	24132	42244	
30825	0	24804	24136	41664	
30826	0	24784	23426	41760	
30827	0	24752	22928	41188	
30828	0	24740	22604	40764	
30829	0	24714	21216	39944	
30830	0	24704	19277	41424	
30831	0	24696	17344	41613	
30832	0	24693	15948	43076	
30833	0	24693	16812	42608	
30834	0	24696	19301	42704	
30835	0	24704	20864	43865	
30836	0	24717	20048	43148	
30837	0	24734	18656	42696	
30838	0	24760	18017	42252	
30839	0	24780	18260	41444	
30840	0	24816	19088	40896	
30841	0	24854	20128	40512	
30842	0	24896	21120	40524	
30843	0	24932	21924	40904	
30844	0	24992	22681	41348	
30845	0	25044	23516	41744	
30846	0	25100	24454	41936	
30847	0	25168	25496	41980	
30848	0	25224	26617	42008	
30849	0	25301	27657	42028	
30850	0	25381	28584	41984	
30851	0	25464	29456	41888	
30852	0	25544	30092	41860	
30853	0	25636	31444	40504	
30854	0	25728	32304	40192	
30855	0	25824	33228	39684	
30856	0	25924	34140	39116	
30857	0	26029	34936	38728	
30858	0	26148	35548	38492	
30859	0	26252	35308	42060	
30860	0	26364	36369	37512	
30861	0	26482	35432	42689	
30862	0	26612	36856	36660	
30863	0	26736	36540	38040	
30864	0	26864	36288	37648	
30865	0	26994	36924	36480	
30866	0	27124	36768	36336	
30867	0	27262	36788	35948	
30868	0	27396	37588	33824	
30869	0	27544	37150	34937	
30870	0	27680	37096	35052	
30871	0	27826	37112	34976	
30872	0	27968	37088	34817	
30873	0	28117	37028	34744	
30874	0	28276	36992	34616	
30875	0	28420	36960	34548	
30876	0	28573	36896	34401	
30877	0	28728	36828	34304	
30878	0	28880	36718	34260	
30879	0	29040	36532	34332	
30880	0	29196	36345	34372	
30881	0	29356	36157	34374	
30882	0	29520	35968	34292	
30883	0	29669	35725	34188	
30884	0	29844	35388	34024	
30885	0	30002	35012	33936	
30886	0	30168	34580	33736	
30887	0	30328	34113	33556	
30888	0	30492	33560	33484	
30889	0	30664	33012	33512	
30890	0	30824	32492	33448	
30891	0	30996	31937	33288	
30892	0	31160	31360	33028	
30893	0	31324	30496	32652	
30894	0	31490	29508	32192	
30895	0	31656	28464	31860	
30896	0	31824	27476	31700	
30897	0	31992	26493	31704	
30898	0	32156	25445	31721	
30899	0	32328	24365	31645	
30900	0	32500	23165	31360	
30901	0	32664	21848	31080	
30902	0	32828	20596	30850	
30903	0	32992	19554	30673	
30904	0	33160	18692	30544	
30905	0	33324	17980	30492	
30906	0	33488	17320	30452	
30907	0	33648	16780	30340	
30908	0	33808	16376	30148	
30909	0	33976	16145	29904	
30910	0	34132	16140	29700	
30911	0	34284	16400	29548	
30912	0	34448	16900	29336	
30913	0	34600	17612	29152	
30914	0	34752	18524	29016	
30915	0	34904	19548	29040	
30916	0	35060	20829	29176	
30917	0	35204	22408	29248	
30918	0	35356	24216	29180	
30919	0	35500	16768	28344	
30920	0	35632	22536	41580	
30921	0	35781	24189	37728	
30922	0	35928	21520	34753	
30923	0	36064	20397	34000	
30924	0	36192	23472	35432	
30925	0	36328	24768	45368	
30926	0	36464	31468	41840	
30927	0	36592	31528	40560	
30928	0	36720	31474	40116	
30929	0	36844	29752	39864	
30930	0	36960	28272	38304	
30931	0	37080	27516	36560	
30932	0	37196	28518	36608	
30933	0	37304	29660	35812	
30934	0	37424	29808	35136	
30935	0	37528	29568	35240	
30936	0	37633	29760	35617	
30937	0	37736	28248	34196	
30938	0	37836	28864	34140	
30939	0	37932	29348	34116	
30940	0	38024	29692	34136	
30941	0	38116	29856	34264	
30942	0	38208	29876	34516	
30943	0	38288	29796	35017	
30944	0	38364	29608	35500	
30945	0	38448	29310	36368	
30946	0	38532	28992	37068	
30947	0	38596	28652	37872	
30948	0	38664	28432	38452	
30949	0	38732	28268	38896	
30950	0	38796	28184	39004	
30951	0	38852	28297	38876	
30952	0	38912	28424	38720	
30953	0	38964	28628	38400	
30954	0	39020	28784	38088	
30955	0	39072	28864	37824	
30956	0	39112	28916	37572	
30957	0	39152	28988	37332	
30958	0	39196	29060	37252	
30959	0	39232	29060	36904	
30960	0	39264	29077	36832	
30961	0	39301	29093	36744	
30962	0	39328	29200	36552	
30963	0	39356	29344	36388	
30964	0	39361	29252	36360	
30965	0	39400	29121	36416	
30966	0	39420	29292	36240	
30967	0	39444	29268	36412	
30968	0	39452	29242	36512	
30969	0	39468	29181	36560	
30970	0	39474	29164	36632	
30971	0	39481	29172	36612	
30972	0	39484	29140	36560	
30973	0	39492	29096	36652	
30974	0	39484	29052	36708	
30975	0	39488	29068	36729	
30976	0	39480	29012	36808	
30977	0	39472	28960	36836	
30978	0	39472	28980	36904	
30979	0	39452	28924	36976	
30980	0	39440	28897	36992	
30981	0	39428	28928	36976	
30982	0	39408	29008	36896	
30983	0	39384	29088	36816	
30984	0	39361	29104	36824	
30985	0	39340	29080	36848	
30986	0	39316	29040	36780	
30987	0	39288	29017	36729	
30988	0	39252	29120	36732	
30989	0	39216	29112	36584	
30990	0	39176	28869	36256	
30991	0	39148	29096	36304	
30992	0	39102	29728	36652	
30993	0	39056	28952	36072	
30994	0	39020	29193	36148	
30995	0	38960	28704	35992	
30996	0	38912	29085	36064	
30997	0	38856	29568	36188	
30998	0	38800	28917	35936	
30999	0	38736	29052	35920	
31000	0	38680	29284	35940	
31001	0	38612	28977	35793	
31002	0	38549	29072	35776	
31003	0	38484	29100	35812	
31004	0	38413	29140	35920	
31005	0	38329	29068	36060	
31006	0	38256	28976	36180	
31007	0	38180	28856	36364	
31008	0	38096	28781	36600	
31009	0	38016	28740	36697	
31010	0	37932	28788	36645	
31011	0	37840	28874	36584	
31012	0	37748	29012	36520	
31013	0	37648	29072	36464	
31014	0	37552	29077	36344	
31015	0	37448	29052	36280	
31016	0	37348	29040	36360	
31017	0	37248	28980	36516	
31018	0	37144	28904	36652	
31019	0	37032	28796	36768	
31020	0	36928	28725	36804	
31021	0	36804	28780	36721	
31022	0	36692	28820	36629	
31023	0	36572	28834	36576	
31024	0	36460	28805	36608	
31025	0	36332	28741	36716	
31026	0	36208	28766	36712	
31027	0	36092	28808	36672	
31028	0	35964	28857	36692	
31029	0	35828	28850	36652	
31030	0	35704	28792	36672	
31031	0	35568	28768	36672	
31032	0	35425	28716	36740	
31033	0	35292	28644	36880	
31034	0	35152	28608	37008	
31035	0	35016	28572	37068	
31036	0	34876	28512	37208	
31037	0	34728	28420	37304	
31038	0	34584	28376	37456	
31039	0	34440	28292	37616	
31040	0	34292	28172	37888	
31041	0	34149	28072	38156	
31042	0	34000	27936	38456	
31043	0	33848	27840	38625	
31044	0	33701	27768	38956	
31045	0	33556	27825	39000	
31046	0	33397	27954	38856	
31047	0	33248	28092	38484	
31048	0	33104	28168	38400	
31049	0	32944	27936	38492	
31050	0	32788	27501	39648	
31051	0	32644	26837	42420	
31052	0	32484	26436	42368	
31053	0	32328	26444	41508	
31054	0	32176	28128	38936	
31055	0	32024	26620	41000	
31056	0	31872	26940	41152	
31057	0	31716	27332	41304	
31058	0	31560	27585	40508	
31059	0	31412	26816	40152	
31060	0	31256	26601	40300	
31061	0	31102	26132	40704	
31062	0	30953	25905	40636	
31063	0	30800	24704	39141	
31064	0	30644	23002	45044	
31065	0	30496	23156	47620	
31066	0	30340	22976	47448	
31067	0	30192	23540	46564	
31068	0	30045	23749	44932	
31069	0	29898	23444	43324	
31070	0	29740	21226	40316	
31071	0	29600	20552	39668	
31072	0	29452	22960	37904	
31073	0	29312	23372	39920	
31074	0	29164	23020	40664	
31075	0	29020	22472	41564	
31076	0	28886	22464	41676	
31077	0	28730	22828	41476	
31078	0	28601	23234	41221	
31079	0	28464	23566	41052	
31080	0	28329	23928	41012	
31081	0	28188	24348	40954	
31082	0	28060	24820	40756	
31083	0	27929	25360	40584	
31084	0	27796	25944	40464	
31085	0	27664	26561	40256	
31086	0	27541	27233	40080	
31087	0	27412	27960	39844	
31088	0	27280	28676	39549	
31089	0	27160	29376	39256	
31090	0	27028	30024	38876	
31091	0	26908	30564	38532	
31092	0	26788	31080	38200	
31093	0	26669	31525	37844	
31094	0	26545	31917	37477	
31095	0	26432	32332	37129	
31096	0	26316	32644	36768	
31097	0	26195	32904	36448	
31098	0	26080	33216	36092	
31099	0	25968	33472	35712	
31100	0	25852	33688	35380	
31101	0	25736	33888	35168	
31102	0	25632	34032	35052	
31103	0	25512	34112	35001	
31104	0	25412	34220	34876	
31105	0	25297	34348	34768	
31106	0	25193	34504	34564	
31107	0	25082	34625	34357	
31108	0	24986	34724	34220	
31109	0	24872	34812	34145	
31110	0	24768	34896	34108	
31111	0	24673	34964	34080	
31112	0	24580	35018	34068	
31113	0	24478	35076	34164	
31114	0	24388	34932	34036	
31115	0	24288	34940	33816	
31116	0	24196	34972	33720	
31117	0	24104	34865	33848	
31118	0	24013	34708	33836	
31119	0	23936	34702	33772	
31120	0	23848	34616	33792	
31121	0	23765	34468	33680	
31122	0	23684	34328	33568	
31123	0	23613	34064	33422	
31124	0	23536	33674	33372	
31125	0	23468	33312	33380	
31126	0	23392	32948	33389	
31127	0	23332	32548	33312	
31128	0	23270	32108	33160	
31129	0	23200	31656	32892	
31130	0	23148	31216	32525	
31131	0	23096	30840	32204	
31132	0	23032	30348	31896	
31133	0	22992	29752	31630	
31134	0	22945	29168	31412	
31135	0	22900	28488	31240	
31136	0	22872	27773	31104	
31137	0	22832	26976	30870	
31138	0	22804	26188	30596	
31139	0	22776	25313	30364	
31140	0	22752	24424	30152	
31141	0	22736	23620	29996	
31142	0	22717	22916	29820	
31143	0	22709	22304	29636	
31144	0	22700	21764	29484	
31145	0	22696	21200	29352	
31146	0	22700	20594	29224	
31147	0	22705	19992	29100	
31148	0	22713	19480	28885	
31149	0	22720	19313	28832	
31150	0	22732	19038	28216	
31151	0	22758	19284	28328	
31152	0	22782	19633	28144	
31153	0	22808	7844	25536	
31154	0	22844	2710	29056	
31155	0	22880	15160	50290	
31156	0	22918	8086	24520	
31157	0	22960	10700	32468	
31158	0	23010	20305	36172	
31159	0	23064	34708	30240	
31160	0	23121	36624	37348	
31161	0	23184	39916	38828	
31162	0	23232	38508	47384	
31163	0	23300	30388	44884	
31164	0	23380	23188	42908	
31165	0	23452	20685	43680	
31166	0	23533	23620	40152	
31167	0	23612	26965	38960	
31168	0	23692	28948	37624	
31169	0	23776	29760	35944	
31170	0	23873	30416	35808	
31171	0	23972	30376	33416	
31172	0	24064	31064	33096	
31173	0	24176	30836	33560	
31174	0	24272	30136	34500	
31175	0	24380	29032	35752	
31176	0	24492	28484	36700	
31177	0	24612	28332	37188	
31178	0	24724	28256	37508	
31179	0	24848	28476	37552	
31180	0	24964	28962	37280	
31181	0	25088	29420	36892	
31182	0	25216	29564	36672	
31183	0	25352	29564	36593	
31184	0	25477	29440	36584	
31185	0	25617	29276	36668	
31186	0	25752	29031	36756	
31187	0	25896	28904	36864	
31188	0	26032	28868	37084	
31189	0	26169	28944	37125	
31190	0	26320	29084	37148	
31191	0	26472	29098	37212	
31192	0	26623	29276	36976	
31193	0	26773	29221	36992	
31194	0	26924	29244	37052	
31195	0	27092	29105	37044	
31196	0	27237	29136	37036	
31197	0	27400	29100	37049	
31198	0	27560	29124	37052	
31199	0	27724	29072	37080	
31200	0	27884	29064	37056	
31201	0	28048	29020	36996	
31202	0	28220	28920	37008	
31203	0	28381	28900	36992	
31204	0	28552	28901	36996	
31205	0	28717	28908	36928	
31206	0	28892	28897	36880	
31207	0	29060	28986	36776	
31208	0	29236	29016	36672	
31209	0	29408	29060	36552	
31210	0	29576	29084	36445	
31211	0	29748	29072	36352	
31212	0	29924	29084	36256	
31213	0	30101	29112	36260	
31214	0	30276	29064	36300	
31215	0	30452	29024	36264	
31216	0	30632	28984	36284	
31217	0	30808	28916	36376	
31218	0	30988	28908	36428	
31219	0	31168	28892	36560	
31220	0	31340	28832	36676	
31221	0	31522	28760	36816	
31222	0	31696	28709	36888	
31223	0	31876	28680	36964	
31224	0	32056	28693	36948	
31225	0	32236	28744	36848	
31226	0	32412	28792	36784	
31227	0	32592	28796	36712	
31228	0	32768	28832	36628	
31229	0	32948	28828	36608	
31230	0	33120	28788	36562	
31231	0	33304	28740	36544	
31232	0	33485	28761	36572	
31233	0	33656	28824	36664	
31234	0	33824	28900	36460	
31235	0	34004	28889	36584	
31236	0	34176	28812	36736	
31237	0	34348	28764	36832	
31238	0	34516	28684	37424	
31239	0	34680	28673	36661	
31240	0	34844	28789	36714	
31241	0	35012	28936	36040	
31242	0	35172	28868	36448	
31243	0	35332	28884	36660	
31244	0	35488	28938	36149	
31245	0	35640	28837	36472	
31246	0	35796	28872	36544	
31247	0	35936	28944	36628	
31248	0	36088	28972	36684	
31249	0	36228	29048	36640	
31250	0	36380	29112	36712	
31251	0	36516	29024	36828	
31252	0	36652	28844	37048	
31253	0	36773	28692	37216	
31254	0	36916	28604	37344	
31255	0	37041	28452	36296	
31256	0	37168	28576	37320	
31257	0	37288	28656	36592	
31258	0	37401	28370	36452	
31259	0	37520	28552	38176	
31260	0	37628	28424	37392	
31261	0	37732	28450	37284	
31262	0	37836	28520	37232	
31263	0	37936	28648	38136	
31264	0	38032	28564	38165	
31265	0	38120	28116	37580	
31266	0	38216	28232	38048	
31267	0	38292	28284	37477	
31268	0	38376	27928	38117	
31269	0	38452	27968	38460	
31270	0	38520	27580	38192	
31271	0	38592	28292	38876	
31272	0	38664	27336	38004	
31273	0	38720	27376	38304	
31274	0	38780	27332	37484	
31275	0	38836	27404	37149	
31276	0	38884	27776	36584	
31277	0	38925	27148	39288	
31278	0	38972	24564	41208	
31279	0	39012	26997	43236	
31280	0	39044	27028	39352	
31281	0	39084	27069	38389	
31282	0	39096	27196	38468	
31283	0	39116	27350	39985	
31284	0	39136	26536	40520	
31285	0	39148	25900	40584	
31286	0	39156	25146	40092	
31287	0	39168	24916	39072	
31288	0	39156	24888	39380	
31289	0	39156	24481	39720	
31290	0	39160	23972	40808	
31291	0	39144	23106	41332	
31292	0	39132	21924	42008	
31293	0	39108	20988	41736	
31294	0	39088	20468	41740	
31295	0	39064	20034	41308	
31296	0	39036	20073	41296	
31297	0	39000	19202	38180	
31298	0	38964	17521	35336	
31299	0	38920	18741	36140	
31300	0	38864	19369	38284	
31301	0	38828	19388	38564	
31302	0	38772	19360	39728	
31303	0	38720	19572	40712	
31304	0	38656	20088	41192	
31305	0	38596	20644	41381	
31306	0	38528	21165	41176	
31307	0	38460	21821	41116	
31308	0	38384	22476	41156	
31309	0	38308	23088	41264	
31310	0	38220	23777	41220	
31311	0	38144	24633	41122	
31312	0	38064	25608	40920	
31313	0	37976	26852	38720	
31314	0	37884	27632	40984	
31315	0	37784	29116	39036	
31316	0	37692	29660	39736	
31317	0	37592	30520	39096	
31318	0	37488	31048	39472	
31319	0	37392	31952	38472	
31320	0	37280	32748	37808	
31321	0	37168	33381	37304	
31322	0	37056	33822	37360	
31323	0	36944	34244	36524	
31324	0	36824	34568	36128	
31325	0	36712	34784	35776	
31326	0	36584	34969	35376	
31327	0	36468	35140	35344	
31328	0	36333	35322	35048	
31329	0	36204	35472	34968	
31330	0	36080	35628	34858	
31331	0	35944	35804	34824	
31332	0	35808	35941	34796	
31333	0	35676	36080	34817	
31334	0	35540	36248	34708	
31335	0	35396	36420	34572	
31336	0	35264	36560	34396	
31337	0	35122	36693	32769	
31338	0	34976	36808	34276	
31339	0	34828	36936	33920	
31340	0	34680	37004	33764	
31341	0	34532	36980	33660	
31342	0	34384	36892	33752	
31343	0	34240	36788	33736	
31344	0	34080	36677	33732	
31345	0	33924	36500	33693	
31346	0	33772	36332	34008	
31347	0	33616	36156	33664	
31348	0	33452	35946	32392	
31349	0	33300	35780	33425	
31350	0	33144	35512	33104	
31351	0	32984	35200	33404	
31352	0	32824	34780	33104	
31353	0	32665	34320	33080	
31354	0	32500	33876	33080	
31355	0	32332	33433	33084	
31356	0	32177	32888	33156	
31357	0	32024	32376	33104	
31358	0	31856	31872	32892	
31359	0	31704	31344	32296	
31360	0	31536	30624	32416	
31361	0	31374	29736	32041	
31362	0	31220	28736	31846	
31363	0	31060	27724	31660	
31364	0	30898	26772	31556	
31365	0	30741	25812	31374	
31366	0	30580	24921	30888	
31367	0	30432	23848	30712	
31368	0	30276	22848	30048	
31369	0	30128	21828	29481	
31370	0	29972	20929	29640	
31371	0	29824	20147	28885	
31372	0	29668	19616	28436	
31373	0	29528	19075	28688	
31374	0	29380	18744	27793	
31375	0	29236	18561	26988	
31376	0	29085	18338	27640	
31377	0	28952	18788	26164	
31378	0	28800	18732	26676	
31379	0	28668	12394	23277	
31380	0	28528	9656	33952	
31381	0	28388	3354	34364	
31382	0	28260	15394	29924	
31383	0	28128	7955	28561	
31384	0	27997	24922	25072	
31385	0	27868	33952	38728	
31386	0	27736	33996	46156	
31387	0	27612	34232	45684	
31388	0	27488	31464	42476	
31389	0	27364	28196	36228	
31390	0	27245	24680	37732	
31391	0	27120	24596	38572	
31392	0	27004	27216	38384	
31393	0	26888	30528	37600	
31394	0	26772	30444	38432	
31395	0	26661	29488	37965	
31396	0	26548	28372	36576	
31397	0	26444	28180	35912	
31398	0	26329	28596	35512	
31399	0	26225	28490	35132	
31400	0	26117	28769	34988	
31401	0	26016	28976	34924	
31402	0	25912	28984	34724	
31403	0	25824	29292	34624	
31404	0	25720	29605	34716	
31405	0	25624	29640	34960	
31406	0	25536	29632	35224	
31407	0	25441	29350	35544	
31408	0	25348	29081	35940	
31409	0	25264	28780	36288	
31410	0	25176	28648	36564	
31411	0	25096	28636	36740	
31412	0	25010	28680	36752	
31413	0	24928	28802	36724	
31414	0	24844	28858	36712	
31415	0	24768	28953	36688	
31416	0	24692	28952	36840	
31417	0	24620	28864	36992	
31418	0	24549	28792	37120	
31419	0	24472	28684	37285	
31420	0	24408	28592	37360	
31421	0	24341	28524	37328	
31422	0	24272	28508	37349	
31423	0	24216	28609	37192	
31424	0	24148	28656	37080	
31425	0	24096	28769	36996	
31426	0	24036	28876	36880	
31427	0	23977	28896	36816	
31428	0	23929	28960	36761	
31429	0	23872	28964	36796	
31430	0	23832	28914	36812	
31431	0	23772	28848	36788	
31432	0	23733	28868	36700	
31433	0	23692	28888	36544	
31434	0	23652	28952	36392	
31435	0	23616	29002	36256	
31436	0	23584	29016	36160	
31437	0	23544	29072	36000	
31438	0	23516	29156	35944	
31439	0	23484	29184	35960	
31440	0	23460	29172	35992	
31441	0	23440	29140	36084	
31442	0	23420	29088	36144	
31443	0	23400	29157	36092	
31444	0	23388	29060	36176	
31445	0	23377	28992	36281	
31446	0	23362	28986	36284	
31447	0	23358	28972	36384	
31448	0	23344	28968	36380	
31449	0	23348	28964	36376	
31450	0	23352	28964	36440	
31451	0	23354	28916	36520	
31452	0	23364	28844	36528	
31453	0	23372	28752	36544	
31454	0	23386	28760	36544	
31455	0	23398	28812	36444	
31456	0	23424	28868	36288	
31457	0	23442	28938	36100	
31458	0	23472	29056	35956	
31459	0	23500	29197	35840	
31460	0	23534	29264	35752	
31461	0	23568	29281	35716	
31462	0	23608	29260	35736	
31463	0	23648	29236	35792	
31464	0	23700	29164	35880	
31465	0	23744	29109	35956	
31466	0	23794	29084	35976	
31467	0	23852	29084	35952	
31468	0	23908	29093	35952	
31469	0	23976	29114	35984	
31470	0	24036	29136	36012	
31471	0	24108	29089	36060	
31472	0	24176	29008	36188	
31473	0	24252	28941	36245	
31474	0	24324	28960	36348	
31475	0	24408	28984	36312	
31476	0	24481	28972	36344	
31477	0	24576	28960	36413	
31478	0	24660	28900	36569	
31479	0	24752	28848	36725	
31480	0	24844	28784	36904	
31481	0	24940	28738	37116	
31482	0	25032	28656	37308	
31483	0	25132	28544	37444	
31484	0	25236	28445	37556	
31485	0	25332	28368	37673	
31486	0	25444	28360	37696	
31487	0	25548	28472	37584	
31488	0	25656	28512	37552	
31489	0	25764	28537	37436	
31490	0	25880	28541	37376	
31491	0	25980	28385	37448	
31492	0	26096	28316	37532	
31493	0	26216	28260	37536	
31494	0	26333	28132	37697	
31495	0	26448	28080	37740	
31496	0	26572	27968	37848	
31497	0	26700	27876	37972	
31498	0	26816	27824	37956	
31499	0	26940	27928	37757	
31500	0	27058	27908	37840	
31501	0	27184	28057	37576	
31502	0	27308	28100	37516	
31503	0	27436	28200	37444	
31504	0	27561	28054	37716	
31505	0	27696	28093	37948	
31506	0	27824	28956	34188	
31507	0	27957	25408	41656	
31508	0	28086	29345	38728	
31509	0	28216	27364	39196	
31510	0	28348	26344	38848	
31511	0	28480	26596	39950	
31512	0	28618	26721	39792	
31513	0	28753	26856	39636	
31514	0	28888	27196	39752	
31515	0	29016	26690	39516	
31516	0	29156	26300	39148	
31517	0	29292	26277	39061	
31518	0	29436	25920	38800	
31519	0	29569	25072	37724	
31520	0	29708	24070	39276	
31521	0	29848	24428	41402	
31522	0	29988	24444	42637	
31523	0	30129	24688	42652	
31524	0	30268	24584	42016	
31525	0	30400	23692	42080	
31526	0	30548	23080	41804	
31527	0	30688	23201	43008	
31528	0	30833	22808	41856	
31529	0	30968	22134	41048	
31530	0	31114	21704	40312	
31531	0	31260	21700	39329	
31532	0	31404	20120	37344	
31533	0	31552	17572	34764	
31534	0	31688	20368	34048	
31535	0	31828	22680	35634	
31536	0	31968	22968	35340	
31537	0	32104	22852	36208	
31538	0	32248	22324	37328	
31539	0	32388	22168	37956	
31540	0	32528	22369	38480	
31541	0	32661	22702	38812	
31542	0	32804	22760	40160	
31543	0	32944	23382	39976	
31544	0	33084	23646	40596	
31545	0	33216	24048	40924	
31546	0	33348	24560	40992	
31547	0	33480	25185	40776	
31548	0	33620	25980	40296	
31549	0	33752	26608	39700	
31550	0	33876	27264	39248	
31551	0	34004	27888	38648	
31552	0	34128	28450	38097	
31553	0	34260	29016	37608	
31554	0	34384	29640	37136	
31555	0	34504	30274	36684	
31556	0	34628	30901	36277	
31557	0	34748	31480	35904	
31558	0	34860	31929	35680	
31559	0	34976	32369	35477	
31560	0	35085	32672	35396	
31561	0	35192	32944	35392	
31562	0	35304	33116	35525	
31563	0	35412	33237	35768	
31564	0	35512	33372	35904	
31565	0	35616	33540	36012	
31566	0	35708	33668	36076	
31567	0	35804	33828	36048	
31568	0	35896	34000	35904	
31569	0	35980	34208	35684	
31570	0	36068	34385	35420	
31571	0	36154	34620	35224	
31572	0	36232	34784	35064	
31573	0	36304	35008	34936	
31574	0	36380	35188	34864	
31575	0	36448	35364	34800	
31576	0	36508	35492	34733	
31577	0	36572	35612	34756	
31578	0	36636	35648	34841	
31579	0	36689	35692	34920	
31580	0	36736	35684	35020	
31581	0	36792	35684	35056	
31582	0	36832	35644	35040	
31583	0	36884	35604	35069	
31584	0	36916	35565	35064	
31585	0	36952	35480	35048	
31586	0	36976	35424	35112	
31587	0	37008	35336	35156	
31588	0	37032	35168	35188	
31589	0	37056	35028	35256	
31590	0	37072	34848	35300	
31591	0	37084	34656	35296	
31592	0	37088	34416	35360	
31593	0	37096	34160	35368	
31594	0	37100	33860	35440	
31595	0	37100	33416	35485	
31596	0	37096	32872	35512	
31597	0	37088	32312	35352	
31598	0	37076	31676	35188	
31599	0	37056	31076	34988	
31600	0	37056	30626	34652	
31601	0	37022	30148	34388	
31602	0	36996	29604	34232	
31603	0	36978	29036	34120	
31604	0	36944	28428	34060	
31605	0	36916	27836	34016	
31606	0	36880	27160	33988	
31607	0	36836	26392	33900	
31608	0	36801	25608	33808	
31609	0	36752	24898	33584	
31610	0	36708	24112	33409	
31611	0	36660	23368	33237	
31612	0	36600	22749	33020	
31613	0	36552	22330	32841	
31614	0	36493	21886	32552	
31615	0	36436	21476	32360	
31616	0	36368	21244	32160	
31617	0	36304	21085	31788	
31618	0	36240	20952	31340	
31619	0	36176	20841	30984	
31620	0	36108	20836	30745	
31621	0	36032	21004	30514	
31622	0	35956	21250	30376	
31623	0	35888	21596	30312	
31624	0	35809	22165	30164	
31625	0	35740	22912	29832	
31626	0	35648	22593	30138	
31627	0	35580	11188	36656	
31628	0	35484	16475	37764	
31629	0	35408	19573	31856	
31630	0	35328	15273	27000	
31631	0	35244	10548	38056	
31632	0	35156	22402	41736	
31633	0	35072	15614	38188	
31634	0	34992	23220	35857	
31635	0	34904	39400	35504	
31636	0	34816	40814	36852	
31637	0	34724	36784	38584	
31638	0	34640	32632	39744	
31639	0	34552	28356	41808	
31640	0	34460	25162	39636	
31641	0	34380	26948	36280	
31642	0	34288	26148	35072	
31643	0	34208	27200	34220	
31644	0	34112	28024	33470	
31645	0	34032	29332	33772	
31646	0	33940	29333	35264	
31647	0	33860	29130	36608	
31648	0	33772	28992	37036	
31649	0	33692	28704	37049	
31650	0	33600	28496	36852	
31651	0	33516	28596	36696	
31652	0	33428	28761	36564	
31653	0	33348	28792	36493	
31654	0	33276	28649	36444	
31655	0	33180	28633	36448	
31656	0	33104	28640	36516	
31657	0	33032	28728	36628	
31658	0	32940	28736	36461	
31659	0	32864	28772	36320	
31660	0	32784	28768	36234	
31661	0	32704	28726	36284	
31662	0	32628	28692	36381	
31663	0	32548	28680	36488	
31664	0	32477	28681	36536	
31665	0	32400	28681	36508	
31666	0	32328	28736	36484	
31667	0	32248	28736	36480	
31668	0	32180	28741	36468	
31669	0	32100	28768	36460	
31670	0	32036	28724	36492	
31671	0	31960	28721	36500	
31672	0	31896	28734	36497	
31673	0	31828	28724	36496	
31674	0	31760	28745	36437	
31675	0	31692	28721	36448	
31676	0	31620	28704	36484	
31677	0	31556	28692	36504	
31678	0	31484	28708	36476	
31679	0	31420	28696	36484	
31680	0	31360	28686	36454	
31681	0	31296	28698	36472	
31682	0	31232	28680	36496	
31683	0	31168	28684	36504	
31684	0	31104	28696	36532	
31685	0	31046	28690	36552	
31686	0	30981	28688	36592	
31687	0	30924	28700	36552	
31688	0	30870	28708	36528	
31689	0	30812	28716	36536	
31690	0	30756	28672	36532	
31691	0	30688	28724	36528	
31692	0	30640	28732	36512	
31693	0	30584	28752	36512	
31694	0	30532	28737	36538	
31695	0	30477	28744	36616	
31696	0	30432	28769	36600	
31697	0	30376	28736	36608	
31698	0	30328	28684	36632	
31699	0	30272	28668	36608	
31700	0	30220	28680	36628	
31701	0	30170	28752	36616	
31702	0	30120	28760	36656	
31703	0	30072	28740	36684	
31704	0	30024	28808	36676	
31705	0	29984	28804	36640	
31706	0	29932	28780	36592	
31707	0	29884	28848	36553	
31708	0	29840	28804	36516	
31709	0	29796	28696	36520	
31710	0	29752	28761	36504	
31711	0	29704	28668	36497	
31712	0	29664	28864	36476	
31713	0	29628	29076	36464	
31714	0	29581	28904	36620	
31715	0	29543	29008	36624	
31716	0	29504	28808	36676	
31717	0	29460	28776	36684	
31718	0	29416	28880	36600	
31719	0	29380	28768	36624	
31720	0	29345	28940	36512	
31721	0	29308	28849	36568	
31722	0	29268	29402	36313	
31723	0	29236	28853	36568	
31724	0	29200	29149	36204	
31725	0	29172	28244	37252	
31726	0	29136	28576	36852	
31727	0	29108	28824	36436	
31728	0	29084	29221	36520	
31729	0	29052	29166	36136	
31730	0	29024	28104	37324	
31731	0	28992	33240	29490	
31732	0	28976	25156	39313	
31733	0	28957	27720	37492	
31734	0	28936	32082	34076	
31735	0	28908	28200	36732	
31736	0	28896	28122	37106	
31737	0	28873	29208	36381	
31738	0	28864	28956	36584	
31739	0	28848	28756	36564	
31740	0	28832	29021	36332	
31741	0	28820	28848	36708	
31742	0	28812	28808	36612	
31743	0	28808	28813	36608	
31744	0	28804	28792	36624	
31745	0	28792	28796	36520	
31746	0	28792	28785	36453	
31747	0	28796	28868	36456	
31748	0	28800	28864	36489	
31749	0	28812	28928	36528	
31750	0	28816	28888	36580	
31751	0	28828	28860	36592	
31752	0	28840	28820	36552	
31753	0	28852	28821	36600	
31754	0	28868	28816	36676	
31755	0	28896	28760	36656	
31756	0	28912	28760	36772	
31757	0	28940	28724	36808	
31758	0	28964	28658	36836	
31759	0	28996	28648	36840	
31760	0	29029	28600	36869	
31761	0	29060	28636	36856	
31762	0	29092	28652	36836	
31763	0	29144	28776	36820	
31764	0	29184	28645	36849	
31765	0	29225	28781	36928	
31766	0	29280	28936	37064	
31767	0	29333	28724	37180	
31768	0	29384	27872	37760	
31769	0	29440	27864	37552	
31770	0	29498	27176	38192	
31771	0	29560	27292	38600	
31772	0	29620	27488	38960	
31773	0	29680	27193	38985	
31774	0	29752	27132	38988	
31775	0	29824	27048	38964	
31776	0	29896	26912	38488	
31777	0	29976	26656	38944	
31778	0	30049	24772	39544	
31779	0	30128	24528	42380	
31780	0	30212	26500	41900	
31781	0	30288	27637	39368	
31782	0	30369	27028	39096	
31783	0	30460	26192	40260	
31784	0	30548	25786	41344	
31785	0	30632	25812	41708	
31786	0	30724	25753	41589	
31787	0	30816	25700	41352	
31788	0	30916	25740	40980	
31789	0	31010	25540	40825	
31790	0	31104	25284	40881	
31791	0	31204	25060	40388	
31792	0	31312	24960	40684	
31793	0	31408	24496	40316	
31794	0	31508	24915	40900	
31795	0	31608	25168	41212	
31796	0	31724	24092	42008	
31797	0	31832	25393	41092	
31798	0	31936	25584	43376	
31799	0	32036	26008	42392	
31800	0	32144	26224	42492	
31801	0	32252	26440	40720	
31802	0	32356	26284	40164	
31803	0	32476	26830	36644	
31804	0	32588	28012	36212	
31805	0	32688	28812	36716	
31806	0	32796	30017	39072	
31807	0	32908	32016	39772	
31808	0	33013	32996	39289	
31809	0	33128	34029	39556	
31810	0	33252	34964	40992	
31811	0	33348	36256	40285	
31812	0	33460	35612	41853	
31813	0	33564	35460	39592	
31814	0	33672	36364	38480	
31815	0	33776	37136	39900	
31816	0	33880	37464	40650	
31817	0	34002	37700	40488	
31818	0	34093	37896	40044	
31819	0	34200	37956	39688	
31820	0	34316	37816	39436	
31821	0	34414	37764	39820	
31822	0	34508	37664	40052	
31823	0	34620	37616	39952	
31824	0	34716	37536	39876	
31825	0	34824	37476	39876	
31826	0	34920	37208	39876	
31827	0	35024	37120	40384	
31828	0	35120	36964	40560	
31829	0	35220	36736	40272	
31830	0	35313	36564	40065	
31831	0	35408	36344	39857	
31832	0	35493	36136	39736	
31833	0	35596	35849	39668	
31834	0	35684	35556	39668	
31835	0	35776	35292	39716	
31836	0	35868	34964	39780	
31837	0	35954	34592	39952	
31838	0	36044	34276	40197	
31839	0	36128	33948	40476	
31840	0	36212	33612	40804	
31841	0	36296	33116	40904	
31842	0	36376	32504	41160	
31843	0	36460	31920	41501	
31844	0	36544	31484	41568	
31845	0	36608	31136	41532	
31846	0	36696	30820	41522	
31847	0	36769	30488	41620	
31848	0	36840	30161	41808	
31849	0	36924	29888	41984	
31850	0	36992	29648	42213	
31851	0	37064	29440	42360	
31852	0	37136	29248	42561	
31853	0	37200	29020	42752	
31854	0	37272	28794	43044	
31855	0	37344	28496	43376	
31856	0	37408	28376	43300	
31857	0	37472	27828	43652	
31858	0	37532	27412	43469	
31859	0	37596	26700	43736	
31860	0	37664	26432	43321	
31861	0	37712	25752	43432	
31862	0	37772	25536	42704	
31863	0	37832	25048	42632	
31864	0	37880	24628	41965	
31865	0	37941	24228	41568	
31866	0	37985	23730	40944	
31867	0	38040	23471	40064	
31868	0	38092	23524	38940	
31869	0	38136	23800	37800	
31870	0	38188	24132	36812	
31871	0	38232	24463	36109	
31872	0	38284	24754	35656	
31873	0	38320	24976	35392	
31874	0	38360	25112	35301	
31875	0	38404	25132	35232	
31876	0	38436	25176	35052	
31877	0	38480	25120	34888	
31878	0	38520	24968	34580	
31879	0	38552	24872	34136	
31880	0	38584	24832	33496	
31881	0	38612	24752	32468	
31882	0	38640	23664	31502	
31883	0	38668	20257	32508	
31884	0	38704	15217	35616	
31885	0	38728	15756	31053	
31886	0	38752	19020	28437	
31887	0	38772	21620	28556	
31888	0	38792	22725	28392	
31889	0	38804	22160	30012	
31890	0	38824	22224	31396	
31891	0	38840	23764	33676	
31892	0	38856	27540	29661	
31893	0	38864	29704	33492	
31894	0	38864	30104	42201	
31895	0	38884	29821	44832	
31896	0	38888	31020	46432	
31897	0	38896	31360	45244	
31898	0	38900	30805	41664	
31899	0	38900	30144	37836	
31900	0	38897	28137	35776	
31901	0	38900	27912	34264	
31902	0	38900	27624	34464	
31903	0	38884	27921	35888	
31904	0	38872	27337	37216	
31905	0	38868	27060	37884	
31906	0	38860	27496	37561	
31907	0	38848	27805	36868	
31908	0	38832	28312	36396	
31909	0	38816	28708	36256	
31910	0	38796	28964	36888	
31911	0	38772	28132	38260	
31912	0	38752	27540	38129	
31913	0	38732	27240	36924	
31914	0	38700	28224	35484	
31915	0	38672	29156	34848	
31916	0	38648	29545	34804	
31917	0	38616	28941	36108	
31918	0	38580	29798	36488	
31919	0	38556	28812	37320	
31920	0	38520	28680	36396	
31921	0	38488	29329	35632	
31922	0	38444	29432	35552	
31923	0	38412	28752	35880	
31924	0	38376	29628	36040	
31925	0	38322	28532	36656	
31926	0	38288	28848	36664	
31927	0	38252	29288	36520	
31928	0	38208	29476	36376	
31929	0	38168	29160	36472	
31930	0	38116	29004	36480	
31931	0	38072	29024	36428	
31932	0	38032	28960	36408	
31933	0	37976	29068	36428	
31934	0	37932	28968	36480	
31935	0	37885	28972	36492	
31936	0	37840	28888	36552	
31937	0	37796	28944	36496	
31938	0	37744	28992	36552	
31939	0	37692	29020	36576	
31940	0	37640	28880	36605	
31941	0	37588	29004	36592	
31942	0	37548	28976	36456	
31943	0	37488	28908	36464	
31944	0	37444	28976	36412	
31945	0	37392	28884	36536	
31946	0	37336	28868	36484	
31947	0	37292	28849	36564	
31948	0	37232	28860	36488	
31949	0	37184	28800	36480	
31950	0	37132	28896	36288	
31951	0	37076	28824	36324	
31952	0	37021	28832	36357	
31953	0	36964	28860	36325	
31954	0	36912	28836	36276	
31955	0	36860	28824	36332	
31956	0	36804	28740	36349	
31957	0	36744	28720	36400	
31958	0	36688	28724	36404	
31959	0	36636	28672	36552	
31960	0	36576	28612	36534	
31961	0	36512	28568	36512	
31962	0	36456	28556	36400	
31963	0	36396	28686	36289	
31964	0	36328	28548	36396	
31965	0	36268	28605	36384	
31966	0	36212	28552	36696	
31967	0	36156	28456	36738	
31968	0	36084	28468	36696	
31969	0	36028	28408	36712	
31970	0	35952	28329	36632	
31971	0	35882	28189	36688	
31972	0	35828	27984	36696	
31973	0	35760	27808	36524	
31974	0	35688	27685	36533	
31975	0	35624	27681	36116	
31976	0	35552	27637	35854	
31977	0	35484	27521	36232	
31978	0	35412	27688	36268	
31979	0	35336	28040	36064	
31980	0	35264	27816	36076	
31981	0	35188	27360	35912	
31982	0	35120	27192	35632	
31983	0	35040	27261	35784	
31984	0	34960	27460	35296	
31985	0	34885	25050	34532	
31986	0	34804	25884	37920	
31987	0	34728	23620	35712	
31988	0	34645	24612	38104	
31989	0	34568	23368	36736	
31990	0	34484	23266	39232	
31991	0	34400	24328	37576	
31992	0	34316	23824	36868	
31993	0	34228	25664	37597	
31994	0	34144	25797	37720	
31995	0	34056	27474	37652	
31996	0	33968	26384	38608	
31997	0	33877	28564	37260	
31998	0	33792	29000	37854	
31999	0	33700	30028	38145	
32000	0	33612	30888	38600	
32001	0	33516	32012	38400	
32002	0	33428	32564	38572	
32003	0	33328	33004	38512	
32004	0	33240	33280	38524	
32005	0	33144	33364	38628	
32006	0	33040	33444	38652	
32007	0	32948	33428	38440	
32008	0	32860	33253	38740	
32009	0	32760	33224	38648	
32010	0	32664	33097	38716	
32011	0	32568	33074	38684	
32012	0	32464	32868	38564	
32013	0	32368	32672	38292	
32014	0	32272	32393	38208	
32015	0	32176	32108	38008	
32016	0	32072	31860	37860	
32017	0	31977	31761	37528	
32018	0	31880	31408	37552	
32019	0	31784	31228	37432	
32020	0	31684	31184	37336	
32021	0	31584	30889	37185	
32022	0	31472	30565	37064	
32023	0	31396	30236	37024	
32024	0	31300	29760	37248	
32025	0	31208	29276	37504	
32026	0	31108	28888	37536	
32027	0	31012	28456	37348	
32028	0	30920	28057	37144	
32029	0	30828	27604	37072	
32030	0	30744	27188	37152	
32031	0	30632	26788	37292	
32032	0	30548	26460	37568	
32033	0	30456	26164	38016	
32034	0	30361	25896	38464	
32035	0	30276	25508	38936	
32036	0	30184	25168	39364	
32037	0	30100	24788	39744	
32038	0	30008	24540	40036	
32039	0	29928	24548	40276	
32040	0	29844	24591	40672	
32041	0	29760	24410	41412	
32042	0	29672	24164	42072	
32043	0	29588	24872	42324	
32044	0	29504	25124	42192	
32045	0	29432	24960	42585	
32046	0	29352	25768	42928	
32047	0	29277	24977	42968	
32048	0	29204	20612	44640	
32049	0	29126	26516	41608	
32050	0	29056	20205	44857	
32051	0	28985	28264	40000	
32052	0	28912	25384	41636	
32053	0	28852	25324	42601	
32054	0	28792	26112	42624	
32055	0	28717	26744	42548	
32056	0	28652	24312	46332	
32057	0	28596	25384	46384	
32058	0	28544	25832	45864	
32059	0	28484	27141	42372	
32060	0	28429	27146	41388	
32061	0	28376	28244	39978	
32062	0	28333	29757	38472	
32063	0	28288	29344	41001	
32064	0	28240	28824	39632	
32065	0	28196	31568	40648	
32066	0	28156	32986	39812	
32067	0	28120	31888	39705	
32068	0	28088	31621	35800	
32069	0	28056	32413	32604	
32070	0	28032	32384	33952	
32071	0	27996	32506	34884	
32072	0	27976	32784	35680	
32073	0	27952	32848	36657	
32074	0	27933	32576	37452	
32075	0	27916	32224	38176	
32076	0	27898	31916	38936	
32077	0	27900	31492	39260	
32078	0	27886	31553	39252	
32079	0	27888	31872	38836	
32080	0	27880	32148	38233	
32081	0	27888	32316	37600	
32082	0	27892	32412	37184	
32083	0	27900	32460	36896	
32084	0	27908	32480	36788	
32085	0	27920	32444	36708	
32086	0	27948	32392	36748	
32087	0	27970	32292	36828	
32088	0	27996	32144	36997	
32089	0	28025	31972	37040	
32090	0	28052	31865	37116	
32091	0	28080	31761	37244	
32092	0	28128	31584	37424	
32093	0	28168	31424	37656	
32094	0	28216	31276	37880	
32095	0	28257	31128	38101	
32096	0	28320	31052	38152	
32097	0	28372	31008	38224	
32098	0	28429	30960	38292	
32099	0	28490	30916	38380	
32100	0	28552	30928	38492	
32101	0	28620	30944	38600	
32102	0	28686	30992	38744	
32103	0	28752	31056	38784	
32104	0	28833	31141	38800	
32105	0	28908	31133	38784	
32106	0	28980	31213	38723	
32107	0	29076	31232	38684	
32108	0	29156	31332	38608	
32109	0	29244	31448	38544	
32110	0	29336	31588	38464	
32111	0	29420	31760	38380	
32112	0	29512	31936	38304	
32113	0	29610	32088	38392	
32114	0	29704	32256	38436	
32115	0	29809	32416	38388	
32116	0	29904	32560	38216	
32117	0	30009	32624	37877	
32118	0	30112	32612	37476	
32119	0	30212	32424	37164	
32120	0	30324	32116	36964	
32121	0	30436	31728	36908	
32122	0	30540	31356	36844	
32123	0	30656	30816	36844	
32124	0	30772	30218	36852	
32125	0	30881	29604	36660	
32126	0	31008	29044	36313	
32127	0	31116	28452	35836	
32128	0	31236	27808	35264	
32129	0	31348	27060	34760	
32130	0	31480	26280	34298	
32131	0	31597	25464	33964	
32132	0	31726	24672	33656	
32133	0	31844	23861	33625	
32134	0	31973	23232	33501	
32135	0	32096	22606	33368	
32136	0	32224	22048	33128	
32137	0	32357	21584	32657	
32138	0	32497	21140	32224	
32139	0	32616	20780	31676	
32140	0	32760	20512	31172	
32141	0	32889	20372	30636	
32142	0	33028	20300	30152	
32143	0	33154	20308	29684	
32144	0	33296	20398	29252	
32145	0	33428	20496	28992	
32146	0	33572	20718	28942	
32147	0	33705	21008	29056	
32148	0	33848	21330	29248	
32149	0	34000	21702	29500	
32150	0	34136	22068	29797	
32151	0	34280	22462	30124	
32152	0	34424	22940	30437	
32153	0	34572	23488	30716	
32154	0	34716	24136	30792	
32155	0	34860	24868	30789	
32156	0	35012	25644	30732	
32157	0	35152	26524	30708	
32158	0	35312	27337	30712	
32159	0	35452	28158	30748	
32160	0	35604	26520	32872	
32161	0	35760	27457	45428	
32162	0	35904	27537	46012	
32163	0	36056	28352	38584	
32164	0	36208	28334	30848	
32165	0	36360	27161	27228	
32166	0	36512	22328	29452	
32167	0	36668	21820	42060	
32168	0	36832	27068	43456	
32169	0	36980	32513	35520	
32170	0	37144	32508	39588	
32171	0	37304	30800	41596	
32172	0	37456	30832	39628	
32173	0	37612	30372	39640	
32174	0	37768	29104	41368	
32175	0	37932	28172	41032	
32176	0	38089	27580	39744	
32177	0	38248	27996	38536	
32178	0	38424	29104	37524	
32179	0	38576	29956	36320	
32180	0	38744	30128	35288	
32181	0	38908	29925	34544	
32182	0	39072	29960	34184	
32183	0	39240	30168	34284	
32184	0	39400	30228	34660	
32185	0	39580	30055	35148	
32186	0	39740	29684	35872	
32187	0	39900	29440	36680	
32188	0	40064	29356	37584	
32189	0	40244	29380	38148	
32190	0	40408	29476	38584	
32191	0	40576	29536	38784	
32192	0	40748	29537	38989	
32193	0	40920	29521	38908	
32194	0	41088	29560	38568	
32195	0	41256	29592	38264	
32196	0	41424	29624	37952	
32197	0	41600	29856	37436	
32198	0	41776	29948	37080	
32199	0	41940	29976	36828	
32200	0	42124	30000	36660	
32201	0	42304	29984	36632	
32202	0	42476	29988	36616	
32203	0	42632	29992	36669	
32204	0	42824	29964	36688	
32205	0	42980	29896	36640	
32206	0	43160	29888	36584	
32207	0	43348	29856	36448	
32208	0	43520	29837	36468	
32209	0	43688	29908	36528	
32210	0	43868	29952	36476	
32211	0	44040	29992	36520	
32212	0	44220	30000	36592	
32213	0	44392	29969	36652	
32214	0	44576	29898	36692	
32215	0	44748	29940	36752	
32216	0	44928	29904	36744	
32217	0	45100	29860	36888	
32218	0	45284	29849	36908	
32219	0	45456	29862	37084	
32220	0	45632	29836	37188	
32221	0	45816	29824	37260	
32222	0	45980	29832	37320	
32223	0	46152	29853	37340	
32224	0	46328	29853	37305	
32225	0	46516	29868	37328	
32226	0	46692	29868	37309	
32227	0	46856	29924	37277	
32228	0	47040	29944	37256	
32229	0	47204	29984	37212	
32230	0	47372	30017	37120	
32231	0	47544	30008	37080	
32232	0	47720	30020	36968	
32233	0	47896	30052	36976	
32234	0	48060	29984	37060	
32235	0	48236	30008	36880	
32236	0	48396	29944	37020	
32237	0	48560	29860	37188	
32238	0	48728	29964	37000	
32239	0	48888	29892	37152	
32240	0	49056	29924	37096	
32241	0	49226	29984	37164	
32242	0	49384	29854	37270	
32243	0	49544	29932	37120	
32244	0	49700	29888	37172	
32245	0	49860	29892	37096	
32246	0	50016	30000	37132	
32247	0	50164	29980	37204	
32248	0	50316	29964	37148	
32249	0	50460	29934	37208	
32250	0	50620	29820	37268	
32251	0	50756	29792	37420	
32252	0	50904	29868	37176	
32253	0	51052	29884	37264	
32254	0	51176	29928	37244	
32255	0	51304	29937	37272	
32256	0	51456	29952	37233	
32257	0	51572	29904	37221	
32258	0	51692	29888	37236	
32259	0	51836	29908	37224	
32260	0	51944	29924	37212	
32261	0	52056	29904	37352	
32262	0	52172	29977	37144	
32263	0	52288	29928	37192	
32264	0	52400	29896	37136	
32265	0	52504	29888	37072	
32266	0	52604	29900	37009	
32267	0	52704	29924	36900	
32268	0	52800	29932	36854	
32269	0	52892	30008	36820	
32270	0	52984	30020	36824	
32271	0	53076	30004	36893	
32272	0	53144	29980	36952	
32273	0	53224	29904	36973	
32274	0	53312	29897	37064	
32275	0	53392	29844	37056	
32276	0	53456	29840	37121	
32277	0	53524	29834	37228	
32278	0	53588	29908	37304	
32279	0	53664	29869	37296	
32280	0	53708	29872	37264	
32281	0	53768	29877	37272	
32282	0	53816	29896	37272	
32283	0	53864	29876	37268	
32284	0	53910	29877	37280	
32285	0	53952	29872	37240	
32286	0	53996	29857	37260	
32287	0	54024	29876	37188	
32288	0	54060	29828	37140	
32289	0	54088	29834	37144	
32290	0	54120	29830	37152	
32291	0	54144	29808	37164	
32292	0	54152	29793	37188	
32293	0	54184	29768	37176	
32294	0	54188	29764	37200	
32295	0	54192	29776	37180	
32296	0	54208	29816	37192	
32297	0	54208	29816	37128	
32298	0	54208	29824	37128	
32299	0	54208	29821	37148	
32300	0	54204	29836	37120	
32301	0	54196	29849	37088	
32302	0	54192	29852	37161	
32303	0	54172	29816	37224	
32304	0	54152	29744	37340	
32305	0	54132	29681	37512	
32306	0	54112	29648	37648	
32307	0	54084	29577	37628	
32308	0	54064	29480	37588	
32309	0	54036	29512	37560	
32310	0	53996	29548	37568	
32311	0	53960	29568	37556	
32312	0	53920	29552	37436	
32313	0	53880	29560	37436	
32314	0	53836	29468	37428	
32315	0	53796	29440	37500	
32316	0	53744	29324	37644	
32317	0	53696	29341	37584	
32318	0	53636	29388	37520	
32319	0	53585	29268	37344	
32320	0	53536	29320	37408	
32321	0	53464	29304	37504	
32322	0	53400	29288	37612	
32323	0	53348	29232	37680	
32324	0	53268	29028	37936	
32325	0	53204	28924	38132	
32326	0	53120	28784	38308	
32327	0	53056	28624	38508	
32328	0	52980	28512	38770	
32329	0	52908	28204	39604	
32330	0	52828	28100	40729	
32331	0	52736	28640	43110	
32332	0	52656	27688	39840	
32333	0	52572	27520	40024	
32334	0	52484	27624	40944	
32335	0	52396	28072	40980	
32336	0	52288	27913	39544	
32337	0	52192	27284	39504	
32338	0	52100	27816	40044	
32339	0	52000	29324	38780	
32340	0	51892	32024	37324	
32341	0	51804	26508	43192	
32342	0	51680	26078	42348	
32343	0	51580	28756	38508	
32344	0	51472	25632	37760	
32345	0	51368	26144	39508	
32346	0	51248	23918	36938	
32347	0	51124	23136	38512	
32348	0	51000	22268	47132	
32349	0	50880	22840	47948	
32350	0	50756	24633	45628	
32351	0	50636	24761	42268	
32352	0	50512	23644	40808	
32353	0	50368	23105	41760	
32354	0	50242	22768	43310	
32355	0	50116	22428	43208	
32356	0	49980	20404	39596	
32357	0	49840	19717	36484	
32358	0	49704	22980	37424	
32359	0	49564	23921	39661	
32360	0	49412	23805	39388	
32361	0	49264	23312	39980	
32362	0	49120	23064	40328	
32363	0	48976	23300	40428	
32364	0	48820	23744	40640	
32365	0	48664	24221	40468	
32366	0	48508	24732	40309	
32367	0	48352	25272	40264	
32368	0	48196	25764	40208	
32369	0	48040	26276	40172	
32370	0	47868	26913	40072	
32371	0	47696	27528	39684	
32372	0	47536	28205	39328	
32373	0	47360	28865	38893	
32374	0	47184	29548	38565	
32375	0	47016	30180	38116	
32376	0	46832	30756	37896	
32377	0	46644	31256	37672	
32378	0	46468	31732	37440	
32379	0	46296	29712	35632	
32380	0	46100	26336	43008	
32381	0	45912	29532	38672	
32382	0	45716	29141	29744	
32383	0	45532	37028	31212	
32384	0	45333	33900	37772	
32385	0	45136	34401	34328	
32386	0	44936	35040	36096	
32387	0	44744	33988	37188	
32388	0	44536	33964	36224	
32389	0	44328	34028	36212	
32390	0	44120	33908	35732	
32391	0	43912	33784	35064	
32392	0	43688	34049	34432	
32393	0	43484	34336	34068	
32394	0	43264	34505	33884	
32395	0	43052	34584	33816	
32396	0	42832	34830	33864	
32397	0	42612	35108	33886	
32398	0	42384	35376	33902	
32399	0	42160	35540	33880	
32400	0	41932	35632	33864	
32401	0	41708	35680	34112	
32402	0	41472	35420	34136	
32403	0	41244	35432	34422	
32404	0	41008	34972	34113	
32405	0	40776	34676	33952	
32406	0	40545	34336	33776	
32407	0	40312	33996	33448	
32408	0	40064	33664	33424	
32409	0	39832	33344	33296	
32410	0	39588	33004	33252	
32411	0	39348	32692	33198	
32412	0	39112	32405	33166	
32413	0	38868	32200	32964	
32414	0	38624	32096	32632	
32415	0	38380	32005	32228	
32416	0	38152	31812	31900	
32417	0	37900	31596	31808	
32418	0	37664	31356	31828	
32419	0	37412	31026	31929	
32420	0	37180	30516	32136	
32421	0	36937	29896	32236	
32422	0	36696	29132	32296	
32423	0	36460	28356	32204	
32424	0	36224	27456	32084	
32425	0	35984	26624	31900	
32426	0	35740	25764	31870	
32427	0	35504	24904	31905	
32428	0	35268	24104	31952	
32429	0	35032	23330	31940	
32430	0	34798	22560	31796	
32431	0	34566	21756	31560	
32432	0	34332	20928	31396	
32433	0	34108	20208	31292	
32434	0	33864	19676	31109	
32435	0	33638	19286	30857	
32436	0	33408	18872	30740	
32437	0	33184	6314	20828	
32438	0	32956	2695	38094	
32439	0	32736	7938	37452	
32440	0	32514	9544	23317	
32441	0	32288	14660	29985	
32442	0	32068	24888	28081	
32443	0	31852	30816	27012	
32444	0	31640	28832	32473	
32445	0	31420	32752	34664	
32446	0	31204	37584	39796	
32447	0	30996	40649	44108	
32448	0	30784	39396	43568	
32449	0	30573	33300	42708	
32450	0	30368	25572	46448	
32451	0	30160	19697	43544	
32452	0	29964	16720	38628	
32453	0	29756	22258	40336	
32454	0	29548	28933	35004	
32455	0	29344	30364	35288	
32456	0	29150	31448	34488	
32457	0	28954	32800	33276	
32458	0	28760	32568	32452	
32459	0	28564	31060	33620	
32460	0	28372	30496	34577	
32461	0	28180	29984	35616	
32462	0	27992	28692	36684	
32463	0	27804	27744	37592	
32464	0	27616	27716	37880	
32465	0	27432	28089	37508	
32466	0	27245	28588	36800	
32467	0	27064	29148	36328	
32468	0	26881	29498	36128	
32469	0	26708	29728	35984	
32470	0	26524	29728	36024	
32471	0	26348	29540	36136	
32472	0	26176	29260	36468	
32473	0	25992	29028	36800	
32474	0	25824	28833	37144	
32475	0	25648	28792	37376	
32476	0	25474	28780	37504	
32477	0	25300	28756	37504	
32478	0	25132	28780	37352	
32479	0	24964	28988	37032	
32480	0	24800	29008	36812	
32481	0	24640	29210	36556	
32482	0	24472	29212	36513	
32483	0	24304	29396	36372	
32484	0	24145	29333	36437	
32485	0	23982	29332	36384	
32486	0	23820	29242	36500	
32487	0	23664	29220	36500	
32488	0	23508	29180	36524	
32489	0	23356	29266	36544	
32490	0	23204	29260	36528	
32491	0	23044	29276	36568	
32492	0	22896	29196	36628	
32493	0	22748	29192	36608	
32494	0	22596	29200	36642	
32495	0	22448	29149	36680	
32496	0	22304	29166	36756	
32497	0	22160	29132	36796	
32498	0	22014	29109	36820	
32499	0	21880	29177	36804	
32500	0	21732	29156	36768	
32501	0	21592	29212	36748	
32502	0	21452	29232	36668	
32503	0	21320	29248	36674	
32504	0	21188	29285	36660	
32505	0	21056	29258	36637	
32506	0	20920	29216	36636	
32507	0	20792	29197	36636	
32508	0	20664	29236	36676	
32509	0	20536	29280	36572	
32510	0	20408	29300	36524	
32511	0	20276	29277	36474	
32512	0	20154	29268	36496	
32513	0	20034	28644	36288	
32514	0	19916	29108	36340	
32515	0	19792	29248	36261	
32516	0	19672	29268	36176	
32517	0	19552	29284	36160	
32518	0	19433	29273	36201	
32519	0	19326	29280	36224	
32520	0	19213	29313	36288	
32521	0	19100	29348	36312	
32522	0	18984	29368	36366	
32523	0	18874	29300	36489	
32524	0	18764	29192	36637	
32525	0	18658	29104	36692	
32526	0	18548	29077	36700	
32527	0	18444	29076	36628	
32528	0	18336	29168	36486	
32529	0	18236	29248	36392	
32530	0	18130	29284	36368	
32531	0	18024	29276	36416	
32532	0	17929	29198	36512	
32533	0	17832	29180	36572	
32534	0	17736	29162	36652	
32535	0	17633	29109	36732	
32536	0	17530	29116	36700	
32537	0	17440	29160	36600	
32538	0	17346	29196	36525	
32539	0	17250	29300	36402	
32540	0	17160	29313	36360	
32541	0	17065	29256	36364	
32542	0	16976	29252	36452	
32543	0	16888	29140	36489	
32544	0	16796	29144	36748	
32545	0	16712	29060	37084	
32546	0	16624	28940	37216	
32547	0	16540	28861	37304	
32548	0	16449	28864	37252	
32549	0	16370	28893	37104	
32550	0	16280	29024	36976	
32551	0	16204	29077	36868	
32552	0	16112	29086	36881	
32553	0	16040	29008	36996	
32554	0	15954	28924	37112	
32555	0	15872	28897	37141	
32556	0	15796	28930	37088	
32557	0	15718	28952	37080	
32558	0	15634	28968	37056	
32559	0	15561	28876	37172	
32560	0	15486	28824	37224	
32561	0	15413	28756	37352	
32562	0	15330	28689	37376	
32563	0	15257	29024	37816	
32564	0	15186	28884	38034	
32565	0	15113	28746	37824	
32566	0	15034	28740	37776	
32567	0	14960	28664	37388	
32568	0	14893	28664	37148	
32569	0	14823	28548	37312	
32570	0	14752	28400	37472	
32571	0	14678	28064	37388	
32572	0	14608	27960	37388	
32573	0	14540	28128	37600	
32574	0	14469	28160	37624	
32575	0	14404	28072	37484	
32576	0	14330	28036	37552	
32577	0	14270	28256	37233	
32578	0	14196	27709	39104	
32579	0	14136	27349	40240	
32580	0	14064	26760	38684	
32581	0	14003	27016	37196	
32582	0	13941	27217	38185	
32583	0	13873	26644	40144	
32584	0	13816	26048	40808	
32585	0	13749	25930	40276	
32586	0	13688	27364	39700	
32587	0	13627	27033	39588	
32588	0	13564	26808	39308	
32589	0	13510	25192	39340	
32590	0	13454	27312	40240	
32591	0	13393	25964	39328	
32592	0	13336	25368	39054	
32593	0	13281	25500	39869	
32594	0	13225	24610	39844	
32595	0	13172	24544	40488	
32596	0	13126	24164	41220	
32597	0	13073	24880	40812	
32598	0	13020	25138	40692	
32599	0	12984	23540	42208	
32600	0	12932	21968	40096	
32601	0	12893	21220	37192	
32602	0	12846	20652	38480	
32603	0	12798	19630	38992	
32604	0	12764	19800	38920	
32605	0	12725	21380	35404	
32606	0	12696	18054	36840	
32607	0	12668	20741	35140	
32608	0	12632	22265	35792	
32609	0	12604	22290	35660	
32610	0	12575	22292	38184	
32611	0	12560	22594	40048	
32612	0	12538	22884	41152	
32613	0	12518	23256	42064	
32614	0	12506	23872	42320	
32615	0	12497	24588	42252	
32616	0	12483	25336	42137	
32617	0	12489	26160	41848	
32618	0	12480	26844	41472	
32619	0	12485	27460	41120	
32620	0	12492	28121	40604	
32621	0	12500	28856	40060	
32622	0	12512	29713	39388	
32623	0	12525	30237	39609	
32624	0	12548	31304	38416	
32625	0	12572	31656	38524	
32626	0	12598	18305	37464	
32627	0	12628	32636	36764	
32628	0	12668	27928	26168	
32629	0	12707	34052	17812	
32630	0	12745	37388	32541	
32631	0	12799	37088	40792	
32632	0	12849	36136	35036	
32633	0	12900	36953	38468	
32634	0	12963	35108	41680	
32635	0	13022	34112	39956	
32636	0	13097	33520	38544	
32637	0	13161	33372	38184	
32638	0	13242	34236	37752	
32639	0	13322	35432	36900	
32640	0	13409	35688	35484	
32641	0	13492	35380	34084	
32642	0	13585	35840	33472	
32643	0	13684	36724	33608	
32644	0	13777	37400	33644	
32645	0	13892	37604	33601	
32646	0	13993	37416	34064	
32647	0	14110	37044	34492	
32648	0	14224	36480	35004	
32649	0	14340	35640	35312	
32650	0	14468	34856	35356	
32651	0	14592	34162	34768	
32652	0	14724	34093	34716	
32653	0	14856	33920	34104	
32654	0	14996	33856	33684	
32655	0	15136	33788	33253	
32656	0	15274	33780	32984	
32657	0	15420	33772	32768	
32658	0	15576	33665	32644	
32659	0	15720	33500	32420	
32660	0	15880	33226	32312	
32661	0	16036	33000	32161	
32662	0	16194	32838	31988	
32663	0	16357	32632	31912	
32664	0	16520	32357	31960	
32665	0	16693	31992	32049	
32666	0	16861	31600	31960	
32667	0	17040	31072	31809	
32668	0	17216	30112	31688	
32669	0	17392	28833	31492	
32670	0	17569	27556	31148	
32671	0	17752	25964	30844	
32672	0	17938	24544	30092	
32673	0	18122	23228	29944	
32674	0	18308	21988	30168	
32675	0	18500	20828	30784	
32676	0	18698	19818	30800	
32677	0	18888	18828	30720	
32678	0	19076	18084	30120	
32679	0	19276	17298	30052	
32680	0	19476	16736	29764	
32681	0	19676	16479	29558	
32682	0	19876	16520	29413	
32683	0	20078	16976	29269	
32684	0	20276	17809	29040	
32685	0	20488	18884	28896	
32686	0	20690	20292	28676	
32687	0	20897	21972	28540	
32688	0	21100	24157	28368	
32689	0	21304	20468	26239	
32690	0	21516	22464	37448	
32691	0	21718	28164	39212	
32692	0	21925	33576	25732	
32693	0	22140	14436	46368	
32694	0	22341	21522	31684	
32695	0	22564	25808	34176	
32696	0	22764	35478	38672	
32697	0	22976	34660	39512	
32698	0	23185	33560	39820	
32699	0	23396	31216	40136	
32700	0	23602	27220	41184	
32701	0	23812	23736	42584	
32702	0	24016	22880	42064	
32703	0	24232	24896	40928	
32704	0	24440	27024	39644	
32705	0	24644	27456	37296	
32706	0	24852	28948	36192	
32707	0	25060	29844	35209	
32708	0	25268	30540	34088	
32709	0	25474	30976	33897	
32710	0	25684	30820	34216	
32711	0	25876	30256	34741	
32712	0	26080	29577	35488	
32713	0	26281	29104	36056	
32714	0	26484	28764	36664	
32715	0	26684	28452	37140	
32716	0	26880	28368	37588	
32717	0	27076	28492	37884	
32718	0	27268	28568	38072	
32719	0	27464	28712	37988	
32720	0	27656	28696	37832	
32721	0	27840	28685	37622	
32722	0	28028	28700	37324	
32723	0	28220	28760	37092	
32724	0	28396	28801	36866	
32725	0	28580	28884	36684	
32726	0	28760	28969	36584	
32727	0	28937	29028	36628	
32728	0	29104	28972	36696	
32729	0	29281	28861	36786	
32730	0	29458	28770	36808	
32731	0	29624	28768	36792	
32732	0	29788	28796	36780	
32733	0	29952	28781	36860	
32734	0	30109	28952	36732	
32735	0	30264	28796	36956	
32736	0	30416	28676	37044	
32737	0	30572	28660	37032	
32738	0	30724	28524	37192	
32739	0	30872	28865	38036	
32740	0	31020	28368	37084	
32741	0	31152	29664	39632	
32742	0	31292	28410	36836	
32743	0	31424	27893	36093	
32744	0	31564	28560	37056	
32745	0	31684	28541	36184	
32746	0	31816	28044	35892	
32747	0	31936	28768	37113	
32748	0	32056	28524	36084	
32749	0	32164	27972	35816	
32750	0	32284	29452	38348	
32751	0	32392	28676	36594	
32752	0	32496	28280	36092	
32753	0	32596	28228	36168	
32754	0	32693	28937	37152	
32755	0	32788	28668	36628	
32756	0	32884	28488	36420	
32757	0	32972	28768	36760	
32758	0	33056	28400	36584	
32759	0	33136	28608	36373	
32760	0	33216	28434	36100	
32761	0	33284	28445	35980	
32762	0	33360	28424	35856	
32763	0	33416	28546	35880	
32764	0	33488	28424	35816	
32765	0	33548	28457	35821	
32766	0	33594	28420	35744	
32767	0	33648	28448	35744	
32768	0	33692	28437	35624	
32769	0	33732	28520	35505	
32770	0	33784	28388	35732	
32771	0	33808	28557	35632	
32772	0	33844	28704	35477	
32773	0	33876	28676	35424	
32774	0	33896	28696	35356	
32775	0	33920	28672	35436	
32776	0	33936	28732	35396	
32777	0	33944	28700	35372	
32778	0	33960	28688	35312	
32779	0	33960	28680	35348	
32780	0	33964	28760	35464	
32781	0	33960	28728	35617	
32782	0	33952	28580	35793	
32783	0	33945	28372	35960	
32784	0	33932	28220	36089	
32785	0	33920	28172	36076	
32786	0	33889	28228	36148	
32787	0	33864	28320	36208	
32788	0	33840	28368	36352	
32789	0	33804	28412	36552	
32790	0	33768	28252	36768	
32791	0	33728	28112	37024	
32792	0	33692	27940	37156	
32793	0	33644	27822	37272	
32794	0	33588	27842	37172	
32795	0	33536	27890	37108	
32796	0	33476	27952	37008	
32797	0	33420	28073	36993	
32798	0	33354	28032	37028	
32799	0	33292	27964	37204	
32800	0	33224	27780	37352	
32801	0	33149	27612	37440	
32802	0	33076	27532	37448	
32803	0	33004	27584	37404	
32804	0	32924	27700	37316	
32805	0	32840	27751	37344	
32806	0	32760	27696	37468	
32807	0	32673	27624	37426	
32808	0	32576	27492	37376	
32809	0	32496	27432	37560	
32810	0	32404	27520	37568	
32811	0	32312	27432	37672	
32812	0	32216	27680	36928	
32813	0	32116	26420	38168	
32814	0	32028	25640	38732	
32815	0	31928	28221	38688	
32816	0	31824	28280	37392	
32817	0	31726	27269	39160	
32818	0	31628	26612	39648	
32819	0	31517	26132	40241	
32820	0	31420	26384	39753	
32821	0	31316	26632	39468	
32822	0	31208	26752	39164	
32823	0	31096	26560	39016	
32824	0	30997	26200	39364	
32825	0	30888	26168	39188	
32826	0	30784	26324	38840	
32827	0	30672	25184	39552	
32828	0	30564	25158	41160	
32829	0	30460	24728	41920	
32830	0	30346	24389	42296	
32831	0	30244	23509	41832	
32832	0	30140	22761	41252	
32833	0	30032	22372	41264	
32834	0	29924	21397	40876	
32835	0	29820	20544	40780	
32836	0	29716	19506	39948	
32837	0	29616	18632	39840	
32838	0	29512	19001	39976	
32839	0	29412	19124	39440	
32840	0	29308	16440	36288	
32841	0	29202	17837	33560	
32842	0	29108	19804	37184	
32843	0	29004	20137	38328	
32844	0	28904	20499	38404	
32845	0	28816	20592	39172	
32846	0	28708	20928	39296	
32847	0	28620	21741	39580	
32848	0	28520	22529	39973	
32849	0	28430	23220	40044	
32850	0	28340	23881	40200	
32851	0	28252	24564	40416	
32852	0	28160	25196	40536	
32853	0	28069	25848	40456	
32854	0	27985	26660	40080	
32855	0	27896	27688	39476	
32856	0	27816	29512	38496	
32857	0	27724	28896	39200	
32858	0	27645	30848	38260	
32859	0	27560	30944	38420	
32860	0	27476	31324	38412	
32861	0	27400	32673	36908	
32862	0	27320	32620	37452	
32863	0	27240	33264	36897	
32864	0	27164	33420	37008	
32865	0	27088	33712	36804	
32866	0	27004	33976	36808	
32867	0	26932	34168	36704	
32868	0	26860	34384	36592	
32869	0	26783	34556	36402	
32870	0	26712	34689	36224	
32871	0	26636	34872	36076	
32872	0	26564	35012	35840	
32873	0	26496	35136	35596	
32874	0	26432	35296	35420	
32875	0	26360	35396	35208	
32876	0	26285	35532	35026	
32877	0	26224	35660	34844	
32878	0	26156	35780	34700	
32879	0	26088	35904	34580	
32880	0	26016	35948	34448	
32881	0	25952	36020	34320	
32882	0	25896	36085	34149	
32883	0	25828	36104	34036	
32884	0	25772	36108	33952	
32885	0	25704	36100	33884	
32886	0	25642	36090	33849	
32887	0	25577	36040	33812	
32888	0	25514	35988	33718	
32889	0	25456	35912	33676	
32890	0	25396	35776	33608	
32891	0	25333	35648	33564	
32892	0	25284	35480	33472	
32893	0	25220	35216	33380	
32894	0	25164	34840	33228	
32895	0	25104	34340	33004	
32896	0	25052	33892	32750	
32897	0	24989	33300	32240	
32898	0	24936	32752	32156	
32899	0	24888	32124	31900	
32900	0	24833	31496	31868	
32901	0	24780	30716	31916	
32902	0	24720	29764	32084	
32903	0	24676	28666	31524	
32904	0	24632	27490	32273	
32905	0	24580	26229	31200	
32906	0	24532	24796	31805	
32907	0	24480	23542	31660	
32908	0	24436	22318	31020	
32909	0	24397	21132	30388	
32910	0	24353	20008	30360	
32911	0	24304	19110	30016	
32912	0	24272	18356	29736	
32913	0	24222	17884	29365	
32914	0	24188	17601	29081	
32915	0	24156	17484	28804	
32916	0	24112	17469	28653	
32917	0	24080	17630	28644	
32918	0	24048	17844	28730	
32919	0	24016	18164	28900	
32920	0	23992	18608	29060	
32921	0	23957	19101	29252	
32922	0	23936	19760	29424	
32923	0	23912	20620	29549	
32924	0	23896	16736	28412	
32925	0	23873	10632	33792	
32926	0	23860	16944	30904	
32927	0	23840	18560	36944	
32928	0	23828	21872	36800	
32929	0	23812	23454	41664	
32930	0	23810	28229	43959	
32931	0	23810	31292	43552	
32932	0	23804	28538	42356	
32933	0	23816	26089	41332	
32934	0	23808	26248	39868	
32935	0	23812	26064	39156	
32936	0	23824	27364	37465	
32937	0	23836	29357	35512	
32938	0	23848	30364	34344	
32939	0	23873	30312	33797	
32940	0	23897	30928	33161	
32941	0	23924	31204	32156	
32942	0	23944	30096	31688	
32943	0	23981	30248	32136	
32944	0	24022	29912	32876	
32945	0	24057	29676	33612	
32946	0	24110	29393	34280	
32947	0	24152	29260	34756	
32948	0	24200	29220	36417	
32949	0	24264	29370	36960	
32950	0	24320	29268	38224	
32951	0	24377	29216	38948	
32952	0	24444	28808	39977	
32953	0	24517	28280	40336	
32954	0	24592	27844	40252	
32955	0	24665	27608	39956	
32956	0	24744	27712	39348	
32957	0	24829	28044	38652	
32958	0	24920	28513	37772	
32959	0	25008	29044	36949	
32960	0	25100	29444	36328	
32961	0	25200	29568	36040	
32962	0	25293	29560	35981	
32963	0	25400	29396	36113	
32964	0	25504	29324	36660	
32965	0	25604	29090	36220	
32966	0	25721	29260	36856	
32967	0	25828	28886	36384	
32968	0	25952	28896	35804	
32969	0	26076	29181	36313	
32970	0	26192	29062	35780	
32971	0	26316	29288	36560	
32972	0	26437	29128	35972	
32973	0	26572	29368	37164	
32974	0	26704	28945	36348	
32975	0	26840	29188	37292	
32976	0	26980	28840	36732	
32977	0	27116	28735	36725	
32978	0	27265	28972	37200	
32979	0	27400	28768	36668	
32980	0	27556	28792	36568	
32981	0	27704	28989	36628	
32982	0	27852	28897	36581	
32983	0	28004	28876	36644	
32984	0	28164	28501	36592	
32985	0	28320	28376	36700	
32986	0	28480	28488	36664	
32987	0	28648	28204	36788	
32988	0	28808	28376	36776	
32989	0	28972	28148	36532	
32990	0	29140	28280	37048	
32991	0	29304	27936	37365	
32992	0	29472	28154	37013	
32993	0	29644	28144	36588	
32994	0	29812	28196	36560	
32995	0	29988	28016	36604	
32996	0	30160	27976	36392	
32997	0	30344	28040	36264	
32998	0	30508	28176	35904	
32999	0	30692	28640	35864	
33000	0	30856	28721	35568	
33001	0	31032	27092	36116	
33002	0	31212	28812	35945	
33003	0	31388	26874	35584	
33004	0	31568	29048	35776	
33005	0	31752	26805	35381	
33006	0	31930	28329	36080	
33007	0	32096	30656	34064	
33008	0	32280	27968	35649	
33009	0	32456	29344	35140	
33010	0	32636	28532	34854	
33011	0	32812	30472	33672	
33012	0	32988	27452	35196	
33013	0	33164	28844	35304	
33014	0	33344	28340	34853	
33015	0	33505	28400	35104	
33016	0	33692	28280	35060	
33017	0	33860	28297	35104	
33018	0	34028	28400	35076	
33019	0	34200	28428	35180	
33020	0	34376	28542	35293	
33021	0	34540	28496	35378	
33022	0	34713	28444	35428	
33023	0	34876	28500	35520	
33024	0	35037	28452	35658	
33025	0	35201	28436	35808	
33026	0	35364	28320	36056	
33027	0	35521	28136	36334	
33028	0	35680	27996	36600	
33029	0	35832	27897	36788	
33030	0	35984	27796	36832	
33031	0	36136	27905	36856	
33032	0	36288	28020	36880	
33033	0	36441	28026	36756	
33034	0	36588	28040	36592	
33035	0	36724	28169	36557	
33036	0	36868	28278	36600	
33037	0	37004	28265	36644	
33038	0	37128	28237	36704	
33039	0	37268	28128	36796	
33040	0	37400	28062	36904	
33041	0	37520	27948	37020	
33042	0	37636	27868	37120	
33043	0	37752	27908	37208	
33044	0	37872	27933	37172	
33045	0	37984	27866	37272	
33046	0	38096	27744	37472	
33047	0	38196	27692	37700	
33048	0	38296	27612	37909	
33049	0	38388	27545	38004	
33050	0	38488	27560	38112	
33051	0	38580	28828	36644	
33052	0	38676	26081	37744	
33053	0	38752	27364	39796	
33054	0	38836	28328	36584	
33055	0	38916	27372	38244	
33056	0	38992	27248	39808	
33057	0	39064	26268	40865	
33058	0	39130	25648	40428	
33059	0	39196	25730	40112	
33060	0	39252	26245	39736	
33061	0	39312	26681	39844	
33062	0	39364	26833	40000	
33063	0	39412	26884	39708	
33064	0	39464	26418	39448	
33065	0	39500	26751	38872	
33066	0	39536	26608	38524	
33067	0	39572	25672	40145	
33068	0	39604	24348	41008	
33069	0	39620	23732	40836	
33070	0	39648	23720	40564	
33071	0	39672	23340	40124	
33072	0	39684	23073	41376	
33073	0	39696	22588	40640	
33074	0	39708	21904	39424	
33075	0	39712	21444	39584	
33076	0	39704	20672	39220	
33077	0	39704	19078	38076	
33078	0	39688	18120	38768	
33079	0	39680	17385	38864	
33080	0	39664	15789	37072	
33081	0	39641	15990	34076	
33082	0	39616	18170	36356	
33083	0	39601	19108	38488	
33084	0	39564	19810	38336	
33085	0	39532	20096	38632	
33086	0	39500	20257	39436	
33087	0	39460	20816	40252	
33088	0	39412	21640	40772	
33089	0	39372	22637	40960	
33090	0	39328	23862	41092	
33091	0	39276	24988	41184	
33092	0	39216	25889	41034	
33093	0	39160	26708	40704	
33094	0	39088	27476	40416	
33095	0	39036	28300	40128	
33096	0	38972	29096	39948	
33097	0	38904	29687	39908	
33098	0	38824	30213	39969	
33099	0	38756	30808	39964	
33100	0	38684	31364	39812	
33101	0	38612	31972	39368	
33102	0	38520	32508	38904	
33103	0	38448	33172	38305	
33104	0	38356	33652	37960	
33105	0	38272	34172	37516	
33106	0	38192	34576	37180	
33107	0	38096	34800	36920	
33108	0	38000	35080	36533	
33109	0	37908	35316	36224	
33110	0	37816	35536	35944	
33111	0	37720	35708	35688	
33112	0	37620	35800	35496	
33113	0	37524	35848	35392	
33114	0	37416	35856	35324	
33115	0	37312	35828	35236	
33116	0	37216	35832	35121	
33117	0	37104	35872	34988	
33118	0	37004	35928	34792	
33119	0	36900	35984	34560	
33120	0	36788	36008	34348	
33121	0	36680	36072	34216	
33122	0	36568	36040	33976	
33123	0	36464	35992	33668	
33124	0	36352	35896	33736	
33125	0	36232	35721	33261	
33126	0	36120	35564	33540	
33127	0	36012	35296	33264	
33128	0	35900	34960	33154	
33129	0	35788	34588	33016	
33130	0	35676	34269	32630	
33131	0	35561	33920	32604	
33132	0	35440	33460	32116	
33133	0	35336	32972	31649	
33134	0	35216	32428	31476	
33135	0	35100	31808	30712	
33136	0	34984	31057	30768	
33137	0	34880	30288	30432	
33138	0	34768	29464	30348	
33139	0	34660	28628	30384	
33140	0	34540	27820	30380	
33141	0	34436	27024	30292	
33142	0	34328	26104	30121	
33143	0	34224	25218	29888	
33144	0	34108	24273	29746	
33145	0	34008	23536	29549	
33146	0	33893	22794	29453	
33147	0	33800	22116	29368	
33148	0	33693	21690	29568	
33149	0	33594	21353	29528	
33150	0	33490	21220	29500	
33151	0	33396	21172	29544	
33152	0	33284	21274	29600	
33153	0	33184	21484	29713	
33154	0	33088	21833	29912	
33155	0	32996	22184	30188	
33156	0	32908	22562	30512	
33157	0	32812	22968	30852	
33158	0	32716	23432	31265	
33159	0	32624	23952	31640	
33160	0	32536	24584	31954	
33161	0	32452	25308	32124	
33162	0	32356	26048	32249	
33163	0	32280	18436	33772	
33164	0	32185	24216	30532	
33165	0	32104	23805	30068	
33166	0	32020	19021	34628	
33167	0	31936	18457	28256	
33168	0	31864	21441	32897	
33169	0	31780	22408	33740	
33170	0	31696	31656	36812	
33171	0	31617	29416	38632	
33172	0	31544	25656	42048	
33173	0	31472	24784	42656	
33174	0	31385	25024	39080	
33175	0	31320	25984	34048	
33176	0	31248	24808	34960	
33177	0	31172	28056	39176	
33178	0	31108	29228	37816	
33179	0	31040	32496	35568	
33180	0	30968	31465	35928	
33181	0	30905	31192	35448	
33182	0	30840	30024	35176	
33183	0	30776	28772	35296	
33184	0	30709	27808	35936	
33185	0	30648	27144	36304	
33186	0	30588	26968	36300	
33187	0	30528	27425	35988	
33188	0	30469	28044	35720	
33189	0	30416	28704	35432	
33190	0	30360	29202	35216	
33191	0	30300	29356	35340	
33192	0	30244	29140	35712	
33193	0	30188	28728	36272	
33194	0	30138	28160	36816	
33195	0	30089	27664	37244	
33196	0	30038	27380	37550	
33197	0	29992	27336	37624	
33198	0	29945	27508	37480	
33199	0	29897	27748	37240	
33200	0	29856	28016	36980	
33201	0	29812	28196	36760	
33202	0	29769	28304	36500	
33203	0	29732	28359	36360	
33204	0	29704	28384	36241	
33205	0	29664	28420	36132	
33206	0	29625	28442	36044	
33207	0	29596	28436	35928	
33208	0	29568	28493	35840	
33209	0	29536	28536	35856	
33210	0	29508	28572	35852	
33211	0	29488	28536	35904	
33212	0	29472	28420	36048	
33213	0	29448	28424	36080	
33214	0	29433	28124	36392	
33215	0	29420	28316	36184	
33216	0	29404	28192	36352	
33217	0	29404	28074	36484	
33218	0	29388	28180	36348	
33219	0	29385	28248	36684	
33220	0	29388	28128	36344	
33221	0	29392	28148	36488	
33222	0	29404	27845	35932	
33223	0	29408	27996	36456	
33224	0	29420	27889	36308	
33225	0	29428	27984	36316	
33226	0	29452	27748	35872	
33227	0	29464	27964	36392	
33228	0	29496	27900	35880	
33229	0	29520	28114	36384	
33230	0	29552	28100	35920	
33231	0	29596	28192	35776	
33232	0	29616	28336	35524	
33233	0	29654	28192	36028	
33234	0	29708	27988	36140	
33235	0	29752	28016	36104	
33236	0	29796	28112	35860	
33237	0	29854	28232	35632	
33238	0	29908	28068	35625	
33239	0	29957	27849	35712	
33240	0	30018	26952	36488	
33241	0	30088	27656	35712	
33242	0	30148	27440	36032	
33243	0	30216	28376	34460	
33244	0	30284	28532	35296	
33245	0	30360	27248	35896	
33246	0	30429	28112	35032	
33247	0	30512	28020	35848	
33248	0	30588	27673	35329	
33249	0	30672	29720	33960	
33250	0	30749	27972	35008	
33251	0	30832	28296	35412	
33252	0	30925	28074	34896	
33253	0	31016	28096	34656	
33254	0	31104	28174	34924	
33255	0	31192	28772	35336	
33256	0	31292	28084	34936	
33257	0	31380	28352	35332	
33258	0	31484	28334	35208	
33259	0	31580	28113	35308	
33260	0	31676	28119	35312	
33261	0	31782	28017	35373	
33262	0	31888	27984	35473	
33263	0	31988	27980	35517	
33264	0	32096	27920	35572	
33265	0	32202	27912	35572	
33266	0	32308	27936	35612	
33267	0	32417	27892	35728	
33268	0	32532	27873	35860	
33269	0	32648	27936	35892	
33270	0	32753	27936	36000	
33271	0	32868	28065	36080	
33272	0	32984	28128	36108	
33273	0	33100	28084	36236	
33274	0	33224	27952	36248	
33275	0	33332	27780	36377	
33276	0	33448	27728	36408	
33277	0	33572	27744	36364	
33278	0	33692	27796	36300	
33279	0	33812	27938	36220	
33280	0	33928	27880	36260	
33281	0	34064	27870	36204	
33282	0	34177	27780	36433	
33283	0	34312	27708	36488	
33284	0	34432	27596	36649	
33285	0	34560	27584	36728	
33286	0	34688	27564	36784	
33287	0	34816	27564	36744	
33288	0	34948	27504	36680	
33289	0	35084	27516	36616	
33290	0	35212	27609	36640	
33291	0	35344	27596	36628	
33292	0	35472	26605	36009	
33293	0	35612	27520	36757	
33294	0	35748	27432	37492	
33295	0	35892	27300	36912	
33296	0	36032	27932	36724	
33297	0	36180	27716	37964	
33298	0	36320	26400	36584	
33299	0	36456	27848	36768	
33300	0	36608	27977	37412	
33301	0	36752	27712	37961	
33302	0	36900	27488	38237	
33303	0	37048	27304	38016	
33304	0	37192	27292	38017	
33305	0	37352	26844	38208	
33306	0	37500	27004	38529	
33307	0	37656	25712	38452	
33308	0	37808	26362	38594	
33309	0	37968	27292	38592	
33310	0	38124	24216	38116	
33311	0	38280	26884	38044	
33312	0	38444	23034	38268	
33313	0	38604	27417	37540	
33314	0	38768	22933	38916	
33315	0	38934	25944	38420	
33316	0	39097	20599	40672	
33317	0	39248	26352	37652	
33318	0	39416	23172	39256	
33319	0	39580	26312	37220	
33320	0	39744	26768	37312	
33321	0	39904	22758	40480	
33322	0	40060	24736	39404	
33323	0	40220	26085	37844	
33324	0	40377	25789	38272	
33325	0	40544	25165	39092	
33326	0	40696	25097	39284	
33327	0	40852	24921	39969	
33328	0	41012	24764	37864	
33329	0	41176	25120	36036	
33330	0	41325	25488	37292	
33331	0	41480	25648	37860	
33332	0	41640	26012	38008	
33333	0	41792	26230	37716	
33334	0	41944	26185	37032	
33335	0	42096	25660	36800	
33336	0	42244	24329	36208	
33337	0	42392	23174	34816	
33338	0	42524	21505	33444	
33339	0	42676	22376	33353	
33340	0	42816	24110	33037	
33341	0	42960	23052	33032	
33342	0	43096	23841	32888	
33343	0	43232	23996	34432	
33344	0	43360	25464	34184	
33345	0	43484	25928	34816	
33346	0	43612	25581	35476	
33347	0	43736	25464	35784	
33348	0	43844	25688	36000	
33349	0	43968	25960	36180	
33350	0	44088	26164	36512	
33351	0	44188	26524	36728	
33352	0	44292	27028	36708	
33353	0	44392	27468	36512	
33354	0	44484	27800	36493	
33355	0	44576	28144	36404	
33356	0	44660	28461	36180	
33357	0	44748	28809	35936	
33358	0	44828	29153	35772	
33359	0	44900	29625	35617	
33360	0	44965	30160	35396	
33361	0	45028	30698	35212	
33362	0	45088	31092	35112	
33363	0	45148	31501	35048	
33364	0	45192	31934	35038	
33365	0	45248	32442	35068	
33366	0	45284	32948	35136	
33367	0	45312	33364	35260	
33368	0	45356	33800	35310	
33369	0	45368	34064	35256	
33370	0	45392	34284	35588	
33371	0	45408	34404	35826	
33372	0	45416	34536	35952	
33373	0	45420	34616	35882	
33374	0	45424	34788	35932	
33375	0	45420	34896	35948	
33376	0	45404	35000	35950	
33377	0	45384	35064	35948	
33378	0	45360	35100	35912	
33379	0	45336	35100	35924	
33380	0	45296	35060	35976	
33381	0	45264	35017	36060	
33382	0	45220	34929	36124	
33383	0	45180	34818	36196	
33384	0	45120	34688	36320	
33385	0	45060	34564	36508	
33386	0	45000	34456	36620	
33387	0	44928	34292	36696	
33388	0	44852	34122	36792	
33389	0	44776	33920	36956	
33390	0	44692	33712	37140	
33391	0	44596	33504	37324	
33392	0	44504	33256	37424	
33393	0	44408	33049	37512	
33394	0	44300	32836	37480	
33395	0	44200	32644	37604	
33396	0	44076	32416	37748	
33397	0	43960	32193	37864	
33398	0	43848	31984	38040	
33399	0	43728	31816	38220	
33400	0	43596	31628	38484	
33401	0	43460	31493	38636	
33402	0	43336	31341	38904	
33403	0	43204	31236	39201	
33404	0	43056	31136	39468	
33405	0	42913	31064	39672	
33406	0	42772	30956	40012	
33407	0	42624	30852	40204	
33408	0	42468	30772	40464	
33409	0	42310	30716	40644	
33410	0	42156	30628	40956	
33411	0	42004	30516	41304	
33412	0	41836	30416	41604	
33413	0	41672	30368	41948	
33414	0	41512	30308	42336	
33415	0	41344	30180	42692	
33416	0	41176	30060	43072	
33417	0	41005	29896	43372	
33418	0	40829	29704	43580	
33419	0	40664	29444	43776	
33420	0	40484	29192	43828	
33421	0	40312	28885	43728	
33422	0	40136	28516	43544	
33423	0	39964	28122	43772	
33424	0	39780	27708	42828	
33425	0	39596	27288	42576	
33426	0	39416	26805	42144	
33427	0	39228	26342	41469	
33428	0	39060	25848	40788	
33429	0	38876	25335	40000	
33430	0	38696	24850	39132	
33431	0	38512	24304	38316	
33432	0	38320	23768	37440	
33433	0	38141	23384	36484	
33434	0	37960	23096	35672	
33435	0	37772	22876	35008	
33436	0	37588	22648	34461	
33437	0	37404	22489	34076	
33438	0	37216	22344	33836	
33439	0	37040	22165	33632	
33440	0	36848	22036	33380	
33441	0	36668	21996	33056	
33442	0	36480	21993	32696	
33443	0	36304	22040	32376	
33444	0	36112	22239	31944	
33445	0	35936	22394	31585	
33446	0	35748	22525	31264	
33447	0	35572	22653	31160	
33448	0	35392	22744	31248	
33449	0	35208	22708	31176	
33450	0	35026	19012	37836	
33451	0	34858	14384	37472	
33452	0	34676	16668	31872	
33453	0	34496	24058	31760	
33454	0	34320	29332	33668	
33455	0	34140	27860	35800	
33456	0	33968	27281	37920	
33457	0	33792	28828	39056	
33458	0	33620	31464	39760	
33459	0	33440	32433	39920	
33460	0	33276	32372	41216	
33461	0	33108	32193	43992	
33462	0	32933	32364	45908	
33463	0	32772	33764	45100	
33464	0	32600	32736	43672	
33465	0	32432	30076	39448	
33466	0	32268	28220	37148	
33467	0	32105	25173	36100	
33468	0	31936	26001	34716	
33469	0	31784	25696	36156	
33470	0	31616	27941	36032	
33471	0	31456	29677	35193	
33472	0	31304	29773	33817	
33473	0	31156	28452	35752	
33474	0	31000	28736	37020	
33475	0	30836	28912	37216	
33476	0	30704	28096	36740	
33477	0	30557	27972	36580	
33478	0	30408	28348	36272	
33479	0	30272	28821	36332	
33480	0	30128	29102	36596	
33481	0	29996	29117	36540	
33482	0	29852	28840	36736	
33483	0	29720	28732	36564	
33484	0	29588	28856	36336	
33485	0	29460	29048	36013	
33486	0	29328	29256	35705	
33487	0	29208	28876	35896	
33488	0	29076	29260	35972	
33489	0	28953	29200	36200	
33490	0	28837	28780	36496	
33491	0	28717	28904	36612	
33492	0	28608	29048	36480	
33493	0	28490	28840	36613	
33494	0	28380	28988	36492	
33495	0	28269	29096	36384	
33496	0	28152	28937	36424	
33497	0	28052	29000	36440	
33498	0	27958	28940	36536	
33499	0	27854	28845	36704	
33500	0	27754	28762	36688	
33501	0	27664	28648	36612	
33502	0	27568	28652	36476	
33503	0	27473	28802	36392	
33504	0	27392	28792	36268	
33505	0	27296	28880	36232	
33506	0	27228	28877	36292	
33507	0	27140	28925	36324	
33508	0	27064	28936	36445	
33509	0	26988	28900	36484	
33510	0	26901	28824	36500	
33511	0	26840	28860	36664	
33512	0	26772	28876	36480	
33513	0	26704	28882	36548	
33514	0	26644	28905	36453	
33515	0	26584	28912	36448	
33516	0	26528	28880	36400	
33517	0	26480	28912	36396	
33518	0	26432	28920	36364	
33519	0	26378	28908	36288	
33520	0	26336	28909	36292	
33521	0	26288	28904	36312	
33522	0	26256	28877	36389	
33523	0	26217	28816	36336	
33524	0	26188	28808	36384	
33525	0	26160	28796	36280	
33526	0	26144	28744	36308	
33527	0	26116	28668	36356	
33528	0	26094	28728	36276	
33529	0	26076	28680	36352	
33530	0	26064	28709	36288	
33531	0	26056	28729	36248	
33532	0	26056	28668	36236	
33533	0	26052	28632	36316	
33534	0	26056	28572	36348	
33535	0	26060	28504	36325	
33536	0	26069	28456	36596	
33537	0	26080	28484	36545	
33538	0	26088	28429	36508	
33539	0	26116	28366	36268	
33540	0	26136	28320	36904	
33541	0	26164	28492	36228	
33542	0	26200	28216	36672	
33543	0	26228	28426	36400	
33544	0	26261	28368	36468	
33545	0	26301	28396	36424	
33546	0	26344	28352	36372	
33547	0	26396	28424	36328	
33548	0	26452	28496	36312	
33549	0	26504	28548	36320	
33550	0	26556	28492	36404	
33551	0	26620	28208	36544	
33552	0	26684	27316	36628	
33553	0	26756	27952	36944	
33554	0	26824	27252	35784	
33555	0	26896	30316	36924	
33556	0	26972	26976	38096	
33557	0	27048	32109	36172	
33558	0	27128	29865	38008	
33559	0	27212	27578	39772	
33560	0	27300	26188	33916	
33561	0	27396	28428	37792	
33562	0	27488	24158	37361	
33563	0	27576	26838	36872	
33564	0	27672	27653	34956	
33565	0	27764	25468	40844	
33566	0	27872	27096	37520	
33567	0	27968	23880	39740	
33568	0	28076	26136	36632	
33569	0	28180	25296	35593	
33570	0	28288	26062	37376	
33571	0	28396	26088	36836	
33572	0	28509	25736	37920	
33573	0	28617	26122	36784	
33574	0	28736	25692	36841	
33575	0	28845	25976	37300	
33576	0	28956	25764	37056	
33577	0	29068	25868	37056	
33578	0	29188	26084	36848	
33579	0	29309	26328	37132	
33580	0	29412	25952	37452	
33581	0	29545	26440	37348	
33582	0	29660	26313	37829	
33583	0	29785	26113	37976	
33584	0	29904	26064	38448	
33585	0	30036	25912	38540	
33586	0	30160	25768	39556	
33587	0	30284	25496	39580	
33588	0	30408	25426	40516	
33589	0	30540	24824	41092	
33590	0	30672	24916	41280	
33591	0	30804	24432	42464	
33592	0	30932	24020	43232	
33593	0	31072	23608	43744	
33594	0	31204	22696	44256	
33595	0	31336	22576	45000	
33596	0	31472	21997	45892	
33597	0	31617	21256	48124	
33598	0	31753	20496	50940	
33599	0	31892	19677	53700	
33600	0	32036	20017	54104	
33601	0	32176	20352	52384	
33602	0	32326	20776	49768	
33603	0	32476	19351	46504	
33604	0	32616	17884	45120	
33605	0	32772	19224	44712	
33606	0	32928	20410	46300	
33607	0	33080	22428	47148	
33608	0	33236	24721	47892	
33609	0	33388	25896	49956	
33610	0	33556	27296	50880	
33611	0	33712	30020	43528	
33612	0	33865	32164	36252	
33613	0	34040	29708	44608	
33614	0	34197	33068	40736	
33615	0	34360	27357	33252	
33616	0	34528	33440	28177	
33617	0	34690	35156	32118	
33618	0	34866	36228	34288	
33619	0	35033	35568	36464	
33620	0	35204	34616	37148	
33621	0	35364	34029	37004	
33622	0	35548	33600	38148	
33623	0	35716	33592	36764	
33624	0	35880	33480	36444	
33625	0	36049	33540	35845	
33626	0	36217	33924	35308	
33627	0	36389	34205	34864	
33628	0	36560	34484	34260	
33629	0	36728	34588	33564	
33630	0	36900	34556	32920	
33631	0	37064	34524	32470	
33632	0	37240	34632	32264	
33633	0	37404	34761	32376	
33634	0	37564	34796	32916	
33635	0	37728	34776	33508	
33636	0	37892	34800	33984	
33637	0	38064	34868	34332	
33638	0	38212	34928	34508	
33639	0	38376	34964	34533	
33640	0	38540	34944	34520	
33641	0	38700	34880	34580	
33642	0	38848	34864	34544	
33643	0	39008	34826	34468	
33644	0	39156	34725	34380	
33645	0	39308	34600	34384	
33646	0	39456	34400	34424	
33647	0	39600	34248	34472	
33648	0	39744	34105	34492	
33649	0	39888	33980	34524	
33650	0	40032	33796	34580	
33651	0	40172	33656	34685	
33652	0	40304	33436	34696	
33653	0	40448	33112	34708	
33654	0	40568	32704	34688	
33655	0	40696	32229	34764	
33656	0	40825	31756	34752	
33657	0	40952	31120	34740	
33658	0	41072	30396	34824	
33659	0	41184	29748	34664	
33660	0	41304	29002	34552	
33661	0	41412	28136	34328	
33662	0	41532	27373	33780	
33663	0	41632	26540	33320	
33664	0	41732	25660	32968	
33665	0	41840	24768	32577	
33666	0	41932	23940	32048	
33667	0	42040	23088	31380	
33668	0	42120	22092	30805	
33669	0	42209	21101	30392	
33670	0	42304	20088	30140	
33671	0	42376	19210	29960	
33672	0	42464	18442	29784	
33673	0	42544	17829	29712	
33674	0	42620	17336	29697	
33675	0	42684	16956	29744	
33676	0	42756	16640	29808	
33677	0	42824	16516	29820	
33678	0	42888	16569	29728	
33679	0	42956	16749	29613	
33680	0	43000	17020	29457	
33681	0	43064	17346	29420	
33682	0	43120	17768	29436	
33683	0	43172	18392	29504	
33684	0	43208	19150	29636	
33685	0	43264	19360	29953	
33686	0	43304	11964	37220	
33687	0	43352	4937	36440	
33688	0	43384	12976	47012	
33689	0	43412	25220	32962	
33690	0	43444	17716	27208	
33691	0	43468	16109	30416	
33692	0	43504	33388	26904	
33693	0	43536	33800	29452	
33694	0	43556	31604	37320	
33695	0	43576	34844	42576	
33696	0	43588	35952	45100	
33697	0	43600	36488	40412	
33698	0	43616	32972	37336	
33699	0	43628	28576	40152	
33700	0	43636	25532	37776	
33701	0	43636	23882	36176	
33702	0	43640	24656	35532	
33703	0	43640	26840	34228	
33704	0	43636	28264	33405	
33705	0	43628	29145	32592	
33706	0	43620	29805	31984	
33707	0	43612	30040	31840	
33708	0	43608	30248	31846	
33709	0	43580	30192	32540	
33710	0	43564	29424	34164	
33711	0	43552	28260	35620	
33712	0	43520	27413	37352	
33713	0	43488	27188	39556	
33714	0	43460	28045	39168	
33715	0	43424	28800	38736	
33716	0	43388	29068	38520	
33717	0	43344	29117	37548	
33718	0	43308	29069	36824	
33719	0	43256	29056	36496	
33720	0	43204	29037	36320	
33721	0	43152	28917	36292	
33722	0	43100	28812	36309	
33723	0	43024	28712	36389	
33724	0	42960	28660	36432	
33725	0	42888	28668	36420	
33726	0	42824	28688	36381	
33727	0	42740	28700	36360	
33728	0	42664	28760	36268	
33729	0	42584	28872	36188	
33730	0	42496	28904	36128	
33731	0	42412	28889	36116	
33732	0	42304	28865	36064	
33733	0	42212	28804	36140	
33734	0	42112	28724	36212	
33735	0	42009	28704	36154	
33736	0	41908	28697	36136	
33737	0	41800	28744	36064	
33738	0	41684	28864	36000	
33739	0	41560	28901	35989	
33740	0	41440	28880	35940	
33741	0	41309	28824	35988	
33742	0	41200	29076	35964	
33743	0	41072	28768	35912	
33744	0	40952	28844	36044	
33745	0	40816	28740	35988	
33746	0	40676	28812	35936	
33747	0	40544	28744	35945	
33748	0	40401	28629	36108	
33749	0	40272	28697	35992	
33750	0	40128	28708	36064	
33751	0	39992	28732	36176	
33752	0	39844	28652	36092	
33753	0	39688	28426	35892	
33754	0	39552	28428	35940	
33755	0	39396	28584	35897	
33756	0	39248	28672	36000	
33757	0	39097	28676	36108	
33758	0	38944	28712	36240	
33759	0	38788	28788	36345	
33760	0	38636	28854	36432	
33761	0	38480	28904	36448	
33762	0	38321	28948	36484	
33763	0	38164	29036	36488	
33764	0	38004	29050	36478	
33765	0	37848	29060	36433	
33766	0	37684	29025	36420	
33767	0	37524	28960	36416	
33768	0	37368	28820	36328	
33769	0	37200	28729	36264	
33770	0	37040	28656	36156	
33771	0	36876	28616	36092	
33772	0	36720	28564	36092	
33773	0	36560	28508	35992	
33774	0	36388	28504	35880	
33775	0	36232	28500	35848	
33776	0	36072	28525	35880	
33777	0	35904	28576	35968	
33778	0	35744	28580	35973	
33779	0	35584	28528	35984	
33780	0	35428	28521	35960	
33781	0	35256	28548	36036	
33782	0	35096	28596	36080	
33783	0	34952	28652	36092	
33784	0	34788	28657	36084	
33785	0	34624	28664	36076	
33786	0	34464	28708	35996	
33787	0	34304	28652	36064	
33788	0	34152	28712	36084	
33789	0	33992	28708	36168	
33790	0	33832	28780	36184	
33791	0	33680	28704	36160	
33792	0	33516	28556	36028	
33793	0	33360	28476	35916	
33794	0	33212	28517	35808	
33795	0	33056	28678	35792	
33796	0	32900	28708	35884	
33797	0	32744	28520	36069	
33798	0	32605	28332	36289	
33799	0	32445	28192	36580	
33800	0	32304	28136	36800	
33801	0	32148	28236	37132	
33802	0	32004	28280	37260	
33803	0	31856	28240	37376	
33804	0	31700	28192	37376	
33805	0	31552	28264	37224	
33806	0	31408	28304	37192	
33807	0	31268	28340	37152	
33808	0	31112	28336	37088	
33809	0	30976	28288	37184	
33810	0	30824	28144	37440	
33811	0	30680	27972	37477	
33812	0	30544	27576	37976	
33813	0	30388	27200	38228	
33814	0	30244	27068	38424	
33815	0	30108	27020	38661	
33816	0	29968	26872	39264	
33817	0	29828	26523	39776	
33818	0	29685	26365	39852	
33819	0	29545	26264	39281	
33820	0	29408	26212	37852	
33821	0	29270	25748	39244	
33822	0	29132	24140	39753	
33823	0	28992	23980	40032	
33824	0	28864	29512	36172	
33825	0	28728	25596	44256	
33826	0	28592	26500	39760	
33827	0	28456	24676	38428	
33828	0	28324	26394	37636	
33829	0	28193	26548	36332	
33830	0	28052	24732	37208	
33831	0	27920	23544	38056	
33832	0	27792	24149	38272	
33833	0	27664	24896	36880	
33834	0	27520	24432	38176	
33835	0	27404	23137	40552	
33836	0	27280	21476	40832	
33837	0	27152	20357	40348	
33838	0	27017	20432	39316	
33839	0	26908	19864	37560	
33840	0	26780	19204	36445	
33841	0	26652	17794	35952	
33842	0	26536	16905	35728	
33843	0	26416	14641	33992	
33844	0	26293	17026	32745	
33845	0	26180	18846	34644	
33846	0	26060	19356	35172	
33847	0	25956	19356	35418	
33848	0	25840	19217	36244	
33849	0	25732	19520	36468	
33850	0	25616	19796	37264	
33851	0	25509	20092	38356	
33852	0	25408	20704	39524	
33853	0	25293	21456	40344	
33854	0	25192	22309	40673	
33855	0	25097	23192	40616	
33856	0	25000	24077	40356	
33857	0	24900	24928	40060	
33858	0	24808	25708	39848	
33859	0	24716	26644	39737	
33860	0	24624	27680	39628	
33861	0	24536	28848	39344	
33862	0	24452	29892	39104	
33863	0	24376	30836	38832	
33864	0	24288	31648	38660	
33865	0	24216	32304	38556	
33866	0	24136	32542	38793	
33867	0	24068	33644	37944	
33868	0	24004	33944	37614	
33869	0	23932	34073	37940	
33870	0	23872	34637	37620	
33871	0	23812	34896	37620	
33872	0	23754	35228	37428	
33873	0	23702	35416	37320	
33874	0	23648	35484	37256	
33875	0	23604	35553	37185	
33876	0	23564	35600	37152	
33877	0	23529	35684	37120	
33878	0	23488	35777	37004	
33879	0	23456	35804	36672	
33880	0	23421	35928	36612	
33881	0	23404	36000	36340	
33882	0	23376	36132	35996	
33883	0	23358	36268	35852	
33884	0	23346	36360	35592	
33885	0	23325	36444	35449	
33886	0	23328	36432	35368	
33887	0	23320	36444	35208	
33888	0	23321	36456	35332	
33889	0	23320	36388	35196	
33890	0	23328	36306	35076	
33891	0	23344	36236	35165	
33892	0	23360	36080	35020	
33893	0	23376	35908	34828	
33894	0	23394	35752	34984	
33895	0	23426	35524	34652	
33896	0	23448	35312	34480	
33897	0	23484	35080	34432	
33898	0	23520	34836	34333	
33899	0	23564	34544	34140	
33900	0	23600	34248	34018	
33901	0	23648	33913	33913	
33902	0	23697	33390	33744	
33903	0	23752	33052	33648	
33904	0	23816	32632	33172	
33905	0	23872	32176	33432	
33906	0	23937	31720	33032	
33907	0	24008	31044	33141	
33908	0	24080	30424	32481	
33909	0	24152	29452	32192	
33910	0	24234	28113	32576	
33911	0	24309	26928	32065	
33912	0	24396	25788	31773	
33913	0	24480	24609	32056	
33914	0	24572	23705	31256	
33915	0	24660	23172	30332	
33916	0	24762	21964	30392	
33917	0	24860	21080	30304	
33918	0	24960	20468	29412	
33919	0	25060	19896	29377	
33920	0	25168	19661	28729	
33921	0	25272	19588	28304	
33922	0	25380	19452	28320	
33923	0	25496	19796	27728	
33924	0	25608	20457	26820	
33925	0	25732	20912	27249	
33926	0	25848	19735	22912	
33927	0	25968	14812	31361	
33928	0	26088	12499	32208	
33929	0	26217	11450	30640	
33930	0	26352	14460	26712	
33931	0	26480	19338	17292	
33932	0	26612	22972	29228	
33933	0	26740	31005	38328	
33934	0	26877	32352	41136	
33935	0	27012	35860	36252	
33936	0	27152	33872	42136	
33937	0	27296	31034	42420	
33938	0	27432	25380	41088	
33939	0	27581	22416	42508	
33940	0	27736	23568	42012	
33941	0	27880	25240	41092	
33942	0	28024	26629	40001	
33943	0	28180	28220	38232	
33944	0	28329	28760	36184	
33945	0	28488	29684	34864	
33946	0	28650	30212	34186	
33947	0	28808	30440	34224	
33948	0	28972	29460	34288	
33949	0	29133	29528	35000	
33950	0	29300	29400	35552	
33951	0	29464	29180	35978	
33952	0	29633	28865	36296	
33953	0	29804	28608	36672	
33954	0	29976	28620	36752	
33955	0	30148	28576	36920	
33956	0	30320	28528	37028	
33957	0	30500	28605	37052	
33958	0	30672	28656	37160	
33959	0	30856	28617	37172	
33960	0	31032	28572	37200	
33961	0	31216	28552	37120	
33962	0	31397	28524	37132	
33963	0	31586	28602	36928	
33964	0	31776	28636	36980	
33965	0	31958	28668	36942	
33966	0	32152	28682	36960	
33967	0	32340	28629	36956	
33968	0	32534	28626	37048	
33969	0	32724	28600	37092	
33970	0	32920	28632	37020	
33971	0	33120	28700	37016	
33972	0	33312	28748	36920	
33973	0	33508	28784	36920	
33974	0	33712	28768	36884	
33975	0	33909	28814	36800	
33976	0	34112	28832	36744	
33977	0	34308	28848	36752	
33978	0	34508	28836	36760	
33979	0	34716	28837	36700	
33980	0	34916	28888	36652	
33981	0	35113	28872	36592	
33982	0	35312	28922	36508	
33983	0	35514	28969	36460	
33984	0	35712	29004	36388	
33985	0	35908	29028	36432	
33986	0	36112	28996	36468	
33987	0	36308	28988	36472	
33988	0	36504	28957	36504	
33989	0	36704	28924	36588	
33990	0	36892	28972	36508	
33991	0	37084	29016	36449	
33992	0	37276	29018	36444	
33993	0	37460	29080	36432	
33994	0	37648	29089	36404	
33995	0	37840	29057	36470	
33996	0	38024	29028	36493	
33997	0	38208	28997	36536	
33998	0	38392	28936	36488	
33999	0	38568	28961	36400	
34000	0	38744	29020	36244	
34001	0	38920	29184	36172	
34002	0	39092	29312	35780	
34003	0	39264	29324	35820	
34004	0	39432	29308	35812	
34005	0	39588	29293	35868	
34006	0	39752	29248	35904	
34007	0	39916	29133	35952	
34008	0	40068	29066	36068	
34009	0	40224	29012	36201	
34010	0	40380	29028	36236	
34011	0	40528	29060	36216	
34012	0	40672	29100	36196	
34013	0	40808	29156	36204	
34014	0	40948	29196	36292	
34015	0	41084	29141	36388	
34016	0	41216	29037	36496	
34017	0	41344	28932	36608	
34018	0	41472	28844	36768	
34019	0	41596	28874	36808	
34020	0	41704	28904	36816	
34021	0	41820	28932	36768	
34022	0	41928	28968	36812	
34023	0	42032	28904	36928	
34024	0	42136	28856	36960	
34025	0	42236	28836	36969	
34026	0	42332	28876	36884	
34027	0	42412	28920	36892	
34028	0	42508	28964	36789	
34029	0	42592	28905	36748	
34030	0	42660	28896	36628	
34031	0	42736	28928	36584	
34032	0	42808	28912	36716	
34033	0	42872	28872	36880	
34034	0	42936	28832	37076	
34035	0	43000	28732	37308	
34036	0	43044	28560	37608	
34037	0	43100	28480	37792	
34038	0	43140	28393	37968	
34039	0	43188	28292	38124	
34040	0	43216	28260	38244	
34041	0	43244	28184	38368	
34042	0	43272	27962	38989	
34043	0	43304	27928	39480	
34044	0	43320	27708	39456	
34045	0	43340	27461	40148	
34046	0	43332	27328	40212	
34047	0	43372	27117	40836	
34048	0	43360	27348	41076	
34049	0	43360	27057	40512	
34050	0	43352	25993	39636	
34051	0	43352	26785	38345	
34052	0	43340	26977	37932	
34053	0	43328	27568	38704	
34054	0	43308	28552	37204	
34055	0	43280	30900	34784	
34056	0	43256	27920	43516	
34057	0	43228	27092	42457	
34058	0	43192	24036	40428	
34059	0	43156	26444	36508	
34060	0	43110	25189	37432	
34061	0	43072	23482	44408	
34062	0	43020	23120	44956	
34063	0	42965	22532	43896	
34064	0	42904	22277	43400	
34065	0	42848	21856	42360	
34066	0	42780	21656	41952	
34067	0	42724	21257	41104	
34068	0	42634	21124	39368	
34069	0	42556	18296	37496	
34070	0	42484	18290	36896	
34071	0	42400	20604	37142	
34072	0	42312	21028	37836	
34073	0	42220	21017	37688	
34074	0	42140	20792	38616	
34075	0	42040	20640	39684	
34076	0	41944	20580	40904	
34077	0	41844	20992	41837	
34078	0	41732	21604	42136	
34079	0	41636	22308	42384	
34080	0	41532	22984	42336	
34081	0	41416	23776	42048	
34082	0	41308	24512	41484	
34083	0	41192	25072	41113	
34084	0	41080	25658	40760	
34085	0	40964	26304	40332	
34086	0	40832	27056	39824	
34087	0	40720	27796	39416	
34088	0	40576	28500	39156	
34089	0	40452	29153	39052	
34090	0	40325	29740	39048	
34091	0	40192	30245	38952	
34092	0	40064	30733	38769	
34093	0	39924	31204	38485	
34094	0	39796	31716	38148	
34095	0	39648	32272	37716	
34096	0	39504	32826	37212	
34097	0	39360	33356	36744	
34098	0	39216	33868	36300	
34099	0	39072	34305	35912	
34100	0	38924	34640	35585	
34101	0	38776	34892	35348	
34102	0	38628	35040	35236	
34103	0	38476	35128	35176	
34104	0	38316	35204	35080	
34105	0	38172	35280	34988	
34106	0	38016	35328	34876	
34107	0	37852	35376	34772	
34108	0	37692	35452	34568	
34109	0	37528	35504	34364	
34110	0	37388	35572	34216	
34111	0	37208	35577	34170	
34112	0	37048	35644	33956	
34113	0	36880	35632	33921	
34114	0	36720	35652	34177	
34115	0	36548	35532	33876	
34116	0	36380	35392	33736	
34117	0	36212	35332	33965	
34118	0	36045	35160	33661	
34119	0	35884	35044	33500	
34120	0	35704	35029	33756	
34121	0	35536	34865	33396	
34122	0	35360	34592	32236	
34123	0	35188	34610	33192	
34124	0	35012	34444	32920	
34125	0	34844	34148	32832	
34126	0	34680	33808	32820	
34127	0	34500	33444	32848	
34128	0	34316	33085	32908	
34129	0	34144	32692	32964	
34130	0	33968	32352	32889	
34131	0	33801	32073	32617	
34132	0	33628	31736	32224	
34133	0	33445	31160	31904	
34134	0	33272	30456	31688	
34135	0	33096	29584	31660	
34136	0	32916	28888	31720	
34137	0	32748	28112	31808	
34138	0	32576	27344	31872	
34139	0	32400	26545	31720	
34140	0	32218	25741	31380	
34141	0	32048	24920	30864	
34142	0	31872	24168	30276	
34143	0	31696	23448	29664	
34144	0	31520	22792	29096	
34145	0	31348	22064	28961	
34146	0	31168	21348	28088	
34147	0	31000	20566	28068	
34148	0	30828	19899	28196	
34149	0	30656	19697	28032	
34150	0	30488	19510	27017	
34151	0	30317	19493	27624	
34152	0	30144	19858	27786	
34153	0	29980	20350	27192	
34154	0	29808	20741	27425	
34155	0	29644	12636	23201	
34156	0	29476	11652	35116	
34157	0	29308	11940	34160	
34158	0	29144	8330	31480	
34159	0	28988	15177	28265	
34160	0	28817	20940	23876	
34161	0	28664	34452	43021	
34162	0	28496	33208	47772	
34163	0	28340	31520	40212	
34164	0	28184	31396	41028	
34165	0	28021	29572	41960	
34166	0	27864	26368	41672	
34167	0	27712	26124	40985	
34168	0	27552	26664	40268	
34169	0	27404	27416	38720	
34170	0	27258	26908	37792	
34171	0	27100	27557	36760	
34172	0	26946	27824	34960	
34173	0	26800	28844	33368	
34174	0	26656	29540	32884	
34175	0	26516	30016	33097	
34176	0	26368	29540	33752	
34177	0	26229	29420	34456	
34178	0	26080	29220	35272	
34179	0	25944	28484	36320	
34180	0	25800	27956	37148	
34181	0	25664	27934	37352	
34182	0	25528	27620	37944	
34183	0	25396	27653	38008	
34184	0	25257	27960	37792	
34185	0	25120	28202	37624	
34186	0	24992	28220	37432	
34187	0	24861	28576	36973	
34188	0	24725	28732	36640	
34189	0	24596	28416	36602	
34190	0	24472	28592	36201	
34191	0	24346	28692	36088	
34192	0	24225	28308	36228	
34193	0	24100	28532	36160	
34194	0	23977	28564	35984	
34195	0	23858	28616	35964	
34196	0	23740	28672	35904	
34197	0	23624	28784	35868	
34198	0	23508	28712	35904	
34199	0	23392	28604	36024	
34200	0	23274	28476	36196	
34201	0	23167	28404	36372	
34202	0	23064	28252	36596	
34203	0	22952	28296	36713	
34204	0	22848	28216	36753	
34205	0	22744	28170	36736	
34206	0	22633	28192	36714	
34207	0	22536	28290	36568	
34208	0	22440	28284	36428	
34209	0	22337	28436	36178	
34210	0	22242	28496	35988	
34211	0	22148	28548	35812	
34212	0	22056	28544	35669	
34213	0	21960	28604	35593	
34214	0	21872	28632	35528	
34215	0	21784	28670	35532	
34216	0	21682	28705	35606	
34217	0	21628	28720	35640	
34218	0	21528	28660	35620	
34219	0	21460	28545	35680	
34220	0	21382	28478	35732	
34221	0	21296	28352	35768	
34222	0	21228	28348	35728	
34223	0	21148	28360	35752	
34224	0	21076	28352	35840	
34225	0	21008	28386	35864	
34226	0	20940	28340	35916	
34227	0	20868	28280	35904	
34228	0	20816	28236	35944	
34229	0	20746	28205	35972	
34230	0	20684	28204	35904	
34231	0	20629	28228	35868	
34232	0	20565	28224	35900	
34233	0	20516	28264	35896	
34234	0	20452	28260	35808	
34235	0	20404	28241	35716	
34236	0	20360	28293	35764	
34237	0	20292	28376	35788	
34238	0	20264	28344	35776	
34239	0	20216	28373	35797	
34240	0	20176	28428	35824	
34241	0	20140	28416	35793	
34242	0	20100	28437	35696	
34243	0	20065	28525	35584	
34244	0	20038	28550	35496	
34245	0	20008	28636	35401	
34246	0	19976	28709	35408	
34247	0	19952	28664	35386	
34248	0	19928	28616	35396	
34249	0	19913	28573	35420	
34250	0	19890	28585	35440	
34251	0	19881	28533	35532	
34252	0	19869	28480	35616	
34253	0	19858	28338	35748	
34254	0	19852	28276	35888	
34255	0	19852	28134	36256	
34256	0	19848	28064	36548	
34257	0	19856	27968	36728	
34258	0	19873	27952	36800	
34259	0	19872	28000	36864	
34260	0	19884	28044	36844	
34261	0	19901	28001	36908	
34262	0	19912	27944	37014	
34263	0	19940	27872	37092	
34264	0	19956	27928	37072	
34265	0	19988	27932	37104	
34266	0	20020	27856	37220	
34267	0	20052	27848	37241	
34268	0	20089	27864	37297	
34269	0	20125	27788	37300	
34270	0	20176	27712	37384	
34271	0	20215	27684	37452	
34272	0	20268	27580	37504	
34273	0	20312	27484	37472	
34274	0	20368	27390	37596	
34275	0	20430	27400	37396	
34276	0	20492	27560	35900	
34277	0	20556	25181	40704	
34278	0	20624	27116	38068	
34279	0	20697	26620	38476	
34280	0	20772	27252	39980	
34281	0	20845	26784	40284	
34282	0	20928	26244	40732	
34283	0	21013	26209	39720	
34284	0	21097	26984	39528	
34285	0	21178	26944	39384	
34286	0	21269	26416	39848	
34287	0	21368	26580	39632	
34288	0	21460	26744	39348	
34289	0	21561	26876	38680	
34290	0	21660	24428	38916	
34291	0	21761	25472	38618	
34292	0	21874	25793	38868	
34293	0	21982	23400	40257	
34294	0	22090	22501	40560	
34295	0	22196	23796	38632	
34296	0	22316	23977	37628	
34297	0	22437	21893	40284	
34298	0	22560	21985	41940	
34299	0	22676	22328	41128	
34300	0	22794	22380	39836	
34301	0	22924	21748	38668	
34302	0	23052	21174	36408	
34303	0	23185	20026	35140	
34304	0	23312	19725	35620	
34305	0	23448	20654	35688	
34306	0	23584	17482	33164	
34307	0	23724	19336	30384	
34308	0	23864	21234	33137	
34309	0	24000	22032	34740	
34310	0	24144	22071	35300	
34311	0	24281	21772	36372	
34312	0	24436	21820	36776	
34313	0	24576	22024	37952	
34314	0	24736	22626	37744	
34315	0	24888	22992	38380	
34316	0	25036	23456	37676	
34317	0	25190	23885	38500	
34318	0	25358	24445	38640	
34319	0	25512	25016	38640	
34320	0	25672	25560	38552	
34321	0	25834	26092	38517	
34322	0	25997	26709	38528	
34323	0	26156	27276	38352	
34324	0	26336	27888	38008	
34325	0	26500	28636	37536	
34326	0	26668	29476	37012	
34327	0	26842	30276	36576	
34328	0	27000	30812	36360	
34329	0	27181	31188	36364	
34330	0	27352	31488	36576	
34331	0	27532	31748	36816	
34332	0	27708	32052	36900	
34333	0	27880	32404	36836	
34334	0	28065	32740	36696	
34335	0	28240	33028	36628	
34336	0	28416	33232	36604	
34337	0	28600	33416	36512	
34338	0	28780	33560	36516	
34339	0	28964	33676	36516	
34340	0	29140	33760	36524	
34341	0	29328	33900	36436	
34342	0	29508	34052	36228	
34343	0	29692	34208	36037	
34344	0	29876	34388	35824	
34345	0	30060	34580	35632	
34346	0	30248	34724	35476	
34347	0	30424	34856	35332	
34348	0	30604	34984	35296	
34349	0	30792	35148	35192	
34350	0	30973	35276	35132	
34351	0	31148	35412	35084	
34352	0	31344	35480	35006	
34353	0	31528	35528	34900	
34354	0	31712	35568	34856	
34355	0	31892	35604	34768	
34356	0	32074	35564	34684	
34357	0	32256	35536	34548	
34358	0	32432	35416	34440	
34359	0	32620	35316	34280	
34360	0	32800	35152	34013	
34361	0	32980	35064	34000	
34362	0	33160	34820	33689	
34363	0	33336	34444	33504	
34364	0	33516	34081	33560	
34365	0	33696	33716	33556	
34366	0	33872	33257	33412	
34367	0	34056	32784	33369	
34368	0	34224	32296	33132	
34369	0	34404	31769	32840	
34370	0	34585	31208	32493	
34371	0	34752	30520	32101	
34372	0	34924	29728	31744	
34373	0	35104	28848	31416	
34374	0	35268	27816	31156	
34375	0	35436	26696	30996	
34376	0	35616	25644	30836	
34377	0	35776	24684	30636	
34378	0	35952	23744	30356	
34379	0	36108	22929	29892	
34380	0	36272	22104	28741	
34381	0	36428	21589	28824	
34382	0	36592	21097	28078	
34383	0	36756	20626	28052	
34384	0	36908	20214	27465	
34385	0	37056	19908	25800	
34386	0	37220	19740	27332	
34387	0	37352	19629	27072	
34388	0	37508	19708	27404	
34389	0	37648	20100	26708	
34390	0	37796	20736	26268	
34391	0	37932	21800	26356	
34392	0	38072	12845	18888	
34393	0	38208	8857	33688	
34394	0	38336	9445	40473	
34395	0	38468	14930	33224	
34396	0	38592	23108	30345	
34397	0	38724	23865	37400	
34398	0	38844	28912	41640	
34399	0	38960	33240	43312	
34400	0	39076	33033	41832	
34401	0	39196	29301	42280	
34402	0	39296	26088	37668	
34403	0	39400	24900	35912	
34404	0	39512	27293	36668	
34405	0	39616	29444	37656	
34406	0	39704	30576	37580	
34407	0	39805	30656	37088	
34408	0	39888	30012	36504	
34409	0	39984	29428	36644	
34410	0	40068	29049	36645	
34411	0	40148	28513	36493	
34412	0	40232	28120	36492	
34413	0	40312	28100	36433	
34414	0	40380	28302	36168	
34415	0	40448	28708	35756	
34416	0	40512	29200	35468	
34417	0	40572	29568	35364	
34418	0	40632	29740	35392	
34419	0	40684	29713	35536	
34420	0	40740	29520	35936	
34421	0	40784	29292	36321	
34422	0	40832	28996	36688	
34423	0	40868	28774	36984	
34424	0	40912	28677	37141	
34425	0	40948	28680	37124	
34426	0	40968	28729	37096	
34427	0	40996	28832	37024	
34428	0	41020	28972	36944	
34429	0	41044	29012	36928	
34430	0	41044	29028	36912	
34431	0	41064	29024	36873	
34432	0	41076	28972	36912	
34433	0	41072	28916	36960	
34434	0	41084	28916	37012	
34435	0	41072	28968	36824	
34436	0	41064	28956	36756	
34437	0	41056	29028	36704	
34438	0	41052	29060	36732	
34439	0	41028	29066	36728	
34440	0	41012	29068	36728	
34441	0	40977	29060	36724	
34442	0	40960	29060	36688	
34443	0	40936	29020	36656	
34444	0	40896	29072	36552	
34445	0	40856	29144	36456	
34446	0	40816	29196	36356	
34447	0	40772	29172	36368	
34448	0	40732	29153	36392	
34449	0	40680	29112	36432	
34450	0	40616	29044	36501	
34451	0	40564	28996	36552	
34452	0	40504	28941	36600	
34453	0	40440	28932	36628	
34454	0	40372	28936	36664	
34455	0	40300	28941	36713	
34456	0	40232	28984	36712	
34457	0	40152	28984	36676	
34458	0	40080	28960	36704	
34459	0	40000	28969	36704	
34460	0	39912	28960	36612	
34461	0	39832	28964	36588	
34462	0	39736	28988	36552	
34463	0	39640	28984	36564	
34464	0	39560	28992	36512	
34465	0	39448	28965	36472	
34466	0	39356	28936	36392	
34467	0	39252	28904	36245	
34468	0	39156	29277	36224	
34469	0	39044	28264	36164	
34470	0	38936	28964	35912	
34471	0	38820	28996	35936	
34472	0	38708	29024	36092	
34473	0	38596	29108	35840	
34474	0	38480	29204	35612	
34475	0	38360	29285	35581	
34476	0	38244	28589	35838	
34477	0	38124	29072	35776	
34478	0	38004	29080	35740	
34479	0	37884	29052	35840	
34480	0	37752	29004	35920	
34481	0	37624	28972	35961	
34482	0	37492	28904	36048	
34483	0	37368	28848	36100	
34484	0	37232	28769	36132	
34485	0	37100	28788	36176	
34486	0	36956	28864	36161	
34487	0	36832	28936	36120	
34488	0	36700	29008	36064	
34489	0	36560	29028	35985	
34490	0	36416	29000	35988	
34491	0	36264	28952	36161	
34492	0	36132	28928	36280	
34493	0	35992	28906	36316	
34494	0	35852	28898	36292	
34495	0	35708	28896	36256	
34496	0	35568	28940	36312	
34497	0	35424	28889	36472	
34498	0	35276	28728	36673	
34499	0	35128	28581	36852	
34500	0	34980	28494	37016	
34501	0	34841	28480	37033	
34502	0	34692	28496	37040	
34503	0	34552	28541	36952	
34504	0	34405	28588	36892	
34505	0	34256	28628	36860	
34506	0	34112	28641	36841	
34507	0	33972	28676	36864	
34508	0	33820	28624	36960	
34509	0	33676	28480	37148	
34510	0	33536	28304	37232	
34511	0	33388	28261	37292	
34512	0	33232	28249	37272	
34513	0	33096	28362	37152	
34514	0	32944	28424	37040	
34515	0	32804	28484	36992	
34516	0	32672	28473	37020	
34517	0	32528	28436	37049	
34518	0	32384	28408	37185	
34519	0	32240	28368	37256	
34520	0	32108	28376	37248	
34521	0	31972	28352	37224	
34522	0	31828	28344	37264	
34523	0	31696	28272	37412	
34524	0	31552	28142	37508	
34525	0	31412	28020	37620	
34526	0	31284	28000	37792	
34527	0	31152	28856	39368	
34528	0	31024	27348	38276	
34529	0	30888	26700	38368	
34530	0	30760	27524	39980	
34531	0	30636	27204	39856	
34532	0	30504	29108	40796	
34533	0	30376	23961	39432	
34534	0	30252	27200	39200	
34535	0	30128	25424	39684	
34536	0	30016	27384	39580	
34537	0	29892	26989	39328	
34538	0	29772	27296	39520	
34539	0	29660	27324	39680	
34540	0	29540	27560	40000	
34541	0	29425	26948	39708	
34542	0	29312	26680	39884	
34543	0	29204	26734	40560	
34544	0	29100	25768	40596	
34545	0	29000	25946	40500	
34546	0	28888	25177	38228	
34547	0	28788	24788	38712	
34548	0	28688	24176	37968	
34549	0	28588	23328	40444	
34550	0	28493	23072	43396	
34551	0	28398	23390	42628	
34552	0	28308	23596	40536	
34553	0	28216	23436	39256	
34554	0	28129	22729	38565	
34555	0	28044	21900	37936	
34556	0	27964	20949	37080	
34557	0	27880	19753	35690	
34558	0	27812	21313	34401	
34559	0	27728	21764	36704	
34560	0	27660	22584	36528	
34561	0	27589	22869	36524	
34562	0	27528	22605	37440	
34563	0	27472	22117	38176	
34564	0	27412	21890	38752	
34565	0	27353	21912	39324	
34566	0	27296	22164	39580	
34567	0	27237	22545	39696	
34568	0	27204	22970	39636	
34569	0	27152	23361	39480	
34570	0	27109	23668	39520	
34571	0	27072	23930	39604	
34572	0	27040	24274	39656	
34573	0	27002	24696	39588	
34574	0	26977	25256	39328	
34575	0	26948	26058	39100	
34576	0	26918	26896	38728	
34577	0	26901	27576	38588	
34578	0	26888	28274	38400	
34579	0	26884	28932	38412	
34580	0	26864	29481	38517	
34581	0	26856	29960	38420	
34582	0	26849	30437	38268	
34583	0	26852	30952	37956	
34584	0	26854	31408	37636	
34585	0	26860	31884	37252	
34586	0	26864	32236	36844	
34587	0	26880	32596	36484	
34588	0	26896	32876	36204	
34589	0	26916	33112	36016	
34590	0	26944	33260	35920	
34591	0	26960	33384	35876	
34592	0	26988	33472	35888	
34593	0	27012	33568	35848	
34594	0	27048	33628	35836	
34595	0	27088	33776	35740	
34596	0	27132	33896	35632	
34597	0	27172	34068	35448	
34598	0	27214	34217	35237	
34599	0	27260	34340	35020	
34600	0	27320	34409	34852	
34601	0	27369	34476	34712	
34602	0	27428	34448	34560	
34603	0	27488	34409	34426	
34604	0	27550	34400	34268	
34605	0	27620	34344	34112	
34606	0	27682	34296	33980	
34607	0	27752	34237	33856	
34608	0	27828	34173	33752	
34609	0	27904	34121	33636	
34610	0	27980	34060	33536	
34611	0	28065	33969	33516	
34612	0	28148	33920	33488	
34613	0	28232	33856	33412	
34614	0	28324	33813	33272	
34615	0	28416	33728	33208	
34616	0	28512	33584	33136	
34617	0	28604	33428	32928	
34618	0	28704	33212	32700	
34619	0	28808	32808	32512	
34620	0	28912	32145	32364	
34621	0	29016	31532	32212	
34622	0	29128	30953	32001	
34623	0	29240	30264	31864	
34624	0	29352	29388	31680	
34625	0	29468	28361	31476	
34626	0	29588	27304	31240	
34627	0	29704	26456	30808	
34628	0	29828	25693	30185	
34629	0	29948	24912	29620	
34630	0	30081	23965	28904	
34631	0	30208	23137	28160	
34632	0	30336	22500	27662	
34633	0	30468	21818	27149	
34634	0	30604	21134	26636	
34635	0	30744	20453	26332	
34636	0	30880	19889	26212	
34637	0	31017	19530	26086	
34638	0	31160	19341	25876	
34639	0	31308	19093	25602	
34640	0	31448	19041	25310	
34641	0	31592	19384	25090	
34642	0	31740	20028	24764	
34643	0	31884	20828	24368	
34644	0	32032	21908	23905	
34645	0	32188	23280	23586	
34646	0	32340	14810	23437	
34647	0	32488	12768	17568	
34648	0	32636	14832	37192	
34649	0	32792	12444	35376	
34650	0	32952	27908	27568	
34651	0	33108	34248	41648	
34652	0	33260	34440	43108	
34653	0	33412	33121	46276	
34654	0	33568	23862	47077	
34655	0	33724	17704	44740	
34656	0	33880	23779	39996	
34657	0	34036	27297	38932	
34658	0	34192	29140	40568	
34659	0	34344	28312	41812	
34660	0	34496	27732	40144	
34661	0	34652	28576	37808	
34662	0	34812	29212	36984	
34663	0	34960	28700	37028	
34664	0	35104	27868	36921	
34665	0	35256	27361	36569	
34666	0	35408	27168	35800	
34667	0	35556	27962	35292	
34668	0	35701	28108	34968	
34669	0	35848	28204	35036	
34670	0	35988	28264	34968	
34671	0	36132	28544	34872	
34672	0	36280	28620	34972	
34673	0	36417	28488	35424	
34674	0	36552	28304	35904	
34675	0	36696	28184	36252	
34676	0	36824	28058	36560	
34677	0	36952	27896	36924	
34678	0	37084	27780	37208	
34679	0	37220	27756	37324	
34680	0	37344	27788	37281	
34681	0	37472	27856	37169	
34682	0	37584	27885	37109	
34683	0	37712	27916	37076	
34684	0	37836	27640	37504	
34685	0	37952	28084	36800	
34686	0	38072	28092	36588	
34687	0	38172	28020	36664	
34688	0	38292	28352	36316	
34689	0	38408	28040	36536	
34690	0	38512	28060	36448	
34691	0	38616	28000	36480	
34692	0	38728	28244	36084	
34693	0	38828	28353	35856	
34694	0	38924	27952	36201	
34695	0	39028	28360	35692	
34696	0	39136	28468	35472	
34697	0	39224	28269	35572	
34698	0	39312	28457	35304	
34699	0	39409	28345	35282	
34700	0	39496	28521	35053	
34701	0	39584	28361	35128	
34702	0	39672	28448	34936	
34703	0	39768	28270	35040	
34704	0	39832	28008	35204	
34705	0	39901	27500	34380	
34706	0	39980	28157	35088	
34707	0	40056	27968	34964	
34708	0	40120	28140	34940	
34709	0	40192	28077	35232	
34710	0	40253	28164	35264	
34711	0	40312	28048	35396	
34712	0	40372	27972	35509	
34713	0	40424	27920	35588	
34714	0	40480	27808	35656	
34715	0	40524	27700	35726	
34716	0	40569	27676	35704	
34717	0	40608	27684	35648	
34718	0	40652	27722	35502	
34719	0	40680	27800	35374	
34720	0	40716	27884	35293	
34721	0	40740	27968	35124	
34722	0	40768	27980	34936	
34723	0	40780	27924	34848	
34724	0	40776	27930	34748	
34725	0	40812	28016	34524	
34726	0	40816	28132	34400	
34727	0	40824	28240	34432	
34728	0	40832	28280	34496	
34729	0	40820	28321	34509	
34730	0	40816	28260	34476	
34731	0	40801	28196	34432	
34732	0	40796	28096	34432	
34733	0	40773	28048	34476	
34734	0	40752	28024	34500	
34735	0	40732	28037	34440	
34736	0	40704	28044	34420	
34737	0	40672	28080	34392	
34738	0	40640	28128	34404	
34739	0	40596	28104	34604	
34740	0	40548	28076	34801	
34741	0	40508	27978	34888	
34742	0	40452	27932	34924	
34743	0	40400	27984	35072	
34744	0	40344	28048	35180	
34745	0	40280	28116	35208	
34746	0	40224	28104	35268	
34747	0	40160	28004	35364	
34748	0	40084	27960	35380	
34749	0	40016	27972	35392	
34750	0	39928	27944	35514	
34751	0	39864	27956	35661	
34752	0	39776	27888	35988	
34753	0	39692	27760	36144	
34754	0	39600	27560	36272	
34755	0	39516	27504	36394	
34756	0	39428	27448	36572	
34757	0	39324	27460	36561	
34758	0	39236	27536	36520	
34759	0	39136	27670	36500	
34760	0	39033	27696	36580	
34761	0	38928	27564	36596	
34762	0	38836	27508	36600	
34763	0	38720	27424	36624	
34764	0	38617	27412	36548	
34765	0	38504	27440	36516	
34766	0	38392	27496	36500	
34767	0	38280	27548	36536	
34768	0	38176	27540	36592	
34769	0	38060	27468	36600	
34770	0	37952	27421	36664	
34771	0	37832	27361	36692	
34772	0	37720	27344	36724	
34773	0	37600	27300	36884	
34774	0	37480	27200	37181	
34775	0	37352	27232	36916	
34776	0	37244	27440	37328	
34777	0	37113	26796	36904	
34778	0	36996	26881	37044	
34779	0	36872	27176	37476	
34780	0	36752	27140	37720	
34781	0	36640	26932	37956	
34782	0	36508	26052	37876	
34783	0	36392	26846	38548	
34784	0	36268	25210	38976	
34785	0	36152	26111	39836	
34786	0	36028	24024	40724	
34787	0	35898	25640	39968	
34788	0	35776	24685	39684	
34789	0	35648	25656	38340	
34790	0	35536	21265	39040	
34791	0	35404	26533	37128	
34792	0	35288	17697	39940	
34793	0	35168	27030	37104	
34794	0	35044	24224	38358	
34795	0	34925	28552	36368	
34796	0	34804	24170	38880	
34797	0	34688	28369	36840	
34798	0	34568	17617	45888	
34799	0	34444	25813	38468	
34800	0	34328	17584	46808	
34801	0	34212	23488	37568	
34802	0	34096	17700	45256	
34803	0	33972	22288	37518	
34804	0	33865	19305	44516	
34805	0	33748	22232	38456	
34806	0	33632	21536	40144	
34807	0	33520	21313	38520	
34808	0	33408	21004	37628	
34809	0	33296	20924	38024	
34810	0	33184	20233	37569	
34811	0	33076	22044	36688	
34812	0	32964	18560	32696	
34813	0	32856	19944	30996	
34814	0	32744	23368	31712	
34815	0	32648	21600	33560	
34816	0	32544	21813	33524	
34817	0	32432	21412	34448	
34818	0	32332	21812	35136	
34819	0	32232	22564	35640	
34820	0	32132	23366	35776	
34821	0	32040	23984	35796	
34822	0	31936	24604	36072	
34823	0	31840	25166	36456	
34824	0	31748	25680	36748	
34825	0	31656	26273	36892	
34826	0	31557	26604	35760	
34827	0	31464	27392	36372	
34828	0	31380	28036	36373	
34829	0	31290	29644	38096	
34830	0	31200	29088	35480	
34831	0	31108	30133	35864	
34832	0	31028	30924	35812	
34833	0	30944	31524	35661	
34834	0	30860	32012	35692	
34835	0	30776	31944	35104	
34836	0	30688	32568	35180	
34837	0	30616	32976	34988	
34838	0	30533	33324	34744	
34839	0	30464	33736	34448	
34840	0	30384	33752	34128	
34841	0	30308	33732	33888	
34842	0	30240	34484	33760	
34843	0	30172	33640	33904	
34844	0	30088	35525	33628	
34845	0	30028	34340	33728	
34846	0	29956	33704	34296	
34847	0	29898	35224	33584	
34848	0	29836	34488	33905	
34849	0	29774	34024	34257	
34850	0	29716	34521	34036	
34851	0	29660	34540	34108	
34852	0	29604	34636	34617	
34853	0	29552	34384	34944	
34854	0	29488	34224	35032	
34855	0	29444	34048	35156	
34856	0	29396	33992	35188	
34857	0	29360	33988	35196	
34858	0	29309	33952	35224	
34859	0	29276	33880	35272	
34860	0	29240	33816	35309	
34861	0	29200	33728	35376	
34862	0	29172	33644	35416	
34863	0	29140	33580	35464	
34864	0	29120	33476	35528	
34865	0	29092	33348	35620	
34866	0	29068	33234	35710	
34867	0	29052	33089	35768	
34868	0	29032	32992	35820	
34869	0	29026	32892	35976	
34870	0	29012	32812	36117	
34871	0	29008	32681	36280	
34872	0	29004	32528	36484	
34873	0	29000	32513	36512	
34874	0	29004	32468	36500	
34875	0	29016	32360	36552	
34876	0	29024	32256	36713	
34877	0	29032	32084	36912	
34878	0	29048	31924	37140	
34879	0	29060	31768	37276	
34880	0	29084	31560	37500	
34881	0	29104	31300	37728	
34882	0	29136	31114	37916	
34883	0	29172	30900	38176	
34884	0	29192	30684	38392	
34885	0	29234	30428	38588	
34886	0	29276	30204	38788	
34887	0	29300	30032	38961	
34888	0	29348	29816	39172	
34889	0	29396	29656	39320	
34890	0	29448	29408	39620	
34891	0	29500	29368	39620	
34892	0	29548	29248	39700	
34893	0	29600	29052	39808	
34894	0	29656	28680	40100	
34895	0	29724	28118	40506	
34896	0	29785	27421	40616	
34897	0	29840	26904	40784	
34898	0	29916	26322	40876	
34899	0	29984	25765	40896	
34900	0	30045	25156	40793	
34901	0	30117	24541	40812	
34902	0	30193	23946	40696	
34903	0	30272	23410	40384	
34904	0	30344	22852	39932	
34905	0	30424	22225	39444	
34906	0	30508	21625	38948	
34907	0	30585	21076	38376	
34908	0	30664	20548	37820	
34909	0	30756	20024	37153	
34910	0	30840	19620	36481	
34911	0	30924	19378	35812	
34912	0	31020	19336	35081	
34913	0	31105	19384	34298	
34914	0	31200	19544	33509	
34915	0	31292	19796	32692	
34916	0	31392	20068	31977	
34917	0	31478	20376	31324	
34918	0	31582	20713	30800	
34919	0	31680	21112	30352	
34920	0	31776	21483	30088	
34921	0	31876	21800	29984	
34922	0	31980	22108	30076	
34923	0	32088	22452	30196	
34924	0	32192	22846	30401	
34925	0	32288	23388	30624	
34926	0	32396	24073	30873	
34927	0	32516	24808	31156	
34928	0	32616	25608	31416	
34929	0	32720	26373	31626	
34930	0	32840	27048	31944	
34931	0	32952	27269	32661	
34932	0	33064	24712	43480	
34933	0	33172	20577	39024	
34934	0	33288	29792	31220	
34935	0	33408	34532	36296	
34936	0	33525	27556	38488	
34937	0	33636	23514	49176	
34938	0	33756	25552	47264	
34939	0	33884	27484	46972	
34940	0	34004	26889	38272	
34941	0	34120	27316	32828	
34942	0	34240	29944	32992	
34943	0	34368	30621	34241	
34944	0	34488	31908	36492	
34945	0	34608	31204	39808	
34946	0	34732	30612	40708	
34947	0	34864	29672	39764	
34948	0	34984	28200	36640	
34949	0	35108	26728	34508	
34950	0	35232	27016	33864	
34951	0	35348	27928	34012	
34952	0	35484	29153	34840	
34953	0	35600	29164	35756	
34954	0	35728	28597	36172	
34955	0	35848	28416	36260	
34956	0	35968	28520	36128	
34957	0	36096	28752	36028	
34958	0	36212	29169	35936	
34959	0	36333	29148	36168	
34960	0	36448	29233	36232	
34961	0	36560	28764	36516	
34962	0	36688	29092	36048	
34963	0	36800	29140	35900	
34964	0	36916	29008	36140	
34965	0	37024	28820	36468	
34966	0	37144	28760	36696	
34967	0	37241	28773	36632	
34968	0	37356	28780	36488	
34969	0	37464	28829	36400	
34970	0	37568	28892	36296	
34971	0	37664	28928	36296	
34972	0	37768	29016	36244	
34973	0	37856	29000	36184	
34974	0	37960	28978	36228	
34975	0	38056	28960	36360	
34976	0	38148	28832	36472	
34977	0	38224	28748	36508	
34978	0	38324	28728	36476	
34979	0	38396	28744	36504	
34980	0	38476	28769	36492	
34981	0	38552	28812	36496	
34982	0	38624	28828	36472	
34983	0	38700	28844	36464	
34984	0	38765	28876	36424	
34985	0	38820	28892	36392	
34986	0	38884	28888	36392	
34987	0	38944	28877	36424	
34988	0	38996	28906	36424	
34989	0	39040	28920	36444	
34990	0	39088	28912	36408	
34991	0	39132	28920	36416	
34992	0	39168	28920	36404	
34993	0	39200	28908	36416	
34994	0	39232	28912	36412	
34995	0	39260	28904	36416	
34996	0	39280	28900	36388	
34997	0	39294	28880	36384	
34998	0	39308	28893	36372	
34999	0	39320	28890	36392	
35000	0	39317	28882	36432	
35001	0	39324	28856	36452	
35002	0	39321	28864	36468	
35003	0	39312	28877	36424	
35004	0	39296	28864	36420	
35005	0	39284	28901	36404	
35006	0	39264	28896	36448	
35007	0	39236	28901	36436	
35008	0	39208	28932	36460	
35009	0	39177	28908	36456	
35010	0	39136	28932	36396	
35011	0	39100	28928	36376	
35012	0	39056	28910	36384	
35013	0	39004	28929	36380	
35014	0	38940	28852	36428	
35015	0	38880	28860	36380	
35016	0	38816	28868	36364	
35017	0	38752	28904	36368	
35018	0	38664	28900	36352	
35019	0	38604	28898	36333	
35020	0	38524	28884	36364	
35021	0	38440	28928	36224	
35022	0	38348	28853	36377	
35023	0	38260	28836	36400	
35024	0	38164	28896	36308	
35025	0	38064	28861	36385	
35026	0	37960	28906	36356	
35027	0	37856	28920	36320	
35028	0	37752	28924	36397	
35029	0	37644	28936	36356	
35030	0	37524	28892	36392	
35031	0	37408	28872	36408	
35032	0	37284	28850	36408	
35033	0	37164	28816	36428	
35034	0	37037	28852	36353	
35035	0	36908	28832	36388	
35036	0	36776	28824	36386	
35037	0	36641	28836	36388	
35038	0	36512	28844	36356	
35039	0	36368	28800	36400	
35040	0	36236	28748	36408	
35041	0	36084	28732	36436	
35042	0	35945	28740	36428	
35043	0	35792	28744	36381	
35044	0	35648	28760	36328	
35045	0	35496	28872	36385	
35046	0	35336	28870	36460	
35047	0	35184	28816	36424	
35048	0	35020	28804	36428	
35049	0	34872	28780	36445	
35050	0	34708	28693	36461	
35051	0	34556	28672	36436	
35052	0	34392	28649	36452	
35053	0	34222	28600	36456	
35054	0	34060	28664	36380	
35055	0	33900	28644	36512	
35056	0	33732	28600	36516	
35057	0	33564	28437	36584	
35058	0	33396	28424	36689	
35059	0	33224	28504	36552	
35060	0	33054	28505	36416	
35061	0	32880	28508	36288	
35062	0	32712	28450	36341	
35063	0	32540	28492	36316	
35064	0	32361	28565	36481	
35065	0	32196	28548	36617	
35066	0	32020	28402	36628	
35067	0	31844	28492	36688	
35068	0	31673	28284	36692	
35069	0	31504	28344	36696	
35070	0	31332	28240	36537	
35071	0	31161	28269	36540	
35072	0	30989	28278	36508	
35073	0	30828	28369	36564	
35074	0	30652	28365	36748	
35075	0	30488	28073	37128	
35076	0	30320	27828	37164	
35077	0	30152	27752	37493	
35078	0	29988	27616	37136	
35079	0	29828	27832	36984	
35080	0	29660	27692	36860	
35081	0	29504	27909	36652	
35082	0	29344	28308	36121	
35083	0	29188	28232	36352	
35084	0	29029	28099	36560	
35085	0	28882	27856	36296	
35086	0	28729	27948	36304	
35087	0	28576	28284	36136	
35088	0	28428	28300	35980	
35089	0	28284	28408	36032	
35090	0	28136	27976	35892	
35091	0	27997	28332	36260	
35092	0	27862	28584	36024	
35093	0	27728	28552	35908	
35094	0	27592	28232	35944	
35095	0	27464	27908	35960	
35096	0	27332	27692	36020	
35097	0	27200	27708	36032	
35098	0	27080	27617	35896	
35099	0	26960	27556	36044	
35100	0	26840	27448	35956	
35101	0	26720	27568	35855	
35102	0	26601	27432	35912	
35103	0	26500	26857	36164	
35104	0	26384	27261	36044	
35105	0	26280	27344	36076	
35106	0	26176	27349	36028	
35107	0	26069	27496	36004	
35108	0	25973	27476	36000	
35109	0	25868	27504	35984	
35110	0	25776	27606	35948	
35111	0	25684	27720	35916	
35112	0	25592	27904	35892	
35113	0	25504	27972	35939	
35114	0	25408	28022	35964	
35115	0	25334	28128	35980	
35116	0	25248	28148	36048	
35117	0	25169	28282	36068	
35118	0	25084	28372	36072	
35119	0	25012	28472	36108	
35120	0	24936	28501	36176	
35121	0	24872	28560	36296	
35122	0	24800	28532	36420	
35123	0	24730	28564	36548	
35124	0	24660	28640	36665	
35125	0	24598	28712	36792	
35126	0	24540	28772	36816	
35127	0	24477	28848	36924	
35128	0	24416	28920	36956	
35129	0	24356	29088	37056	
35130	0	24298	29196	37116	
35131	0	24244	29272	37216	
35132	0	24188	29356	37300	
35133	0	24136	29476	37341	
35134	0	24084	29648	37424	
35135	0	24036	29784	37484	
35136	0	23993	29904	37584	
35137	0	23948	29984	37612	
35138	0	23896	30077	37654	
35139	0	23858	30120	37624	
35140	0	23808	30200	37660	
35141	0	23768	30212	37673	
35142	0	23728	30240	37728	
35143	0	23689	30208	37796	
35144	0	23652	30265	37940	
35145	0	23616	30202	38012	
35146	0	23586	30289	38117	
35147	0	23548	30272	38128	
35148	0	23520	30332	38248	
35149	0	23488	30416	38268	
35150	0	23453	30573	38320	
35151	0	23432	30680	38369	
35152	0	23404	30804	38492	
35153	0	23380	30860	38568	
35154	0	23356	30940	38632	
35155	0	23336	31020	38708	
35156	0	23307	31104	38728	
35157	0	23296	31204	38744	
35158	0	23288	31658	39020	
35159	0	23266	31416	38500	
35160	0	23256	31452	39537	
35161	0	23245	32296	38864	
35162	0	23240	32310	38480	
35163	0	23236	31864	38556	
35164	0	23229	31884	38416	
35165	0	23226	32148	37876	
35166	0	23232	32385	37488	
35167	0	23216	32216	37512	
35168	0	23240	32128	37372	
35169	0	23250	32208	37228	
35170	0	23260	32304	37068	
35171	0	23272	32220	36904	
35172	0	23293	32184	36976	
35173	0	23312	32088	37032	
35174	0	23330	31928	37024	
35175	0	23358	31719	36944	
35176	0	23388	31284	35756	
35177	0	23410	30084	35720	
35178	0	23448	29297	36164	
35179	0	23473	28918	36165	
35180	0	23516	28864	36225	
35181	0	23560	28754	36369	
35182	0	23600	28769	36440	
35183	0	23652	28660	36384	
35184	0	23696	28340	36468	
35185	0	23752	28224	36252	
35186	0	23808	28136	36320	
35187	0	23869	28164	36544	
35188	0	23909	28152	36520	
35189	0	23985	28072	36740	
35190	0	24058	27852	36681	
35191	0	24128	27766	36732	
35192	0	24198	27744	36632	
35193	0	24272	27588	36300	
35194	0	24358	27546	36088	
35195	0	24432	27532	36128	
35196	0	24520	27552	36124	
35197	0	24605	27472	36056	
35198	0	24694	27664	35952	
35199	0	24789	27868	36016	
35200	0	24881	28008	36026	
35201	0	24976	28168	35716	
35202	0	25069	28428	35462	
35203	0	25176	28672	35373	
35204	0	25280	28757	35317	
35205	0	25380	28964	35344	
35206	0	25492	28988	35416	
35207	0	25600	28889	35784	
35208	0	25704	28872	35840	
35209	0	25829	28812	36244	
35210	0	25940	28630	36260	
35211	0	26058	28804	36296	
35212	0	26177	28820	36180	
35213	0	26300	28760	36316	
35214	0	26428	28944	35990	
35215	0	26556	28392	37304	
35216	0	26676	28696	36284	
35217	0	26804	28464	36696	
35218	0	26932	28180	37040	
35219	0	27068	28193	36920	
35220	0	27200	28092	37100	
35221	0	27336	27990	37200	
35222	0	27466	27889	37132	
35223	0	27612	27800	37008	
35224	0	27748	27680	36845	
35225	0	27892	27694	36644	
35226	0	28040	27696	36520	
35227	0	28184	27706	36336	
35228	0	28324	27760	36168	
35229	0	28466	28449	34820	
35230	0	28624	28192	35872	
35231	0	28769	29992	35968	
35232	0	28912	30625	36672	
35233	0	29072	29653	37764	
35234	0	29220	28700	39312	
35235	0	29376	28496	37440	
35236	0	29528	28848	37272	
35237	0	29680	29281	37036	
35238	0	29832	29629	36960	
35239	0	29988	30004	37052	
35240	0	30144	30364	37328	
35241	0	30308	30776	37369	
35242	0	30468	31220	37384	
35243	0	30628	29876	41648	
35244	0	30789	30364	39624	
35245	0	30956	31356	38228	
35246	0	31112	31132	38933	
35247	0	31271	30896	37896	
35248	0	31436	31296	36272	
35249	0	31596	31954	35500	
35250	0	31768	32796	35168	
35251	0	31936	32965	35324	
35252	0	32096	32680	36042	
35253	0	32256	32568	34936	
35254	0	32432	31244	35200	
35255	0	32600	28864	36400	
35256	0	32764	27836	37172	
35257	0	32932	27741	37724	
35258	0	33108	27708	38720	
35259	0	33276	27836	38760	
35260	0	33450	28176	38340	
35261	0	33620	28680	37648	
35262	0	33788	29136	36992	
35263	0	33960	29016	36552	
35264	0	34132	28422	36636	
35265	0	34304	28260	36584	
35266	0	34476	28476	36528	
35267	0	34648	28464	36616	
35268	0	34828	28525	36740	
35269	0	34988	28528	36864	
35270	0	35164	28580	36874	
35271	0	35340	28592	36836	
35272	0	35516	28550	36812	
35273	0	35684	28600	36805	
35274	0	35856	28740	36720	
35275	0	36026	28928	36668	
35276	0	36193	28936	36524	
35277	0	36368	29012	36416	
35278	0	36536	29045	36388	
35279	0	36708	29040	36388	
35280	0	36872	29076	36372	
35281	0	37048	29116	36356	
35282	0	37208	29132	36364	
35283	0	37372	29188	36320	
35284	0	37536	29197	36344	
35285	0	37704	29184	36372	
35286	0	37868	29128	36364	
35287	0	38025	29077	36452	
35288	0	38188	28988	36504	
35289	0	38356	28929	36524	
35290	0	38508	28925	36532	
35291	0	38668	28932	36560	
35292	0	38832	28960	36532	
35293	0	38976	28962	36540	
35294	0	39128	28992	36520	
35295	0	39284	29012	36524	
35296	0	39440	29038	36508	
35297	0	39600	29036	36536	
35298	0	39744	29048	36552	
35299	0	39896	29048	36516	
35300	0	40036	29044	36528	
35301	0	40184	29024	36548	
35302	0	40332	29012	36544	
35303	0	40484	29036	36540	
35304	0	40616	29024	36560	
35305	0	40768	29056	36533	
35306	0	40904	29068	36492	
35307	0	41044	29116	36449	
35308	0	41176	29100	36476	
35309	0	41324	29060	36460	
35310	0	41452	29072	36512	
35311	0	41584	29004	36552	
35312	0	41716	28984	36544	
35313	0	41848	28980	36520	
35314	0	41988	28984	36484	
35315	0	42112	29028	36453	
35316	0	42224	29010	36468	
35317	0	42356	29008	36508	
35318	0	42469	29024	36544	
35319	0	42600	28984	36593	
35320	0	42720	29012	36612	
35321	0	42837	29012	36572	
35322	0	42949	29056	36524	
35323	0	43076	29088	36472	
35324	0	43180	29080	36448	
35325	0	43296	29049	36480	
35326	0	43404	29060	36464	
35327	0	43520	29044	36481	
35328	0	43620	29028	36489	
35329	0	43728	29040	36480	
35330	0	43832	29036	36452	
35331	0	43936	29080	36476	
35332	0	44040	29109	36444	
35333	0	44140	29076	36492	
35334	0	44240	29073	36512	
35335	0	44344	29024	36536	
35336	0	44440	28988	36530	
35337	0	44525	28964	36540	
35338	0	44624	28978	36548	
35339	0	44728	28965	36556	
35340	0	44824	28952	36568	
35341	0	44916	28944	36572	
35342	0	45008	28912	36560	
35343	0	45088	28945	36548	
35344	0	45180	28964	36529	
35345	0	45256	28968	36528	
35346	0	45340	29004	36512	
35347	0	45428	29010	36492	
35348	0	45508	28992	36544	
35349	0	45584	28964	36576	
35350	0	45660	28972	36593	
35351	0	45744	28956	36608	
35352	0	45816	28980	36556	
35353	0	45896	28960	36592	
35354	0	45964	28953	36541	
35355	0	46032	28988	36528	
35356	0	46108	29004	36516	
35357	0	46172	28992	36516	
35358	0	46240	29016	36504	
35359	0	46304	29028	36464	
35360	0	46372	29044	36489	
35361	0	46428	29056	36444	
35362	0	46492	29044	36436	
35363	0	46552	29056	36388	
35364	0	46616	29066	36388	
35365	0	46668	29056	36404	
35366	0	46720	29056	36400	
35367	0	46780	29066	36381	
35368	0	46840	29064	36384	
35369	0	46880	29065	36400	
35370	0	46928	29040	36420	
35371	0	46988	29040	36408	
35372	0	47028	29040	36392	
35373	0	47068	29052	36420	
35374	0	47120	29029	36388	
35375	0	47156	29036	36396	
35376	0	47200	29048	36414	
35377	0	47241	29038	36452	
35378	0	47272	29032	36448	
35379	0	47312	29048	36448	
35380	0	47352	29044	36442	
35381	0	47376	29029	36456	
35382	0	47416	29024	36453	
35383	0	47440	29008	36480	
35384	0	47464	29004	36496	
35385	0	47488	29012	36495	
35386	0	47508	29000	36481	
35387	0	47536	29008	36485	
35388	0	47552	29016	36493	
35389	0	47576	29016	36452	
35390	0	47592	28992	36484	
35391	0	47608	29024	36448	
35392	0	47628	29036	36420	
35393	0	47636	29008	36424	
35394	0	47648	29016	36428	
35395	0	47660	29018	36448	
35396	0	47668	29036	36448	
35397	0	47672	29042	36464	
35398	0	47680	29032	36468	
35399	0	47680	29012	36468	
35400	0	47680	29017	36476	
35401	0	47680	29012	36497	
35402	0	47688	28985	36540	
35403	0	47680	28996	36580	
35404	0	47680	28989	36572	
35405	0	47668	28980	36572	
35406	0	47664	28936	36560	
35407	0	47656	28933	36556	
35408	0	47640	28936	36520	
35409	0	47632	28972	36480	
35410	0	47624	29030	36412	
35411	0	47600	29092	36409	
35412	0	47584	29126	36400	
35413	0	47568	29092	36437	
35414	0	47552	29048	36448	
35415	0	47528	29028	36493	
35416	0	47510	29024	36508	
35417	0	47484	29004	36481	
35418	0	47460	28997	36492	
35419	0	47424	29000	36500	
35420	0	47404	29008	36448	
35421	0	47372	29020	36500	
35422	0	47344	29009	36548	
35423	0	47316	28968	36521	
35424	0	47284	28940	36522	
35425	0	47252	28949	36520	
35426	0	47220	29004	36460	
35427	0	47176	29048	36416	
35428	0	47140	29069	36404	
35429	0	47092	29064	36432	
35430	0	47056	29032	36461	
35431	0	47008	29025	36500	
35432	0	46972	29050	36508	
35433	0	46932	29008	36504	
35434	0	46876	29024	36460	
35435	0	46828	29041	36448	
35436	0	46784	29048	36428	
35437	0	46732	29048	36460	
35438	0	46676	29016	36452	
35439	0	46620	29032	36496	
35440	0	46564	29024	36488	
35441	0	46508	29012	36520	
35442	0	46444	29000	36496	
35443	0	46392	29020	36484	
35444	0	46320	29016	36492	
35445	0	46260	29060	36474	
35446	0	46200	29004	36504	
35447	0	46136	29004	36493	
35448	0	46068	28996	36530	
35449	0	45993	28976	36524	
35450	0	45932	28992	36492	
35451	0	45856	28988	36506	
35452	0	45780	28988	36508	
35453	0	45696	28980	36508	
35454	0	45624	28980	36512	
35455	0	45544	28992	36508	
35456	0	45464	29008	36528	
35457	0	45376	28981	36480	
35458	0	45296	29000	36464	
35459	0	45208	29012	36482	
35460	0	45124	29012	36456	
35461	0	45032	29004	36440	
35462	0	44940	29017	36448	
35463	0	44844	29024	36452	
35464	0	44760	29016	36464	
35465	0	44664	29041	36464	
35466	0	44560	29028	36464	
35467	0	44472	29016	36464	
35468	0	44364	28996	36476	
35469	0	44260	29004	36496	
35470	0	44160	29012	36484	
35471	0	44060	29028	36436	
35472	0	43944	29040	36436	
35473	0	43832	29048	36428	
35474	0	43728	29000	36472	
35475	0	43616	28989	36493	
35476	0	43500	28988	36528	
35477	0	43384	28992	36544	
35478	0	43272	28988	36536	
35479	0	43156	28992	36512	
35480	0	43024	28996	36517	
35481	0	42901	29008	36489	
35482	0	42780	28996	36524	
35483	0	42653	28996	36532	
35484	0	42528	28992	36516	
35485	0	42388	28993	36508	
35486	0	42257	28996	36484	
35487	0	42132	28977	36476	
35488	0	41992	28984	36477	
35489	0	41860	28972	36480	
35490	0	41728	29000	36473	
35491	0	41588	29008	36508	
35492	0	41444	29000	36512	
35493	0	41302	29016	36512	
35494	0	41152	29025	36524	
35495	0	41012	29016	36508	
35496	0	40864	29004	36504	
35497	0	40716	29016	36472	
35498	0	40568	29024	36472	
35499	0	40420	29008	36476	
35500	0	40268	28992	36480	
35501	0	40124	28992	36460	
35502	0	39964	28996	36469	
35503	0	39812	28960	36485	
35504	0	39652	28976	36484	
35505	0	39500	28980	36500	
35506	0	39352	28972	36472	
35507	0	39188	28964	36484	
35508	0	39036	28968	36485	
35509	0	38880	28952	36504	
35510	0	38717	28960	36472	
35511	0	38548	28988	36508	
35512	0	38396	28960	36472	
35513	0	38240	28952	36504	
35514	0	38076	28952	36485	
35515	0	37916	28969	36469	
35516	0	37752	28949	36468	
35517	0	37592	28928	36484	
35518	0	37428	28937	36480	
35519	0	37264	28933	36468	
35520	0	37108	28940	36461	
35521	0	36944	28944	36452	
35522	0	36780	28924	36468	
35523	0	36616	28900	36478	
35524	0	36460	28912	36472	
35525	0	36292	28868	36512	
35526	0	36130	28896	36472	
35527	0	35968	28888	36512	
35528	0	35808	28864	36484	
35529	0	35636	28872	36504	
35530	0	35476	28868	36496	
35531	0	35312	28816	36528	
35532	0	35160	28828	36540	
35533	0	34996	28844	36504	
35534	0	34832	28848	36533	
35535	0	34668	28804	36524	
35536	0	34508	28788	36517	
35537	0	34341	28788	36540	
35538	0	34188	28764	36557	
35539	0	34016	28764	36528	
35540	0	33856	28762	36516	
35541	0	33700	28736	36508	
35542	0	33537	28724	36516	
35543	0	33376	28720	36541	
35544	0	33216	28716	36509	
35545	0	33060	28740	36496	
35546	0	32896	28756	36492	
35547	0	32729	28736	36485	
35548	0	32572	28732	36508	
35549	0	32408	28724	36528	
35550	0	32252	28708	36544	
35551	0	32092	28696	36532	
35552	0	31932	28708	36532	
35553	0	31772	28688	36536	
35554	0	31612	28680	36536	
35555	0	31456	28702	36544	
35556	0	31292	28708	36520	
35557	0	31137	28716	36528	
35558	0	30980	28708	36540	
35559	0	30824	28688	36520	
35560	0	30664	28704	36536	
35561	0	30508	28724	36536	
35562	0	30348	28716	36556	
35563	0	30193	28753	36540	
35564	0	30040	28770	36508	
35565	0	29884	28756	36504	
35566	0	29736	28780	36466	
35567	0	29584	28808	36512	
35568	0	29428	28837	36500	
35569	0	29280	28824	36492	
35570	0	29132	28880	36472	
35571	0	28980	28892	36496	
35572	0	28832	28821	36513	
35573	0	28681	28820	36540	
35574	0	28537	28888	36504	
35575	0	28389	28892	36504	
35576	0	28252	28908	36476	
35577	0	28112	28992	36448	
35578	0	27965	28988	36460	
35579	0	27832	29000	36452	
35580	0	27688	28948	36480	
35581	0	27552	28984	36461	
35582	0	27424	28992	36472	
35583	0	27284	29016	36472	
35584	0	27156	28996	36512	
35585	0	27017	29020	36504	
35586	0	26900	29028	36476	
35587	0	26768	29025	36516	
35588	0	26648	29028	36508	
35589	0	26524	29044	36512	
35590	0	26412	29032	36504	
35591	0	26276	29044	36516	
35592	0	26164	29042	36501	
35593	0	26048	29060	36529	
35594	0	25929	29044	36560	
35595	0	25824	29049	36544	
35596	0	25716	29080	36556	
35597	0	25601	29040	36580	
35598	0	25500	29060	36588	
35599	0	25385	29069	36560	
35600	0	25288	29064	36584	
35601	0	25184	29068	36552	
35602	0	25088	29064	36552	
35603	0	24976	29056	36576	
35604	0	24881	29072	36576	
35605	0	24784	29088	36552	
35606	0	24692	29088	36584	
35607	0	24588	29040	36622	
35608	0	24508	29048	36616	
35609	0	24417	29016	36624	
