# OpenSignals Text File Format. Version 1
# {"00:07:80:65:E0:11": {"position": 0, "device": "biosignalsplux", "device name": "00:07:80:65:E0:11", "device connection": "00:07:80:65:E0:11", "sampling rate": 200, "resolution": [16, 16, 16], "firmware version": 775, "comments": "", "keywords": "", "mode": 0, "sync interval": 2, "date": "2025-9-19", "time": "10:34:44.300", "channels": [1, 2, 3], "sensor": ["RIP", "XYZ", "XYZ"], "label": ["CH1", "CH2", "CH3"], "column": ["nSeq", "DI", "CH1", "CH2", "CH3"], "special": [{"SpO2": [80, 40, 5, 4, 3, 3]}, {"SpO2": [80, 40, 5, 4, 3, 3]}, {"SpO2": [80, 40, 5, 4, 3, 3]}, {"SpO2": [80, 40, 5, 4, 3, 3]}, {"SpO2": [80, 40, 5, 4, 3, 3]}, {"SpO2": [80, 40, 5, 4, 3, 3]}, {"SpO2": [80, 40, 5, 4, 3, 3]}, {"SpO2": [80, 40, 5, 4, 3, 3]}], "digital IO": [0, 1], "sleeve color": ["orange", "brown", ""]}}
# EndOfHeader
0	0	41292	28856	36532	
1	0	41292	28868	36504	
2	0	41284	28833	36537	
3	0	41264	28856	36516	
4	0	41248	28840	36528	
5	0	41232	28840	36520	
6	0	41220	28844	36512	
7	0	41192	28852	36532	
8	0	41184	28840	36532	
9	0	41148	28837	36532	
10	0	41132	28844	36516	
11	0	41104	28820	36540	
12	0	41080	28832	36524	
13	0	41040	28828	36524	
14	0	41020	28768	36524	
15	0	40988	28852	36544	
16	0	40948	28820	36548	
17	0	40912	28849	36520	
18	0	40868	28832	36524	
19	0	40828	28868	36524	
20	0	40792	28840	36532	
21	0	40756	28844	36516	
22	0	40704	28836	36552	
23	0	40656	28820	36528	
24	0	40620	28832	36513	
25	0	40568	28840	36521	
26	0	40520	28828	36529	
27	0	40464	28824	36540	
28	0	40416	28836	36556	
29	0	40356	28850	36505	
30	0	40304	28830	36488	
31	0	40241	28844	36513	
32	0	40192	28832	36528	
33	0	40136	28836	36520	
34	0	40080	28832	36530	
35	0	40016	28832	36544	
36	0	39956	28828	36532	
37	0	39880	28816	36536	
38	0	39828	28812	36536	
39	0	39768	28820	36508	
40	0	39697	28828	36508	
41	0	39624	28816	36528	
42	0	39556	28832	36516	
43	0	39492	28813	36528	
44	0	39432	28828	36512	
45	0	39348	28821	36492	
46	0	39288	28820	36477	
47	0	39208	28828	36492	
48	0	39140	28820	36508	
49	0	39072	28832	36508	
50	0	38996	28808	36488	
51	0	38924	28800	36516	
52	0	38852	28816	36512	
53	0	38772	28804	36496	
54	0	38688	28818	36512	
55	0	38626	28800	36538	
56	0	38548	28813	36512	
57	0	38464	28792	36516	
58	0	38388	28808	36488	
59	0	38308	28786	36508	
60	0	38224	28813	36522	
61	0	38148	28792	36524	
62	0	38064	28794	36520	
63	0	37984	28805	36504	
64	0	37904	28800	36520	
65	0	37820	28789	36525	
66	0	37732	28780	36516	
67	0	37648	28788	36517	
68	0	37576	28796	36504	
69	0	37484	28800	36480	
70	0	37405	28781	36500	
71	0	37320	28792	36524	
72	0	37236	28772	36500	
73	0	37148	28800	36500	
74	0	37064	28768	36512	
75	0	36976	28784	36532	
76	0	36885	28768	36504	
77	0	36788	28764	36532	
78	0	36704	28760	36556	
79	0	36612	28752	36520	
80	0	36524	28749	36496	
81	0	36440	28764	36492	
82	0	36356	28740	36497	
83	0	36256	28748	36492	
84	0	36164	28748	36520	
85	0	36064	28750	36528	
86	0	35980	28740	36500	
87	0	35888	28752	36504	
88	0	35792	28704	36516	
89	0	35700	28732	36504	
90	0	35612	28733	36504	
91	0	35512	28720	36520	
92	0	35420	28708	36528	
93	0	35332	28700	36500	
94	0	35232	28684	36500	
95	0	35136	28696	36449	
96	0	35036	28680	36484	
97	0	34944	28700	36516	
98	0	34844	28680	36516	
99	0	34748	28672	36508	
100	0	34660	28660	36512	
101	0	34556	28656	36500	
102	0	34460	28657	36497	
103	0	34364	28653	36489	
104	0	34264	28640	36492	
105	0	34172	28636	36522	
106	0	34080	28618	36532	
107	0	33980	28630	36540	
108	0	33884	28638	36564	
109	0	33784	28592	36569	
110	0	33697	28598	36584	
111	0	33600	28580	36596	
112	0	33500	28600	36632	
113	0	33408	28598	36608	
114	0	33312	28608	36624	
115	0	33216	28565	36616	
116	0	33120	28613	36624	
117	0	33028	28580	36640	
118	0	32928	28608	36636	
119	0	32840	28592	36628	
120	0	32748	28572	36624	
121	0	32660	28536	36700	
122	0	32564	28588	36612	
123	0	32464	28581	36577	
124	0	32388	28592	36612	
125	0	32292	28580	36588	
126	0	32204	28608	36588	
127	0	32126	28604	36636	
128	0	32032	28596	36649	
129	0	31944	28588	36624	
130	0	31860	28616	36588	
131	0	31776	28605	36553	
132	0	31689	28581	36516	
133	0	31604	28616	36512	
134	0	31520	28626	36457	
135	0	31440	28588	36473	
136	0	31364	28572	36484	
137	0	31280	28592	36480	
138	0	31200	28593	36504	
139	0	31120	28606	36552	
140	0	31044	28632	36592	
141	0	30969	28624	36580	
142	0	30888	28637	36524	
143	0	30815	28672	36524	
144	0	30748	28665	36480	
145	0	30672	28720	36512	
146	0	30600	28780	36584	
147	0	30528	28936	36748	
148	0	30461	28781	36629	
149	0	30385	28758	36684	
150	0	30316	28688	36653	
151	0	30252	28637	36572	
152	0	30188	28608	36620	
153	0	30124	28602	36604	
154	0	30056	28700	36625	
155	0	29992	28737	36648	
156	0	29928	28752	36645	
157	0	29864	28768	36648	
158	0	29806	28817	36612	
159	0	29744	28857	36664	
160	0	29680	28894	36644	
161	0	29620	28872	36668	
162	0	29568	28780	36640	
163	0	29512	28744	36672	
164	0	29448	28728	36672	
165	0	29404	28768	36680	
166	0	29340	28788	36676	
167	0	29280	28804	36716	
168	0	29240	28884	36733	
169	0	29176	28965	36729	
170	0	29124	29010	36744	
171	0	29076	29009	36757	
172	0	29020	28969	36784	
173	0	28980	28908	36712	
174	0	28922	28832	36696	
175	0	28872	28856	36656	
176	0	28828	28832	36632	
177	0	28780	28812	36596	
178	0	28729	28888	36576	
179	0	28685	28944	36564	
180	0	28632	28961	36562	
181	0	28592	28964	36608	
182	0	28548	28924	36616	
183	0	28500	28881	36604	
184	0	28452	28872	36588	
185	0	28408	28892	36592	
186	0	28360	28956	36524	
187	0	28320	29008	36505	
188	0	28280	29008	36532	
189	0	28224	28940	36624	
190	0	28184	28896	36660	
191	0	28140	28896	36692	
192	0	28100	28848	36732	
193	0	28044	28808	36744	
194	0	28004	28792	36800	
195	0	27960	28704	36884	
196	0	27920	28684	36964	
197	0	27876	28796	36952	
198	0	27832	28948	36904	
199	0	27792	28964	36788	
200	0	27748	28948	36712	
201	0	27700	28912	36668	
202	0	27660	28841	36653	
203	0	27612	28844	36668	
204	0	27572	28812	36669	
205	0	27528	28836	36652	
206	0	27480	28798	36696	
207	0	27440	28796	36704	
208	0	27392	28853	36656	
209	0	27356	28860	36645	
210	0	27306	28868	36648	
211	0	27264	28920	36644	
212	0	27224	28906	36684	
213	0	27180	28941	36672	
214	0	27136	28964	36688	
215	0	27090	28910	36725	
216	0	27056	28900	36712	
217	0	27005	28880	36688	
218	0	26964	28944	36700	
219	0	26920	28909	36712	
220	0	26880	28910	36756	
221	0	26834	28916	36737	
222	0	26792	28928	36728	
223	0	26752	28932	36728	
224	0	26705	28925	36676	
225	0	26664	28936	36672	
226	0	26624	28968	36716	
227	0	26586	28996	36708	
228	0	26544	28916	36772	
229	0	26500	28896	36808	
230	0	26464	28840	36784	
231	0	26424	28872	36768	
232	0	26392	28870	36728	
233	0	26344	28897	36700	
234	0	26304	28964	36708	
235	0	26264	28928	36720	
236	0	26228	28940	36728	
237	0	26184	28960	36724	
238	0	26154	29000	36644	
239	0	26124	29000	36648	
240	0	26084	28986	36624	
241	0	26052	28977	36640	
242	0	26020	28984	36613	
243	0	25988	28992	36668	
244	0	25956	29000	36660	
245	0	25925	29008	36672	
246	0	25892	29028	36688	
247	0	25864	29040	36732	
248	0	25828	28996	36741	
249	0	25812	29248	36756	
250	0	25776	29025	36756	
251	0	25756	28996	36736	
252	0	25728	29028	36720	
253	0	25704	29008	36737	
254	0	25688	28996	36726	
255	0	25660	28992	36744	
256	0	25640	28992	36740	
257	0	25620	28986	36744	
258	0	25600	28956	36744	
259	0	25581	28908	36736	
260	0	25569	29028	36784	
261	0	25552	28960	36793	
262	0	25537	28972	36856	
263	0	25520	28978	36876	
264	0	25508	28948	36968	
265	0	25500	29017	37024	
266	0	25490	29168	37100	
267	0	25476	29132	37164	
268	0	25466	28904	37192	
269	0	25456	28496	37093	
270	0	25452	28174	37152	
271	0	25444	26080	37992	
272	0	25440	28104	37172	
273	0	25440	28624	36864	
274	0	25440	28640	36632	
275	0	25432	28982	36360	
276	0	25432	29361	36196	
277	0	25432	29382	36188	
278	0	25432	29370	36232	
279	0	25426	29408	36416	
280	0	25436	29180	36706	
281	0	25440	29192	36976	
282	0	25441	28904	37444	
283	0	25444	28645	38260	
284	0	25449	28336	38688	
285	0	25462	27600	38689	
286	0	25466	27192	37880	
287	0	25482	26924	37244	
288	0	25486	27868	36640	
289	0	25504	28048	36184	
290	0	25516	28297	35905	
291	0	25524	28113	35544	
292	0	25548	28240	35464	
293	0	25561	28720	35280	
294	0	25580	29029	35020	
295	0	25596	29240	34732	
296	0	25620	29321	34860	
297	0	25644	29341	35265	
298	0	25664	29704	35688	
299	0	25692	29785	36196	
300	0	25722	29572	36760	
301	0	25744	29004	37516	
302	0	25776	28012	38512	
303	0	25800	27514	39864	
304	0	25828	27010	40140	
305	0	25856	26428	41000	
306	0	25906	25440	42664	
307	0	25940	24765	44420	
308	0	25970	24152	45472	
309	0	25988	23958	46260	
310	0	26045	23777	47024	
311	0	26088	23688	47624	
312	0	26136	23616	48016	
313	0	26176	23756	47604	
314	0	26228	24072	47112	
315	0	26264	24404	46744	
316	0	26312	24604	47288	
317	0	26364	25356	47304	
318	0	26416	26140	46536	
319	0	26472	24900	50320	
320	0	26524	22489	53104	
321	0	26580	29844	47384	
322	0	26636	30352	46660	
323	0	26689	29764	46884	
324	0	26756	30928	46380	
325	0	26812	32328	45064	
326	0	26872	32848	43204	
327	0	26936	33608	41040	
328	0	26996	34548	37760	
329	0	27064	35128	35684	
330	0	27134	38624	38468	
331	0	27200	45784	37496	
332	0	27265	51368	34880	
333	0	27336	54612	32200	
334	0	27408	50888	31025	
335	0	27484	47296	31656	
336	0	27556	43984	35504	
337	0	27630	41988	40080	
338	0	27708	41636	42780	
339	0	27786	41188	42968	
340	0	27864	39941	40876	
341	0	27941	37740	38760	
342	0	28020	37376	36360	
343	0	28108	37744	34740	
344	0	28188	37044	33896	
345	0	28272	36584	32964	
346	0	28364	36500	32569	
347	0	28444	35804	32840	
348	0	28537	35016	33712	
349	0	28632	34460	34416	
350	0	28720	34012	34988	
351	0	28812	33496	35560	
352	0	28904	32977	36032	
353	0	29000	32636	36008	
354	0	29093	32356	35601	
355	0	29196	32084	35092	
356	0	29300	31776	34680	
357	0	29396	31318	34428	
358	0	29504	30688	34384	
359	0	29608	29656	34348	
360	0	29716	28332	34264	
361	0	29824	27477	34256	
362	0	29932	26408	34744	
363	0	30033	26148	34552	
364	0	30148	25321	34844	
365	0	30261	24676	35104	
366	0	30376	24277	35100	
367	0	30492	24177	34536	
368	0	30596	24328	33692	
369	0	30724	24353	32792	
370	0	30836	24266	32064	
371	0	30956	23841	31548	
372	0	31072	23277	31256	
373	0	31192	22521	31218	
374	0	31304	21960	31084	
375	0	31434	21220	31045	
376	0	31556	20501	30812	
377	0	31688	20097	30292	
378	0	31804	19672	30076	
379	0	31928	19212	29836	
380	0	32056	18917	29368	
381	0	32176	18420	29120	
382	0	32300	17928	28996	
383	0	32428	17778	28780	
384	0	32552	17929	28552	
385	0	32680	18298	28320	
386	0	32804	18738	27962	
387	0	32920	18605	29254	
388	0	33049	19099	28353	
389	0	33180	19265	28236	
390	0	33308	19500	27801	
391	0	33428	19602	27501	
392	0	33552	20160	30408	
393	0	33680	20260	28808	
394	0	33798	20257	27420	
395	0	33924	21413	30168	
396	0	34048	21140	28193	
397	0	34170	21124	26880	
398	0	34284	21896	32224	
399	0	34405	21908	28236	
400	0	34529	21381	34072	
401	0	34656	22281	29489	
402	0	34776	22296	30568	
403	0	34888	22520	30784	
404	0	35016	24209	33192	
405	0	35128	20621	43812	
406	0	35248	29486	39272	
407	0	35364	32500	49088	
408	0	35484	9700	34384	
409	0	35596	11979	27772	
410	0	35716	30289	43792	
411	0	35826	35180	40924	
412	0	35944	25832	34404	
413	0	36052	25912	42924	
414	0	36168	25744	50240	
415	0	36276	23593	50804	
416	0	36384	25032	44604	
417	0	36496	27894	38649	
418	0	36608	27392	36976	
419	0	36717	27673	38544	
420	0	36824	27952	41328	
421	0	36928	28972	41376	
422	0	37040	29036	36832	
423	0	37141	33472	44056	
424	0	37244	28620	39336	
425	0	37340	27532	39292	
426	0	37441	26362	40248	
427	0	37548	27108	39792	
428	0	37644	26868	39656	
429	0	37736	26888	38976	
430	0	37836	27697	37736	
431	0	37928	28454	36772	
432	0	38024	28908	36232	
433	0	38116	29060	35996	
434	0	38200	28917	36257	
435	0	38288	28685	36501	
436	0	38380	28538	36608	
437	0	38464	28580	36340	
438	0	38548	28700	36076	
439	0	38632	29024	35568	
440	0	38720	29404	35064	
441	0	38780	29364	35180	
442	0	38865	29484	35184	
443	0	38936	29340	35580	
444	0	39020	28956	36769	
445	0	39076	28421	37749	
446	0	39152	28184	38092	
447	0	39224	28226	38084	
448	0	39288	28349	37752	
449	0	39352	28441	37340	
450	0	39412	28506	37092	
451	0	39476	28628	37076	
452	0	39540	28556	37232	
453	0	39596	28294	37568	
454	0	39648	28277	37824	
455	0	39712	28276	37992	
456	0	39760	28344	37640	
457	0	39816	28060	37764	
458	0	39868	28176	37328	
459	0	39920	28401	36720	
460	0	39964	28332	36692	
461	0	40016	28620	36364	
462	0	40064	28888	35700	
463	0	40100	28812	35968	
464	0	40146	29084	35676	
465	0	40200	28688	35748	
466	0	40228	29724	34700	
467	0	40272	29300	34696	
468	0	40308	30000	34277	
469	0	40352	30016	34180	
470	0	40380	30040	34080	
471	0	40424	30012	33960	
472	0	40448	29980	33952	
473	0	40488	29888	33972	
474	0	40512	29914	33937	
475	0	40544	28256	32713	
476	0	40576	28932	34468	
477	0	40596	28813	34432	
478	0	40624	29464	35648	
479	0	40656	29028	36864	
480	0	40680	28777	37952	
481	0	40696	28644	39072	
482	0	40709	28236	39624	
483	0	40732	27616	39804	
484	0	40748	27524	39692	
485	0	40776	27428	39252	
486	0	40788	27612	38952	
487	0	40792	27869	38592	
488	0	40810	28072	38092	
489	0	40820	28249	37612	
490	0	40825	28632	37028	
491	0	40832	28864	36384	
492	0	40824	29528	36166	
493	0	40840	28932	35632	
494	0	40848	29216	35628	
495	0	40840	29457	35440	
496	0	40844	29404	35544	
497	0	40836	27596	35700	
498	0	40829	29048	35852	
499	0	40832	29208	36112	
500	0	40828	28064	37112	
501	0	40816	28812	37112	
502	0	40804	28576	37280	
503	0	40796	28032	37352	
504	0	40772	27360	37588	
505	0	40760	27168	37636	
506	0	40740	27561	37512	
507	0	40720	27377	38104	
508	0	40700	26976	38080	
509	0	40672	26972	39184	
510	0	40640	27456	40516	
511	0	40624	27879	41332	
512	0	40596	27792	42096	
513	0	40564	27473	42720	
514	0	40528	26844	43620	
515	0	40496	26428	44532	
516	0	40456	26320	45248	
517	0	40424	26644	46140	
518	0	40377	26648	47044	
519	0	40348	26316	48144	
520	0	40296	26442	49080	
521	0	40252	26472	49304	
522	0	40208	27377	49268	
523	0	40164	28240	48576	
524	0	40120	29056	47661	
525	0	40072	29661	47104	
526	0	40024	30740	46200	
527	0	39968	31400	44680	
528	0	39916	32176	41364	
529	0	39860	33804	39100	
530	0	39805	35032	36808	
531	0	39752	37332	35700	
532	0	39696	40436	33980	
533	0	39625	45440	34284	
534	0	39572	47880	34636	
535	0	39516	44844	36296	
536	0	39452	43220	33448	
537	0	39376	40928	34766	
538	0	39316	40320	37176	
539	0	39256	39732	41496	
540	0	39188	39420	41776	
541	0	39120	38452	41120	
542	0	39044	37264	39616	
543	0	38984	36860	36600	
544	0	38908	36621	34344	
545	0	38840	35976	33388	
546	0	38760	36108	32425	
547	0	38684	35637	31781	
548	0	38604	35208	32001	
549	0	38532	35108	32564	
550	0	38452	34984	33400	
551	0	38385	34504	34320	
552	0	38300	33676	35156	
553	0	38224	33000	35756	
554	0	38136	32596	35860	
555	0	38052	32432	35520	
556	0	37972	32132	35421	
557	0	37892	31776	35656	
558	0	37804	31456	35908	
559	0	37728	31016	36080	
560	0	37636	30374	36056	
561	0	37544	29656	35636	
562	0	37460	28924	35024	
563	0	37368	28064	34488	
564	0	37272	27148	34208	
565	0	37184	26426	34012	
566	0	37089	25309	34248	
567	0	36992	24060	34917	
568	0	36900	24480	33821	
569	0	36800	24200	33276	
570	0	36700	23874	32936	
571	0	36600	23538	32736	
572	0	36508	23336	32016	
573	0	36400	23073	31473	
574	0	36296	22480	31752	
575	0	36192	21968	32916	
576	0	36088	21298	32760	
577	0	35984	22005	31224	
578	0	35872	22332	29789	
579	0	35760	22182	29549	
580	0	35664	21665	29412	
581	0	35548	21383	27824	
582	0	35436	20656	29676	
583	0	35332	20198	30108	
584	0	35224	19353	30980	
585	0	35088	20269	28664	
586	0	34988	20372	27461	
587	0	34864	15153	32724	
588	0	34740	18234	28690	
589	0	34628	19229	26476	
590	0	34508	17357	28237	
591	0	34388	18777	25888	
592	0	34269	18208	27144	
593	0	34148	18699	27229	
594	0	34021	18033	31452	
595	0	33896	20419	25988	
596	0	33776	20824	27552	
597	0	33644	21472	27328	
598	0	33516	22080	28160	
599	0	33396	22536	28288	
600	0	33264	23070	28652	
601	0	33140	23533	29436	
602	0	33018	23937	29448	
603	0	32888	24403	29724	
604	0	32764	24896	30345	
605	0	32628	25418	31024	
606	0	32496	26648	36556	
607	0	32368	26920	40816	
608	0	32240	30017	35660	
609	0	32113	37540	52632	
610	0	31984	12349	28137	
611	0	31852	8954	22689	
612	0	31724	34316	38197	
613	0	31592	34012	40104	
614	0	31468	24392	38200	
615	0	31336	26834	45892	
616	0	31208	28449	52892	
617	0	31080	26792	49652	
618	0	30952	26536	43976	
619	0	30824	26776	40812	
620	0	30704	25708	39572	
621	0	30573	26740	39508	
622	0	30449	27588	39896	
623	0	30316	16560	28828	
624	0	30200	40784	42981	
625	0	30084	27616	39360	
626	0	29952	22004	48128	
627	0	29836	25978	44212	
628	0	29725	27808	43672	
629	0	29600	27296	42508	
630	0	29489	27532	39660	
631	0	29372	27922	37572	
632	0	29256	28420	36136	
633	0	29148	28840	35476	
634	0	29037	29016	35452	
635	0	28924	28870	36008	
636	0	28820	28457	36781	
637	0	28712	28128	37592	
638	0	28608	28156	38024	
639	0	28500	28392	37916	
640	0	28396	28640	37456	
641	0	28308	28881	36736	
642	0	28204	29037	36096	
643	0	28108	29156	35632	
644	0	28020	29236	35528	
645	0	27920	29337	35588	
646	0	27836	29512	35709	
647	0	27744	29369	36108	
648	0	27660	29224	36532	
649	0	27580	29148	36733	
650	0	27502	29060	36644	
651	0	27424	29088	36412	
652	0	27348	29248	36168	
653	0	27280	29356	36056	
654	0	27212	29352	36041	
655	0	27146	29360	36088	
656	0	27084	29308	36185	
657	0	27028	29196	36288	
658	0	26980	29228	36312	
659	0	26924	29337	36353	
660	0	26884	29281	36456	
661	0	26840	29152	36472	
662	0	26808	29216	36412	
663	0	26772	29200	36344	
664	0	26744	29310	36484	
665	0	26712	29432	36876	
666	0	26697	29257	37168	
667	0	26680	29060	37204	
668	0	26668	29028	37072	
669	0	26656	29060	36922	
670	0	26648	29192	36680	
671	0	26648	29248	36624	
672	0	26650	29248	36600	
673	0	26656	29198	36620	
674	0	26668	29168	36600	
675	0	26684	29116	36664	
676	0	26708	29065	36696	
677	0	26726	29152	36732	
678	0	26756	29244	36792	
679	0	26792	29253	36813	
680	0	26824	29234	36868	
681	0	26852	29297	37024	
682	0	26908	29156	37170	
683	0	26952	29016	37344	
684	0	27008	28896	37472	
685	0	27058	28800	37364	
686	0	27108	28704	37184	
687	0	27176	28696	36686	
688	0	27236	28668	36736	
689	0	27301	29064	36016	
690	0	27374	28544	36880	
691	0	27440	29484	35724	
692	0	27508	29469	35861	
693	0	27596	30077	35572	
694	0	27674	29376	36220	
695	0	27749	28876	36528	
696	0	27840	29224	36648	
697	0	27928	28120	37432	
698	0	28016	28405	37380	
699	0	28109	28450	37324	
700	0	28196	26781	38653	
701	0	28300	28040	37844	
702	0	28384	28276	37892	
703	0	28480	27528	38356	
704	0	28589	27508	38132	
705	0	28684	27308	38177	
706	0	28792	27446	38056	
707	0	28888	27580	37920	
708	0	28988	27916	37641	
709	0	29108	27840	37812	
710	0	29208	27696	37632	
711	0	29317	27584	37964	
712	0	29428	27608	38132	
713	0	29536	27116	39080	
714	0	29652	27285	40400	
715	0	29756	27568	41620	
716	0	29869	27808	43052	
717	0	29980	28081	44068	
718	0	30100	28524	44868	
719	0	30204	28380	45032	
720	0	30313	27260	45080	
721	0	30433	26496	44768	
722	0	30548	26404	44728	
723	0	30656	26656	45008	
724	0	30772	27152	45604	
725	0	30884	27625	46008	
726	0	31000	28844	45736	
727	0	31108	29552	45016	
728	0	31228	30417	44180	
729	0	31340	31077	43608	
730	0	31452	31296	42624	
731	0	31564	30970	40984	
732	0	31676	31669	39720	
733	0	31784	32712	38388	
734	0	31892	33700	37044	
735	0	32000	33136	36320	
736	0	32108	34188	35680	
737	0	32216	35388	35904	
738	0	32316	39216	35996	
739	0	32428	42348	35309	
740	0	32528	43840	34724	
741	0	32632	43352	34996	
742	0	32732	40732	35684	
743	0	32828	39552	33232	
744	0	32936	39352	33448	
745	0	33032	38796	34508	
746	0	33132	38380	36192	
747	0	33224	38132	36540	
748	0	33320	36544	36944	
749	0	33416	35796	35840	
750	0	33500	35352	34628	
751	0	33596	34513	33984	
752	0	33684	33944	33644	
753	0	33776	33318	33788	
754	0	33864	32788	33884	
755	0	33944	32632	33888	
756	0	34028	32500	34064	
757	0	34116	32360	34536	
758	0	34192	32144	34924	
759	0	34272	31721	35124	
760	0	34348	31284	35252	
761	0	34440	30878	35356	
762	0	34512	30488	35336	
763	0	34584	30276	35236	
764	0	34656	30120	35132	
765	0	34737	30072	34936	
766	0	34808	30040	34712	
767	0	34880	29948	34418	
768	0	34956	29908	34072	
769	0	35024	29754	33744	
770	0	35096	29668	33372	
771	0	35164	29561	32872	
772	0	35240	29156	33496	
773	0	35308	28584	34400	
774	0	35384	28552	34828	
775	0	35456	28384	35408	
776	0	35520	28113	36137	
777	0	35588	27868	37517	
778	0	35649	26337	39212	
779	0	35724	25776	38220	
780	0	35784	25968	35612	
781	0	35864	25912	35396	
782	0	35924	24168	35792	
783	0	35988	23552	34497	
784	0	36049	23305	33372	
785	0	36128	22396	32604	
786	0	36184	21444	33456	
787	0	36240	21516	30920	
788	0	36308	21145	30368	
789	0	36372	19176	33912	
790	0	36432	20444	29760	
791	0	36488	20205	28708	
792	0	36556	18112	33348	
793	0	36612	19564	28976	
794	0	36672	18672	31094	
795	0	36724	19416	29057	
796	0	36780	19200	28612	
797	0	36828	19397	28464	
798	0	36880	19508	28964	
799	0	36932	20277	28172	
800	0	36992	20600	28552	
801	0	37036	21336	26593	
802	0	37076	21220	28612	
803	0	37132	21941	26812	
804	0	37172	21668	29320	
805	0	37216	21650	29804	
806	0	37256	22574	27700	
807	0	37296	22380	30140	
808	0	37336	22694	30088	
809	0	37380	23028	29817	
810	0	37412	23280	29744	
811	0	37452	23613	30508	
812	0	37488	23818	29812	
813	0	37520	23896	29504	
814	0	37544	24344	30888	
815	0	37593	24324	29813	
816	0	37600	15122	38956	
817	0	37620	30624	37864	
818	0	37636	27180	36316	
819	0	37669	29076	44288	
820	0	37688	10971	27981	
821	0	37704	11472	18300	
822	0	37728	35512	32058	
823	0	37744	32216	35448	
824	0	37760	25272	40216	
825	0	37772	23404	46533	
826	0	37774	30016	52736	
827	0	37784	26572	50428	
828	0	37796	26832	44172	
829	0	37801	28832	40152	
830	0	37804	27989	38120	
831	0	37800	27040	38040	
832	0	37805	28380	39600	
833	0	37804	28805	40384	
834	0	37808	29656	38600	
835	0	37808	30473	39144	
836	0	37807	29301	38696	
837	0	37792	28061	39017	
838	0	37774	27576	36584	
839	0	37768	28028	36213	
840	0	37756	28060	35164	
841	0	37740	28560	37828	
842	0	37728	29008	35500	
843	0	37705	29304	36460	
844	0	37684	28412	38604	
845	0	37664	27709	40972	
846	0	37641	27132	41760	
847	0	37612	27649	41356	
848	0	37584	27822	41341	
849	0	37544	27832	40256	
850	0	37528	28012	39140	
851	0	37496	28242	38188	
852	0	37453	28452	37545	
853	0	37432	28668	37208	
854	0	37380	28828	36956	
855	0	37348	28721	36928	
856	0	37300	28624	37148	
857	0	37260	28729	37285	
858	0	37220	28840	37036	
859	0	37172	28805	36809	
860	0	37124	29008	36312	
861	0	37080	29320	35824	
862	0	37032	29488	35536	
863	0	36984	29604	35312	
864	0	36932	29480	35540	
865	0	36880	29576	35524	
866	0	36824	29472	35496	
867	0	36780	29400	35528	
868	0	36720	29361	35288	
869	0	36668	29504	35252	
870	0	36612	29472	35632	
871	0	36544	29108	36312	
872	0	36481	28720	36860	
873	0	36432	28396	37368	
874	0	36384	28240	37688	
875	0	36316	28308	37456	
876	0	36256	28376	37220	
877	0	36192	28420	37152	
878	0	36132	28540	36876	
879	0	36072	28576	36777	
880	0	36012	28588	36837	
881	0	35944	28813	36538	
882	0	35876	28889	36224	
883	0	35820	28837	36240	
884	0	35756	29056	35860	
885	0	35696	29365	35660	
886	0	35636	29476	35416	
887	0	35565	29740	35168	
888	0	35504	29964	34960	
889	0	35432	29936	34752	
890	0	35373	29912	34562	
891	0	35310	29720	34640	
892	0	35236	29336	35001	
893	0	35180	28450	34794	
894	0	35104	28580	36576	
895	0	35032	28540	36565	
896	0	34970	28561	37728	
897	0	34908	28440	38444	
898	0	34832	28176	38692	
899	0	34761	28308	38990	
900	0	34688	28424	38824	
901	0	34620	28436	38680	
902	0	34544	28354	38776	
903	0	34480	28417	38544	
904	0	34404	28361	38252	
905	0	34332	28277	38009	
906	0	34264	28024	37944	
907	0	34180	27956	37908	
908	0	34108	28064	37728	
909	0	34032	28405	37252	
910	0	33960	27264	37408	
911	0	33880	27712	36508	
912	0	33800	28428	35948	
913	0	33724	28864	35948	
914	0	33640	29156	36048	
915	0	33568	28972	36352	
916	0	33480	29089	36768	
917	0	33404	29153	37200	
918	0	33320	28608	37832	
919	0	33236	27698	38508	
920	0	33152	26850	39224	
921	0	33060	26316	40529	
922	0	32980	25617	41233	
923	0	32889	26384	43976	
924	0	32808	26924	44828	
925	0	32721	27452	45600	
926	0	32632	27924	45608	
927	0	32540	27764	44880	
928	0	32456	26972	44168	
929	0	32364	26329	43832	
930	0	32280	26204	43592	
931	0	32188	26562	43964	
932	0	32097	26704	44620	
933	0	32002	27340	45128	
934	0	31916	28312	45448	
935	0	31824	29085	45336	
936	0	31740	29837	45076	
937	0	31640	29632	44896	
938	0	31552	29640	44837	
939	0	31464	29997	43844	
940	0	31364	31160	42520	
941	0	31276	32548	39500	
942	0	31184	33904	37600	
943	0	31108	35688	35408	
944	0	31008	35548	32826	
945	0	30916	37728	33116	
946	0	30824	40948	34520	
947	0	30740	45416	36381	
948	0	30640	48448	37020	
949	0	30560	43872	35380	
950	0	30468	41336	35008	
951	0	30380	41472	36432	
952	0	30292	41668	38037	
953	0	30208	40860	38796	
954	0	30120	39148	38620	
955	0	30033	38269	36800	
956	0	29948	36948	35828	
957	0	29869	36636	34472	
958	0	29776	36048	33972	
959	0	29704	35240	34232	
960	0	29616	35016	34692	
961	0	29536	34988	35120	
962	0	29458	34868	35548	
963	0	29377	34652	35744	
964	0	29296	34484	35884	
965	0	29220	34314	35990	
966	0	29136	34088	35964	
967	0	29064	33844	35992	
968	0	28992	33536	36220	
969	0	28916	33136	36664	
970	0	28840	32752	37016	
971	0	28770	32364	37093	
972	0	28704	31805	37224	
973	0	28626	31168	37208	
974	0	28564	30529	36777	
975	0	28496	29752	36456	
976	0	28424	28900	35988	
977	0	28364	27328	36933	
978	0	28304	27245	36404	
979	0	28240	26372	36480	
980	0	28172	26116	35988	
981	0	28112	25314	36265	
982	0	28060	25204	35692	
983	0	27996	24882	34744	
984	0	27934	24480	33952	
985	0	27888	24024	33325	
986	0	27840	23600	32888	
987	0	27788	23230	32616	
988	0	27736	22904	32302	
989	0	27680	22532	32132	
990	0	27636	22272	31856	
991	0	27592	22020	31720	
992	0	27540	21357	32228	
993	0	27500	21093	31884	
994	0	27452	21158	30344	
995	0	27413	20922	30036	
996	0	27368	20464	29893	
997	0	27336	19864	30280	
998	0	27296	19968	29476	
999	0	27264	20176	27808	
1000	0	27214	19449	29024	
1001	0	27184	20173	27172	
1002	0	27156	19724	28866	
1003	0	27116	20376	27126	
1004	0	27088	18984	32244	
1005	0	27052	20192	27950	
1006	0	27024	19917	29342	
1007	0	26993	20656	26356	
1008	0	26972	20357	28884	
1009	0	26944	20452	29048	
1010	0	26920	21160	25576	
1011	0	26896	21240	28040	
1012	0	26874	21376	27164	
1013	0	26850	21580	27200	
1014	0	26820	21928	27368	
1015	0	26807	22256	28113	
1016	0	26784	22432	29148	
1017	0	26768	22390	30184	
1018	0	26752	22284	30933	
1019	0	26733	22228	31582	
1020	0	26717	22348	32124	
1021	0	26704	17388	47936	
1022	0	26684	34176	41576	
1023	0	26672	41529	48296	
1024	0	26660	15316	41744	
1025	0	26652	10624	24640	
1026	0	26632	23613	34340	
1027	0	26624	34868	41376	
1028	0	26624	29632	36808	
1029	0	26605	28918	39301	
1030	0	26597	28504	46256	
1031	0	26592	26528	52952	
1032	0	26584	23834	47456	
1033	0	26580	27384	43120	
1034	0	26568	27858	35872	
1035	0	26570	26924	35288	
1036	0	26560	17808	24745	
1037	0	26552	37764	31924	
1038	0	26548	30676	41204	
1039	0	26548	22384	52656	
1040	0	26540	25316	49625	
1041	0	26536	29105	45904	
1042	0	26536	29158	42236	
1043	0	26532	27717	38304	
1044	0	26528	27553	35900	
1045	0	26521	28572	34512	
1046	0	26521	29632	33896	
1047	0	26517	29732	34424	
1048	0	26516	29234	35600	
1049	0	26512	28776	36900	
1050	0	26512	28681	37712	
1051	0	26512	28948	38276	
1052	0	26508	29256	38216	
1053	0	26504	29560	37528	
1054	0	26500	29872	36525	
1055	0	26504	29945	36112	
1056	0	26500	29785	36177	
1057	0	26497	29645	36568	
1058	0	26497	29552	37145	
1059	0	26500	29528	37740	
1060	0	26500	29452	37880	
1061	0	26504	29408	37724	
1062	0	26500	29456	37312	
1063	0	26496	29452	36972	
1064	0	26500	29472	36776	
1065	0	26508	29408	36724	
1066	0	26504	29492	36684	
1067	0	26508	29568	36848	
1068	0	26509	29584	36864	
1069	0	26520	29492	36916	
1070	0	26528	29464	36900	
1071	0	26536	29424	36836	
1072	0	26545	29369	36724	
1073	0	26545	29336	36620	
1074	0	26561	29336	36568	
1075	0	26568	29402	36584	
1076	0	26584	29380	36693	
1077	0	26592	29333	36756	
1078	0	26604	29220	36872	
1079	0	26628	29228	36852	
1080	0	26640	29284	36804	
1081	0	26660	29404	36680	
1082	0	26680	29536	36576	
1083	0	26704	29583	36560	
1084	0	26720	29524	36609	
1085	0	26748	29436	36752	
1086	0	26769	29380	36852	
1087	0	26793	29248	37000	
1088	0	26816	29125	37084	
1089	0	26848	28984	37280	
1090	0	26872	29096	37160	
1091	0	26905	29236	37072	
1092	0	26940	29276	36916	
1093	0	26964	29392	36808	
1094	0	27004	29624	36648	
1095	0	27037	29716	36448	
1096	0	27072	29032	37308	
1097	0	27109	29804	36236	
1098	0	27144	29640	36212	
1099	0	27176	29672	36352	
1100	0	27224	29404	36608	
1101	0	27260	28968	36788	
1102	0	27296	29372	36236	
1103	0	27341	28813	36900	
1104	0	27372	29828	36512	
1105	0	27421	28856	37100	
1106	0	27461	29840	36624	
1107	0	27498	27044	38329	
1108	0	27536	29328	37148	
1109	0	27584	27396	38332	
1110	0	27632	28633	37736	
1111	0	27673	28716	37452	
1112	0	27720	28056	38097	
1113	0	27762	27212	38706	
1114	0	27808	27608	38252	
1115	0	27856	28153	38136	
1116	0	27900	28016	38437	
1117	0	27944	28332	38200	
1118	0	27992	28357	38124	
1119	0	28047	28116	38108	
1120	0	28088	27956	37910	
1121	0	28140	27740	38336	
1122	0	28192	27476	38152	
1123	0	28240	28080	39052	
1124	0	28288	28652	39576	
1125	0	28342	29085	40172	
1126	0	28396	28792	41208	
1127	0	28446	28196	41872	
1128	0	28504	27626	42544	
1129	0	28556	27104	43560	
1130	0	28616	26801	44588	
1131	0	28668	26356	45580	
1132	0	28728	26660	46708	
1133	0	28784	26992	47752	
1134	0	28848	27104	48896	
1135	0	28900	27384	49624	
1136	0	28956	27993	49913	
1137	0	29024	28972	49440	
1138	0	29084	30047	48932	
1139	0	29148	31052	48220	
1140	0	29208	31517	46993	
1141	0	29269	31996	45352	
1142	0	29337	32896	43940	
1143	0	29404	33493	42560	
1144	0	29472	33764	40816	
1145	0	29536	34716	39488	
1146	0	29600	37076	38712	
1147	0	29664	40292	37996	
1148	0	29736	41540	37229	
1149	0	29808	43112	35880	
1150	0	29868	43660	36505	
1151	0	29940	41864	38461	
1152	0	30016	41112	34444	
1153	0	30080	40392	33021	
1154	0	30152	40064	34420	
1155	0	30217	39772	37032	
1156	0	30292	38672	38592	
1157	0	30364	37440	38872	
1158	0	30420	36172	38728	
1159	0	30497	35940	37224	
1160	0	30564	35720	36088	
1161	0	30636	35324	35428	
1162	0	30704	35408	34984	
1163	0	30776	35784	34668	
1164	0	30848	36188	34672	
1165	0	30916	36540	34720	
1166	0	30984	36576	34992	
1167	0	31052	36376	35576	
1168	0	31124	36092	36088	
1169	0	31194	35852	36412	
1170	0	31260	35620	36648	
1171	0	31328	35368	36900	
1172	0	31400	35000	37124	
1173	0	31468	34576	37348	
1174	0	31528	34120	37236	
1175	0	31600	33644	37176	
1176	0	31668	33076	37368	
1177	0	31740	32605	37300	
1178	0	31808	32089	37396	
1179	0	31873	31604	37385	
1180	0	31940	30632	38260	
1181	0	32012	30061	38196	
1182	0	32084	28980	38960	
1183	0	32152	28576	38732	
1184	0	32217	27968	38632	
1185	0	32288	27312	38784	
1186	0	32356	26805	38765	
1187	0	32428	26189	39428	
1188	0	32492	25672	39508	
1189	0	32576	25208	39264	
1190	0	32640	24624	39261	
1191	0	32708	23736	39872	
1192	0	32788	22600	40780	
1193	0	32852	21346	41412	
1194	0	32924	16976	44712	
1195	0	33000	18704	39648	
1196	0	33072	18980	38386	
1197	0	33144	13540	42004	
1198	0	33218	14966	37288	
1199	0	33288	13584	35904	
1200	0	33368	10432	36864	
1201	0	33444	12216	33817	
1202	0	33520	11579	33516	
1203	0	33588	9053	35272	
1204	0	33664	12204	31892	
1205	0	33744	12344	31668	
1206	0	33816	13120	31084	
1207	0	33896	12284	32654	
1208	0	33972	15452	29356	
1209	0	34052	14500	30652	
1210	0	34124	13436	32116	
1211	0	34196	15196	28960	
1212	0	34284	16190	26504	
1213	0	34353	15254	27264	
1214	0	34432	15568	27056	
1215	0	34512	16956	25112	
1216	0	34584	17117	26148	
1217	0	34664	17456	28106	
1218	0	34736	18992	26353	
1219	0	34808	17852	33616	
1220	0	34892	20453	27904	
1221	0	34972	20564	31592	
1222	0	35036	22052	28908	
1223	0	35116	20769	35136	
1224	0	35201	22792	38648	
1225	0	35264	31152	36412	
1226	0	35344	25856	37620	
1227	0	35420	22877	28564	
1228	0	35496	16124	17496	
1229	0	35556	21655	27816	
1230	0	35632	32109	34300	
1231	0	35704	27124	43136	
1232	0	35780	27756	45424	
1233	0	35848	29584	50868	
1234	0	35912	29720	35970	
1235	0	35984	15312	47340	
1236	0	36057	22448	48424	
1237	0	36128	28289	41860	
1238	0	36192	27224	47208	
1239	0	36268	29212	43728	
1240	0	36328	29265	41688	
1241	0	36396	29788	37280	
1242	0	36468	30282	34800	
1243	0	36528	29760	34852	
1244	0	36592	28880	36288	
1245	0	36656	28436	37780	
1246	0	36724	28176	37700	
1247	0	36788	28264	36904	
1248	0	36852	28740	35413	
1249	0	36924	29008	34400	
1250	0	36984	28756	34922	
1251	0	37041	28140	36032	
1252	0	37112	27984	35824	
1253	0	37180	28696	35676	
1254	0	37248	29688	36184	
1255	0	37312	30304	36384	
1256	0	37376	29672	35920	
1257	0	37444	29220	36384	
1258	0	37512	28956	37328	
1259	0	37580	28284	37969	
1260	0	37636	27568	37824	
1261	0	37720	28652	37704	
1262	0	37776	28804	37196	
1263	0	37848	29140	36776	
1264	0	37908	29316	36672	
1265	0	37976	29124	36672	
1266	0	38056	28896	36596	
1267	0	38116	28836	36696	
1268	0	38184	28908	36660	
1269	0	38268	29000	36516	
1270	0	38336	29224	36140	
1271	0	38405	29296	36128	
1272	0	38488	29308	35988	
1273	0	38560	29276	35892	
1274	0	38628	29184	35926	
1275	0	38712	29176	35920	
1276	0	38788	29180	35892	
1277	0	38864	29244	35708	
1278	0	38952	29285	35624	
1279	0	39032	29168	35680	
1280	0	39116	29044	35920	
1281	0	39200	28956	36301	
1282	0	39280	28752	36672	
1283	0	39360	28558	36940	
1284	0	39456	28512	37080	
1285	0	39524	28428	37092	
1286	0	39620	28544	36792	
1287	0	39700	28802	36588	
1288	0	39796	28889	36508	
1289	0	39876	28892	36388	
1290	0	39961	28876	36320	
1291	0	40048	28992	36440	
1292	0	40140	29012	36032	
1293	0	40228	28934	36129	
1294	0	40328	28920	36184	
1295	0	40408	28860	36181	
1296	0	40496	28880	36120	
1297	0	40592	28844	36128	
1298	0	40680	28801	36121	
1299	0	40768	28768	36100	
1300	0	40848	28692	36257	
1301	0	40929	28802	36204	
1302	0	41024	28956	35792	
1303	0	41104	28964	35784	
1304	0	41188	28912	35924	
1305	0	41268	28976	35860	
1306	0	41345	29044	35796	
1307	0	41440	29068	35772	
1308	0	41516	28980	35864	
1309	0	41584	28888	36052	
1310	0	41664	28808	36364	
1311	0	41740	28545	36809	
1312	0	41812	28200	36808	
1313	0	41876	28148	36773	
1314	0	41952	28282	36704	
1315	0	42016	28392	36680	
1316	0	42080	28352	36936	
1317	0	42152	28248	37280	
1318	0	42208	28176	37456	
1319	0	42268	28044	37476	
1320	0	42312	27768	37568	
1321	0	42368	26672	37952	
1322	0	42428	28280	38064	
1323	0	42476	27552	37704	
1324	0	42521	27237	38644	
1325	0	42576	27484	38540	
1326	0	42612	27204	38976	
1327	0	42656	27177	39128	
1328	0	42696	26880	39324	
1329	0	42728	26840	39660	
1330	0	42772	26717	39976	
1331	0	42796	25925	40188	
1332	0	42824	25400	40740	
1333	0	42857	27932	41436	
1334	0	42880	26376	41696	
1335	0	42900	30356	42448	
1336	0	42912	25793	42864	
1337	0	42936	28673	43756	
1338	0	42944	26006	44212	
1339	0	42964	26008	44568	
1340	0	42972	20792	45228	
1341	0	42976	27368	45588	
1342	0	42988	24540	46176	
1343	0	42988	23728	46572	
1344	0	42977	23511	46924	
1345	0	42976	27632	46336	
1346	0	42976	23404	47289	
1347	0	42964	24033	47848	
1348	0	42956	24213	47476	
1349	0	42952	24544	46512	
1350	0	42928	23020	46164	
1351	0	42916	23956	44840	
1352	0	42896	19320	50004	
1353	0	42872	24552	46572	
1354	0	42852	25692	48572	
1355	0	42828	27504	50256	
1356	0	42800	29729	48576	
1357	0	42772	31608	45600	
1358	0	42736	37204	44516	
1359	0	42704	37372	41957	
1360	0	42660	33548	44292	
1361	0	42624	37092	33293	
1362	0	42580	37188	33816	
1363	0	42540	34748	36444	
1364	0	42496	33780	39924	
1365	0	42440	33980	42188	
1366	0	42388	35008	42272	
1367	0	42344	35568	42184	
1368	0	42284	35056	42609	
1369	0	42240	34528	42160	
1370	0	42176	34316	41353	
1371	0	42116	34226	40748	
1372	0	42057	34432	39852	
1373	0	42004	34756	38880	
1374	0	41936	35024	38192	
1375	0	41865	35028	37764	
1376	0	41804	34880	37484	
1377	0	41736	34620	37336	
1378	0	41664	34336	37428	
1379	0	41584	34028	37688	
1380	0	41520	33709	37988	
1381	0	41440	33332	38188	
1382	0	41364	32872	38592	
1383	0	41292	32412	38788	
1384	0	41216	31952	38849	
1385	0	41128	31460	38961	
1386	0	41064	30924	38920	
1387	0	40972	30380	38836	
1388	0	40896	29860	38848	
1389	0	40800	29364	38960	
1390	0	40720	28784	39064	
1391	0	40636	28152	39201	
1392	0	40544	27585	39268	
1393	0	40452	27058	39268	
1394	0	40364	26544	39264	
1395	0	40272	26049	39268	
1396	0	40180	25564	39264	
1397	0	40088	25136	39240	
1398	0	40004	24778	39232	
1399	0	39908	24412	39244	
1400	0	39812	24036	39244	
1401	0	39720	23608	39244	
1402	0	39620	23252	39425	
1403	0	39524	22850	39688	
1404	0	39424	22356	40064	
1405	0	39332	21856	40492	
1406	0	39236	21416	40608	
1407	0	39132	20968	40600	
1408	0	39037	20460	40558	
1409	0	38940	19910	40492	
1410	0	38840	19406	40420	
1411	0	38736	18882	40380	
1412	0	38641	18380	40336	
1413	0	38536	17872	40324	
1414	0	38444	17381	40256	
1415	0	38340	16912	40196	
1416	0	38232	16349	40076	
1417	0	38136	15744	40044	
1418	0	38016	15053	39880	
1419	0	37920	14228	39620	
1420	0	37824	13357	39312	
1421	0	37720	12580	38537	
1422	0	37608	13090	37168	
1423	0	37504	13493	36896	
1424	0	37408	12456	36176	
1425	0	37296	10954	35285	
1426	0	37200	10282	35336	
1427	0	37085	9309	34472	
1428	0	36985	11141	35576	
1429	0	36884	10346	33109	
1430	0	36772	8998	35892	
1431	0	36668	10605	30612	
1432	0	36564	12670	30456	
1433	0	36468	14372	29972	
1434	0	36352	15028	27540	
1435	0	36252	14276	28486	
1436	0	36145	15016	27912	
1437	0	36040	16082	27904	
1438	0	35936	16835	27976	
1439	0	35836	16896	27704	
1440	0	35724	17152	28212	
1441	0	35620	18268	27776	
1442	0	35516	18336	29424	
1443	0	35412	19257	29588	
1444	0	35308	19953	29764	
1445	0	35208	20088	29484	
1446	0	35104	21122	30048	
1447	0	35000	20957	30233	
1448	0	34896	22197	29548	
1449	0	34788	22125	32964	
1450	0	34685	22772	35520	
1451	0	34588	25864	38496	
1452	0	34484	32976	41812	
1453	0	34384	26104	41536	
1454	0	34276	22540	38976	
1455	0	34176	20637	35952	
1456	0	34080	20604	33888	
1457	0	33977	26036	34584	
1458	0	33880	26080	34044	
1459	0	33773	27960	35660	
1460	0	33680	28722	37212	
1461	0	33584	27836	36208	
1462	0	33485	28728	37904	
1463	0	33384	26160	35528	
1464	0	33296	26596	37344	
1465	0	33200	27613	38624	
1466	0	33104	27688	37992	
1467	0	33012	25240	35368	
1468	0	32916	26980	35776	
1469	0	32824	28004	36348	
1470	0	32736	28040	36388	
1471	0	32640	27596	36536	
1472	0	32544	27914	36552	
1473	0	32464	28084	36572	
1474	0	32372	28472	36776	
1475	0	32281	28632	36712	
1476	0	32196	28396	36336	
1477	0	32112	28308	36240	
1478	0	32024	28457	36268	
1479	0	31944	28600	36452	
1480	0	31856	28596	36648	
1481	0	31781	28437	36708	
1482	0	31696	28368	36681	
1483	0	31613	28560	36916	
1484	0	31536	28536	36396	
1485	0	31460	28444	36432	
1486	0	31372	28516	36493	
1487	0	31297	28596	36564	
1488	0	31224	28516	36672	
1489	0	31144	28559	36624	
1490	0	31072	28516	36613	
1491	0	30996	28504	36620	
1492	0	30924	28472	36480	
1493	0	30848	28460	36544	
1494	0	30772	28521	36760	
1495	0	30704	28525	36528	
1496	0	30636	28472	36516	
1497	0	30561	28588	36516	
1498	0	30496	28652	36380	
1499	0	30424	28704	36460	
1500	0	30360	28774	36464	
1501	0	30288	29016	36402	
1502	0	30220	28928	36212	
1503	0	30156	28820	36389	
1504	0	30088	28700	36520	
1505	0	30024	28686	36552	
1506	0	29961	28648	36656	
1507	0	29896	28552	36681	
1508	0	29832	28568	36616	
1509	0	29772	28585	36540	
1510	0	29712	28752	36376	
1511	0	29644	28732	36292	
1512	0	29581	28732	36260	
1513	0	29524	28740	36360	
1514	0	29472	28608	36416	
1515	0	29404	28576	36448	
1516	0	29353	28672	36452	
1517	0	29280	28569	36400	
1518	0	29216	28568	36352	
1519	0	29164	28645	36288	
1520	0	29109	28508	36284	
1521	0	29056	28516	36256	
1522	0	29000	28292	36472	
1523	0	28936	28756	36228	
1524	0	28873	28900	35908	
1525	0	28824	26392	37560	
1526	0	28762	28748	36244	
1527	0	28705	28276	36421	
1528	0	28648	28446	36408	
1529	0	28588	28349	36636	
1530	0	28544	28380	36908	
1531	0	28488	28036	37112	
1532	0	28422	28072	37244	
1533	0	28372	28406	37156	
1534	0	28324	28044	37066	
1535	0	28249	28196	37005	
1536	0	28212	27872	36933	
1537	0	28160	27618	36764	
1538	0	28101	28196	36680	
1539	0	28045	27844	37248	
1540	0	27997	27324	37712	
1541	0	27940	26709	37548	
1542	0	27880	26088	37692	
1543	0	27828	25758	37692	
1544	0	27777	26636	38900	
1545	0	27724	26529	39600	
1546	0	27668	26680	39783	
1547	0	27612	26184	40604	
1548	0	27553	25450	41232	
1549	0	27504	24512	42128	
1550	0	27444	23662	43365	
1551	0	27400	22524	45384	
1552	0	27341	24856	44148	
1553	0	27288	25284	43816	
1554	0	27233	24229	45472	
1555	0	27172	23092	45780	
1556	0	27128	22948	45252	
1557	0	27072	23137	45344	
1558	0	27016	23596	45184	
1559	0	26964	23408	45016	
1560	0	26908	24188	45356	
1561	0	26852	24524	45780	
1562	0	26796	24332	45416	
1563	0	26749	24040	44484	
1564	0	26689	24148	44277	
1565	0	26644	24420	43820	
1566	0	26592	25386	44268	
1567	0	26536	27748	43752	
1568	0	26488	31196	41400	
1569	0	26436	30180	36598	
1570	0	26385	28660	40208	
1571	0	26332	32340	43016	
1572	0	26276	39232	43532	
1573	0	26236	39540	38756	
1574	0	26184	35804	34272	
1575	0	26137	33429	34828	
1576	0	26082	32120	36982	
1577	0	26036	33924	39580	
1578	0	25988	35504	41532	
1579	0	25941	35668	41300	
1580	0	25896	34804	41288	
1581	0	25840	33561	40860	
1582	0	25796	33100	40072	
1583	0	25752	33336	38836	
1584	0	25700	33992	37601	
1585	0	25664	34480	36908	
1586	0	25608	34596	36537	
1587	0	25568	34460	36316	
1588	0	25520	34257	36120	
1589	0	25476	34072	36064	
1590	0	25433	33956	36072	
1591	0	25392	33832	36176	
1592	0	25345	33728	36204	
1593	0	25304	33584	36260	
1594	0	25261	33392	36185	
1595	0	25220	33212	36084	
1596	0	25176	33056	35928	
1597	0	25132	32928	35708	
1598	0	25096	32800	35476	
1599	0	25052	32688	35340	
1600	0	25018	32464	35360	
1601	0	24972	32228	35436	
1602	0	24936	31948	35520	
1603	0	24896	31728	35500	
1604	0	24853	31436	35388	
1605	0	24810	31124	35212	
1606	0	24780	30781	35028	
1607	0	24734	30393	34872	
1608	0	24700	30016	34648	
1609	0	24660	29614	34420	
1610	0	24622	29152	34344	
1611	0	24588	28857	34213	
1612	0	24552	28712	33872	
1613	0	24516	28616	33256	
1614	0	24476	28484	32760	
1615	0	24444	27920	32553	
1616	0	24416	27005	32580	
1617	0	24384	26136	32621	
1618	0	24348	25529	32517	
1619	0	24312	24857	32604	
1620	0	24288	24218	32604	
1621	0	24248	23620	32341	
1622	0	24220	23225	32040	
1623	0	24192	22986	31408	
1624	0	24169	22648	30574	
1625	0	24138	22377	29608	
1626	0	24109	22257	28736	
1627	0	24084	22404	27968	
1628	0	24056	21960	27904	
1629	0	24036	21666	27628	
1630	0	24012	21444	27559	
1631	0	23990	21232	27656	
1632	0	23976	20964	27732	
1633	0	23949	20764	27712	
1634	0	23929	20832	27676	
1635	0	23912	21217	27648	
1636	0	23900	21620	27740	
1637	0	23884	21925	27876	
1638	0	23868	22200	28008	
1639	0	23860	22328	28148	
1640	0	23852	22348	28537	
1641	0	23844	22380	29820	
1642	0	23829	22362	28928	
1643	0	23832	22268	28588	
1644	0	23828	21985	31365	
1645	0	23824	22268	29244	
1646	0	23821	22180	31457	
1647	0	23834	22621	29520	
1648	0	23832	22944	29912	
1649	0	23842	23414	28924	
1650	0	23845	23777	29996	
1651	0	23850	24147	29272	
1652	0	23864	23572	32044	
1653	0	23876	24345	30152	
1654	0	23900	24256	30436	
1655	0	23910	24617	30768	
1656	0	23936	24146	32136	
1657	0	23950	24964	31484	
1658	0	23980	23788	34220	
1659	0	24004	24997	31960	
1660	0	24040	24636	32752	
1661	0	24068	24544	32540	
1662	0	24105	24752	32924	
1663	0	24145	24752	33242	
1664	0	24180	24252	33472	
1665	0	24229	13240	37588	
1666	0	24264	33512	35664	
1667	0	24308	25006	38692	
1668	0	24364	20764	33252	
1669	0	24409	20168	22384	
1670	0	24464	22264	28456	
1671	0	24513	31808	40284	
1672	0	24572	28056	36884	
1673	0	24624	24642	41988	
1674	0	24688	25312	48244	
1675	0	24748	25252	51716	
1676	0	24808	23376	48656	
1677	0	24876	23412	46692	
1678	0	24944	26476	40412	
1679	0	25010	25928	36224	
1680	0	25072	26544	37144	
1681	0	25156	26796	39572	
1682	0	25228	34612	36012	
1683	0	25296	26816	45084	
1684	0	25381	25741	44941	
1685	0	25448	27237	41456	
1686	0	25528	25628	43000	
1687	0	25604	27288	40044	
1688	0	25682	27400	39188	
1689	0	25764	28332	37225	
1690	0	25848	28345	36472	
1691	0	25928	28425	35652	
1692	0	26008	29216	34760	
1693	0	26096	29936	34292	
1694	0	26186	30012	34332	
1695	0	26268	29606	34772	
1696	0	26345	28996	35616	
1697	0	26440	28464	36416	
1698	0	26516	28154	36805	
1699	0	26613	28620	36968	
1700	0	26700	28900	36609	
1701	0	26784	28956	36312	
1702	0	26872	28837	36032	
1703	0	26960	28785	36052	
1704	0	27045	28524	36192	
1705	0	27136	28608	36472	
1706	0	27216	29008	36496	
1707	0	27308	29420	36500	
1708	0	27401	28957	36260	
1709	0	27492	29588	36048	
1710	0	27580	29460	36077	
1711	0	27657	29417	36120	
1712	0	27748	29160	36256	
1713	0	27836	29064	36140	
1714	0	27924	29016	36142	
1715	0	28012	29202	35808	
1716	0	28100	29404	35440	
1717	0	28188	29476	35405	
1718	0	28276	29392	35472	
1719	0	28353	30412	35844	
1720	0	28448	29160	35933	
1721	0	28540	29356	36287	
1722	0	28624	27964	35573	
1723	0	28704	28548	35888	
1724	0	28788	28960	36224	
1725	0	28877	29084	36420	
1726	0	28972	29149	36288	
1727	0	29056	29090	36056	
1728	0	29144	29293	36316	
1729	0	29232	29080	36184	
1730	0	29316	29052	36253	
1731	0	29408	29068	36336	
1732	0	29492	29120	36576	
1733	0	29580	29000	36920	
1734	0	29668	28792	37224	
1735	0	29756	28633	37268	
1736	0	29847	28744	37220	
1737	0	29932	28812	37092	
1738	0	30032	28929	36928	
1739	0	30116	28872	36856	
1740	0	30208	28776	36817	
1741	0	30304	28746	36824	
1742	0	30392	28768	36632	
1743	0	30480	28853	36444	
1744	0	30576	28944	36269	
1745	0	30672	28881	36124	
1746	0	30768	28868	36164	
1747	0	30856	28801	36209	
1748	0	30953	28900	36164	
1749	0	31052	28960	36140	
1750	0	31144	28964	36160	
1751	0	31241	28869	36320	
1752	0	31340	28672	36440	
1753	0	31438	28529	36540	
1754	0	31540	28448	36612	
1755	0	31632	28496	36537	
1756	0	31728	28570	36512	
1757	0	31834	28552	36436	
1758	0	31930	28840	36256	
1759	0	32032	27968	36824	
1760	0	32140	28176	36884	
1761	0	32241	28516	36656	
1762	0	32348	28925	36480	
1763	0	32452	28496	36800	
1764	0	32553	25928	38284	
1765	0	32656	26192	38572	
1766	0	32752	28612	37140	
1767	0	32868	28564	37216	
1768	0	32968	27896	37828	
1769	0	33072	27172	38304	
1770	0	33172	26753	38476	
1771	0	33280	27004	38368	
1772	0	33384	27400	38028	
1773	0	33489	27080	38384	
1774	0	33592	25672	39180	
1775	0	33692	26300	39270	
1776	0	33796	27640	39496	
1777	0	33896	27612	39772	
1778	0	34000	26314	40456	
1779	0	34104	26988	41588	
1780	0	34204	28504	42720	
1781	0	34296	28616	44072	
1782	0	34392	28128	45164	
1783	0	34488	27652	46256	
1784	0	34588	27668	46772	
1785	0	34677	27448	46944	
1786	0	34784	27280	47092	
1787	0	34872	27192	47176	
1788	0	34964	27249	46660	
1789	0	35064	27828	46316	
1790	0	35148	28656	45496	
1791	0	35240	29452	44168	
1792	0	35328	29384	42552	
1793	0	35412	29944	41040	
1794	0	35496	30688	38684	
1795	0	35572	34676	38204	
1796	0	35656	37544	36764	
1797	0	35744	42164	36784	
1798	0	35816	45964	36428	
1799	0	35896	47596	36652	
1800	0	35973	45448	35484	
1801	0	36052	42756	34534	
1802	0	36124	42100	35084	
1803	0	36193	42012	37072	
1804	0	36268	40928	40960	
1805	0	36342	40236	42096	
1806	0	36404	39581	42016	
1807	0	36468	38488	40912	
1808	0	36532	36596	40384	
1809	0	36600	35920	38017	
1810	0	36660	35904	36328	
1811	0	36724	36156	35076	
1812	0	36776	35417	34661	
1813	0	36836	34972	34296	
1814	0	36892	34880	34276	
1815	0	36952	34584	34817	
1816	0	37008	33888	35232	
1817	0	37068	32980	35334	
1818	0	37112	32152	35568	
1819	0	37172	31344	35952	
1820	0	37220	30368	36296	
1821	0	37270	29500	35828	
1822	0	37320	28820	35492	
1823	0	37368	28320	34965	
1824	0	37420	28272	33692	
1825	0	37460	28813	32840	
1826	0	37508	28382	32556	
1827	0	37552	27416	33409	
1828	0	37596	26168	33794	
1829	0	37640	25464	34804	
1830	0	37684	24669	35740	
1831	0	37728	23668	36524	
1832	0	37768	22616	36600	
1833	0	37812	21952	35688	
1834	0	37848	21536	34232	
1835	0	37880	21204	32929	
1836	0	37920	21001	31780	
1837	0	37956	21434	30536	
1838	0	38000	20038	30524	
1839	0	38036	19876	29401	
1840	0	38072	18512	29828	
1841	0	38096	18696	29056	
1842	0	38136	15514	31496	
1843	0	38164	18205	28997	
1844	0	38201	17780	29056	
1845	0	38232	18253	29165	
1846	0	38260	18467	29372	
1847	0	38281	20112	27762	
1848	0	38317	19658	28812	
1849	0	38344	17468	32540	
1850	0	38368	21113	27402	
1851	0	38389	20841	28476	
1852	0	38413	21248	28804	
1853	0	38432	21852	29068	
1854	0	38464	22480	29277	
1855	0	38474	23128	29472	
1856	0	38496	23697	29688	
1857	0	38504	24084	30072	
1858	0	38528	25264	28776	
1859	0	38540	24640	30841	
1860	0	38556	25529	29953	
1861	0	38572	23192	33740	
1862	0	38568	25486	31069	
1863	0	38584	24734	32473	
1864	0	38588	24736	33048	
1865	0	38596	25956	31612	
1866	0	38596	25348	33344	
1867	0	38592	25333	33772	
1868	0	38592	25400	33920	
1869	0	38600	25496	34098	
1870	0	38592	24346	37284	
1871	0	38585	25540	33976	
1872	0	38576	25240	34644	
1873	0	38573	25217	34872	
1874	0	38564	25196	34932	
1875	0	38552	25208	35105	
1876	0	38528	25512	33280	
1877	0	38521	25273	34620	
1878	0	38508	25232	34860	
1879	0	38476	22052	43512	
1880	0	38460	29717	43396	
1881	0	38432	33636	38272	
1882	0	38412	32361	47092	
1883	0	38376	17066	38472	
1884	0	38340	12297	28132	
1885	0	38312	29692	35756	
1886	0	38280	38368	40960	
1887	0	38252	29088	34896	
1888	0	38208	22608	29780	
1889	0	38172	27105	33034	
1890	0	38124	28580	38080	
1891	0	38084	25049	44980	
1892	0	38040	26312	45536	
1893	0	37996	29728	42268	
1894	0	37940	31722	39452	
1895	0	37900	30764	38000	
1896	0	37825	29044	38384	
1897	0	37796	28352	39065	
1898	0	37736	30992	35504	
1899	0	37684	24817	37256	
1900	0	37624	36440	47156	
1901	0	37568	23776	42056	
1902	0	37504	23642	47380	
1903	0	37448	26160	46972	
1904	0	37392	26240	47672	
1905	0	37320	27964	42792	
1906	0	37256	29030	39776	
1907	0	37192	29404	37780	
1908	0	37128	29284	36736	
1909	0	37056	29000	36400	
1910	0	36984	28804	36440	
1911	0	36920	28580	36760	
1912	0	36844	28396	37056	
1913	0	36776	28361	37072	
1914	0	36700	28504	36988	
1915	0	36628	28708	36928	
1916	0	36540	28976	36908	
1917	0	36460	29072	37092	
1918	0	36392	29004	37208	
1919	0	36312	28864	37232	
1920	0	36232	28816	37140	
1921	0	36152	28930	36920	
1922	0	36068	29073	36937	
1923	0	35980	29204	37201	
1924	0	35896	29097	37336	
1925	0	35812	28972	37316	
1926	0	35724	28961	37178	
1927	0	35640	28948	37112	
1928	0	35548	28909	37040	
1929	0	35460	28912	36944	
1930	0	35368	28938	36936	
1931	0	35276	28912	37024	
1932	0	35182	29016	37144	
1933	0	35084	29188	37136	
1934	0	34992	29189	37088	
1935	0	34912	29148	36949	
1936	0	34805	29070	36596	
1937	0	34712	29057	36488	
1938	0	34620	29092	36436	
1939	0	34520	29132	36376	
1940	0	34420	28989	36541	
1941	0	34320	28916	36564	
1942	0	34221	28808	36629	
1943	0	34128	28740	36736	
1944	0	34036	28760	36680	
1945	0	33928	28785	36744	
1946	0	33836	28884	36628	
1947	0	33734	28853	36492	
1948	0	33636	28840	36828	
1949	0	33540	28900	36580	
1950	0	33436	29037	36472	
1951	0	33341	28850	37204	
1952	0	33242	28977	36572	
1953	0	33144	28901	36384	
1954	0	33048	28949	36304	
1955	0	32944	28900	36360	
1956	0	32852	28909	36552	
1957	0	32744	28592	36864	
1958	0	32660	28596	37164	
1959	0	32564	28768	37216	
1960	0	32464	28644	37376	
1961	0	32376	28880	37221	
1962	0	32273	29068	36692	
1963	0	32184	28954	36380	
1964	0	32092	28596	36728	
1965	0	31992	29017	36052	
1966	0	31904	27676	38132	
1967	0	31816	28840	36384	
1968	0	31716	28413	36805	
1969	0	31625	28652	37140	
1970	0	31532	29252	36648	
1971	0	31448	27356	38476	
1972	0	31360	28208	37472	
1973	0	31260	28116	37172	
1974	0	31176	27648	37112	
1975	0	31084	27512	37304	
1976	0	31000	28221	36620	
1977	0	30904	28584	36408	
1978	0	30821	28398	36436	
1979	0	30740	28496	36748	
1980	0	30656	28112	37248	
1981	0	30560	27948	37674	
1982	0	30480	27760	38156	
1983	0	30392	27101	38944	
1984	0	30304	26612	39924	
1985	0	30224	26324	40812	
1986	0	30144	26493	42180	
1987	0	30057	26696	42572	
1988	0	29980	26792	43481	
1989	0	29896	26636	44328	
1990	0	29821	26976	45700	
1991	0	29736	26896	45584	
1992	0	29649	26992	44792	
1993	0	29580	26765	43880	
1994	0	29497	26536	43484	
1995	0	29416	26469	43800	
1996	0	29348	26605	43824	
1997	0	29268	26928	44268	
1998	0	29192	27161	45136	
1999	0	29116	27948	45736	
2000	0	29040	28784	45972	
2001	0	28964	29628	45908	
2002	0	28888	30424	45981	
2003	0	28820	31280	45480	
2004	0	28745	31452	44684	
2005	0	28676	31812	42980	
2006	0	28604	33136	40488	
2007	0	28536	33404	38748	
2008	0	28468	33940	36096	
2009	0	28396	35112	34164	
2010	0	28332	38749	34816	
2011	0	28264	43560	35272	
2012	0	28204	48048	33592	
2013	0	28136	45628	35460	
2014	0	28080	42112	34208	
2015	0	28012	39896	32908	
2016	0	27954	39208	34548	
2017	0	27889	38932	38096	
2018	0	27836	37776	39884	
2019	0	27774	36224	39968	
2020	0	27720	35244	37876	
2021	0	27661	34678	35524	
2022	0	27604	34136	33784	
2023	0	27548	33980	32736	
2024	0	27496	34048	32054	
2025	0	27444	33440	31826	
2026	0	27392	33148	32348	
2027	0	27336	33228	32872	
2028	0	27293	33196	33628	
2029	0	27244	32778	34425	
2030	0	27200	32108	34980	
2031	0	27153	31684	35348	
2032	0	27104	31448	35500	
2033	0	27060	31222	35496	
2034	0	27022	31040	35240	
2035	0	26984	30953	34660	
2036	0	26944	30964	34264	
2037	0	26900	31130	33769	
2038	0	26861	31128	33592	
2039	0	26825	30969	33584	
2040	0	26792	30704	33749	
2041	0	26760	30176	34220	
2042	0	26724	29553	34688	
2043	0	26688	28572	35228	
2044	0	26665	27852	35968	
2045	0	26632	27316	35944	
2046	0	26608	26854	35732	
2047	0	26580	26300	35712	
2048	0	26552	25821	35524	
2049	0	26528	25680	34872	
2050	0	26504	25212	34168	
2051	0	26480	24472	34064	
2052	0	26460	25088	32341	
2053	0	26437	25280	31456	
2054	0	26424	24308	31948	
2055	0	26406	23810	31076	
2056	0	26388	23212	31088	
2057	0	26376	22914	31016	
2058	0	26356	22860	29664	
2059	0	26352	21700	32064	
2060	0	26336	21884	29206	
2061	0	26332	21688	29888	
2062	0	26320	21860	28548	
2063	0	26308	21568	29947	
2064	0	26304	21384	28997	
2065	0	26300	21176	29853	
2066	0	26297	20852	30372	
2067	0	26288	21000	28672	
2068	0	26292	20832	29928	
2069	0	26284	20837	29940	
2070	0	26281	20785	28845	
2071	0	26288	21082	29820	
2072	0	26288	21265	29676	
2073	0	26288	21018	28768	
2074	0	26292	20714	28608	
2075	0	26293	20396	27980	
2076	0	26300	20372	28184	
2077	0	26304	20238	27968	
2078	0	26316	20201	27665	
2079	0	26324	20288	27056	
2080	0	26336	20501	30600	
2081	0	26348	20680	27965	
2082	0	26360	20952	31764	
2083	0	26376	21381	28138	
2084	0	26392	21782	29980	
2085	0	26408	21780	36384	
2086	0	26424	21913	34336	
2087	0	26387	22878	39436	
2088	0	26468	28496	36124	
2089	0	26489	36072	47885	
2090	0	26508	17448	33056	
2091	0	26540	8671	25605	
2092	0	26564	29143	37054	
2093	0	26592	38908	41760	
2094	0	26628	33504	36048	
2095	0	26650	25740	33304	
2096	0	26684	27144	40512	
2097	0	26716	25068	48640	
2098	0	26764	25056	48708	
2099	0	26800	28444	42412	
2100	0	26844	31492	40796	
2101	0	26877	29538	38704	
2102	0	26924	26785	41516	
2103	0	26972	27672	42597	
2104	0	27016	27364	42525	
2105	0	27077	27988	40472	
2106	0	27116	27700	39377	
2107	0	27176	17873	43196	
2108	0	27241	33704	42374	
2109	0	27282	21694	40972	
2110	0	27340	25868	43336	
2111	0	27404	26408	46732	
2112	0	27465	27694	43528	
2113	0	27520	28161	42080	
2114	0	27592	29148	39628	
2115	0	27656	28976	38144	
2116	0	27720	29040	37348	
2117	0	27792	28828	36964	
2118	0	27856	28524	36868	
2119	0	27924	28452	36860	
2120	0	28004	28733	36512	
2121	0	28068	29069	36004	
2122	0	28148	29320	35776	
2123	0	28224	29288	35888	
2124	0	28290	29204	36284	
2125	0	28380	29324	36672	
2126	0	28456	29156	36928	
2127	0	28536	29110	36804	
2128	0	28608	29072	36592	
2129	0	28692	29068	36520	
2130	0	28772	29220	36928	
2131	0	28856	29356	37468	
2132	0	28940	29160	37716	
2133	0	29021	29000	37765	
2134	0	29096	28956	37672	
2135	0	29184	28916	37453	
2136	0	29268	28920	37280	
2137	0	29352	28848	37380	
2138	0	29428	28776	37394	
2139	0	29516	28668	37517	
2140	0	29597	28748	37565	
2141	0	29680	28844	37432	
2142	0	29772	28765	37320	
2143	0	29852	28744	37064	
2144	0	29936	28592	36796	
2145	0	30024	28712	36584	
2146	0	30112	28960	36276	
2147	0	30188	29092	36076	
2148	0	30272	29004	36012	
2149	0	30356	29252	35749	
2150	0	30444	29504	35676	
2151	0	30530	29584	35444	
2152	0	30608	29572	35474	
2153	0	30696	29551	35168	
2154	0	30780	29588	35048	
2155	0	30864	29604	35064	
2156	0	30944	29524	35284	
2157	0	31032	29329	35864	
2158	0	31116	29000	36588	
2159	0	31196	28612	37132	
2160	0	31280	28360	37864	
2161	0	31365	28340	38848	
2162	0	31448	28333	39252	
2163	0	31532	28136	39080	
2164	0	31616	28080	38928	
2165	0	31700	28076	38653	
2166	0	31780	28244	38356	
2167	0	31864	28448	37781	
2168	0	31948	28480	37504	
2169	0	32032	28504	37060	
2170	0	32120	28436	36688	
2171	0	32192	28516	36556	
2172	0	32272	28669	36038	
2173	0	32361	28705	36028	
2174	0	32448	28968	35784	
2175	0	32520	28857	36056	
2176	0	32604	29208	35916	
2177	0	32692	29160	36128	
2178	0	32768	28998	36448	
2179	0	32844	29028	36692	
2180	0	32928	28553	37120	
2181	0	33008	28280	37612	
2182	0	33088	28210	38168	
2183	0	33165	27857	38528	
2184	0	33241	27524	38913	
2185	0	33324	27304	39172	
2186	0	33404	27324	39069	
2187	0	33484	27048	39112	
2188	0	33560	27308	39072	
2189	0	33636	27528	39424	
2190	0	33714	27824	39437	
2191	0	33788	27989	40096	
2192	0	33864	27684	40876	
2193	0	33940	27564	41556	
2194	0	34020	27420	42216	
2195	0	34088	27360	43144	
2196	0	34160	27340	44284	
2197	0	34236	27048	45348	
2198	0	34308	26964	46568	
2199	0	34380	27297	47564	
2200	0	34448	27912	48368	
2201	0	34524	27836	48416	
2202	0	34592	28072	48136	
2203	0	34660	28273	47456	
2204	0	34734	28800	46492	
2205	0	34808	29504	45700	
2206	0	34868	30589	44548	
2207	0	34940	31136	43200	
2208	0	35008	31748	41320	
2209	0	35076	32576	39744	
2210	0	35148	33664	38288	
2211	0	35208	34196	37432	
2212	0	35272	35064	35776	
2213	0	35348	36368	35780	
2214	0	35412	38880	36748	
2215	0	35472	40388	34678	
2216	0	35540	43028	33936	
2217	0	35608	46508	34240	
2218	0	35672	45380	35332	
2219	0	35740	41988	34884	
2220	0	35800	40220	32412	
2221	0	35868	39824	33804	
2222	0	35932	39484	36448	
2223	0	35996	38828	38796	
2224	0	36052	37736	39634	
2225	0	36120	36324	39564	
2226	0	36188	34976	38368	
2227	0	36244	34546	36572	
2228	0	36312	34264	34860	
2229	0	36368	33832	33612	
2230	0	36436	33344	32800	
2231	0	36488	33480	32712	
2232	0	36552	33616	32876	
2233	0	36620	33332	33204	
2234	0	36676	32709	33808	
2235	0	36740	32193	34608	
2236	0	36800	31660	35528	
2237	0	36856	31176	36276	
2238	0	36916	30628	36700	
2239	0	36980	30205	36980	
2240	0	37036	29812	36760	
2241	0	37092	29472	36269	
2242	0	37157	29308	35588	
2243	0	37216	29396	34648	
2244	0	37272	29720	33364	
2245	0	37324	29844	32557	
2246	0	37388	29729	32128	
2247	0	37448	29544	32252	
2248	0	37496	29208	33248	
2249	0	37556	28801	34480	
2250	0	37608	27888	36036	
2251	0	37669	26037	40768	
2252	0	37720	26737	35368	
2253	0	37772	28104	34217	
2254	0	37824	26948	33736	
2255	0	37876	25904	35136	
2256	0	37920	24869	35664	
2257	0	37985	24692	33508	
2258	0	38028	22224	37856	
2259	0	38080	22676	33508	
2260	0	38124	19468	37129	
2261	0	38173	22444	31593	
2262	0	38213	20418	33760	
2263	0	38268	21156	31657	
2264	0	38304	20834	30486	
2265	0	38344	18688	33165	
2266	0	38392	19872	30144	
2267	0	38424	19701	28672	
2268	0	38472	18812	29336	
2269	0	38501	18942	27620	
2270	0	38536	18312	28764	
2271	0	38560	17350	31304	
2272	0	38597	18460	28197	
2273	0	38636	18425	28680	
2274	0	38660	18532	28532	
2275	0	38688	18738	28717	
2276	0	38708	19060	28970	
2277	0	38732	19074	29777	
2278	0	38752	19868	29297	
2279	0	38768	20254	29964	
2280	0	38784	20868	30145	
2281	0	38801	21606	29932	
2282	0	38816	22324	29884	
2283	0	38824	22796	30196	
2284	0	38832	23144	30621	
2285	0	38836	23412	31192	
2286	0	38832	23600	32752	
2287	0	38834	24004	32164	
2288	0	38828	24252	36324	
2289	0	38820	24541	33256	
2290	0	38828	24884	38500	
2291	0	38816	25032	34257	
2292	0	38804	25156	35813	
2293	0	38780	25454	36532	
2294	0	38776	26513	42100	
2295	0	38752	19362	51360	
2296	0	38732	38332	40164	
2297	0	38716	39284	46620	
2298	0	38684	23968	45264	
2299	0	38652	10913	35568	
2300	0	38628	8792	22577	
2301	0	38592	34428	38628	
2302	0	38556	35344	32160	
2303	0	38524	22816	33336	
2304	0	38476	26269	36880	
2305	0	38436	27008	48544	
2306	0	38392	24265	53764	
2307	0	38336	28456	47128	
2308	0	38304	29232	41200	
2309	0	38252	29984	36404	
2310	0	38200	29888	36024	
2311	0	38144	29056	37916	
2312	0	38080	28009	41440	
2313	0	38020	34104	47876	
2314	0	37968	30936	40144	
2315	0	37900	25048	45856	
2316	0	37836	24728	45792	
2317	0	37760	26149	45224	
2318	0	37700	27916	42016	
2319	0	37624	28532	39084	
2320	0	37552	28748	37224	
2321	0	37476	28844	36256	
2322	0	37392	29014	35912	
2323	0	37324	29124	36212	
2324	0	37252	29104	36680	
2325	0	37160	28940	37124	
2326	0	37076	28768	37360	
2327	0	36992	28832	37200	
2328	0	36908	29097	36800	
2329	0	36816	29440	36416	
2330	0	36729	29536	36224	
2331	0	36648	29380	36117	
2332	0	36548	29092	36048	
2333	0	36456	28866	36080	
2334	0	36368	28972	36392	
2335	0	36272	29124	36720	
2336	0	36176	29112	36908	
2337	0	36080	28984	37082	
2338	0	35976	28920	37120	
2339	0	35884	29024	37088	
2340	0	35788	29148	37000	
2341	0	35680	29280	36820	
2342	0	35584	29264	36652	
2343	0	35480	29220	36500	
2344	0	35380	29204	36472	
2345	0	35280	29080	36697	
2346	0	35180	29008	36989	
2347	0	35076	28904	37197	
2348	0	34976	28721	37396	
2349	0	34872	28590	37552	
2350	0	34776	28548	37492	
2351	0	34672	28552	37284	
2352	0	34564	28549	37192	
2353	0	34472	28624	36808	
2354	0	34376	28640	36756	
2355	0	34260	28724	36416	
2356	0	34176	28752	36260	
2357	0	34068	28808	36220	
2358	0	33968	29085	36364	
2359	0	33872	29152	36340	
2360	0	33768	29085	36032	
2361	0	33672	29028	35836	
2362	0	33582	29037	35572	
2363	0	33484	29212	35425	
2364	0	33376	29528	35476	
2365	0	33288	30008	35308	
2366	0	33192	29728	35741	
2367	0	33096	29500	36132	
2368	0	33010	29209	36540	
2369	0	32912	28868	37008	
2370	0	32824	28825	37564	
2371	0	32724	28621	37916	
2372	0	32648	28484	38004	
2373	0	32556	28492	38064	
2374	0	32472	28660	37980	
2375	0	32384	28808	37820	
2376	0	32292	28897	37872	
2377	0	32212	28728	38016	
2378	0	32124	28485	38180	
2379	0	32032	28372	37904	
2380	0	31964	28216	37761	
2381	0	31876	28160	37504	
2382	0	31792	28384	37268	
2383	0	31704	28509	37217	
2384	0	31632	28616	37144	
2385	0	31552	28592	37232	
2386	0	31480	28556	37176	
2387	0	31400	28404	37172	
2388	0	31320	28220	37224	
2389	0	31248	28180	37384	
2390	0	31168	28128	37640	
2391	0	31092	28420	38016	
2392	0	31016	28576	38160	
2393	0	30948	28360	38468	
2394	0	30872	27576	38876	
2395	0	30796	27128	39164	
2396	0	30732	27048	39304	
2397	0	30660	26856	39656	
2398	0	30592	27872	40736	
2399	0	30524	27904	42200	
2400	0	30457	28092	43352	
2401	0	30384	27884	43960	
2402	0	30320	27797	44224	
2403	0	30254	27692	44388	
2404	0	30194	27453	44496	
2405	0	30124	26909	44496	
2406	0	30060	26552	44672	
2407	0	29997	26713	45088	
2408	0	29940	27102	45388	
2409	0	29880	27282	45740	
2410	0	29820	28450	45972	
2411	0	29754	29408	45504	
2412	0	29696	29864	45088	
2413	0	29632	30300	44444	
2414	0	29572	31281	43536	
2415	0	29532	31668	42612	
2416	0	29460	31524	41488	
2417	0	29408	31632	39136	
2418	0	29352	31996	37640	
2419	0	29293	32096	36852	
2420	0	29240	33556	34704	
2421	0	29184	38604	35496	
2422	0	29124	41828	34290	
2423	0	29073	45224	34080	
2424	0	29020	46284	32984	
2425	0	28965	42024	32193	
2426	0	28905	39000	34112	
2427	0	28857	37860	36248	
2428	0	28808	37704	39196	
2429	0	28760	36684	40728	
2430	0	28700	35392	39956	
2431	0	28652	34576	37810	
2432	0	28608	34432	35340	
2433	0	28556	34128	33704	
2434	0	28500	34124	32737	
2435	0	28452	34324	32392	
2436	0	28404	34168	32412	
2437	0	28348	34100	32706	
2438	0	28300	34184	33080	
2439	0	28253	34144	33697	
2440	0	28206	33984	34540	
2441	0	28160	33816	35208	
2442	0	28109	33600	35668	
2443	0	28058	33364	35928	
2444	0	28016	33134	35837	
2445	0	27976	32824	35852	
2446	0	27928	32564	35600	
2447	0	27880	32492	35196	
2448	0	27836	32188	35144	
2449	0	27796	31940	35036	
2450	0	27750	31685	34892	
2451	0	27705	31389	34812	
2452	0	27668	31041	34696	
2453	0	27620	30680	34565	
2454	0	27577	30364	34268	
2455	0	27540	30156	33452	
2456	0	27500	30056	33072	
2457	0	27464	29908	33104	
2458	0	27422	30072	33185	
2459	0	27384	29813	33968	
2460	0	27344	28896	35353	
2461	0	27308	27633	36428	
2462	0	27272	26424	37372	
2463	0	27236	25376	37972	
2464	0	27204	24440	37841	
2465	0	27164	21258	40664	
2466	0	27128	23240	35236	
2467	0	27089	25068	33480	
2468	0	27056	23804	33808	
2469	0	27024	22145	34516	
2470	0	26988	22408	32052	
2471	0	26960	22148	31444	
2472	0	26928	21120	31516	
2473	0	26892	20188	30808	
2474	0	26860	19740	30441	
2475	0	26832	19636	29634	
2476	0	26786	19529	28960	
2477	0	26754	19458	28004	
2478	0	26724	19341	27524	
2479	0	26696	19144	27928	
2480	0	26668	19216	27200	
2481	0	26629	19244	26207	
2482	0	26604	19206	26192	
2483	0	26568	19136	26568	
2484	0	26544	19052	26624	
2485	0	26516	19400	25760	
2486	0	26478	18996	26880	
2487	0	26441	19586	26720	
2488	0	26420	20420	25340	
2489	0	26389	19612	27984	
2490	0	26356	21280	26072	
2491	0	26324	19536	29310	
2492	0	26296	21696	27225	
2493	0	26272	20992	29128	
2494	0	26236	22976	27268	
2495	0	26206	22340	29676	
2496	0	26180	22584	30557	
2497	0	26152	23049	31320	
2498	0	26124	25408	36845	
2499	0	26100	20757	46128	
2500	0	26076	31960	36572	
2501	0	26048	41348	50456	
2502	0	26020	15601	35920	
2503	0	26004	7519	19521	
2504	0	25976	31113	31320	
2505	0	25957	36360	38076	
2506	0	25932	30252	41120	
2507	0	25916	27122	47724	
2508	0	25900	25276	53952	
2509	0	25878	28265	52424	
2510	0	25864	25064	42776	
2511	0	25844	26948	40752	
2512	0	25820	26632	37356	
2513	0	25808	25729	39236	
2514	0	25792	26452	42236	
2515	0	25784	27972	42860	
2516	0	25768	29660	40168	
2517	0	25756	28816	36660	
2518	0	25740	26306	43136	
2519	0	25732	31464	39388	
2520	0	25720	26400	41736	
2521	0	25712	27392	38864	
2522	0	25704	28024	43568	
2523	0	25696	28660	41316	
2524	0	25688	28320	40412	
2525	0	25680	28548	38780	
2526	0	25680	28484	37808	
2527	0	25676	28500	37132	
2528	0	25668	28936	36696	
2529	0	25672	29308	36540	
2530	0	25661	29442	36316	
2531	0	25660	29361	36284	
2532	0	25664	29184	36264	
2533	0	25664	29060	36255	
2534	0	25658	29128	36284	
2535	0	25664	29216	36260	
2536	0	25668	29364	36132	
2537	0	25668	29576	36113	
2538	0	25676	29540	36064	
2539	0	25672	29645	36184	
2540	0	25668	29672	36444	
2541	0	25668	29580	36592	
2542	0	25676	29504	36632	
2543	0	25676	29556	36561	
2544	0	25680	29640	36484	
2545	0	25680	29648	36536	
2546	0	25684	29532	36564	
2547	0	25688	29364	36578	
2548	0	25696	29220	36636	
2549	0	25692	29144	36580	
2550	0	25688	29120	36592	
2551	0	25700	29176	36580	
2552	0	25696	29245	36656	
2553	0	25700	29252	36765	
2554	0	25712	29224	36768	
2555	0	25705	29164	36681	
2556	0	25708	29189	36604	
2557	0	25708	29228	36592	
2558	0	25712	29268	36460	
2559	0	25712	29248	36336	
2560	0	25716	29244	36252	
2561	0	25716	29348	36146	
2562	0	25714	29316	36204	
2563	0	25720	29317	36148	
2564	0	25732	29464	36048	
2565	0	25732	29552	36040	
2566	0	25741	29737	35732	
2567	0	25740	29884	35460	
2568	0	25744	30420	35504	
2569	0	25752	30304	35680	
2570	0	25752	29936	35996	
2571	0	25760	29592	36264	
2572	0	25764	29344	36624	
2573	0	25764	29144	37120	
2574	0	25780	29005	37368	
2575	0	25788	29064	37521	
2576	0	25792	29248	38028	
2577	0	25789	29360	38284	
2578	0	25804	29335	38164	
2579	0	25814	29228	37904	
2580	0	25824	29109	37560	
2581	0	25832	29068	37208	
2582	0	25838	29200	36864	
2583	0	25847	29312	36713	
2584	0	25856	29320	36576	
2585	0	25872	29320	36273	
2586	0	25884	29356	36244	
2587	0	25896	29512	36036	
2588	0	25912	29456	36089	
2589	0	25920	29472	36149	
2590	0	25936	29417	36476	
2591	0	25956	29352	36596	
2592	0	25964	29256	36872	
2593	0	25985	29184	36984	
2594	0	26001	29116	37184	
2595	0	26016	29092	37376	
2596	0	26041	28820	37404	
2597	0	26060	29016	37144	
2598	0	26085	27552	37972	
2599	0	26108	29037	36932	
2600	0	26133	30400	36060	
2601	0	26160	27704	38120	
2602	0	26192	29876	36472	
2603	0	26220	26972	38256	
2604	0	26248	29124	36568	
2605	0	26288	29984	35957	
2606	0	26320	27052	38096	
2607	0	26352	29481	36380	
2608	0	26393	29760	36672	
2609	0	26428	27144	38156	
2610	0	26472	29078	36928	
2611	0	26516	28884	36996	
2612	0	26564	26400	38072	
2613	0	26612	28786	37156	
2614	0	26656	28108	37304	
2615	0	26712	28312	37484	
2616	0	26772	28060	37928	
2617	0	26814	28120	38016	
2618	0	26872	28245	38752	
2619	0	26924	27764	40088	
2620	0	26989	26804	40688	
2621	0	27048	26878	42644	
2622	0	27116	26652	44088	
2623	0	27184	27010	45224	
2624	0	27248	26565	46400	
2625	0	27316	27128	47368	
2626	0	27384	27224	48520	
2627	0	27460	26972	49608	
2628	0	27536	27276	50336	
2629	0	27608	26840	51736	
2630	0	27677	27346	52080	
2631	0	27760	27988	52468	
2632	0	27836	29016	51680	
2633	0	27916	30276	51204	
2634	0	27996	31600	51656	
2635	0	28084	31580	50676	
2636	0	28172	31829	50080	
2637	0	28228	32280	48884	
2638	0	28340	33260	48396	
2639	0	28426	34188	47001	
2640	0	28513	35957	45664	
2641	0	28608	37676	44816	
2642	0	28698	38004	44304	
2643	0	28788	40332	43412	
2644	0	28880	40896	42844	
2645	0	28976	39013	41152	
2646	0	29072	37772	33969	
2647	0	29164	36292	33608	
2648	0	29260	36216	35232	
2649	0	29352	35832	37592	
2650	0	29444	35708	38648	
2651	0	29541	34940	39569	
2652	0	29636	34248	39804	
2653	0	29732	33776	39036	
2654	0	29828	33434	37997	
2655	0	29922	32640	37656	
2656	0	30013	33065	36200	
2657	0	30104	33088	35576	
2658	0	30188	33180	35180	
2659	0	30300	33228	35056	
2660	0	30392	33120	35226	
2661	0	30488	32908	35620	
2662	0	30580	32664	36180	
2663	0	30676	32452	36886	
2664	0	30772	32252	37580	
2665	0	30864	32120	38172	
2666	0	30952	31936	38540	
2667	0	31045	31773	38693	
2668	0	31141	31472	38776	
2669	0	31236	31032	38936	
2670	0	31328	30744	38728	
2671	0	31416	30356	38956	
2672	0	31512	30024	39084	
2673	0	31604	29652	39376	
2674	0	31698	29208	39768	
2675	0	31786	28752	40128	
2676	0	31876	28509	40176	
2677	0	31968	28036	40468	
2678	0	32052	27588	40688	
2679	0	32140	27165	40836	
2680	0	32228	26732	40828	
2681	0	32320	26316	40792	
2682	0	32404	25900	40688	
2683	0	32504	25388	40756	
2684	0	32588	25049	40844	
2685	0	32668	24514	41096	
2686	0	32753	23956	41344	
2687	0	32840	23420	41432	
2688	0	32928	22888	41556	
2689	0	33004	22292	41824	
2690	0	33092	21638	42105	
2691	0	33184	20981	42756	
2692	0	33264	20296	43464	
2693	0	33344	19508	43856	
2694	0	33432	18684	43736	
2695	0	33516	17796	43520	
2696	0	33592	17049	42968	
2697	0	33684	16401	42500	
2698	0	33761	16196	41456	
2699	0	33848	15718	40816	
2700	0	33920	15296	40232	
2701	0	34004	15212	39340	
2702	0	34080	15058	38824	
2703	0	34166	14816	38164	
2704	0	34240	13850	38276	
2705	0	34324	14709	36997	
2706	0	34400	14412	36628	
2707	0	34481	14033	36108	
2708	0	34568	14768	34784	
2709	0	34644	16200	33828	
2710	0	34717	18225	33632	
2711	0	34796	15176	35020	
2712	0	34880	16592	32540	
2713	0	34952	18912	31868	
2714	0	35032	19726	31792	
2715	0	35104	18836	31520	
2716	0	35181	15048	30804	
2717	0	35264	16395	32084	
2718	0	35340	15681	31656	
2719	0	35420	15901	31768	
2720	0	35488	15804	31516	
2721	0	35560	15549	31108	
2722	0	35640	15592	29720	
2723	0	35712	15749	28046	
2724	0	35794	16064	27924	
2725	0	35869	16720	28114	
2726	0	35936	16329	28096	
2727	0	36008	16085	27436	
2728	0	36088	16254	29261	
2729	0	36160	16266	28308	
2730	0	36232	16554	29280	
2731	0	36308	16456	29296	
2732	0	36380	15460	30928	
2733	0	36452	18721	35216	
2734	0	36524	23642	37661	
2735	0	36596	24862	39036	
2736	0	36672	25908	41196	
2737	0	36740	25080	41194	
2738	0	36816	22489	38385	
2739	0	36884	21884	35388	
2740	0	36956	21737	32736	
2741	0	37020	20564	35428	
2742	0	37096	21936	34944	
2743	0	37168	22848	35592	
2744	0	37236	24328	35312	
2745	0	37304	27616	35772	
2746	0	37376	29141	36736	
2747	0	37440	29681	37300	
2748	0	37504	29380	36932	
2749	0	37576	28245	35976	
2750	0	37636	28360	36017	
2751	0	37701	29196	36424	
2752	0	37768	29432	36716	
2753	0	37828	28997	36753	
2754	0	37896	28780	36745	
2755	0	37965	28948	36752	
2756	0	38028	28912	36856	
2757	0	38088	28854	36888	
2758	0	38156	28906	37000	
2759	0	38224	29004	37114	
2760	0	38278	29033	37216	
2761	0	38336	28984	37244	
2762	0	38393	29040	37216	
2763	0	38460	29120	37124	
2764	0	38520	29140	37044	
2765	0	38580	29124	37048	
2766	0	38640	29104	36936	
2767	0	38692	29101	36864	
2768	0	38744	29109	36816	
2769	0	38804	29056	36692	
2770	0	38868	29025	36656	
2771	0	38916	29012	36625	
2772	0	38984	29012	36712	
2773	0	39029	29156	37100	
2774	0	39084	29060	36552	
2775	0	39132	29030	36741	
2776	0	39192	29048	36724	
2777	0	39244	29108	36724	
2778	0	39293	29120	36768	
2779	0	39340	29089	36704	
2780	0	39400	28993	36682	
2781	0	39448	29014	36836	
2782	0	39488	29052	36832	
2783	0	39544	29124	36768	
2784	0	39588	29124	36656	
2785	0	39636	29124	36682	
2786	0	39688	29062	36712	
2787	0	39728	29136	36660	
2788	0	39776	29096	36744	
2789	0	39812	29352	36760	
2790	0	39852	29088	36736	
2791	0	39896	29121	36708	
2792	0	39936	29089	36764	
2793	0	39976	29332	36676	
2794	0	40008	29072	36728	
2795	0	40046	29005	36720	
2796	0	40072	28924	36832	
2797	0	40108	29122	36692	
2798	0	40136	28988	36562	
2799	0	40172	28532	37000	
2800	0	40204	29092	36624	
2801	0	40228	29408	36008	
2802	0	40244	28960	36664	
2803	0	40273	28709	36916	
2804	0	40296	29609	36252	
2805	0	40316	28772	36876	
2806	0	40336	29760	36116	
2807	0	40352	28512	36908	
2808	0	40376	29453	35984	
2809	0	40384	28664	36560	
2810	0	40400	28704	36356	
2811	0	40412	26241	38000	
2812	0	40420	29760	35556	
2813	0	40424	29320	35948	
2814	0	40424	29248	36100	
2815	0	40440	29200	36344	
2816	0	40440	29004	36560	
2817	0	40448	28740	36825	
2818	0	40448	28340	36776	
2819	0	40440	27652	37532	
2820	0	40432	27180	38236	
2821	0	40432	29272	36839	
2822	0	40416	29472	36272	
2823	0	40416	29413	36192	
2824	0	40400	29420	36312	
2825	0	40388	29121	36704	
2826	0	40372	28904	36932	
2827	0	40360	28740	36996	
2828	0	40348	29052	37128	
2829	0	40328	28588	37428	
2830	0	40300	28408	37184	
2831	0	40280	28628	37292	
2832	0	40264	27964	36964	
2833	0	40220	28276	36968	
2834	0	40192	28424	37164	
2835	0	40164	27948	36748	
2836	0	40136	27940	36616	
2837	0	40092	27804	36792	
2838	0	40060	27704	36796	
2839	0	40024	27620	36348	
2840	0	39988	27249	36208	
2841	0	39940	26656	38144	
2842	0	39896	26005	38681	
2843	0	39852	27460	36200	
2844	0	39800	27088	36028	
2845	0	39752	28213	37080	
2846	0	39704	27893	36840	
2847	0	39648	27520	36997	
2848	0	39588	27424	37129	
2849	0	39544	27609	37036	
2850	0	39476	27376	37620	
2851	0	39424	26744	38312	
2852	0	39357	26668	38440	
2853	0	39296	26680	38636	
2854	0	39228	26216	39332	
2855	0	39168	25938	39944	
2856	0	39092	25472	40576	
2857	0	39029	25124	41420	
2858	0	38956	24428	42340	
2859	0	38880	23600	43156	
2860	0	38808	23468	43920	
2861	0	38740	22493	43928	
2862	0	38668	22360	44409	
2863	0	38592	22532	44620	
2864	0	38508	22312	44924	
2865	0	38424	22657	45556	
2866	0	38348	22656	45816	
2867	0	38268	22920	46356	
2868	0	38184	22874	46320	
2869	0	38108	22858	46968	
2870	0	38020	23004	46672	
2871	0	37936	23464	46268	
2872	0	37848	23748	45888	
2873	0	37764	24417	45992	
2874	0	37680	25608	46500	
2875	0	37588	27768	47388	
2876	0	37496	33960	46732	
2877	0	37414	35056	42440	
2878	0	37316	31512	34688	
2879	0	37220	26128	47608	
2880	0	37124	33696	50616	
2881	0	37036	43054	42036	
2882	0	36937	39608	37128	
2883	0	36856	36160	34524	
2884	0	36757	34064	35368	
2885	0	36664	34440	35292	
2886	0	36560	37004	38040	
2887	0	36464	38096	39800	
2888	0	36368	37292	40464	
2889	0	36269	35648	41320	
2890	0	36184	34673	41888	
2891	0	36080	34468	41792	
2892	0	35996	34584	41168	
2893	0	35892	34693	40436	
2894	0	35792	34636	39796	
2895	0	35700	34448	39056	
2896	0	35593	34244	38760	
2897	0	35504	34176	38032	
2898	0	35416	32876	38888	
2899	0	35309	33560	37637	
2900	0	35212	31544	39024	
2901	0	35116	32700	37836	
2902	0	35024	31778	38272	
2903	0	34937	31034	38472	
2904	0	34844	30392	38696	
2905	0	34748	30197	38400	
2906	0	34656	29476	38824	
2907	0	34568	28704	38904	
2908	0	34476	27996	38684	
2909	0	34384	28304	37784	
2910	0	34292	27025	37920	
2911	0	34212	27676	37192	
2912	0	34128	25242	37680	
2913	0	34040	27080	37020	
2914	0	33957	24624	37288	
2915	0	33872	26412	37004	
2916	0	33792	24956	37100	
2917	0	33704	26136	37176	
2918	0	33628	24824	37562	
2919	0	33549	24316	37836	
2920	0	33480	24264	37829	
2921	0	33400	23808	37704	
2922	0	33324	23816	37765	
2923	0	33248	23701	37908	
2924	0	33177	23496	38032	
2925	0	33109	23401	38200	
2926	0	33040	23296	38409	
2927	0	32969	23249	38616	
2928	0	32900	23190	38764	
2929	0	32836	23028	38992	
2930	0	32776	22788	39232	
2931	0	32704	22596	39492	
2932	0	32644	22441	39588	
2933	0	32584	22388	39564	
2934	0	32528	22252	39668	
2935	0	32468	22121	39548	
2936	0	32413	21908	39593	
2937	0	32352	21656	39552	
2938	0	32296	21358	39468	
2939	0	32244	21068	39264	
2940	0	32188	20760	39098	
2941	0	32136	20384	39040	
2942	0	32084	19976	38944	
2943	0	32040	19580	38816	
2944	0	31992	19204	38624	
2945	0	31944	19038	38348	
2946	0	31892	18612	37992	
2947	0	31848	18178	37560	
2948	0	31806	15712	36069	
2949	0	31760	18496	36720	
2950	0	31716	17588	35876	
2951	0	31672	17178	35068	
2952	0	31632	19274	35124	
2953	0	31596	17290	33512	
2954	0	31540	18916	33936	
2955	0	31528	18768	32960	
2956	0	31480	18472	32576	
2957	0	31444	19496	32420	
2958	0	31408	19492	31828	
2959	0	31372	20456	31812	
2960	0	31348	20172	30656	
2961	0	31308	23084	32580	
2962	0	31284	20096	29792	
2963	0	31256	21832	30796	
2964	0	31220	20888	30724	
2965	0	31186	20376	29944	
2966	0	31152	19756	29376	
2967	0	31132	20301	29512	
2968	0	31112	20633	29492	
2969	0	31084	20864	30033	
2970	0	31056	21292	30472	
2971	0	31024	21412	31224	
2972	0	31000	21536	31692	
2973	0	30980	21674	32060	
2974	0	30956	21824	32332	
2975	0	30932	22148	32432	
2976	0	30916	17888	33488	
2977	0	30892	18384	30724	
2978	0	30868	19222	25352	
2979	0	30848	23196	32601	
2980	0	30828	26277	33992	
2981	0	30812	24796	32973	
2982	0	30792	22210	33396	
2983	0	30772	22228	33129	
2984	0	30752	23037	32800	
2985	0	30736	23480	33436	
2986	0	30724	26136	35376	
2987	0	30700	27845	37396	
2988	0	30688	28840	38256	
2989	0	30676	28420	40172	
2990	0	30656	27784	41236	
2991	0	30654	26608	39944	
2992	0	30640	24469	37948	
2993	0	30628	23700	35820	
2994	0	30613	23464	34536	
2995	0	30604	20984	37036	
2996	0	30596	25048	35260	
2997	0	30593	23284	35384	
2998	0	30580	25632	35428	
2999	0	30580	27392	37240	
3000	0	30576	29632	38380	
3001	0	30573	30076	37072	
3002	0	30576	28417	36152	
3003	0	30568	27560	35176	
3004	0	30572	28024	35584	
3005	0	30580	28692	36136	
3006	0	30584	28532	36592	
3007	0	30588	28072	36680	
3008	0	30592	28104	36656	
3009	0	30608	28268	36636	
3010	0	30620	28324	36488	
3011	0	30624	28392	36324	
3012	0	30644	28473	36268	
3013	0	30658	28624	36316	
3014	0	30684	28584	36404	
3015	0	30697	28544	36608	
3016	0	30726	28417	36712	
3017	0	30749	28440	36649	
3018	0	30776	28548	36573	
3019	0	30804	28588	36544	
3020	0	30836	28608	36556	
3021	0	30864	28608	36592	
3022	0	30900	28512	36552	
3023	0	30944	28440	36464	
3024	0	30976	28537	36428	
3025	0	31024	28688	36504	
3026	0	31064	28700	36484	
3027	0	31112	28521	36445	
3028	0	31160	28512	36577	
3029	0	31212	28486	36496	
3030	0	31264	28588	36290	
3031	0	31325	28552	36352	
3032	0	31380	28536	36436	
3033	0	31440	28552	36376	
3034	0	31500	28513	36444	
3035	0	31568	28488	36426	
3036	0	31632	28468	36528	
3037	0	31700	28540	36512	
3038	0	31772	28560	36460	
3039	0	31840	28565	36436	
3040	0	31920	28668	36416	
3041	0	31992	28708	36329	
3042	0	32072	28672	36366	
3043	0	32148	28816	36312	
3044	0	32228	28872	36284	
3045	0	32312	28780	36204	
3046	0	32400	28804	36108	
3047	0	32492	28773	36088	
3048	0	32572	28719	36060	
3049	0	32660	28720	36164	
3050	0	32752	28612	36284	
3051	0	32848	28592	36316	
3052	0	32936	28640	36380	
3053	0	33032	28612	36424	
3054	0	33128	28560	36420	
3055	0	33216	28568	36552	
3056	0	33316	28388	36460	
3057	0	33409	28432	36592	
3058	0	33508	28364	36576	
3059	0	33608	28296	36716	
3060	0	33709	28362	36456	
3061	0	33812	28308	36176	
3062	0	33912	28313	35724	
3063	0	34008	28637	35384	
3064	0	34116	28873	35180	
3065	0	34208	28986	35440	
3066	0	34316	29041	35704	
3067	0	34416	28780	36260	
3068	0	34529	28572	36796	
3069	0	34636	28133	37392	
3070	0	34736	27620	37864	
3071	0	34844	27616	38328	
3072	0	34944	27784	38394	
3073	0	35044	27773	38081	
3074	0	35156	27912	37512	
3075	0	35264	28128	36972	
3076	0	35360	28332	36421	
3077	0	35464	28624	35604	
3078	0	35576	28446	34880	
3079	0	35677	28584	34876	
3080	0	35788	28092	35236	
3081	0	35876	29480	34184	
3082	0	35988	29812	34124	
3083	0	36092	30084	34144	
3084	0	36188	30072	34172	
3085	0	36296	29524	34704	
3086	0	36404	28968	34920	
3087	0	36496	28404	35424	
3088	0	36600	27972	36020	
3089	0	36704	27828	36880	
3090	0	36808	27888	38148	
3091	0	36912	27586	38040	
3092	0	37008	27208	38284	
3093	0	37104	26985	38473	
3094	0	37202	26724	38404	
3095	0	37308	28177	37640	
3096	0	37396	24160	38924	
3097	0	37500	28228	38012	
3098	0	37588	23926	39124	
3099	0	37688	28424	37688	
3100	0	37788	23780	36629	
3101	0	37876	28181	37248	
3102	0	37984	27976	37760	
3103	0	38073	27860	37192	
3104	0	38180	29448	39084	
3105	0	38272	27732	36876	
3106	0	38357	28744	39552	
3107	0	38464	26944	38532	
3108	0	38553	27004	40888	
3109	0	38640	26460	42260	
3110	0	38736	25601	43180	
3111	0	38828	25080	45312	
3112	0	38924	24749	45624	
3113	0	39013	24720	47232	
3114	0	39100	25280	48332	
3115	0	39192	24984	47960	
3116	0	39284	25953	48300	
3117	0	39376	26508	48464	
3118	0	39460	26781	48288	
3119	0	39544	27684	47624	
3120	0	39628	28428	47192	
3121	0	39720	29196	45748	
3122	0	39808	29644	44200	
3123	0	39884	29024	41364	
3124	0	39972	31276	38404	
3125	0	40052	35572	35540	
3126	0	40136	40544	34801	
3127	0	40216	46856	36188	
3128	0	40288	51724	34856	
3129	0	40368	53136	34256	
3130	0	40440	49636	34280	
3131	0	40532	44028	36936	
3132	0	40604	41420	42388	
3133	0	40672	41140	45452	
3134	0	40752	42372	44233	
3135	0	40816	41409	42793	
3136	0	40892	38944	41112	
3137	0	40976	37384	39056	
3138	0	41036	36868	36752	
3139	0	41104	36080	34992	
3140	0	41176	37768	33757	
3141	0	41240	35258	33324	
3142	0	41304	36656	33216	
3143	0	41372	35360	33448	
3144	0	41444	34568	33900	
3145	0	41508	33892	34560	
3146	0	41576	33168	35112	
3147	0	41628	32476	35564	
3148	0	41696	31780	35864	
3149	0	41760	31164	36044	
3150	0	41820	30684	36088	
3151	0	41888	30320	36008	
3152	0	41940	30524	35504	
3153	0	42008	29864	35668	
3154	0	42052	29360	35640	
3155	0	42112	28580	35868	
3156	0	42164	29780	35136	
3157	0	42232	26304	35956	
3158	0	42280	27748	35228	
3159	0	42340	26748	35374	
3160	0	42396	25300	35596	
3161	0	42444	25880	34816	
3162	0	42508	23924	35576	
3163	0	42552	23040	35540	
3164	0	42604	22664	35064	
3165	0	42664	22600	34344	
3166	0	42712	21668	33632	
3167	0	42752	21264	32702	
3168	0	42812	21025	31752	
3169	0	42852	20801	30676	
3170	0	42904	20502	29880	
3171	0	42960	20332	29680	
3172	0	43004	19446	30093	
3173	0	43048	20040	29628	
3174	0	43096	19719	29868	
3175	0	43140	19580	30176	
3176	0	43188	21010	29416	
3177	0	43236	19303	30192	
3178	0	43272	18492	30016	
3179	0	43324	14517	31329	
3180	0	43356	19196	28556	
3181	0	43396	17965	28768	
3182	0	43444	17961	28500	
3183	0	43484	18092	28364	
3184	0	43516	19760	26688	
3185	0	43556	19090	28004	
3186	0	43596	19280	28560	
3187	0	43628	20864	27166	
3188	0	43664	20622	28632	
3189	0	43692	19390	30668	
3190	0	43720	22113	28712	
3191	0	43752	22314	29464	
3192	0	43784	22628	29012	
3193	0	43816	23104	29488	
3194	0	43832	23286	29952	
3195	0	43868	23316	31806	
3196	0	43892	23724	30252	
3197	0	43908	23681	31136	
3198	0	43932	23696	31704	
3199	0	43952	23812	32228	
3200	0	43968	24033	32840	
3201	0	43980	24212	33477	
3202	0	43992	24364	34062	
3203	0	44000	24536	34528	
3204	0	44012	26181	44012	
3205	0	44024	31021	47432	
3206	0	44028	35852	38500	
3207	0	44040	31400	50728	
3208	0	44036	20328	46708	
3209	0	44036	14670	25060	
3210	0	44032	28396	40788	
3211	0	44020	38772	42312	
3212	0	44016	31348	33786	
3213	0	44008	25740	35952	
3214	0	43996	23236	34484	
3215	0	43981	26560	49964	
3216	0	43972	21176	47177	
3217	0	43956	26724	40368	
3218	0	43936	29732	38260	
3219	0	43912	29354	34549	
3220	0	43888	26184	38164	
3221	0	43860	32448	38129	
3222	0	43832	30880	42280	
3223	0	43800	29076	40316	
3224	0	43768	25176	44704	
3225	0	43728	25098	40884	
3226	0	43688	25650	45212	
3227	0	43640	28529	39480	
3228	0	43608	28828	37660	
3229	0	43560	28908	36456	
3230	0	43512	28864	36052	
3231	0	43456	28672	36192	
3232	0	43412	28592	36532	
3233	0	43360	28596	36848	
3234	0	43296	28576	37317	
3235	0	43236	28493	37324	
3236	0	43184	28317	37140	
3237	0	43128	28332	36680	
3238	0	43052	28537	36428	
3239	0	42984	28796	36336	
3240	0	42912	29032	36184	
3241	0	42844	29112	35924	
3242	0	42764	29210	35684	
3243	0	42688	29340	35620	
3244	0	42612	29433	35856	
3245	0	42528	29280	36276	
3246	0	42448	28944	36533	
3247	0	42364	28600	36776	
3248	0	42280	28344	36924	
3249	0	42192	28432	36669	
3250	0	42104	28969	36124	
3251	0	42005	29536	35792	
3252	0	41920	28870	36089	
3253	0	41832	27949	36636	
3254	0	41728	29537	35764	
3255	0	41640	30128	35416	
3256	0	41536	29104	36276	
3257	0	41444	29333	35888	
3258	0	41348	28728	36132	
3259	0	41248	29320	35712	
3260	0	41152	27892	36400	
3261	0	41052	29228	35872	
3262	0	40936	29788	35828	
3263	0	40840	29210	35828	
3264	0	40740	29700	35872	
3265	0	40628	28932	35968	
3266	0	40536	29268	36228	
3267	0	40424	28441	36368	
3268	0	40320	28876	36388	
3269	0	40220	28881	36760	
3270	0	40108	28836	36644	
3271	0	40004	28265	36860	
3272	0	39896	28772	36664	
3273	0	39792	28752	36800	
3274	0	39680	28612	36784	
3275	0	39580	29472	36646	
3276	0	39468	29026	37104	
3277	0	39360	28812	37144	
3278	0	39256	28933	37000	
3279	0	39148	28780	36696	
3280	0	39040	28200	37244	
3281	0	38936	28636	36044	
3282	0	38824	29028	35502	
3283	0	38720	28802	35420	
3284	0	38612	29528	35008	
3285	0	38504	29452	35156	
3286	0	38392	29596	35440	
3287	0	38284	29476	35689	
3288	0	38176	29000	36076	
3289	0	38068	28626	36420	
3290	0	37956	27948	36880	
3291	0	37852	27660	37440	
3292	0	37740	27656	37856	
3293	0	37636	27404	38357	
3294	0	37520	27229	38812	
3295	0	37408	27033	39104	
3296	0	37304	26400	39648	
3297	0	37200	26044	39997	
3298	0	37088	25872	40196	
3299	0	36972	25781	40109	
3300	0	36872	26041	39968	
3301	0	36756	26221	39344	
3302	0	36644	26861	38816	
3303	0	36544	26904	40121	
3304	0	36424	27564	40952	
3305	0	36320	28205	41936	
3306	0	36208	28276	42720	
3307	0	36096	28025	43216	
3308	0	35984	27460	43320	
3309	0	35881	27116	43368	
3310	0	35764	27308	43464	
3311	0	35656	26672	44152	
3312	0	35540	26500	44888	
3313	0	35436	26564	46348	
3314	0	35320	26788	46968	
3315	0	35209	27857	46644	
3316	0	35100	28428	46024	
3317	0	34992	29025	45136	
3318	0	34880	29853	44528	
3319	0	34768	30033	44392	
3320	0	34656	30336	43384	
3321	0	34544	31131	40816	
3322	0	34432	32096	38432	
3323	0	34320	33180	37168	
3324	0	34208	34776	34753	
3325	0	34104	37320	33772	
3326	0	33989	41380	35172	
3327	0	33877	44316	35892	
3328	0	33764	42456	35988	
3329	0	33656	40416	34141	
3330	0	33544	38832	34516	
3331	0	33428	38740	35140	
3332	0	33324	38400	37692	
3333	0	33208	37820	39460	
3334	0	33100	37220	39798	
3335	0	32992	36344	39692	
3336	0	32876	35465	38308	
3337	0	32761	35616	35928	
3338	0	32657	36016	34592	
3339	0	32544	34905	33836	
3340	0	32432	35404	33290	
3341	0	32320	35056	33176	
3342	0	32209	34976	33760	
3343	0	32104	34852	34312	
3344	0	31988	34568	34729	
3345	0	31880	34044	35069	
3346	0	31764	33528	35410	
3347	0	31660	33184	35533	
3348	0	31548	32892	35608	
3349	0	31440	32664	35636	
3350	0	31329	32360	35640	
3351	0	31224	32152	35520	
3352	0	31108	32017	35276	
3353	0	31010	31744	35044	
3354	0	30900	31328	35364	
3355	0	30794	30612	35632	
3356	0	30676	29844	35676	
3357	0	30588	29120	35664	
3358	0	30480	28613	35488	
3359	0	30370	28292	35289	
3360	0	30265	27952	35188	
3361	0	30156	27544	34944	
3362	0	30052	27172	34570	
3363	0	29944	26848	34197	
3364	0	29844	26548	33912	
3365	0	29748	26408	33572	
3366	0	29644	25772	33524	
3367	0	29545	25432	33024	
3368	0	29441	24833	32944	
3369	0	29340	24350	32732	
3370	0	29240	23973	32256	
3371	0	29144	23626	31768	
3372	0	29048	23344	31356	
3373	0	28945	22661	31636	
3374	0	28848	22754	30500	
3375	0	28752	22269	30548	
3376	0	28660	20932	31528	
3377	0	28562	20960	29560	
3378	0	28473	20464	29714	
3379	0	28380	20180	29805	
3380	0	28288	19772	29857	
3381	0	28196	19588	29156	
3382	0	28108	18584	30252	
3383	0	28028	18693	29148	
3384	0	27928	17654	28984	
3385	0	27852	13757	32896	
3386	0	27760	17696	27852	
3387	0	27676	18072	27084	
3388	0	27593	16933	27868	
3389	0	27512	16841	27716	
3390	0	27436	17588	27172	
3391	0	27345	18472	26920	
3392	0	27272	19150	27632	
3393	0	27196	20109	27260	
3394	0	27113	20041	29656	
3395	0	27044	20960	28380	
3396	0	26976	21425	29472	
3397	0	26874	15905	38797	
3398	0	26828	32061	40004	
3399	0	26764	34898	35848	
3400	0	26700	33116	46496	
3401	0	26636	12275	32328	
3402	0	26560	12305	27632	
3403	0	26497	32521	41620	
3404	0	26436	35788	38716	
3405	0	26384	29476	33620	
3406	0	26320	27762	37733	
3407	0	26264	23880	44680	
3408	0	26216	22820	51464	
3409	0	26161	24044	47108	
3410	0	26108	26308	42532	
3411	0	26060	28432	38732	
3412	0	26012	25916	38412	
3413	0	25970	27248	39592	
3414	0	25928	26924	41732	
3415	0	25880	21252	41604	
3416	0	25848	36608	40312	
3417	0	25808	26453	41396	
3418	0	25770	25620	39552	
3419	0	25744	25196	43612	
3420	0	25710	27752	39944	
3421	0	25673	28277	38180	
3422	0	25650	28340	37320	
3423	0	25621	28412	36416	
3424	0	25594	28480	36244	
3425	0	25572	28917	36616	
3426	0	25552	28784	37380	
3427	0	25532	28688	37317	
3428	0	25520	28412	37000	
3429	0	25504	28412	36658	
3430	0	25490	28552	36412	
3431	0	25480	28872	35956	
3432	0	25468	28988	36026	
3433	0	25465	29364	35784	
3434	0	25456	29409	35460	
3435	0	25450	29428	35889	
3436	0	25448	29584	36344	
3437	0	25450	29256	36808	
3438	0	25448	28952	36984	
3439	0	25444	28844	37088	
3440	0	25456	28748	37100	
3441	0	25456	28922	36868	
3442	0	25464	29088	36612	
3443	0	25473	29212	36424	
3444	0	25480	29312	36312	
3445	0	25492	29356	36316	
3446	0	25508	29348	36336	
3447	0	25516	29296	36384	
3448	0	25536	29120	36532	
3449	0	25552	28964	36692	
3450	0	25572	28869	36780	
3451	0	25592	28840	36749	
3452	0	25620	28892	36632	
3453	0	25638	28980	36616	
3454	0	25668	29116	36656	
3455	0	25696	29009	36868	
3456	0	25732	29208	36880	
3457	0	25761	29360	36740	
3458	0	25792	28256	37416	
3459	0	25828	28816	36556	
3460	0	25864	29200	36276	
3461	0	25908	29633	36000	
3462	0	25948	28740	36484	
3463	0	25988	29552	36140	
3464	0	26036	29844	35936	
3465	0	26085	29184	36552	
3466	0	26132	29256	36444	
3467	0	26188	28648	36692	
3468	0	26229	27826	37856	
3469	0	26286	28257	37556	
3470	0	26345	28372	37224	
3471	0	26400	28444	37241	
3472	0	26469	28752	36908	
3473	0	26528	28508	36913	
3474	0	26596	28268	36828	
3475	0	26660	28364	36717	
3476	0	26733	28892	36440	
3477	0	26797	29108	36192	
3478	0	26872	28316	36656	
3479	0	26940	28836	35916	
3480	0	27020	28684	35852	
3481	0	27088	29300	35568	
3482	0	27172	28337	35696	
3483	0	27256	29604	35450	
3484	0	27332	29720	35728	
3485	0	27422	29560	35833	
3486	0	27502	29236	36212	
3487	0	27593	28757	36616	
3488	0	27680	28128	37028	
3489	0	27768	27772	37244	
3490	0	27860	27388	37472	
3491	0	27952	27292	37360	
3492	0	28044	27576	37160	
3493	0	28136	28165	37104	
3494	0	28236	28082	37232	
3495	0	28340	28384	37048	
3496	0	28436	28380	37088	
3497	0	28536	28042	37276	
3498	0	28640	27752	37396	
3499	0	28744	27288	37488	
3500	0	28852	27161	37892	
3501	0	28961	27088	38504	
3502	0	29066	26752	38924	
3503	0	29181	26740	40740	
3504	0	29288	26900	41584	
3505	0	29400	27184	43020	
3506	0	29520	27144	44088	
3507	0	29630	27180	45200	
3508	0	29752	27292	45888	
3509	0	29860	27116	46088	
3510	0	29984	26852	45740	
3511	0	30104	26125	45480	
3512	0	30224	25932	45168	
3513	0	30340	25972	44524	
3514	0	30464	25948	44020	
3515	0	30588	26754	44148	
3516	0	30713	27676	44140	
3517	0	30842	28517	43736	
3518	0	30964	29648	43344	
3519	0	31096	30808	43272	
3520	0	31221	30696	42981	
3521	0	31348	30968	41968	
3522	0	31469	31650	40128	
3523	0	31604	33436	37276	
3524	0	31736	34100	35744	
3525	0	31852	35840	34700	
3526	0	31984	41648	35780	
3527	0	32124	46144	36020	
3528	0	32252	48556	36777	
3529	0	32372	48148	37280	
3530	0	32504	44004	38376	
3531	0	32640	41976	35565	
3532	0	32765	40996	35900	
3533	0	32888	39804	37324	
3534	0	33024	38809	39688	
3535	0	33152	38372	40028	
3536	0	33273	37232	39124	
3537	0	33404	36164	37796	
3538	0	33528	36197	36576	
3539	0	33644	34472	34180	
3540	0	33772	34708	34364	
3541	0	33898	33732	33868	
3542	0	34016	33244	34004	
3543	0	34133	32940	34529	
3544	0	34253	32660	35008	
3545	0	34368	32124	35416	
3546	0	34490	31544	35968	
3547	0	34608	31040	36348	
3548	0	34720	30868	36292	
3549	0	34841	30889	36020	
3550	0	34952	30816	35772	
3551	0	35060	30592	35644	
3552	0	35172	30192	35797	
3553	0	35284	29796	36170	
3554	0	35392	29272	36280	
3555	0	35500	28825	36424	
3556	0	35608	28240	36508	
3557	0	35712	27724	36252	
3558	0	35820	27212	36058	
3559	0	35916	26752	35808	
3560	0	36032	26500	35776	
3561	0	36132	26253	35928	
3562	0	36224	26144	35936	
3563	0	36324	25816	36098	
3564	0	36428	24993	37324	
3565	0	36528	24948	36160	
3566	0	36624	24200	35480	
3567	0	36720	23764	34272	
3568	0	36816	24090	33028	
3569	0	36921	24228	32936	
3570	0	37004	23820	33776	
3571	0	37098	22488	34936	
3572	0	37188	21220	34481	
3573	0	37276	17964	36736	
3574	0	37376	19526	33545	
3575	0	37457	19652	31832	
3576	0	37541	18718	31868	
3577	0	37629	17957	31124	
3578	0	37720	16833	31680	
3579	0	37804	18404	29151	
3580	0	37888	16784	30432	
3581	0	37968	18188	28200	
3582	0	38048	18013	28300	
3583	0	38120	18716	27908	
3584	0	38208	18214	28897	
3585	0	38280	19684	27692	
3586	0	38356	19124	29472	
3587	0	38428	20693	27864	
3588	0	38496	20909	29192	
3589	0	38572	21732	28636	
3590	0	38640	22268	28804	
3591	0	38708	22646	28812	
3592	0	38776	22900	29112	
3593	0	38836	23220	29524	
3594	0	38888	23509	29856	
3595	0	38956	23812	30402	
3596	0	39020	24112	30616	
3597	0	39064	24268	31596	
3598	0	39124	24132	33480	
3599	0	39176	24612	32580	
3600	0	39232	24801	33348	
3601	0	39280	25168	33032	
3602	0	39316	25504	33864	
3603	0	39364	25689	34848	
3604	0	39404	26190	34513	
3605	0	39452	27606	36460	
3606	0	39480	20756	47184	
3607	0	39520	40072	39986	
3608	0	39556	40080	46448	
3609	0	39592	30332	43776	
3610	0	39616	8876	25764	
3611	0	39648	15592	25122	
3612	0	39668	33188	30401	
3613	0	39700	27460	32088	
3614	0	39716	27560	35376	
3615	0	39732	27340	41644	
3616	0	39744	27912	46280	
3617	0	39764	27782	47044	
3618	0	39780	28120	44548	
3619	0	39788	28380	39200	
3620	0	39796	18010	27468	
3621	0	39793	37564	33556	
3622	0	39804	29332	43676	
3623	0	39804	17931	51920	
3624	0	39796	22920	50284	
3625	0	39796	29450	46840	
3626	0	39796	32020	42909	
3627	0	39788	29636	37572	
3628	0	39776	27153	34440	
3629	0	39768	27417	33572	
3630	0	39756	29149	33560	
3631	0	39736	29472	34084	
3632	0	39712	28880	34984	
3633	0	39690	28590	35904	
3634	0	39664	28480	36864	
3635	0	39648	28352	37836	
3636	0	39616	28728	37961	
3637	0	39580	29324	37584	
3638	0	39552	29712	36960	
3639	0	39512	29760	36312	
3640	0	39472	29413	35996	
3641	0	39428	29120	36269	
3642	0	39384	29064	36936	
3643	0	39328	29108	37464	
3644	0	39280	29120	37628	
3645	0	39232	29200	37624	
3646	0	39164	29208	37312	
3647	0	39104	29168	36844	
3648	0	39052	29321	36313	
3649	0	38984	29540	35984	
3650	0	38914	29638	35976	
3651	0	38840	29532	36220	
3652	0	38768	29296	36548	
3653	0	38685	29217	36644	
3654	0	38608	29392	36460	
3655	0	38516	29468	36340	
3656	0	38436	29520	36320	
3657	0	38340	29412	36485	
3658	0	38256	29140	36624	
3659	0	38164	29002	36544	
3660	0	38068	28988	36552	
3661	0	37968	28576	36892	
3662	0	37864	28756	36736	
3663	0	37760	28961	36608	
3664	0	37648	29024	36996	
3665	0	37540	29048	36980	
3666	0	37424	29029	37072	
3667	0	37312	29040	37120	
3668	0	37196	29109	36992	
3669	0	37080	28952	36820	
3670	0	36956	28644	36500	
3671	0	36828	28724	36104	
3672	0	36705	28997	35969	
3673	0	36584	29384	35725	
3674	0	36460	29730	35512	
3675	0	36332	29740	35384	
3676	0	36200	29792	35272	
3677	0	36072	29764	35260	
3678	0	35940	29616	35452	
3679	0	35808	29236	35872	
3680	0	35680	28884	36324	
3681	0	35536	28584	36768	
3682	0	35400	28360	37177	
3683	0	35269	28189	37525	
3684	0	35136	28192	37776	
3685	0	34992	29413	36960	
3686	0	34864	28252	37928	
3687	0	34720	27673	39688	
3688	0	34588	28068	38192	
3689	0	34454	28000	37688	
3690	0	34320	27280	37856	
3691	0	34176	27881	36888	
3692	0	34048	28364	36113	
3693	0	33904	27564	36300	
3694	0	33764	28924	35356	
3695	0	33640	28632	36048	
3696	0	33496	29056	35744	
3697	0	33364	29197	35800	
3698	0	33224	28796	35664	
3699	0	33092	28612	35920	
3700	0	32960	28324	36160	
3701	0	32820	28208	36384	
3702	0	32688	28225	36765	
3703	0	32557	28592	37568	
3704	0	32432	28248	38624	
3705	0	32292	27809	39036	
3706	0	32164	27697	39828	
3707	0	32040	27509	40193	
3708	0	31904	27828	40664	
3709	0	31780	27252	40948	
3710	0	31660	26756	41196	
3711	0	31532	26616	41552	
3712	0	31404	26256	42568	
3713	0	31280	27072	41464	
3714	0	31160	26268	42584	
3715	0	31042	26336	42148	
3716	0	30924	26080	42868	
3717	0	30804	26172	43984	
3718	0	30688	26428	44420	
3719	0	30572	26549	45760	
3720	0	30452	26826	45944	
3721	0	30344	27184	46900	
3722	0	30232	27860	46624	
3723	0	30120	28176	46448	
3724	0	30010	28888	46592	
3725	0	29904	30273	45864	
3726	0	29800	31724	45256	
3727	0	29692	31824	43644	
3728	0	29590	32720	40792	
3729	0	29484	33360	39056	
3730	0	29388	34060	37058	
3731	0	29280	38488	34976	
3732	0	29186	44048	35812	
3733	0	29092	52248	35700	
3734	0	28993	51552	38188	
3735	0	28900	45528	37664	
3736	0	28808	43441	37604	
3737	0	28716	43464	39336	
3738	0	28628	43036	43132	
3739	0	28528	41328	44752	
3740	0	28444	39120	43936	
3741	0	28352	37592	41312	
3742	0	28269	36340	38068	
3743	0	28184	35984	35264	
3744	0	28100	36508	34596	
3745	0	28012	36044	33552	
3746	0	27936	35432	33288	
3747	0	27848	35188	33692	
3748	0	27769	34960	34176	
3749	0	27688	34520	34774	
3750	0	27608	33656	35432	
3751	0	27528	32932	35764	
3752	0	27450	32564	35920	
3753	0	27372	32408	35940	
3754	0	27292	32112	35872	
3755	0	27208	31784	35736	
3756	0	27136	31422	35362	
3757	0	27065	30864	34916	
3758	0	26984	30489	34160	
3759	0	26916	30328	33480	
3760	0	26837	29946	33544	
3761	0	26764	29028	34080	
3762	0	26684	27709	34776	
3763	0	26621	26644	35104	
3764	0	26541	25528	35500	
3765	0	26476	24560	36532	
3766	0	26396	23848	36752	
3767	0	26320	23220	36496	
3768	0	26256	22016	36524	
3769	0	26169	22009	35088	
3770	0	26100	21446	34224	
3771	0	26036	21028	33134	
3772	0	25964	20940	31876	
3773	0	25890	20018	31398	
3774	0	25820	20072	30433	
3775	0	25744	18756	30881	
3776	0	25676	18684	30361	
3777	0	25608	15116	32556	
3778	0	25536	19338	30217	
3779	0	25464	20132	29284	
3780	0	25393	19201	30400	
3781	0	25324	19764	29945	
3782	0	25254	19188	31560	
3783	0	25185	19653	32453	
3784	0	25116	21020	29984	
3785	0	25048	21328	29920	
3786	0	24988	21688	29560	
3787	0	24912	21840	29792	
3788	0	24848	21896	29744	
3789	0	24768	21820	29792	
3790	0	24709	21700	30080	
3791	0	24644	21828	29524	
3792	0	24589	21137	30240	
3793	0	24520	21574	28864	
3794	0	24457	21708	28360	
3795	0	24385	19810	31316	
3796	0	24332	22589	27193	
3797	0	24273	20124	31578	
3798	0	24212	22672	27736	
3799	0	24152	21820	29952	
3800	0	24104	21496	31509	
3801	0	24056	23104	28920	
3802	0	24000	22742	30908	
3803	0	23944	23004	31412	
3804	0	23894	23374	31805	
3805	0	23848	24046	32402	
3806	0	23804	24464	32932	
3807	0	23765	21706	39369	
3808	0	23728	28376	48456	
3809	0	23688	31477	42469	
3810	0	23652	36192	43008	
3811	0	23616	23972	37936	
3812	0	23588	16856	30789	
3813	0	23557	26392	33308	
3814	0	23540	35284	33216	
3815	0	23508	31096	31756	
3816	0	23488	25020	32556	
3817	0	23472	22660	46892	
3818	0	23457	20273	50576	
3819	0	23452	24192	46600	
3820	0	23440	28600	39440	
3821	0	23434	29696	35648	
3822	0	23432	29413	34492	
3823	0	23445	28810	35272	
3824	0	23452	34801	30430	
3825	0	23450	27348	46868	
3826	0	23465	23460	52424	
3827	0	23488	25658	48444	
3828	0	23500	28954	42996	
3829	0	23520	30928	37577	
3830	0	23549	29814	35332	
3831	0	23580	28573	33872	
3832	0	23612	28800	33452	
3833	0	23648	29373	34148	
3834	0	23684	29344	35172	
3835	0	23730	28912	36885	
3836	0	23772	28876	38340	
3837	0	23830	29024	38516	
3838	0	23872	28844	37816	
3839	0	23932	28686	36896	
3840	0	23992	28880	36368	
3841	0	24052	29224	36116	
3842	0	24120	29496	36041	
3843	0	24188	29544	36036	
3844	0	24256	29500	36085	
3845	0	24324	29524	36304	
3846	0	24404	29661	36540	
3847	0	24474	29685	36600	
3848	0	24549	29694	36501	
3849	0	24636	29489	36492	
3850	0	24720	29376	36468	
3851	0	24804	29472	36364	
3852	0	24896	29641	36232	
3853	0	24972	29796	36196	
3854	0	25072	29820	36220	
3855	0	25157	29662	36094	
3856	0	25248	29592	36129	
3857	0	25348	29481	36185	
3858	0	25444	29480	36172	
3859	0	25544	29404	36228	
3860	0	25648	29352	36273	
3861	0	25746	29320	36224	
3862	0	25852	29340	36140	
3863	0	25954	29344	36188	
3864	0	26060	29384	36064	
3865	0	26168	29454	35996	
3866	0	26280	29456	36072	
3867	0	26385	29418	36064	
3868	0	26500	29392	36028	
3869	0	26608	29416	36008	
3870	0	26724	29436	35920	
3871	0	26842	29472	35877	
3872	0	26954	29496	35856	
3873	0	27072	29596	36132	
3874	0	27190	29212	35756	
3875	0	27305	29420	36086	
3876	0	27432	29284	36260	
3877	0	27550	29292	36348	
3878	0	27680	29254	36660	
3879	0	27800	29201	37024	
3880	0	27930	29345	37136	
3881	0	28052	29408	37248	
3882	0	28172	29388	37196	
3883	0	28308	29404	37044	
3884	0	28436	29376	36844	
3885	0	28560	29296	36716	
3886	0	28680	29204	36656	
3887	0	28812	29208	36628	
3888	0	28944	29276	36676	
3889	0	29068	29308	36668	
3890	0	29200	29284	36540	
3891	0	29332	29270	36496	
3892	0	29460	29136	36480	
3893	0	29585	29028	36500	
3894	0	29722	28905	36684	
3895	0	29845	28961	36848	
3896	0	29976	28997	36764	
3897	0	30109	29101	36808	
3898	0	30232	28992	36916	
3899	0	30356	29024	37000	
3900	0	30496	29040	37120	
3901	0	30624	28944	37096	
3902	0	30752	28844	37040	
3903	0	30876	28672	36852	
3904	0	31005	28610	36608	
3905	0	31136	28600	36360	
3906	0	31264	28822	36128	
3907	0	31392	28876	36148	
3908	0	31520	28989	36104	
3909	0	31636	28864	36346	
3910	0	31773	28892	36488	
3911	0	31893	27652	37620	
3912	0	32016	28504	37204	
3913	0	32144	28748	37108	
3914	0	32272	25856	39408	
3915	0	32392	27756	38160	
3916	0	32513	28288	37400	
3917	0	32640	29388	36800	
3918	0	32761	25920	40024	
3919	0	32876	28084	37968	
3920	0	32996	28188	37676	
3921	0	33121	24370	39885	
3922	0	33244	28172	37592	
3923	0	33356	28605	37728	
3924	0	33464	28944	37528	
3925	0	33588	28604	38072	
3926	0	33700	25812	40065	
3927	0	33817	27744	39528	
3928	0	33924	28432	40634	
3929	0	34032	26076	43152	
3930	0	34144	26724	44848	
3931	0	34249	28700	46000	
3932	0	34364	28408	47876	
3933	0	34472	28996	48501	
3934	0	34580	29256	49168	
3935	0	34680	28680	50208	
3936	0	34776	29593	49892	
3937	0	34880	29648	49601	
3938	0	34980	29181	50004	
3939	0	35076	29580	48504	
3940	0	35172	30160	47728	
3941	0	35269	31544	45920	
3942	0	35361	33332	44672	
3943	0	35453	34724	42424	
3944	0	35544	36276	40984	
3945	0	35640	38556	41017	
3946	0	35728	38568	42304	
3947	0	35808	40232	43700	
3948	0	35892	38984	44124	
3949	0	35976	38652	40284	
3950	0	36060	38048	36028	
3951	0	36140	36180	36012	
3952	0	36216	36660	36880	
3953	0	36288	35132	36704	
3954	0	36364	36640	37936	
3955	0	36436	35188	37200	
3956	0	36500	34696	37924	
3957	0	36580	34112	38076	
3958	0	36652	34100	37840	
3959	0	36704	34444	37408	
3960	0	36768	34740	36928	
3961	0	36828	35072	36404	
3962	0	36896	35302	36192	
3963	0	36952	35520	36204	
3964	0	37004	35552	36148	
3965	0	37052	35556	36040	
3966	0	37112	35488	36097	
3967	0	37168	35316	36408	
3968	0	37200	35252	36225	
3969	0	37264	34992	36652	
3970	0	37312	34461	37600	
3971	0	37356	34412	36852	
3972	0	37400	33772	37261	
3973	0	37448	33416	36781	
3974	0	37488	32564	37536	
3975	0	37528	31560	38040	
3976	0	37568	31348	38008	
3977	0	37600	29337	39708	
3978	0	37640	30192	38292	
3979	0	37680	29400	38368	
3980	0	37708	28829	38120	
3981	0	37748	29216	37612	
3982	0	37772	28524	37896	
3983	0	37804	26698	38884	
3984	0	37840	28025	38340	
3985	0	37872	26892	39184	
3986	0	37904	25540	39864	
3987	0	37936	25424	39593	
3988	0	37956	23980	39712	
3989	0	37965	23043	39488	
3990	0	38009	22153	39041	
3991	0	38036	22837	38436	
3992	0	38056	21048	37844	
3993	0	38080	18408	37820	
3994	0	38104	20834	36952	
3995	0	38121	19558	36952	
3996	0	38144	16909	37436	
3997	0	38168	19684	36560	
3998	0	38180	18850	37024	
3999	0	38204	15834	36616	
4000	0	38212	21484	35200	
4001	0	38240	20460	36268	
4002	0	38244	20928	36268	
4003	0	38264	21808	36253	
4004	0	38276	22118	36452	
4005	0	38284	22332	36680	
4006	0	38296	22336	37152	
4007	0	38304	21988	37720	
4008	0	38308	21484	38188	
4009	0	38324	20592	38468	
4010	0	38336	17537	38252	
4011	0	38332	21200	37600	
4012	0	38336	20476	37036	
4013	0	38336	20344	36064	
4014	0	38344	16200	34496	
4015	0	38332	20784	34476	
4016	0	38336	19852	33616	
4017	0	38332	19188	32776	
4018	0	38320	20292	32688	
4019	0	38312	20044	32192	
4020	0	38312	20396	32092	
4021	0	38304	20817	32173	
4022	0	38292	20957	34808	
4023	0	38288	7832	31252	
4024	0	38272	9474	34149	
4025	0	38252	24605	45624	
4026	0	38232	21196	34268	
4027	0	38212	14110	30012	
4028	0	38200	15048	31416	
4029	0	38176	15608	39408	
4030	0	38140	21916	41588	
4031	0	38128	22240	43649	
4032	0	38112	17100	38552	
4033	0	38080	13969	34456	
4034	0	38048	13476	32500	
4035	0	38016	18784	32968	
4036	0	37980	23096	34508	
4037	0	37952	27201	36712	
4038	0	37916	29806	39236	
4039	0	37888	31069	40416	
4040	0	37840	27937	38440	
4041	0	37804	31636	41744	
4042	0	37768	27220	38036	
4043	0	37720	22589	33852	
4044	0	37668	20826	30964	
4045	0	37628	22362	30164	
4046	0	37584	26880	33008	
4047	0	37532	28244	35669	
4048	0	37488	28326	36768	
4049	0	37436	28948	36676	
4050	0	37384	28776	36184	
4051	0	37329	28569	36118	
4052	0	37276	28876	36456	
4053	0	37216	28737	37084	
4054	0	37160	28548	37404	
4055	0	37096	28768	37357	
4056	0	37044	29272	36840	
4057	0	36992	28976	36120	
4058	0	36932	28552	36120	
4059	0	36864	28356	36164	
4060	0	36796	28413	35872	
4061	0	36744	28544	35548	
4062	0	36676	28673	35708	
4063	0	36616	28612	35948	
4064	0	36548	28641	36013	
4065	0	36477	28725	36038	
4066	0	36416	28728	36084	
4067	0	36352	28640	36240	
4068	0	36284	28576	36344	
4069	0	36212	28596	36328	
4070	0	36144	28588	36269	
4071	0	36080	28564	36192	
4072	0	36004	28546	36232	
4073	0	35944	28505	36280	
4074	0	35872	28456	36296	
4075	0	35808	28468	36284	
4076	0	35733	28528	36340	
4077	0	35672	28600	36289	
4078	0	35600	28697	36320	
4079	0	35520	28580	36133	
4080	0	35464	28512	36152	
4081	0	35380	28540	36212	
4082	0	35308	28504	36184	
4083	0	35240	28500	36156	
4084	0	35172	28537	36164	
4085	0	35092	28460	36124	
4086	0	35024	28481	35996	
4087	0	34952	28420	36108	
4088	0	34880	28453	36052	
4089	0	34808	28376	36148	
4090	0	34730	28356	36156	
4091	0	34656	28488	36156	
4092	0	34584	28549	36088	
4093	0	34512	28716	35904	
4094	0	34432	28535	35940	
4095	0	34360	28744	35868	
4096	0	34284	28684	35956	
4097	0	34204	28696	35944	
4098	0	34137	28568	36040	
4099	0	34052	28572	36204	
4100	0	33980	28472	36264	
4101	0	33897	28344	36365	
4102	0	33821	28324	36388	
4103	0	33740	28292	36504	
4104	0	33664	28296	36430	
4105	0	33584	28289	36468	
4106	0	33508	28452	36261	
4107	0	33420	28392	36328	
4108	0	33344	28744	36604	
4109	0	33268	28192	36256	
4110	0	33176	28289	36452	
4111	0	33104	28512	36504	
4112	0	33012	28476	36500	
4113	0	32932	28485	36440	
4114	0	32840	28340	36552	
4115	0	32764	28289	36648	
4116	0	32668	28244	36672	
4117	0	32596	28112	36628	
4118	0	32504	28160	36568	
4119	0	32420	28148	36792	
4120	0	32332	27636	36660	
4121	0	32240	27888	36700	
4122	0	32156	27756	36944	
4123	0	32069	27248	36544	
4124	0	31980	27424	36620	
4125	0	31888	27391	37336	
4126	0	31804	27180	37440	
4127	0	31708	26913	36773	
4128	0	31613	26720	36704	
4129	0	31521	27049	36985	
4130	0	31433	27036	36856	
4131	0	31345	27298	37268	
4132	0	31244	27408	37672	
4133	0	31156	27584	37660	
4134	0	31068	27313	37592	
4135	0	30969	27117	37852	
4136	0	30880	26852	38272	
4137	0	30784	26420	38680	
4138	0	30696	26108	39404	
4139	0	30604	25712	39900	
4140	0	30509	25190	40740	
4141	0	30412	24904	41689	
4142	0	30320	24208	41840	
4143	0	30236	20344	43904	
4144	0	30132	25036	44688	
4145	0	30044	24153	40924	
4146	0	29953	24552	41432	
4147	0	29864	24616	41124	
4148	0	29772	24564	43196	
4149	0	29680	22992	43480	
4150	0	29592	24336	44256	
4151	0	29504	23760	44824	
4152	0	29408	23070	44408	
4153	0	29316	22470	44968	
4154	0	29236	23020	44896	
4155	0	29140	22838	44576	
4156	0	29046	23036	44456	
4157	0	28956	24381	45378	
4158	0	28872	24508	45604	
4159	0	28780	25352	46481	
4160	0	28692	28228	46520	
4161	0	28608	28272	43156	
4162	0	28513	27304	41308	
4163	0	28437	27200	44708	
4164	0	28348	32928	46476	
4165	0	28264	37080	44792	
4166	0	28176	36372	37820	
4167	0	28089	33200	32977	
4168	0	28008	32352	35992	
4169	0	27920	34372	37904	
4170	0	27844	36056	39416	
4171	0	27768	36272	38844	
4172	0	27680	35577	37968	
4173	0	27600	34652	38468	
4174	0	27512	33972	39220	
4175	0	27428	33712	39550	
4176	0	27352	33808	39472	
4177	0	27280	34080	39261	
4178	0	27196	34308	38916	
4179	0	27120	34384	38496	
4180	0	27034	34356	37984	
4181	0	26964	34296	37528	
4182	0	26892	34216	37268	
4183	0	26821	34080	37316	
4184	0	26744	33880	37440	
4185	0	26664	33628	37700	
4186	0	26592	33360	38124	
4187	0	26520	33080	38440	
4188	0	26448	32808	38660	
4189	0	26376	32588	38832	
4190	0	26304	32492	38952	
4191	0	26236	32332	38880	
4192	0	26168	32028	38924	
4193	0	26100	31705	38912	
4194	0	26032	31320	38872	
4195	0	25960	30884	38880	
4196	0	25900	30440	39028	
4197	0	25834	29984	39204	
4198	0	25765	29608	39292	
4199	0	25708	29056	39456	
4200	0	25650	28473	39568	
4201	0	25586	27869	39528	
4202	0	25536	27356	39536	
4203	0	25476	26496	39368	
4204	0	25412	25890	39380	
4205	0	25356	25444	39364	
4206	0	25301	24952	39225	
4207	0	25248	25276	40312	
4208	0	25196	23996	38804	
4209	0	25142	24640	40648	
4210	0	25090	23844	39704	
4211	0	25048	23994	40448	
4212	0	24996	23784	40649	
4213	0	24952	23596	41132	
4214	0	24908	23340	41536	
4215	0	24864	23108	41752	
4216	0	24824	22872	41812	
4217	0	24776	21568	37756	
4218	0	24740	23005	42892	
4219	0	24704	21160	39688	
4220	0	24664	21824	42312	
4221	0	24636	20382	39700	
4222	0	24604	21388	41516	
4223	0	24572	20868	40496	
4224	0	24540	20584	40128	
4225	0	24520	20932	41914	
4226	0	24489	20418	40064	
4227	0	24465	19934	39756	
4228	0	24448	19384	39589	
4229	0	24428	18802	39312	
4230	0	24408	18328	40317	
4231	0	24396	14848	34148	
4232	0	24384	10349	37216	
4233	0	24368	14434	33820	
4234	0	24360	16073	37060	
4235	0	24352	10520	33688	
4236	0	24348	9828	31192	
4237	0	24348	12588	31620	
4238	0	24344	15323	30892	
4239	0	24352	14301	29964	
4240	0	24349	13759	29465	
4241	0	24357	15110	29342	
4242	0	24364	16656	28468	
4243	0	24377	17615	28824	
4244	0	24388	17666	28589	
4245	0	24404	18080	28564	
4246	0	24420	18553	28696	
4247	0	24436	18930	28721	
4248	0	24456	18958	28524	
4249	0	24482	18846	28697	
4250	0	24512	19141	28104	
4251	0	24548	19224	27820	
4252	0	24580	19122	27936	
4253	0	24613	18398	29560	
4254	0	24650	18793	29293	
4255	0	24692	18732	29770	
4256	0	24737	19250	29488	
4257	0	24780	19176	29748	
4258	0	24837	19721	29628	
4259	0	24888	19792	29268	
4260	0	24940	20154	27385	
4261	0	25000	18226	26448	
4262	0	25064	16230	27512	
4263	0	25124	20674	31820	
4264	0	25200	23697	34372	
4265	0	25276	26269	37286	
4266	0	25337	27021	39732	
4267	0	25416	26532	40144	
4268	0	25500	26192	39360	
4269	0	25576	26548	37714	
4270	0	25660	27445	37028	
4271	0	25752	28257	34924	
4272	0	25838	27312	38932	
4273	0	25936	29536	39328	
4274	0	26030	27917	36348	
4275	0	26132	25178	35120	
4276	0	26228	27704	36628	
4277	0	26320	25989	33892	
4278	0	26432	26701	34576	
4279	0	26544	28218	35776	
4280	0	26660	27968	36524	
4281	0	26764	27932	36576	
4282	0	26888	27573	36248	
4283	0	27000	27900	36032	
4284	0	27116	28460	36004	
4285	0	27240	28624	36116	
4286	0	27360	28468	36144	
4287	0	27484	28421	36224	
4288	0	27612	28352	36320	
4289	0	27740	28304	36344	
4290	0	27868	28416	36188	
4291	0	28009	28592	36032	
4292	0	28136	28662	35968	
4293	0	28269	28676	36024	
4294	0	28404	28632	36128	
4295	0	28544	28668	36144	
4296	0	28680	28600	36157	
4297	0	28824	28560	36217	
4298	0	28964	28512	36196	
4299	0	29109	28513	36168	
4300	0	29244	28472	36068	
4301	0	29404	28600	36000	
4302	0	29544	28661	35980	
4303	0	29696	28628	36032	
4304	0	29840	28544	36060	
4305	0	29992	28468	36092	
4306	0	30136	28449	36132	
4307	0	30288	28412	36108	
4308	0	30444	28408	36076	
4309	0	30604	28456	36065	
4310	0	30749	28445	36056	
4311	0	30912	28420	36036	
4312	0	31064	28420	35972	
4313	0	31216	28436	36045	
4314	0	31380	28476	36012	
4315	0	31536	28448	36000	
4316	0	31688	28460	36020	
4317	0	31856	28442	36092	
4318	0	32012	28452	36065	
4319	0	32164	28440	36088	
4320	0	32324	28488	36020	
4321	0	32480	28500	36044	
4322	0	32640	28512	35989	
4323	0	32788	28576	35980	
4324	0	32948	28592	36032	
4325	0	33112	28552	36040	
4326	0	33264	28464	36072	
4327	0	33420	28452	36116	
4328	0	33572	28466	36076	
4329	0	33724	28444	36064	
4330	0	33884	28498	36144	
4331	0	34036	28484	36160	
4332	0	34188	28480	36064	
4333	0	34340	28460	36056	
4334	0	34488	28478	36032	
4335	0	34636	28516	36036	
4336	0	34788	28544	36012	
4337	0	34936	28596	36036	
4338	0	35076	28606	36028	
4339	0	35232	28616	36040	
4340	0	35376	28612	36056	
4341	0	35520	28650	36076	
4342	0	35652	28684	36077	
4343	0	35800	28676	36020	
4344	0	35936	28597	36220	
4345	0	36069	28492	36321	
4346	0	36204	28624	35992	
4347	0	36336	28644	36084	
4348	0	36472	28640	36169	
4349	0	36596	28580	36172	
4350	0	36720	28562	36096	
4351	0	36848	28596	36078	
4352	0	36976	28641	35964	
4353	0	37104	28668	35972	
4354	0	37228	28588	36024	
4355	0	37345	28688	36080	
4356	0	37469	28624	36041	
4357	0	37580	28712	36008	
4358	0	37690	28700	36016	
4359	0	37796	28680	36012	
4360	0	37916	28696	36026	
4361	0	38032	28540	36100	
4362	0	38126	28524	36172	
4363	0	38232	28481	36448	
4364	0	38336	28460	36544	
4365	0	38428	28157	36804	
4366	0	38536	27672	36904	
4367	0	38632	27861	37125	
4368	0	38732	28120	37320	
4369	0	38812	27780	37280	
4370	0	38908	27632	37536	
4371	0	38989	27180	37392	
4372	0	39076	27280	37644	
4373	0	39165	27356	38137	
4374	0	39244	26965	37984	
4375	0	39324	26974	37500	
4376	0	39400	26384	38192	
4377	0	39476	26245	37708	
4378	0	39556	26100	37208	
4379	0	39628	26009	38276	
4380	0	39696	26732	38840	
4381	0	39764	27012	39268	
4382	0	39840	27032	39008	
4383	0	39888	26512	39548	
4384	0	39952	26288	40120	
4385	0	40016	26081	40756	
4386	0	40076	26096	40816	
4387	0	40132	25849	40985	
4388	0	40188	25768	41392	
4389	0	40248	25384	41040	
4390	0	40292	24832	40716	
4391	0	40344	24053	41028	
4392	0	40388	23348	41912	
4393	0	40432	23740	42828	
4394	0	40480	23912	42432	
4395	0	40516	23940	42692	
4396	0	40552	24064	42796	
4397	0	40596	23585	43280	
4398	0	40632	25352	44616	
4399	0	40672	25896	42804	
4400	0	40696	26304	40496	
4401	0	40724	24597	40436	
4402	0	40749	27390	41192	
4403	0	40780	31808	40676	
4404	0	40804	34592	42260	
4405	0	40829	35212	40912	
4406	0	40848	33026	39428	
4407	0	40876	31234	36704	
4408	0	40884	29760	38060	
4409	0	40900	31256	39088	
4410	0	40916	33640	38668	
4411	0	40928	34529	39068	
4412	0	40932	33620	39500	
4413	0	40944	32444	39612	
4414	0	40944	32080	39284	
4415	0	40953	32344	38624	
4416	0	40952	32801	37961	
4417	0	40956	33224	37404	
4418	0	40960	33488	37020	
4419	0	40952	33580	36772	
4420	0	40952	33628	36516	
4421	0	40948	33676	36393	
4422	0	40932	33716	36440	
4423	0	40928	33712	36464	
4424	0	40912	33624	36477	
4425	0	40896	33568	36396	
4426	0	40878	33596	36221	
4427	0	40869	33604	36124	
4428	0	40848	33576	36040	
4429	0	40829	33506	36076	
4430	0	40808	33288	36152	
4431	0	40788	32972	36292	
4432	0	40756	32660	36436	
4433	0	40732	32320	36640	
4434	0	40704	31949	36836	
4435	0	40672	31580	37012	
4436	0	40640	31204	37132	
4437	0	40608	30832	37212	
4438	0	40580	30505	37221	
4439	0	40536	30220	37164	
4440	0	40496	29964	37016	
4441	0	40452	29720	36836	
4442	0	40408	29472	36596	
4443	0	40369	29225	36444	
4444	0	40320	29024	36320	
4445	0	40284	28796	36297	
4446	0	40228	28644	36224	
4447	0	40184	28544	36216	
4448	0	40128	28204	36212	
4449	0	40084	27788	36304	
4450	0	40028	27416	36552	
4451	0	39976	27176	36402	
4452	0	39920	27140	36212	
4453	0	39872	27064	35904	
4454	0	39808	26956	35652	
4455	0	39756	26664	35396	
4456	0	39688	26160	35336	
4457	0	39616	25264	34760	
4458	0	39560	24952	34716	
4459	0	39492	24412	34504	
4460	0	39436	23873	34300	
4461	0	39368	23384	34164	
4462	0	39292	22932	34317	
4463	0	39224	22456	34488	
4464	0	39152	22050	34309	
4465	0	39085	21613	33770	
4466	0	39021	21156	33045	
4467	0	38940	20664	32256	
4468	0	38872	20185	31564	
4469	0	38796	19872	30856	
4470	0	38720	19816	30176	
4471	0	38640	19828	29428	
4472	0	38560	19888	28592	
4473	0	38484	20176	27698	
4474	0	38404	20409	26896	
4475	0	38324	20681	26239	
4476	0	38224	20896	25640	
4477	0	38148	21088	25220	
4478	0	38072	21096	25088	
4479	0	37988	21228	25044	
4480	0	37904	21432	25292	
4481	0	37816	21742	25692	
4482	0	37728	22048	26057	
4483	0	37636	22320	26332	
4484	0	37544	22668	26509	
4485	0	37452	23020	26800	
4486	0	37364	23277	27028	
4487	0	37281	23449	27272	
4488	0	37176	23496	27545	
4489	0	37088	23661	28012	
4490	0	36996	23840	28446	
4491	0	36893	23972	28942	
4492	0	36812	24036	29434	
4493	0	36712	24068	29984	
4494	0	36612	24056	30412	
4495	0	36528	23868	30780	
4496	0	36424	23808	30916	
4497	0	36328	23884	31048	
4498	0	36224	24005	31156	
4499	0	36144	24048	31420	
4500	0	36040	23916	31652	
4501	0	35940	23682	31780	
4502	0	35848	23497	32164	
4503	0	35748	23464	32364	
4504	0	35660	23569	32161	
4505	0	35560	23646	32040	
4506	0	35464	23812	32540	
4507	0	35368	23948	32436	
4508	0	35276	24148	32992	
4509	0	35176	24160	32800	
4510	0	35076	24460	33249	
4511	0	34994	24792	33580	
4512	0	34888	25216	33988	
4513	0	34800	25700	34556	
4514	0	34704	26268	35104	
4515	0	34612	26553	37872	
4516	0	34516	26708	49624	
4517	0	34428	37228	50080	
4518	0	34328	38952	42944	
4519	0	34244	37997	45796	
4520	0	34156	16269	31132	
4521	0	34060	14378	31312	
4522	0	33968	40825	31284	
4523	0	33880	25520	31448	
4524	0	33780	24588	34576	
4525	0	33696	22266	40864	
4526	0	33597	24381	45144	
4527	0	33512	26876	44932	
4528	0	33424	27436	44388	
4529	0	33336	28240	40616	
4530	0	33252	28268	37740	
4531	0	33156	26852	38532	
4532	0	33072	26016	40664	
4533	0	32978	22088	40564	
4534	0	32892	33012	38288	
4535	0	32804	27504	43608	
4536	0	32720	23844	45500	
4537	0	32628	25352	44132	
4538	0	32532	27072	41976	
4539	0	32456	27929	39888	
4540	0	32364	27764	37484	
4541	0	32276	27776	35360	
4542	0	32192	28336	33832	
4543	0	32100	28852	33260	
4544	0	32017	29268	33252	
4545	0	31929	29335	33813	
4546	0	31844	29076	34600	
4547	0	31760	28728	35404	
4548	0	31672	28132	36429	
4549	0	31585	27720	37654	
4550	0	31500	27899	38080	
4551	0	31408	28058	38056	
4552	0	31320	28128	37404	
4553	0	31225	28196	36516	
4554	0	31148	28512	35908	
4555	0	31065	28748	35872	
4556	0	30980	28738	35968	
4557	0	30892	28632	36172	
4558	0	30805	28592	36428	
4559	0	30721	28414	36584	
4560	0	30637	28400	36468	
4561	0	30544	28497	36308	
4562	0	30468	28560	36176	
4563	0	30380	28676	35961	
4564	0	30296	28797	35908	
4565	0	30210	28776	35968	
4566	0	30136	28640	36000	
4567	0	30048	28472	36016	
4568	0	29972	28442	35920	
4569	0	29888	28544	35928	
4570	0	29812	28661	35812	
4571	0	29728	28472	35642	
4572	0	29644	28748	35336	
4573	0	29572	28956	35272	
4574	0	29492	29056	35128	
4575	0	29416	28997	35144	
4576	0	29348	28968	35165	
4577	0	29268	28904	35172	
4578	0	29184	28856	35280	
4579	0	29120	27098	35444	
4580	0	29048	29056	36153	
4581	0	28984	30012	36900	
4582	0	28916	28480	37376	
4583	0	28844	28217	37938	
4584	0	28782	28088	38265	
4585	0	28712	27794	38041	
4586	0	28640	27632	37788	
4587	0	28580	28050	37440	
4588	0	28517	27904	37272	
4589	0	28448	28652	36660	
4590	0	28396	28224	36692	
4591	0	28328	28748	36425	
4592	0	28264	28856	36068	
4593	0	28208	28532	36064	
4594	0	28152	27056	35436	
4595	0	28096	28705	35176	
4596	0	28040	29278	35164	
4597	0	27984	26692	34576	
4598	0	27928	29062	34744	
4599	0	27872	29476	34888	
4600	0	27824	29844	35324	
4601	0	27772	27488	35756	
4602	0	27724	28617	36360	
4603	0	27665	27345	36801	
4604	0	27636	27548	37237	
4605	0	27576	25956	37844	
4606	0	27520	26128	38340	
4607	0	27480	26354	39196	
4608	0	27426	26412	40088	
4609	0	27380	25816	40768	
4610	0	27344	25436	41464	
4611	0	27297	26368	43012	
4612	0	27256	26996	43620	
4613	0	27212	27520	43664	
4614	0	27173	27136	43224	
4615	0	27136	26532	42644	
4616	0	27093	26344	42456	
4617	0	27060	26376	41892	
4618	0	27024	26044	42548	
4619	0	26996	26956	43552	
4620	0	26964	27940	42444	
4621	0	26924	28336	41976	
4622	0	26889	28678	42236	
4623	0	26856	28232	41848	
4624	0	26824	28276	41256	
4625	0	26788	29649	39680	
4626	0	26775	31548	37668	
4627	0	26744	32032	35864	
4628	0	26717	32876	34216	
4629	0	26688	33592	32868	
4630	0	26672	36268	33900	
4631	0	26648	38288	33680	
4632	0	26621	40952	36064	
4633	0	26600	42936	36496	
4634	0	26584	43316	35872	
4635	0	26564	43136	35820	
4636	0	26540	39921	37184	
4637	0	26532	36460	40508	
4638	0	26516	34856	42156	
4639	0	26500	34124	41260	
4640	0	26496	33312	40520	
4641	0	26476	32337	39640	
4642	0	26472	32396	37524	
4643	0	26468	33044	35512	
4644	0	26464	32321	34084	
4645	0	26460	33048	32848	
4646	0	26456	31776	31828	
4647	0	26452	33344	32204	
4648	0	26452	32432	32580	
4649	0	26456	31865	33424	
4650	0	26460	31525	34360	
4651	0	26468	31238	35338	
4652	0	26476	30924	36008	
4653	0	26484	30729	36364	
4654	0	26492	30560	36652	
4655	0	26508	30453	36844	
4656	0	26528	30508	36656	
4657	0	26548	30613	36344	
4658	0	26561	30648	35920	
4659	0	26584	30928	34932	
4660	0	26612	31236	34216	
4661	0	26628	31301	34088	
4662	0	26656	31028	34320	
4663	0	26688	30424	34896	
4664	0	26720	29660	35632	
4665	0	26756	28876	36388	
4666	0	26792	28364	36612	
4667	0	26816	27940	36792	
4668	0	26860	27292	36896	
4669	0	26904	26605	36508	
4670	0	26948	26180	35868	
4671	0	26988	25861	35520	
4672	0	27040	25688	34581	
4673	0	27084	25056	34768	
4674	0	27132	25080	33472	
4675	0	27181	24880	32660	
4676	0	27236	24128	32452	
4677	0	27288	23738	31804	
4678	0	27344	23360	31104	
4679	0	27393	22960	30456	
4680	0	27448	21674	30684	
4681	0	27504	20216	31080	
4682	0	27560	20685	30276	
4683	0	27623	21642	28949	
4684	0	27681	22262	27616	
4685	0	27741	18080	29837	
4686	0	27804	21204	27365	
4687	0	27873	20232	28068	
4688	0	27924	21556	27092	
4689	0	27994	20209	28281	
4690	0	28052	18948	28484	
4691	0	28120	20680	27908	
4692	0	28188	17498	29824	
4693	0	28256	21773	28007	
4694	0	28320	21457	28616	
4695	0	28384	21628	28800	
4696	0	28456	21948	29197	
4697	0	28516	22636	29164	
4698	0	28590	22920	29996	
4699	0	28648	23292	30564	
4700	0	28720	23680	31268	
4701	0	28788	23994	31709	
4702	0	28861	24272	32360	
4703	0	28932	24474	32404	
4704	0	28996	24818	33252	
4705	0	29068	24904	33168	
4706	0	29136	25293	34128	
4707	0	29212	25268	34004	
4708	0	29269	25388	34208	
4709	0	29341	25288	34008	
4710	0	29412	25792	34288	
4711	0	29488	25472	33621	
4712	0	29549	25624	33296	
4713	0	29613	22417	34384	
4714	0	29688	24409	30764	
4715	0	29752	25664	35813	
4716	0	29820	19494	23964	
4717	0	29892	19536	26456	
4718	0	29953	28200	30301	
4719	0	30020	33312	36384	
4720	0	30088	26850	42224	
4721	0	30156	24952	44168	
4722	0	30225	27320	43184	
4723	0	30292	29732	44544	
4724	0	30364	29464	42908	
4725	0	30428	29202	41884	
4726	0	30497	29729	39448	
4727	0	30560	28524	38008	
4728	0	30636	27714	38264	
4729	0	30692	27704	38904	
4730	0	30760	27892	39800	
4731	0	30828	28040	39353	
4732	0	30904	28121	38468	
4733	0	30964	30160	37880	
4734	0	31032	24284	36433	
4735	0	31100	20562	35468	
4736	0	31169	27892	42664	
4737	0	31236	19616	41024	
4738	0	31308	22576	49644	
4739	0	31372	24844	47052	
4740	0	31440	26360	43820	
4741	0	31504	28576	41144	
4742	0	31576	29844	39980	
4743	0	31640	29484	38624	
4744	0	31716	29208	37316	
4745	0	31776	28896	36768	
4746	0	31844	28264	36572	
4747	0	31912	27696	36728	
4748	0	31980	27440	36952	
4749	0	32048	27446	37096	
4750	0	32112	27753	36872	
4751	0	32176	28040	36292	
4752	0	32242	28052	35648	
4753	0	32308	28284	35140	
4754	0	32376	28604	35120	
4755	0	32428	29236	35288	
4756	0	32496	29468	35640	
4757	0	32559	29272	36120	
4758	0	32622	28900	36553	
4759	0	32680	28636	36756	
4760	0	32744	28560	36720	
4761	0	32800	28532	36520	
4762	0	32860	28628	36472	
4763	0	32921	28896	36452	
4764	0	32976	29166	36288	
4765	0	33040	29264	36257	
4766	0	33092	29150	36400	
4767	0	33148	28886	36632	
4768	0	33204	28612	36816	
4769	0	33256	28429	36876	
4770	0	33312	28397	36897	
4771	0	33372	28384	36908	
4772	0	33420	28433	36780	
4773	0	33468	28433	36800	
4774	0	33516	28436	36958	
4775	0	33569	28540	37028	
4776	0	33624	28536	37056	
4777	0	33672	28404	37016	
4778	0	33716	28360	36884	
4779	0	33764	28341	36792	
4780	0	33824	28461	36264	
4781	0	33864	28520	35976	
4782	0	33905	28792	35808	
4783	0	33952	29040	35568	
4784	0	34000	29225	35692	
4785	0	34040	29196	35561	
4786	0	34088	29216	35780	
4787	0	34128	28992	36100	
4788	0	34169	28753	36496	
4789	0	34208	28220	37792	
4790	0	34248	28992	36072	
4791	0	34288	27388	38512	
4792	0	34328	28516	37036	
4793	0	34360	28824	36512	
4794	0	34404	28704	36900	
4795	0	34436	29260	36824	
4796	0	34472	28768	37336	
4797	0	34508	28472	37724	
4798	0	34541	28136	37800	
4799	0	34580	27704	37436	
4800	0	34604	27420	37176	
4801	0	34640	27568	36384	
4802	0	34664	28001	35924	
4803	0	34700	28300	35828	
4804	0	34728	29208	35160	
4805	0	34756	29449	35368	
4806	0	34784	29468	35500	
4807	0	34808	29044	35936	
4808	0	34836	28680	36400	
4809	0	34852	28056	37040	
4810	0	34880	27684	37792	
4811	0	34904	26952	38748	
4812	0	34920	26616	39532	
4813	0	34944	26372	39984	
4814	0	34957	26012	41020	
4815	0	34976	26504	40116	
4816	0	34997	26220	40300	
4817	0	35012	26244	41172	
4818	0	35016	27012	39320	
4819	0	35032	26808	38744	
4820	0	35044	26592	38336	
4821	0	35056	26720	38268	
4822	0	35064	26804	38880	
4823	0	35076	27232	39056	
4824	0	35076	26776	39636	
4825	0	35093	27040	39948	
4826	0	35092	26748	40592	
4827	0	35100	26397	41916	
4828	0	35112	26560	43096	
4829	0	35104	26360	44640	
4830	0	35104	26402	46304	
4831	0	35104	26204	47724	
4832	0	35100	26145	49072	
4833	0	35101	26104	50336	
4834	0	35104	26580	50240	
4835	0	35097	27929	49972	
4836	0	35100	28740	48584	
4837	0	35088	29980	47116	
4838	0	35080	30324	45948	
4839	0	35080	30112	44224	
4840	0	35068	30105	42144	
4841	0	35052	32252	41296	
4842	0	35044	33300	40876	
4843	0	35040	33736	37924	
4844	0	35016	35632	37688	
4845	0	35008	37732	36365	
4846	0	34992	39100	35514	
4847	0	34980	43040	36300	
4848	0	34964	45804	36660	
4849	0	34949	44992	34116	
4850	0	34928	41856	31912	
4851	0	34924	40548	32138	
4852	0	34884	39936	33870	
4853	0	34868	39313	36937	
4854	0	34848	38188	39864	
4855	0	34824	36760	40168	
4856	0	34792	36020	38328	
4857	0	34768	35289	35984	
4858	0	34736	34948	33644	
4859	0	34712	35432	32280	
4860	0	34681	35373	31044	
4861	0	34652	35852	31368	
4862	0	34620	35268	30796	
4863	0	34588	34268	31040	
4864	0	34552	33716	31649	
4865	0	34520	33456	32336	
4866	0	34480	33224	33208	
4867	0	34437	32956	34100	
4868	0	34397	32480	34788	
4869	0	34360	32173	35240	
4870	0	34308	31912	35356	
4871	0	34268	31869	35173	
4872	0	34220	31613	34840	
4873	0	34164	31060	34528	
4874	0	34116	30528	33994	
4875	0	34064	30292	33396	
4876	0	34012	30060	33029	
4877	0	33960	29728	32496	
4878	0	33896	29536	32061	
4879	0	33840	29352	31621	
4880	0	33776	29132	31512	
4881	0	33716	28904	31588	
4882	0	33652	28420	32264	
4883	0	33588	27556	33208	
4884	0	33517	26948	33528	
4885	0	33456	26454	33888	
4886	0	33384	25816	34284	
4887	0	33320	25286	34425	
4888	0	33252	25012	34220	
4889	0	33180	24924	33784	
4890	0	33106	24978	33272	
4891	0	33032	25100	32840	
4892	0	32956	25109	32636	
4893	0	32880	25124	32652	
4894	0	32808	25000	32824	
4895	0	32728	24500	32896	
4896	0	32652	23856	32672	
4897	0	32578	23428	32922	
4898	0	32492	23196	33788	
4899	0	32416	22849	34224	
4900	0	32344	21948	34904	
4901	0	32261	21460	34120	
4902	0	32180	19204	31458	
4903	0	32105	17009	30368	
4904	0	32025	17379	31672	
4905	0	31937	17895	32956	
4906	0	31872	17224	36629	
4907	0	31792	15796	32000	
4908	0	31708	14936	31004	
4909	0	31632	13914	30376	
4910	0	31560	14148	29269	
4911	0	31472	14328	28629	
4912	0	31384	15388	27744	
4913	0	31312	16290	25978	
4914	0	31240	18068	24392	
4915	0	31168	19768	25172	
4916	0	31088	21221	26156	
4917	0	31008	21776	27564	
4918	0	30924	22176	29260	
4919	0	30853	22772	31629	
4920	0	30773	23636	32209	
4921	0	30701	24384	32484	
4922	0	30630	26400	35432	
4923	0	30552	27560	39852	
4924	0	30485	28244	44096	
4925	0	30408	37440	38944	
4926	0	30336	37317	49968	
4927	0	30268	26620	40544	
4928	0	30192	8357	27824	
4929	0	30121	36804	29752	
4930	0	30052	33485	30292	
4931	0	29980	21796	31068	
4932	0	29916	21126	37460	
4933	0	29845	23036	45260	
4934	0	29770	25812	45908	
4935	0	29708	28424	43568	
4936	0	29632	27728	43280	
4937	0	29568	26426	43556	
4938	0	29512	26080	42548	
4939	0	29440	25728	43676	
4940	0	29372	26688	41248	
4941	0	29308	17652	40968	
4942	0	29248	34460	43116	
4943	0	29180	25453	45460	
4944	0	29110	25248	41628	
4945	0	29050	26664	42229	
4946	0	28984	28480	38720	
4947	0	28928	29149	36576	
4948	0	28860	29441	35204	
4949	0	28808	29464	34756	
4950	0	28744	29313	34912	
4951	0	28676	29048	35360	
4952	0	28616	28928	36252	
4953	0	28560	28492	37152	
4954	0	28500	28176	37728	
4955	0	28444	28104	37400	
4956	0	28388	28452	37140	
4957	0	28328	28804	36592	
4958	0	28272	28828	36276	
4959	0	28212	28960	35888	
4960	0	28152	29192	35364	
4961	0	28096	28969	35584	
4962	0	28040	29356	35648	
4963	0	27984	29068	36313	
4964	0	27929	29010	37084	
4965	0	27876	28648	37896	
4966	0	27824	28644	38456	
4967	0	27768	28294	38344	
4968	0	27716	28140	37920	
4969	0	27664	28356	37276	
4970	0	27616	28882	36592	
4971	0	27556	29044	36196	
4972	0	27508	29289	36121	
4973	0	27460	29400	36196	
4974	0	27416	29241	36252	
4975	0	27368	28913	36432	
4976	0	27304	29096	36248	
4977	0	27264	29260	35988	
4978	0	27216	29109	35748	
4979	0	27170	29192	35448	
4980	0	27120	29356	35408	
4981	0	27084	29536	35292	
4982	0	27040	29625	35236	
4983	0	26992	29588	35316	
4984	0	26952	29438	35440	
4985	0	26916	29240	35557	
4986	0	26878	29044	35653	
4987	0	26829	28900	35800	
4988	0	26792	28904	36072	
4989	0	26760	28928	36400	
4990	0	26720	28868	36632	
4991	0	26688	28729	36956	
4992	0	26648	28644	37176	
4993	0	26613	28772	37208	
4994	0	26576	28928	37212	
4995	0	26544	29188	37464	
4996	0	26516	28992	37536	
4997	0	26477	28636	37584	
4998	0	26448	28481	37317	
4999	0	26424	28412	37200	
5000	0	26394	28384	37000	
5001	0	26369	28540	36756	
5002	0	26340	28828	36452	
5003	0	26317	29156	36244	
5004	0	26296	29208	35932	
5005	0	26272	29268	35834	
5006	0	26249	29112	35944	
5007	0	26229	28836	36068	
5008	0	26209	28100	36484	
5009	0	26188	28672	36568	
5010	0	26172	29680	36656	
5011	0	26164	27485	37441	
5012	0	26144	28600	37448	
5013	0	26124	28852	37628	
5014	0	26120	25452	38989	
5015	0	26100	27745	38040	
5016	0	26096	27968	37824	
5017	0	26085	26328	38580	
5018	0	26076	27393	38256	
5019	0	26081	27708	37920	
5020	0	26076	27574	38157	
5021	0	26084	27345	38276	
5022	0	26080	26900	38536	
5023	0	26080	27238	38732	
5024	0	26089	26500	39554	
5025	0	26100	26172	40140	
5026	0	26104	25522	41876	
5027	0	26120	26416	43840	
5028	0	26136	27984	45000	
5029	0	26148	27712	46444	
5030	0	26176	27256	47716	
5031	0	26196	26464	49056	
5032	0	26217	26286	49888	
5033	0	26244	26136	50340	
5034	0	26272	27052	50284	
5035	0	26304	27592	49840	
5036	0	26337	28168	49076	
5037	0	26380	29290	48000	
5038	0	26420	30332	46336	
5039	0	26464	31172	43952	
5040	0	26512	32100	40060	
5041	0	26560	32356	38844	
5042	0	26609	34992	37692	
5043	0	26668	36740	35660	
5044	0	26720	41432	35784	
5045	0	26788	45976	35756	
5046	0	26848	48224	35584	
5047	0	26912	46336	37104	
5048	0	26984	42940	34724	
5049	0	27052	41420	34596	
5050	0	27117	41176	36432	
5051	0	27200	40548	40120	
5052	0	27277	38984	41888	
5053	0	27356	37568	41349	
5054	0	27436	36268	39764	
5055	0	27517	35384	37184	
5056	0	27600	34832	34600	
5057	0	27692	34980	33472	
5058	0	27780	35208	32956	
5059	0	27873	34512	32258	
5060	0	27970	33776	32372	
5061	0	28064	33373	32844	
5062	0	28156	33136	33648	
5063	0	28256	32768	34616	
5064	0	28356	32280	35324	
5065	0	28456	31744	35801	
5066	0	28560	31388	36256	
5067	0	28657	31112	36688	
5068	0	28745	30740	36832	
5069	0	28870	30164	36632	
5070	0	28976	29965	36096	
5071	0	29084	29876	35016	
5072	0	29184	29608	34550	
5073	0	29304	29288	34348	
5074	0	29408	28836	34484	
5075	0	29524	28096	34884	
5076	0	29632	27248	35092	
5077	0	29744	26636	34961	
5078	0	29857	26236	35137	
5079	0	29976	25800	35713	
5080	0	30084	25368	36096	
5081	0	30200	24948	36352	
5082	0	30320	24753	35496	
5083	0	30428	24672	34720	
5084	0	30542	23741	35464	
5085	0	30668	24324	33596	
5086	0	30780	24033	32842	
5087	0	30896	22592	33585	
5088	0	31008	22838	31780	
5089	0	31128	19782	32186	
5090	0	31241	20808	30628	
5091	0	31364	22885	29408	
5092	0	31476	22589	28284	
5093	0	31588	20678	28517	
5094	0	31708	17584	31680	
5095	0	31825	19614	28602	
5096	0	31936	16324	32800	
5097	0	32056	18908	28829	
5098	0	32168	18405	29269	
5099	0	32276	18636	28996	
5100	0	32392	19296	28752	
5101	0	32492	20076	28728	
5102	0	32612	20812	28889	
5103	0	32720	21404	29237	
5104	0	32829	20108	32032	
5105	0	32932	22460	29144	
5106	0	33048	22184	30276	
5107	0	33148	23618	28548	
5108	0	33248	22660	30581	
5109	0	33356	22336	31184	
5110	0	33456	23254	30276	
5111	0	33564	22525	30488	
5112	0	33660	22520	30724	
5113	0	33760	22784	30132	
5114	0	33856	22824	30077	
5115	0	33956	22568	30680	
5116	0	34053	22934	30144	
5117	0	34148	22890	31108	
5118	0	34244	23148	30536	
5119	0	34336	23008	31308	
5120	0	34436	23305	30853	
5121	0	34516	23542	31994	
5122	0	34616	23932	32856	
5123	0	34700	21016	46244	
5124	0	34792	33124	43708	
5125	0	34880	37148	42200	
5126	0	34968	33952	46912	
5127	0	35052	12665	38148	
5128	0	35144	11280	29032	
5129	0	35225	23937	36780	
5130	0	35308	36856	37184	
5131	0	35392	29192	35604	
5132	0	35472	30488	31072	
5133	0	35560	28904	34224	
5134	0	35641	20332	46552	
5135	0	35732	21908	46640	
5136	0	35808	26625	46484	
5137	0	35892	28756	43728	
5138	0	35968	19776	40416	
5139	0	36052	34804	34916	
5140	0	36128	26441	42880	
5141	0	36201	23624	46492	
5142	0	36284	25601	45104	
5143	0	36364	28372	41976	
5144	0	36440	29976	40380	
5145	0	36520	29325	38224	
5146	0	36600	28000	36320	
5147	0	36672	27660	35156	
5148	0	36742	28348	34414	
5149	0	36824	28968	34140	
5150	0	36901	28962	34432	
5151	0	36976	28802	35024	
5152	0	37041	28784	35740	
5153	0	37120	28824	36508	
5154	0	37196	28900	36932	
5155	0	37269	29048	36896	
5156	0	37344	29229	36452	
5157	0	37420	29336	35788	
5158	0	37492	29136	35390	
5159	0	37560	28865	35545	
5160	0	37636	28845	36184	
5161	0	37708	28916	37032	
5162	0	37776	28724	37597	
5163	0	37840	28532	37696	
5164	0	37916	28436	37372	
5165	0	37980	28796	36652	
5166	0	38056	29180	36016	
5167	0	38120	29380	35773	
5168	0	38188	29345	35748	
5169	0	38272	29302	35876	
5170	0	38328	29136	36004	
5171	0	38400	29098	35932	
5172	0	38472	29036	35976	
5173	0	38529	29064	35952	
5174	0	38592	29037	35912	
5175	0	38668	29024	35872	
5176	0	38736	28997	35821	
5177	0	38796	28940	35880	
5178	0	38864	28896	35948	
5179	0	38924	28877	36036	
5180	0	38996	28876	36108	
5181	0	39060	28884	36196	
5182	0	39124	28888	36244	
5183	0	39184	28860	36320	
5184	0	39244	29024	36128	
5185	0	39312	29030	36200	
5186	0	39376	29232	35996	
5187	0	39432	29184	36008	
5188	0	39496	29180	35832	
5189	0	39560	29308	35568	
5190	0	39616	29413	35388	
5191	0	39672	29456	35353	
5192	0	39740	29369	35440	
5193	0	39784	29216	35612	
5194	0	39852	29032	35612	
5195	0	39900	29240	36304	
5196	0	39964	29599	36780	
5197	0	40016	29504	36914	
5198	0	40068	29408	37068	
5199	0	40124	29392	37188	
5200	0	40176	28800	36612	
5201	0	40224	28980	36960	
5202	0	40272	28938	37216	
5203	0	40320	28972	37344	
5204	0	40372	28993	37596	
5205	0	40420	29024	37932	
5206	0	40464	28940	37972	
5207	0	40512	28654	37996	
5208	0	40552	28584	37756	
5209	0	40604	28480	37368	
5210	0	40648	28464	36984	
5211	0	40688	28740	36192	
5212	0	40728	28977	35760	
5213	0	40772	29156	35460	
5214	0	40808	28428	35644	
5215	0	40848	29328	35344	
5216	0	40884	29242	35664	
5217	0	40928	29720	35756	
5218	0	40960	28733	36224	
5219	0	40996	27581	36692	
5220	0	41032	28562	36785	
5221	0	41068	29136	36973	
5222	0	41104	28500	37436	
5223	0	41136	28592	37776	
5224	0	41168	27152	38812	
5225	0	41200	27924	38308	
5226	0	41228	27788	38152	
5227	0	41260	27816	37672	
5228	0	41296	28064	37216	
5229	0	41324	27948	37124	
5230	0	41344	27348	37268	
5231	0	41368	26988	37498	
5232	0	41396	28144	37756	
5233	0	41420	28800	37812	
5234	0	41440	27656	38286	
5235	0	41464	27325	39128	
5236	0	41488	26292	40524	
5237	0	41500	26553	42488	
5238	0	41524	27152	43918	
5239	0	41548	28008	45148	
5240	0	41552	28416	46184	
5241	0	41580	28216	47080	
5242	0	41592	28148	47408	
5243	0	41604	27864	47592	
5244	0	41616	28288	47416	
5245	0	41624	28992	46592	
5246	0	41624	29728	45264	
5247	0	41644	30124	43620	
5248	0	41648	30760	42028	
5249	0	41652	30992	40656	
5250	0	41644	30936	39120	
5251	0	41656	33072	38024	
5252	0	41648	33281	35776	
5253	0	41660	37112	37920	
5254	0	41640	39008	34412	
5255	0	41632	41148	36132	
5256	0	41632	44168	36324	
5257	0	41628	43376	36012	
5258	0	41616	40757	35016	
5259	0	41604	39112	36180	
5260	0	41588	38648	37440	
5261	0	41580	38144	40256	
5262	0	41568	36957	41184	
5263	0	41540	36096	39612	
5264	0	41536	35485	37486	
5265	0	41512	34341	35224	
5266	0	41492	35028	33990	
5267	0	41460	34752	33308	
5268	0	41436	34520	32824	
5269	0	41408	33556	32808	
5270	0	41380	32596	33284	
5271	0	41356	32268	33912	
5272	0	41324	32001	34684	
5273	0	41296	31708	35481	
5274	0	41256	31356	36024	
5275	0	41216	30928	36592	
5276	0	41184	30449	36924	
5277	0	41144	30200	37072	
5278	0	41104	30072	36800	
5279	0	41064	30245	36076	
5280	0	41024	30086	35508	
5281	0	40988	29620	35237	
5282	0	40948	29184	34560	
5283	0	40908	28954	33840	
5284	0	40856	28752	33848	
5285	0	40816	28564	33956	
5286	0	40772	28398	33836	
5287	0	40728	27813	34496	
5288	0	40688	26996	35016	
5289	0	40632	26589	35528	
5290	0	40580	26308	35888	
5291	0	40544	25512	35916	
5292	0	40500	24121	36444	
5293	0	40453	24128	35292	
5294	0	40404	23925	34368	
5295	0	40360	23272	34464	
5296	0	40316	22608	34330	
5297	0	40268	23205	33368	
5298	0	40221	23156	33000	
5299	0	40172	22706	32548	
5300	0	40128	22532	31348	
5301	0	40080	21237	31561	
5302	0	40036	18968	33216	
5303	0	39984	20897	30496	
5304	0	39928	20500	30016	
5305	0	39888	20232	29528	
5306	0	39832	20030	29100	
5307	0	39788	20536	27679	
5308	0	39732	19296	28940	
5309	0	39684	20344	27088	
5310	0	39632	19696	28589	
5311	0	39576	18036	30988	
5312	0	39532	20684	28108	
5313	0	39481	20216	29080	
5314	0	39424	21656	27197	
5315	0	39364	20632	29124	
5316	0	39312	20596	29360	
5317	0	39256	21141	29333	
5318	0	39200	21513	29540	
5319	0	39144	22225	29484	
5320	0	39088	22777	29928	
5321	0	39032	23200	29992	
5322	0	38964	23172	31478	
5323	0	38912	23556	30876	
5324	0	38840	23610	31340	
5325	0	38780	23788	31808	
5326	0	38716	24256	31201	
5327	0	38656	24189	32584	
5328	0	38584	24652	31928	
5329	0	38516	24676	33176	
5330	0	38452	25145	32408	
5331	0	38368	25224	33368	
5332	0	38308	25512	32936	
5333	0	38232	16010	48180	
5334	0	38156	37436	38012	
5335	0	38081	40972	41408	
5336	0	38004	33352	48060	
5337	0	37920	11594	30680	
5338	0	37848	13706	24948	
5339	0	37764	35200	38144	
5340	0	37680	37692	36908	
5341	0	37600	25128	32960	
5342	0	37524	24393	34716	
5343	0	37444	24249	45140	
5344	0	37348	23808	51616	
5345	0	37260	26924	44644	
5346	0	37172	28320	41800	
5347	0	37088	27058	40156	
5348	0	36993	25648	40944	
5349	0	36908	27042	41984	
5350	0	36808	27680	41048	
5351	0	36720	27916	39564	
5352	0	36628	28744	38912	
5353	0	36532	28613	38616	
5354	0	36428	28532	37760	
5355	0	36336	20726	39872	
5356	0	36236	32640	35740	
5357	0	36144	29018	34424	
5358	0	36040	28341	37304	
5359	0	35944	27412	40140	
5360	0	35837	27540	41304	
5361	0	35744	27576	41257	
5362	0	35648	27756	41024	
5363	0	35544	27812	39872	
5364	0	35387	28068	38628	
5365	0	35337	28436	37456	
5366	0	35237	28548	36724	
5367	0	35136	28576	36320	
5368	0	35032	28672	36128	
5369	0	34928	28844	35800	
5370	0	34828	28969	36156	
5371	0	34720	29060	36546	
5372	0	34608	28900	36912	
5373	0	34509	28541	37297	
5374	0	34400	28232	37204	
5375	0	34296	28262	37020	
5376	0	34192	28681	36568	
5377	0	34090	29044	36217	
5378	0	33980	29374	35856	
5379	0	33872	29348	35888	
5380	0	33764	29216	36132	
5381	0	33652	28772	36580	
5382	0	33549	28432	36856	
5383	0	33449	28260	37200	
5384	0	33336	28256	37292	
5385	0	33204	28397	37164	
5386	0	33116	28708	36960	
5387	0	33008	28744	36948	
5388	0	32896	28580	36980	
5389	0	32784	28488	36864	
5390	0	32676	28396	36972	
5391	0	32568	28440	36832	
5392	0	32468	28460	36860	
5393	0	32356	28524	36720	
5394	0	32234	28449	36688	
5395	0	32136	28496	36428	
5396	0	32024	28412	36488	
5397	0	31912	28540	36060	
5398	0	31800	28412	36276	
5399	0	31692	28600	36104	
5400	0	31584	28528	36064	
5401	0	31472	28673	35706	
5402	0	31368	28977	35649	
5403	0	31260	29340	35408	
5404	0	31148	29460	35272	
5405	0	31036	29528	35084	
5406	0	30924	29628	34960	
5407	0	30816	29580	34717	
5408	0	30720	29400	34780	
5409	0	30609	29300	34668	
5410	0	30500	29345	34608	
5411	0	30396	29440	34841	
5412	0	30288	28936	35140	
5413	0	30184	28652	35492	
5414	0	30076	28736	36232	
5415	0	29969	28388	36812	
5416	0	29864	28256	37164	
5417	0	29768	27874	37828	
5418	0	29656	27981	38032	
5419	0	29552	28074	38284	
5420	0	29452	27997	38248	
5421	0	29348	28036	38128	
5422	0	29252	28188	37776	
5423	0	29144	28376	37488	
5424	0	29048	28524	37428	
5425	0	28948	28420	37192	
5426	0	28841	28434	37108	
5427	0	28744	28377	37076	
5428	0	28648	28189	37140	
5429	0	28548	28248	37320	
5430	0	28448	28361	37364	
5431	0	28356	27968	37504	
5432	0	28268	27776	37401	
5433	0	28164	27612	37328	
5434	0	28069	27758	37216	
5435	0	27989	27681	37280	
5436	0	27888	27672	37221	
5437	0	27800	27688	37136	
5438	0	27712	28052	36828	
5439	0	27620	28476	36704	
5440	0	27524	28665	36608	
5441	0	27444	28644	36452	
5442	0	27356	28204	36560	
5443	0	27268	27948	36824	
5444	0	27185	28092	36828	
5445	0	27108	28112	36972	
5446	0	27024	27600	37176	
5447	0	26944	27288	37580	
5448	0	26856	26812	38256	
5449	0	26776	27288	39076	
5450	0	26704	28308	39876	
5451	0	26625	28316	40176	
5452	0	26548	27840	40424	
5453	0	26476	27428	40628	
5454	0	26400	26900	40968	
5455	0	26325	26529	41501	
5456	0	26253	26628	42112	
5457	0	26184	26677	42372	
5458	0	26112	26168	43120	
5459	0	26048	25312	44340	
5460	0	25977	24685	45400	
5461	0	25912	24788	46496	
5462	0	25848	24900	47656	
5463	0	25781	24996	49112	
5464	0	25716	25420	50636	
5465	0	25653	25905	51532	
5466	0	25596	26604	52200	
5467	0	25525	28216	53136	
5468	0	25466	28932	54616	
5469	0	25416	29628	53808	
5470	0	25358	30692	53348	
5471	0	25296	31956	52572	
5472	0	25240	33548	51332	
5473	0	25180	34216	48608	
5474	0	25132	35168	45308	
5475	0	25076	36864	42320	
5476	0	25024	40464	43084	
5477	0	24964	40841	43493	
5478	0	24916	39776	35384	
5479	0	24866	36968	32588	
5480	0	24816	35712	33896	
5481	0	24768	35532	38904	
5482	0	24720	36792	43600	
5483	0	24677	36320	46084	
5484	0	24632	34485	46864	
5485	0	24580	33780	44200	
5486	0	24544	34188	39456	
5487	0	24492	33380	36276	
5488	0	24452	33528	33940	
5489	0	24412	33564	32322	
5490	0	24376	34548	31733	
5491	0	24332	34640	31561	
5492	0	24292	34404	31808	
5493	0	24264	34222	32340	
5494	0	24232	33908	33149	
5495	0	24192	33704	34076	
5496	0	24160	33540	35064	
5497	0	24132	33368	36004	
5498	0	24101	33218	36604	
5499	0	24080	33164	36852	
5500	0	24046	33220	36836	
5501	0	24022	33228	36868	
5502	0	23997	33112	36912	
5503	0	23976	33008	37220	
5504	0	23956	32854	37660	
5505	0	23936	32708	38080	
5506	0	23920	32644	38460	
5507	0	23908	32573	38798	
5508	0	23892	32480	38976	
5509	0	23876	32352	39076	
5510	0	23872	32108	39208	
5511	0	23857	31808	39304	
5512	0	23848	31373	39564	
5513	0	23848	30828	39905	
5514	0	23840	30212	40184	
5515	0	23838	29588	40400	
5516	0	23836	28984	40648	
5517	0	23836	28428	40944	
5518	0	23840	28121	41354	
5519	0	23840	27816	41856	
5520	0	23840	27449	42344	
5521	0	23845	26760	42668	
5522	0	23856	25740	42708	
5523	0	23868	24675	42684	
5524	0	23876	23632	42672	
5525	0	23888	22668	42708	
5526	0	23908	21720	43176	
5527	0	23920	20788	43952	
5528	0	23944	19725	43868	
5529	0	23956	18608	43532	
5530	0	23980	17828	43048	
5531	0	23996	17332	42184	
5532	0	24029	17126	40828	
5533	0	24052	17200	39321	
5534	0	24081	17022	38288	
5535	0	24104	16627	38657	
5536	0	24136	15904	39352	
5537	0	24164	15176	39720	
5538	0	24196	14594	39120	
5539	0	24228	13869	39352	
5540	0	24261	13538	38368	
5541	0	24300	12908	37588	
5542	0	24340	12701	36080	
5543	0	24376	12540	35636	
5544	0	24412	7646	30236	
5545	0	24452	8137	29364	
5546	0	24498	13818	30160	
5547	0	24544	13490	29828	
5548	0	24586	13277	27876	
5549	0	24628	13710	28196	
5550	0	24682	14249	30484	
5551	0	24728	15134	30600	
5552	0	24780	16541	29672	
5553	0	24832	17548	29356	
5554	0	24888	18432	29964	
5555	0	24937	19188	30715	
5556	0	24984	20380	31200	
5557	0	25048	21632	31928	
5558	0	25100	22714	32612	
5559	0	25156	23912	33172	
5560	0	25212	24896	32821	
5561	0	25276	25776	33346	
5562	0	25334	25236	33248	
5563	0	25400	24401	33001	
5564	0	25460	21513	36408	
5565	0	25528	21181	35040	
5566	0	25588	18382	31632	
5567	0	25656	13594	29685	
5568	0	25722	12101	34784	
5569	0	25788	11101	38032	
5570	0	25860	11016	23956	
5571	0	25928	17508	35148	
5572	0	25993	25136	42396	
5573	0	26072	31656	40504	
5574	0	26140	29928	40556	
5575	0	26220	28604	38400	
5576	0	26292	29024	36046	
5577	0	26365	30073	35320	
5578	0	26448	30608	35702	
5579	0	26528	30294	36224	
5580	0	26617	29689	36445	
5581	0	26692	29376	36418	
5582	0	26772	29008	36508	
5583	0	26864	28924	36460	
5584	0	26944	29152	36424	
5585	0	27025	29248	36724	
5586	0	27121	28962	37084	
5587	0	27208	28488	37384	
5588	0	27304	28548	37460	
5589	0	27392	28984	37252	
5590	0	27488	29092	36856	
5591	0	27586	29224	36768	
5592	0	27684	29040	36804	
5593	0	27780	28844	37017	
5594	0	27886	28684	37092	
5595	0	27980	28684	37164	
5596	0	28096	28524	37256	
5597	0	28180	28183	36626	
5598	0	28308	28416	37000	
5599	0	28413	28436	37280	
5600	0	28524	28701	36612	
5601	0	28642	28948	36540	
5602	0	28754	28637	36776	
5603	0	28876	28504	36645	
5604	0	28993	28540	36564	
5605	0	29116	28649	36356	
5606	0	29244	28800	36232	
5607	0	29368	28904	36232	
5608	0	29496	29000	36128	
5609	0	29625	29037	36160	
5610	0	29760	29172	36180	
5611	0	29892	29130	36116	
5612	0	30028	29120	36052	
5613	0	30164	28920	36204	
5614	0	30300	28828	36180	
5615	0	30448	28778	36141	
5616	0	30588	28901	36160	
5617	0	30732	29116	35924	
5618	0	30892	28828	36371	
5619	0	31024	28788	36456	
5620	0	31170	28630	36463	
5621	0	31312	28376	36548	
5622	0	31468	28340	36672	
5623	0	31620	28384	36644	
5624	0	31772	28518	36648	
5625	0	31920	28441	36368	
5626	0	32072	28304	36596	
5627	0	32224	28360	36640	
5628	0	32376	28460	36776	
5629	0	32540	28612	36308	
5630	0	32684	28616	36496	
5631	0	32848	28764	36316	
5632	0	32997	28780	36352	
5633	0	33152	28740	36429	
5634	0	33308	28641	36388	
5635	0	33456	28644	36204	
5636	0	33612	28552	36196	
5637	0	33760	28452	36288	
5638	0	33924	28444	36288	
5639	0	34072	28328	36244	
5640	0	34220	28461	36164	
5641	0	34372	28588	36064	
5642	0	34524	28592	36136	
5643	0	34676	28632	36164	
5644	0	34820	28602	36192	
5645	0	34972	28568	36296	
5646	0	35116	28576	36336	
5647	0	35264	28573	36372	
5648	0	35400	28576	36488	
5649	0	35552	28584	36580	
5650	0	35692	28648	36544	
5651	0	35828	28648	36460	
5652	0	35968	28684	36452	
5653	0	36108	28697	36392	
5654	0	36240	28664	36384	
5655	0	36384	28684	36524	
5656	0	36508	28672	36673	
5657	0	36640	28701	37196	
5658	0	36768	29060	36884	
5659	0	36896	28744	36492	
5660	0	37020	28789	36696	
5661	0	37148	28944	36504	
5662	0	37272	29152	36380	
5663	0	37396	29076	36404	
5664	0	37508	29060	36228	
5665	0	37632	28684	35980	
5666	0	37740	28592	36208	
5667	0	37856	28429	36368	
5668	0	37972	28496	36453	
5669	0	38088	28516	36684	
5670	0	38196	28604	37036	
5671	0	38308	28392	36736	
5672	0	38408	28824	36629	
5673	0	38516	28677	36600	
5674	0	38624	27878	37180	
5675	0	38732	28408	36736	
5676	0	38828	28128	35636	
5677	0	38924	29260	34540	
5678	0	39012	26065	40116	
5679	0	39116	29009	35404	
5680	0	39204	29488	35649	
5681	0	39308	25832	39308	
5682	0	39392	28806	34812	
5683	0	39488	29904	34092	
5684	0	39576	27900	39492	
5685	0	39660	30600	33596	
5686	0	39744	30101	35212	
5687	0	39828	29340	36004	
5688	0	39912	29365	35752	
5689	0	39992	28292	35856	
5690	0	40068	28636	37652	
5691	0	40152	30084	34540	
5692	0	40232	29149	36088	
5693	0	40300	29504	36200	
5694	0	40368	29472	36144	
5695	0	40432	29632	35396	
5696	0	40512	29556	35400	
5697	0	40576	29377	35164	
5698	0	40640	28641	36096	
5699	0	40700	28908	35252	
5700	0	40768	28384	35192	
5701	0	40824	27945	34828	
5702	0	40876	27289	34628	
5703	0	40936	26293	34532	
5704	0	40988	25432	34998	
5705	0	41040	25728	38936	
5706	0	41081	26948	38412	
5707	0	41132	27664	38496	
5708	0	41176	27765	35310	
5709	0	41224	28332	35492	
5710	0	41264	28836	35272	
5711	0	41300	29256	36153	
5712	0	41336	29940	37252	
5713	0	41372	29580	37116	
5714	0	41408	29904	37204	
5715	0	41444	29605	36861	
5716	0	41456	29472	36484	
5717	0	41488	29308	36244	
5718	0	41512	29100	36204	
5719	0	41536	28896	36200	
5720	0	41556	28792	36252	
5721	0	41572	28648	36316	
5722	0	41597	28525	36424	
5723	0	41596	28568	36384	
5724	0	41605	28584	36368	
5725	0	41616	28572	36205	
5726	0	41624	28760	36160	
5727	0	41624	28785	36140	
5728	0	41625	28760	36129	
5729	0	41620	29117	36360	
5730	0	41612	28916	36220	
5731	0	41604	28841	36168	
5732	0	41604	30152	37528	
5733	0	41588	29168	36372	
5734	0	41576	28960	36264	
5735	0	41560	28888	36408	
5736	0	41544	28896	36480	
5737	0	41516	28941	36468	
5738	0	41492	28920	36365	
5739	0	41468	28908	36256	
5740	0	41440	28924	36144	
5741	0	41404	28900	36088	
5742	0	41372	28900	36096	
5743	0	41337	28836	36146	
5744	0	41304	28816	36236	
5745	0	41260	28800	36260	
5746	0	41208	28800	36280	
5747	0	41168	28808	36296	
5748	0	41124	28860	36224	
5749	0	41056	28828	36256	
5750	0	41020	28840	36256	
5751	0	40961	28849	36241	
5752	0	40896	28841	36228	
5753	0	40844	28872	36204	
5754	0	40784	28920	36140	
5755	0	40716	28909	36168	
5756	0	40656	28892	36164	
5757	0	40586	28864	36213	
5758	0	40512	28845	36228	
5759	0	40448	28821	36264	
5760	0	40380	28820	36236	
5761	0	40300	28836	36216	
5762	0	40228	28836	36168	
5763	0	40148	28793	36188	
5764	0	40072	28817	36180	
5765	0	39984	28820	36196	
5766	0	39908	28792	36212	
5767	0	39824	28798	36192	
5768	0	39740	28784	36184	
5769	0	39648	28788	36192	
5770	0	39566	28792	36168	
5771	0	39476	28788	36192	
5772	0	39380	28809	36152	
5773	0	39292	28848	36152	
5774	0	39204	28864	36132	
5775	0	39104	28835	36164	
5776	0	39008	28816	36172	
5777	0	38916	28769	36172	
5778	0	38820	28724	36176	
5779	0	38724	28713	36152	
5780	0	38624	28724	36092	
5781	0	38520	28740	35990	
5782	0	38428	28709	36808	
5783	0	38320	28754	36116	
5784	0	38224	28732	35985	
5785	0	38120	28701	37312	
5786	0	38016	28790	36184	
5787	0	37916	28776	36084	
5788	0	37816	28796	36060	
5789	0	37704	28633	34100	
5790	0	37600	28829	36532	
5791	0	37496	28812	36264	
5792	0	37392	28785	36240	
5793	0	37288	28744	36281	
5794	0	37180	28728	36296	
5795	0	37068	28680	36296	
5796	0	36964	28664	36321	
5797	0	36860	28632	36296	
5798	0	36752	28628	36300	
5799	0	36644	28604	36296	
5800	0	36540	28604	36312	
5801	0	36432	28581	36342	
5802	0	36328	28601	36348	
5803	0	36209	28613	36308	
5804	0	36106	28584	36293	
5805	0	35993	28596	36272	
5806	0	35904	28628	36224	
5807	0	35780	28612	36229	
5808	0	35672	28640	36212	
5809	0	35604	28644	36200	
5810	0	35460	28682	36184	
5811	0	35356	28684	36184	
5812	0	35256	28640	36192	
5813	0	35136	28640	36168	
5814	0	35028	28628	36184	
5815	0	34928	28632	36204	
5816	0	34820	28632	36192	
5817	0	34710	28592	36212	
5818	0	34604	28581	36168	
5819	0	34496	28584	36164	
5820	0	34388	28580	36165	
5821	0	34284	28560	36200	
5822	0	34180	28544	36212	
5823	0	34080	28556	36196	
5824	0	33976	28576	36176	
5825	0	33868	28584	36185	
5826	0	33764	28552	36204	
5827	0	33652	28552	36200	
5828	0	33552	28552	36208	
5829	0	33440	28522	36200	
5830	0	33338	28540	36204	
5831	0	33236	28524	36176	
5832	0	33128	28568	36186	
5833	0	33020	28557	36144	
5834	0	32921	28568	36160	
5835	0	32820	28590	36124	
5836	0	32708	28600	36180	
5837	0	32608	28577	36121	
5838	0	32504	28569	36160	
5839	0	32404	28552	36128	
5840	0	32292	28576	36156	
5841	0	32188	28544	36172	
5842	0	32084	28520	36160	
5843	0	31976	28509	36136	
5844	0	31876	28516	36168	
5845	0	31769	28540	36180	
5846	0	31672	28552	36153	
5847	0	31560	28504	36184	
5848	0	31460	28532	36132	
5849	0	31356	28488	36076	
5850	0	31252	28492	36140	
5851	0	31149	28452	36192	
5852	0	31049	28457	36192	
5853	0	30952	28453	36256	
5854	0	30848	28412	36300	
5855	0	30744	28420	36288	
5856	0	30640	28440	36240	
5857	0	30536	28428	36288	
5858	0	30440	28480	36296	
5859	0	30340	28481	36260	
5860	0	30244	28500	36240	
5861	0	30148	28520	36185	
5862	0	30052	28540	36164	
5863	0	29956	28556	36200	
5864	0	29852	28536	36189	
5865	0	29760	28536	36196	
5866	0	29668	28608	36164	
5867	0	29572	28608	36216	
5868	0	29477	28592	36233	
5869	0	29388	28624	36184	
5870	0	29300	28660	36164	
5871	0	29204	28604	36188	
5872	0	29116	28604	36200	
5873	0	29024	28584	36196	
5874	0	28941	28602	36196	
5875	0	28856	28588	36225	
5876	0	28772	28641	36244	
5877	0	28680	28648	36252	
5878	0	28608	28868	36388	
5879	0	28525	28704	36276	
5880	0	28449	28820	36432	
5881	0	28364	28576	36340	
5882	0	28288	28488	36224	
5883	0	28212	27428	35296	
5884	0	28132	28808	36412	
5885	0	28064	28560	36320	
5886	0	27988	28404	36332	
5887	0	27912	28280	36364	
5888	0	27840	28341	36324	
5889	0	27764	28416	36308	
5890	0	27696	28629	36240	
5891	0	27633	28753	36233	
5892	0	27564	30036	37596	
5893	0	27492	29029	36532	
5894	0	27432	28892	36460	
5895	0	27368	28820	36408	
5896	0	27300	27181	33760	
5897	0	27238	29193	36836	
5898	0	27176	28924	36500	
5899	0	27116	28892	36446	
5900	0	27064	28936	36462	
5901	0	26996	28912	36376	
5902	0	26940	29428	37344	
5903	0	26888	29116	36688	
5904	0	26828	29068	36624	
5905	0	26768	29078	36584	
5906	0	26720	29121	36596	
5907	0	26660	29182	36580	
5908	0	26612	29242	36600	
5909	0	26554	29284	36616	
5910	0	26511	29248	36600	
5911	0	26457	29224	36572	
5912	0	26408	29212	36552	
5913	0	26352	29196	36500	
5914	0	26301	29154	36486	
5915	0	26256	29116	36452	
5916	0	26208	29004	36388	
5917	0	26164	28865	36404	
5918	0	26124	28760	36384	
5919	0	26080	28780	36340	
5920	0	26032	28836	36396	
5921	0	25988	28909	36396	
5922	0	25944	28940	36384	
5923	0	25904	28946	36376	
5924	0	25865	28904	36332	
5925	0	25820	28821	36356	
5926	0	25780	28813	36312	
5927	0	25738	28802	36319	
5928	0	25704	28840	36320	
5929	0	25664	28840	36360	
5930	0	25628	28916	36360	
5931	0	25590	28904	36417	
5932	0	25560	28900	36440	
5933	0	25520	28917	36416	
5934	0	25484	28904	36404	
5935	0	25448	28893	36384	
5936	0	25412	28848	36360	
5937	0	25384	28828	36377	
5938	0	25341	28820	36360	
5939	0	25312	28892	36384	
5940	0	25280	28956	36400	
5941	0	25256	28980	36400	
5942	0	25220	28974	36412	
5943	0	25193	28948	36424	
5944	0	25164	28992	36408	
5945	0	25136	28988	36372	
5946	0	25104	28996	36364	
5947	0	25076	29037	36364	
5948	0	25052	29002	36408	
5949	0	25024	29024	36441	
5950	0	25008	29032	36468	
5951	0	24972	29064	36496	
5952	0	24952	29080	36472	
5953	0	24921	29092	36433	
5954	0	24904	29068	36452	
5955	0	24885	29077	36460	
5956	0	24864	29128	36472	
5957	0	24836	29168	36472	
5958	0	24816	29173	36488	
5959	0	24796	29172	36480	
5960	0	24776	29184	36472	
5961	0	24760	29148	36496	
5962	0	24740	29124	36480	
5963	0	24720	29120	36480	
5964	0	24705	29116	36520	
5965	0	24700	29112	36460	
5966	0	24672	29089	36436	
5967	0	24661	29028	36452	
5968	0	24644	29024	36461	
5969	0	24632	29037	36416	
5970	0	24612	29042	36396	
5971	0	24601	29048	36377	
5972	0	24586	29016	36392	
5973	0	24577	28961	36376	
5974	0	24564	28720	36380	
5975	0	24551	28576	36372	
5976	0	24542	28466	36280	
5977	0	24528	28584	36213	
5978	0	24524	28742	36129	
5979	0	24513	28860	36120	
5980	0	24506	28872	36224	
5981	0	24496	28854	36296	
5982	0	24489	28888	36264	
5983	0	24484	28920	36216	
5984	0	24477	28964	36220	
5985	0	24472	28932	36260	
5986	0	24464	28928	36304	
5987	0	24460	28916	36344	
5988	0	24456	28914	36320	
5989	0	24452	28905	36313	
5990	0	24452	28928	36324	
5991	0	24448	28964	36340	
5992	0	24445	28945	36353	
5993	0	24446	28940	36364	
5994	0	24445	28964	36364	
5995	0	24440	28988	36344	
5996	0	24440	28964	36364	
5997	0	24444	28968	36336	
5998	0	24440	29000	36329	
5999	0	24441	28957	36316	
6000	0	24448	28972	36308	
6001	0	24444	28976	36304	
6002	0	24456	28948	36324	
6003	0	24460	28952	36304	
6004	0	24460	28964	36324	
6005	0	24468	28992	36332	
6006	0	24464	28956	36340	
6007	0	24472	28948	36380	
6008	0	24476	28924	36376	
6009	0	24490	28930	36364	
6010	0	24500	28912	36344	
6011	0	24512	28884	36320	
6012	0	24520	28908	36280	
6013	0	24528	28872	36196	
6014	0	24540	28873	36172	
6015	0	24548	28912	36152	
6016	0	24557	28960	36169	
6017	0	24580	28928	36212	
6018	0	24586	28920	36264	
6019	0	24604	28921	36280	
6020	0	24616	28912	36244	
6021	0	24642	28924	36220	
6022	0	24660	28908	36233	
6023	0	24672	28911	36236	
6024	0	24692	28924	36244	
6025	0	24716	28933	36236	
6026	0	24732	28921	36253	
6027	0	24752	28922	36288	
6028	0	24776	28920	36300	
6029	0	24796	28944	36281	
6030	0	24820	28954	36284	
6031	0	24844	28922	36256	
6032	0	24872	28944	36269	
6033	0	24896	28932	36300	
6034	0	24920	28960	36288	
6035	0	24952	28944	36288	
6036	0	24974	28936	36296	
6037	0	25000	28944	36288	
6038	0	25028	28945	36284	
6039	0	25060	28936	36268	
6040	0	25097	28932	36260	
6041	0	25124	28928	36260	
6042	0	25136	28940	36261	
6043	0	25188	28896	36304	
6044	0	25228	28924	36276	
6045	0	25260	28934	36260	
6046	0	25296	28936	36264	
6047	0	25325	28936	36241	
6048	0	25364	28900	36268	
6049	0	25405	28928	36268	
6050	0	25440	28908	36288	
6051	0	25476	28916	36248	
6052	0	25520	28916	36256	
6053	0	25560	28920	36260	
6054	0	25600	28936	36252	
6055	0	25640	28917	36249	
6056	0	25680	28915	36256	
6057	0	25730	28910	36256	
6058	0	25768	28913	36240	
6059	0	25808	28900	36257	
6060	0	25861	28912	36264	
6061	0	25908	28908	36264	
6062	0	25953	28913	36264	
6063	0	26000	28909	36272	
6064	0	26048	28900	36292	
6065	0	26104	28881	36296	
6066	0	26149	28872	36296	
6067	0	26196	28876	36268	
6068	0	26257	28872	36265	
6069	0	26300	28860	36272	
6070	0	26368	28884	36292	
6071	0	26424	28868	36276	
6072	0	26472	28840	36296	
6073	0	26524	28864	36280	
6074	0	26588	28880	36264	
6075	0	26644	28853	36248	
6076	0	26705	28857	36236	
6077	0	26768	28840	36249	
6078	0	26828	28832	36252	
6079	0	26888	28812	36268	
6080	0	26948	28829	36249	
6081	0	27012	28820	36256	
6082	0	27076	28829	36244	
6083	0	27152	28809	36200	
6084	0	27213	28812	36224	
6085	0	27285	28840	36196	
6086	0	27348	28804	36228	
6087	0	27412	28808	36236	
6088	0	27489	28814	36253	
6089	0	27564	28828	36244	
6090	0	27636	28820	36253	
6091	0	27708	28764	36228	
6092	0	27784	28764	36264	
6093	0	27856	28760	36248	
6094	0	27928	28749	36277	
6095	0	28005	28736	36276	
6096	0	28088	28760	36268	
6097	0	28164	28692	36244	
6098	0	28244	28693	36225	
6099	0	28321	28701	36244	
6100	0	28400	28709	36248	
6101	0	28488	28706	36272	
6102	0	28561	28648	36264	
6103	0	28644	28673	36300	
6104	0	28728	28660	36272	
6105	0	28815	28644	36264	
6106	0	28904	28628	36264	
6107	0	28984	28668	36264	
6108	0	29064	28668	36300	
6109	0	29160	28704	36268	
6110	0	29248	28640	36268	
6111	0	29332	28640	36281	
6112	0	29413	28624	36276	
6113	0	29504	28616	36273	
6114	0	29596	28596	36284	
6115	0	29684	28600	36260	
6116	0	29776	28616	36244	
6117	0	29868	28592	36248	
6118	0	29956	28616	36280	
6119	0	30052	28616	36272	
6120	0	30144	28581	36288	
6121	0	30232	28548	36284	
6122	0	30324	28556	36268	
6123	0	30416	28560	36268	
6124	0	30520	28528	36256	
6125	0	30612	28536	36240	
6126	0	30700	28544	36256	
6127	0	30804	28534	36253	
6128	0	30892	28525	36276	
6129	0	30992	28538	36292	
6130	0	31088	28536	36288	
6131	0	31188	28528	36305	
6132	0	31284	28508	36301	
6133	0	31376	28512	36300	
6134	0	31484	28512	36312	
6135	0	31576	28524	36288	
6136	0	31673	28512	36280	
6137	0	31776	28536	36300	
6138	0	31880	28540	36268	
6139	0	31988	28545	36288	
6140	0	32080	28541	36284	
6141	0	32176	28524	36296	
6142	0	32292	28568	36256	
6143	0	32384	28560	36284	
6144	0	32484	28560	36264	
6145	0	32588	28568	36276	
6146	0	32696	28568	36253	
6147	0	32800	28596	36280	
6148	0	32900	28594	36280	
6149	0	33000	28604	36264	
6150	0	33108	28600	36280	
6151	0	33216	28553	36284	
6152	0	33312	28568	36300	
6153	0	33424	28573	36292	
6154	0	33530	28585	36276	
6155	0	33632	28592	36272	
6156	0	33732	28600	36268	
6157	0	33840	28620	36252	
6158	0	33944	28612	36260	
6159	0	34048	28604	36248	
6160	0	34148	28604	36236	
6161	0	34256	28620	36212	
6162	0	34360	28641	36240	
6163	0	34456	28633	36268	
6164	0	34560	28652	36237	
6165	0	34672	28664	36256	
6166	0	34776	28676	36261	
6167	0	34880	28704	36252	
6168	0	34976	28696	36260	
6169	0	35088	28680	36256	
6170	0	35180	28672	36284	
6171	0	35285	28684	36278	
6172	0	35392	28720	36280	
6173	0	35484	28704	36280	
6174	0	35588	28713	36268	
6175	0	35696	28708	36280	
6176	0	35784	28716	36261	
6177	0	35888	28736	36261	
6178	0	35992	28728	36272	
6179	0	36084	28740	36276	
6180	0	36177	28736	36260	
6181	0	36284	28728	36252	
6182	0	36376	28740	36244	
6183	0	36465	28737	36256	
6184	0	36568	28752	36260	
6185	0	36657	28740	36240	
6186	0	36748	28736	36208	
6187	0	36854	28768	36224	
6188	0	36930	28773	36184	
6189	0	37036	28752	36228	
6190	0	37128	28768	36236	
6191	0	37204	28792	36247	
6192	0	37300	28788	36224	
6193	0	37388	28781	36261	
6194	0	37476	28804	36264	
6195	0	37548	28797	36232	
6196	0	37648	28800	36224	
6197	0	37728	28772	36257	
6198	0	37816	28762	36255	
6199	0	37900	28784	36252	
6200	0	37984	28780	36276	
6201	0	38064	28776	36252	
6202	0	38144	28753	36264	
6203	0	38224	28746	36248	
6204	0	38304	28757	36268	
6205	0	38380	28785	36229	
6206	0	38460	28776	36252	
6207	0	38532	28777	36256	
6208	0	38620	28769	36256	
6209	0	38692	28792	36248	
6210	0	38756	28796	36261	
6211	0	38840	28816	36244	
6212	0	38916	28788	36236	
6213	0	38988	28796	36260	
6214	0	39052	28800	36252	
6215	0	39129	28780	36256	
6216	0	39196	28781	36244	
6217	0	39264	28784	36256	
6218	0	39344	28776	36256	
6219	0	39408	28773	36260	
6220	0	39480	28792	36248	
6221	0	39540	28788	36228	
6222	0	39600	28796	36240	
6223	0	39664	28784	36276	
6224	0	39744	28792	36248	
6225	0	39800	28812	36260	
6226	0	39856	28796	36232	
6227	0	39924	28804	36229	
6228	0	39980	28800	36252	
6229	0	40040	28817	36228	
6230	0	40100	28800	36248	
6231	0	40160	28804	36236	
6232	0	40216	28788	36268	
6233	0	40272	28797	36265	
6234	0	40332	28817	36252	
6235	0	40384	28802	36256	
6236	0	40444	28800	36244	
6237	0	40500	28784	36272	
6238	0	40552	28761	36258	
6239	0	40604	28784	36224	
6240	0	40664	28788	36280	
6241	0	40713	28784	36236	
6242	0	40772	28796	36216	
6243	0	40813	28788	36224	
6244	0	40868	28785	36236	
6245	0	40920	28800	36220	
6246	0	40968	28800	36220	
6247	0	41016	28796	36216	
6248	0	41056	28809	36232	
6249	0	41100	28818	36216	
6250	0	41148	28808	36224	
6251	0	41192	28788	36216	
6252	0	41236	28784	36220	
6253	0	41280	28772	36260	
6254	0	41324	28780	36256	
6255	0	41360	28800	36236	
6256	0	41408	28792	36264	
6257	0	41448	28784	36232	
6258	0	41488	28784	36244	
6259	0	41524	28800	36228	
6260	0	41560	28793	36240	
6261	0	41600	28804	36224	
6262	0	41640	28784	36236	
6263	0	41672	28804	36224	
6264	0	41712	28820	36212	
6265	0	41748	28805	36222	
6266	0	41784	28801	36232	
6267	0	41816	28801	36236	
6268	0	41840	28788	36240	
6269	0	41872	28788	36224	
6270	0	41906	28788	36236	
6271	0	41940	28772	36220	
6272	0	41968	28788	36236	
6273	0	41996	28793	36232	
6274	0	42024	28800	36217	
6275	0	42048	28788	36217	
6276	0	42080	28788	36228	
6277	0	42104	28793	36204	
6278	0	42128	28788	36240	
6279	0	42148	28794	36216	
6280	0	42172	28800	36224	
6281	0	42192	28816	36232	
6282	0	42212	28804	36252	
6283	0	42236	28792	36240	
6284	0	42256	28772	36228	
6285	0	42272	28796	36232	
6286	0	42292	28792	36236	
6287	0	42308	28792	36236	
6288	0	42332	28788	36217	
6289	0	42340	28816	36212	
6290	0	42364	28796	36224	
6291	0	42376	28808	36212	
6292	0	42388	28820	36196	
6293	0	42400	28812	36208	
6294	0	42408	28784	36244	
6295	0	42420	28780	36248	
6296	0	42440	28756	36245	
6297	0	42448	28792	36220	
6298	0	42452	28784	36228	
6299	0	42460	28784	36244	
6300	0	42464	28784	36212	
6301	0	42472	28796	36220	
6302	0	42476	28792	36220	
6303	0	42484	28798	36244	
6304	0	42492	28785	36220	
6305	0	42492	28784	36248	
6306	0	42484	28804	36216	
6307	0	42496	28804	36240	
6308	0	42496	28805	36236	
6309	0	42492	28797	36212	
6310	0	42496	28800	36220	
6311	0	42488	28816	36212	
6312	0	42480	28805	36204	
6313	0	42472	28820	36176	
6314	0	42476	28816	36216	
6315	0	42464	28792	36232	
6316	0	42460	28808	36232	
6317	0	42456	28809	36241	
6318	0	42433	28792	36224	
6319	0	42432	28806	36228	
6320	0	42420	28800	36240	
6321	0	42404	28812	36240	
6322	0	42392	28792	36248	
6323	0	42368	28804	36245	
6324	0	42360	28800	36260	
6325	0	42348	28804	36238	
6326	0	42316	28776	36249	
6327	0	42296	28789	36256	
6328	0	42276	28782	36252	
6329	0	42264	28777	36253	
6330	0	42240	28797	36240	
6331	0	42208	28821	36232	
6332	0	42176	28816	36236	
6333	0	42160	28820	36224	
6334	0	42124	28789	36240	
6335	0	42096	28805	36260	
6336	0	42068	28808	36240	
6337	0	42032	28800	36216	
6338	0	42008	28813	36232	
6339	0	41964	28800	36228	
6340	0	41932	28800	36256	
6341	0	41904	28804	36244	
6342	0	41860	28804	36220	
6343	0	41824	28808	36236	
6344	0	41784	28788	36249	
6345	0	41742	28780	36232	
6346	0	41696	28776	36256	
6347	0	41652	28804	36224	
6348	0	41608	28780	36240	
6349	0	41572	28797	36240	
6350	0	41516	28800	36244	
6351	0	41472	28800	36237	
6352	0	41420	28797	36220	
6353	0	41376	28812	36220	
6354	0	41320	28804	36228	
6355	0	41276	28797	36236	
6356	0	41216	28788	36256	
6357	0	41160	28796	36232	
6358	0	41100	28808	36224	
6359	0	41044	28809	36214	
6360	0	40984	28792	36224	
6361	0	40928	28820	36214	
6362	0	40864	28808	36220	
6363	0	40804	28802	36253	
6364	0	40736	28778	36270	
6365	0	40680	28812	36249	
6366	0	40612	28805	36252	
6367	0	40544	28804	36232	
6368	0	40480	28792	36256	
6369	0	40416	28796	36240	
6370	0	40340	28776	36252	
6371	0	40268	28776	36232	
6372	0	40201	28796	36220	
6373	0	40128	28784	36244	
6374	0	40060	28776	36276	
6375	0	39992	28780	36256	
6376	0	39916	28797	36244	
6377	0	39844	28776	36264	
6378	0	39768	28788	36256	
6379	0	39696	28772	36236	
6380	0	39616	28792	36228	
6381	0	39538	28786	36245	
6382	0	39464	28788	36253	
6383	0	39380	28780	36217	
6384	0	39308	28800	36212	
6385	0	39224	28793	36196	
6386	0	39156	28780	36228	
6387	0	39072	28780	36236	
6388	0	39004	28786	36261	
6389	0	38928	28780	36272	
6390	0	38844	28770	36280	
6391	0	38756	28765	36288	
6392	0	38684	28772	36248	
6393	0	38604	28768	36260	
6394	0	38528	28780	36256	
6395	0	38440	28773	36288	
6396	0	38360	28769	36236	
6397	0	38288	28773	36272	
6398	0	38208	28764	36277	
6399	0	38124	28796	36248	
6400	0	38048	28796	36272	
6401	0	37976	28777	36268	
6402	0	37896	28788	36276	
6403	0	37816	28772	36264	
6404	0	37736	28784	36278	
6405	0	37656	28773	36252	
6406	0	37576	28781	36236	
6407	0	37504	28768	36246	
6408	0	37428	28776	36260	
6409	0	37348	28728	36229	
6410	0	37269	28744	36234	
6411	0	37188	28738	36240	
6412	0	37112	28749	36245	
6413	0	37034	28773	36244	
6414	0	36965	28765	36261	
6415	0	36888	28768	36260	
6416	0	36804	28740	36256	
6417	0	36728	28716	36268	
6418	0	36660	28732	36301	
6419	0	36580	28748	36276	
6420	0	36504	28736	36272	
6421	0	36428	28736	36268	
6422	0	36344	28712	36288	
6423	0	36280	28732	36284	
6424	0	36208	28725	36224	
6425	0	36132	28720	36244	
6426	0	36060	28704	36261	
6427	0	35980	28712	36244	
6428	0	35904	28744	36252	
6429	0	35844	28736	36276	
6430	0	35762	28725	36260	
6431	0	35696	28708	36264	
6432	0	35620	28708	36256	
6433	0	35540	28692	36280	
6434	0	35472	28697	36244	
6435	0	35400	28700	36256	
6436	0	35324	28674	36260	
6437	0	35248	28685	36240	
6438	0	35180	28692	36280	
6439	0	35112	28692	36272	
6440	0	35040	28712	36256	
6441	0	34960	28684	36288	
6442	0	34892	28688	36296	
6443	0	34820	28676	36305	
6444	0	34756	28640	36296	
6445	0	34680	28628	36264	
6446	0	34608	28624	36292	
6447	0	34536	28618	36284	
6448	0	34464	28612	36296	
6449	0	34388	28596	36304	
6450	0	34320	28592	36300	
6451	0	34244	28580	36308	
6452	0	34169	28598	36264	
6453	0	34092	28608	36284	
6454	0	34024	28608	36296	
6455	0	33956	28604	36316	
6456	0	33876	28604	36320	
6457	0	33808	28604	36300	
6458	0	33740	28572	36312	
6459	0	33656	28572	36273	
6460	0	33588	28572	36296	
6461	0	33512	28564	36268	
6462	0	33440	28549	36260	
6463	0	33361	28526	36236	
6464	0	33288	28548	36204	
6465	0	33216	28520	36208	
6466	0	33142	28584	36228	
6467	0	33068	28585	36224	
6468	0	32992	28577	36204	
6469	0	32912	28576	36212	
6470	0	32840	28600	36240	
6471	0	32768	28596	36256	
6472	0	32692	28577	36288	
6473	0	32613	28569	36252	
6474	0	32536	28560	36260	
6475	0	32464	28556	36256	
6476	0	32392	28536	36256	
6477	0	32316	28545	36248	
6478	0	32240	28512	36252	
6479	0	32168	28536	36256	
6480	0	32088	28528	36244	
6481	0	32016	28525	36248	
6482	0	31940	28530	36268	
6483	0	31864	28508	36284	
6484	0	31789	28540	36256	
6485	0	31716	28528	36272	
6486	0	31644	28525	36252	
6487	0	31568	28524	36232	
6488	0	31497	28516	36248	
6489	0	31424	28524	36256	
6490	0	31350	28513	36228	
6491	0	31272	28528	36252	
6492	0	31204	28500	36240	
6493	0	31132	28516	36256	
6494	0	31064	28512	36248	
6495	0	30984	28493	36224	
6496	0	30912	28516	36244	
6497	0	30848	28520	36220	
6498	0	30780	28532	36260	
6499	0	30708	28532	36268	
6500	0	30636	28532	36254	
6501	0	30568	28538	36244	
6502	0	30501	28536	36257	
6503	0	30428	28516	36246	
6504	0	30364	28545	36252	
6505	0	30304	28540	36272	
6506	0	30232	28544	36236	
6507	0	30170	28572	36252	
6508	0	30101	28574	36248	
6509	0	30040	28564	36230	
6510	0	29977	28540	36240	
6511	0	29913	28544	36228	
6512	0	29852	28550	36244	
6513	0	29788	28564	36228	
6514	0	29728	28548	36260	
6515	0	29665	28616	36228	
6516	0	29605	28592	36229	
6517	0	29548	28608	36228	
6518	0	29488	28589	36232	
6519	0	29436	28618	36228	
6520	0	29372	28581	36241	
6521	0	29321	28588	36228	
6522	0	29260	28622	36236	
6523	0	29210	28610	36232	
6524	0	29152	28632	36228	
6525	0	29096	28648	36240	
6526	0	29044	28660	36220	
6527	0	28996	28648	36248	
6528	0	28940	28640	36244	
6529	0	28892	28621	36236	
6530	0	28829	28628	36232	
6531	0	28788	28621	36256	
6532	0	28736	28644	36240	
6533	0	28688	28624	36225	
6534	0	28634	28652	36232	
6535	0	28588	28652	36240	
6536	0	28540	28668	36222	
6537	0	28493	28676	36244	
6538	0	28440	28652	36244	
6539	0	28397	28668	36232	
6540	0	28352	28664	36236	
6541	0	28308	28672	36256	
6542	0	28260	28697	36240	
6543	0	28218	28656	36204	
6544	0	28176	28670	36224	
6545	0	28128	28700	36236	
6546	0	28080	28733	36238	
6547	0	28041	28752	36256	
6548	0	28005	28749	36236	
6549	0	27956	28741	36228	
6550	0	27920	28740	36232	
6551	0	27884	28736	36248	
6552	0	27836	28713	36224	
6553	0	27792	28717	36248	
6554	0	27756	28732	36248	
6555	0	27712	28736	36238	
6556	0	27680	28736	36252	
6557	0	27644	28782	36232	
6558	0	27604	28756	36244	
6559	0	27564	28740	36236	
6560	0	27528	28764	36264	
6561	0	27492	28756	36281	
6562	0	27452	28776	36244	
6563	0	27416	28764	36236	
6564	0	27392	28760	36252	
6565	0	27348	28777	36284	
6566	0	27316	28768	36244	
6567	0	27280	28749	36284	
6568	0	27252	28756	36288	
6569	0	27216	28773	36264	
6570	0	27184	28756	36260	
6571	0	27148	28744	36293	
6572	0	27116	28784	36260	
6573	0	27088	28784	36276	
6574	0	27045	28796	36276	
6575	0	27024	28817	36276	
6576	0	26992	28780	36260	
6577	0	26964	28776	36264	
6578	0	26928	28800	36268	
6579	0	26908	28796	36276	
6580	0	26872	28792	36248	
6581	0	26840	28813	36256	
6582	0	26809	28768	36252	
6583	0	26781	28804	36220	
6584	0	26749	28784	36216	
6585	0	26728	28792	36220	
6586	0	26700	28788	36204	
6587	0	26672	28797	36240	
6588	0	26644	28812	36228	
6589	0	26616	28852	36232	
6590	0	26592	28852	36205	
6591	0	26560	28868	36216	
6592	0	26541	28881	36224	
6593	0	26508	28874	36236	
6594	0	26480	28840	36252	
6595	0	26460	28836	36261	
6596	0	26436	28816	36272	
6597	0	26409	28821	36257	
6598	0	26384	28849	36272	
6599	0	26353	28845	36244	
6600	0	26329	28828	36252	
6601	0	26304	28824	36261	
6602	0	26282	28832	36224	
6603	0	26261	28840	36248	
6604	0	26244	28804	36269	
6605	0	26212	28832	36252	
6606	0	26196	28825	36260	
6607	0	26172	28858	36248	
6608	0	26148	28824	36248	
6609	0	26130	28853	36256	
6610	0	26112	28880	36228	
6611	0	26084	28900	36220	
6612	0	26076	28856	36236	
6613	0	26052	28864	36240	
6614	0	26028	28876	36244	
6615	0	26016	28876	36240	
6616	0	25996	28857	36260	
6617	0	25978	28856	36268	
6618	0	25964	28852	36264	
6619	0	25940	28844	36268	
6620	0	25920	28864	36232	
6621	0	25916	28840	36248	
6622	0	25896	28837	36237	
6623	0	25884	28866	36260	
6624	0	25865	28868	36276	
6625	0	25854	28828	36284	
6626	0	25844	28865	36276	
6627	0	25824	28868	36269	
6628	0	25816	28881	36272	
6629	0	25808	28860	36264	
6630	0	25792	28864	36276	
6631	0	25786	28848	36260	
6632	0	25770	28870	36232	
6633	0	25760	28864	36288	
6634	0	25752	28860	36252	
6635	0	25748	28856	36257	
6636	0	25740	28852	36240	
6637	0	25738	28864	36256	
6638	0	25728	28860	36244	
6639	0	25724	28841	36256	
6640	0	25710	28848	36288	
6641	0	25712	28836	36280	
6642	0	25708	28836	36292	
6643	0	25704	28874	36281	
6644	0	25704	28864	36252	
6645	0	25696	28876	36248	
6646	0	25696	28853	36256	
6647	0	25690	28848	36284	
6648	0	25688	28840	36276	
6649	0	25696	28848	36260	
6650	0	25692	28836	36272	
6651	0	25696	28858	36268	
6652	0	25696	28860	36248	
6653	0	25697	28856	36244	
6654	0	25700	28872	36240	
6655	0	25704	28872	36276	
6656	0	25706	28848	36276	
6657	0	25708	28845	36288	
6658	0	25720	28848	36276	
6659	0	25720	28824	36292	
6660	0	25728	28856	36260	
6661	0	25728	28888	36257	
6662	0	25733	28858	36256	
6663	0	25744	28852	36264	
6664	0	25752	28828	36256	
6665	0	25760	28828	36256	
6666	0	25772	28848	36269	
6667	0	25780	28812	36260	
6668	0	25790	28856	36260	
6669	0	25792	28864	36260	
6670	0	25804	28878	36244	
6671	0	25812	28864	36228	
6672	0	25828	28880	36256	
6673	0	25840	28858	36256	
6674	0	25852	28873	36236	
6675	0	25864	28874	36256	
6676	0	25884	28888	36244	
6677	0	25890	28892	36240	
6678	0	25901	28868	36244	
6679	0	25920	28881	36256	
6680	0	25929	28881	36268	
6681	0	25944	28844	36280	
6682	0	25956	28864	36288	
6683	0	25968	28848	36284	
6684	0	25988	28865	36260	
6685	0	26000	28832	36282	
6686	0	26024	28836	36288	
6687	0	26040	28844	36268	
6688	0	26052	28844	36260	
6689	0	26072	28828	36272	
6690	0	26086	28852	36277	
6691	0	26103	28853	36258	
6692	0	26128	28816	36232	
6693	0	26148	28844	36252	
6694	0	26168	28812	36224	
6695	0	26176	28860	36234	
6696	0	26202	28854	36252	
6697	0	26224	28852	36228	
6698	0	26244	28836	36236	
6699	0	26268	28856	36240	
6700	0	26288	28832	36248	
6701	0	26312	28840	36244	
6702	0	26336	28848	36225	
6703	0	26357	28832	36248	
6704	0	26384	28836	36228	
6705	0	26408	28852	36224	
6706	0	26434	28852	36260	
6707	0	26458	28844	36260	
6708	0	26480	28840	36244	
6709	0	26513	28820	36240	
6710	0	26540	28836	36252	
6711	0	26562	28840	36260	
6712	0	26596	28856	36272	
6713	0	26632	28789	36272	
6714	0	26657	28804	36264	
6715	0	26689	28788	36252	
6716	0	26720	28820	36288	
6717	0	26752	28824	36244	
6718	0	26781	28793	36252	
6719	0	26809	28788	36261	
6720	0	26856	28802	36240	
6721	0	26896	28805	36248	
6722	0	26920	28797	36252	
6723	0	26964	28816	36248	
6724	0	27000	28809	36272	
6725	0	27036	28812	36256	
6726	0	27080	28801	36260	
6727	0	27112	28808	36236	
6728	0	27160	28776	36237	
6729	0	27200	28784	36236	
6730	0	27244	28784	36228	
6731	0	27285	28784	36224	
6732	0	27332	28792	36244	
6733	0	27376	28756	36257	
6734	0	27420	28752	36270	
6735	0	27469	28768	36256	
6736	0	27516	28760	36248	
6737	0	27561	28760	36284	
6738	0	27616	28774	36268	
6739	0	27664	28720	36296	
6740	0	27716	28720	36260	
6741	0	27769	28744	36244	
6742	0	27820	28728	36254	
6743	0	27888	28724	36248	
6744	0	27936	28732	36260	
6745	0	27989	28720	36268	
6746	0	28048	28746	36236	
6747	0	28108	28730	36260	
6748	0	28168	28708	36264	
6749	0	28232	28672	36260	
6750	0	28288	28692	36260	
6751	0	28352	28665	36264	
6752	0	28416	28692	36268	
6753	0	28472	28672	36256	
6754	0	28544	28700	36252	
6755	0	28612	28665	36280	
6756	0	28672	28648	36257	
6757	0	28740	28652	36260	
6758	0	28821	28640	36260	
6759	0	28888	28652	36256	
6760	0	28948	28624	36244	
6761	0	29029	28656	36260	
6762	0	29100	28628	36264	
6763	0	29176	28640	36260	
6764	0	29248	28600	36268	
6765	0	29330	28624	36264	
6766	0	29400	28616	36240	
6767	0	29476	28621	36260	
6768	0	29548	28580	36249	
6769	0	29632	28596	36256	
6770	0	29708	28566	36256	
6771	0	29792	28569	36248	
6772	0	29876	28564	36245	
6773	0	29952	28568	36240	
6774	0	30030	28565	36232	
6775	0	30120	28564	36232	
6776	0	30192	28545	36252	
6777	0	30284	28540	36260	
6778	0	30360	28536	36273	
6779	0	30441	28537	36253	
6780	0	30528	28536	36256	
6781	0	30596	28500	36260	
6782	0	30696	28516	36265	
6783	0	30780	28497	36252	
6784	0	30860	28496	36256	
6785	0	30944	28490	36240	
6786	0	31036	28496	36264	
6787	0	31116	28500	36280	
6788	0	31204	28496	36269	
6789	0	31288	28496	36260	
6790	0	31364	28496	36280	
6791	0	31456	28496	36264	
6792	0	31540	28504	36260	
6793	0	31620	28512	36240	
6794	0	31712	28506	36256	
6795	0	31796	28516	36252	
6796	0	31884	28524	36248	
6797	0	31960	28521	36256	
6798	0	32050	28528	36256	
6799	0	32128	28536	36252	
6800	0	32204	28536	36252	
6801	0	32300	28540	36256	
6802	0	32372	28548	36228	
6803	0	32464	28544	36248	
6804	0	32536	28542	36248	
6805	0	32620	28528	36276	
6806	0	32712	28548	36264	
6807	0	32800	28568	36260	
6808	0	32864	28568	36268	
6809	0	32952	28580	36260	
6810	0	33036	28572	36244	
6811	0	33116	28592	36244	
6812	0	33200	28533	36260	
6813	0	33268	28548	36248	
6814	0	33360	28552	36256	
6815	0	33436	28576	36250	
6816	0	33516	28552	36268	
6817	0	33592	28564	36244	
6818	0	33676	28573	36252	
6819	0	33752	28556	36252	
6820	0	33833	28584	36260	
6821	0	33908	28600	36244	
6822	0	33984	28592	36240	
6823	0	34064	28600	36270	
6824	0	34144	28612	36232	
6825	0	34221	28598	36252	
6826	0	34292	28609	36248	
6827	0	34368	28628	36244	
6828	0	34452	28640	36256	
6829	0	34524	28632	36240	
6830	0	34592	28608	36280	
6831	0	34672	28628	36224	
6832	0	34748	28632	36252	
6833	0	34820	28641	36268	
6834	0	34900	28660	36244	
6835	0	34976	28660	36256	
6836	0	35045	28653	36274	
6837	0	35116	28648	36268	
6838	0	35180	28636	36280	
6839	0	35269	28648	36260	
6840	0	35328	28664	36260	
6841	0	35412	28668	36252	
6842	0	35492	28664	36260	
6843	0	35556	28684	36264	
6844	0	35620	28677	36252	
6845	0	35688	28680	36272	
6846	0	35766	28676	36244	
6847	0	35836	28680	36256	
6848	0	35904	28716	36248	
6849	0	35968	28704	36244	
6850	0	36040	28697	36232	
6851	0	36108	28712	36260	
6852	0	36177	28716	36244	
6853	0	36236	28716	36260	
6854	0	36312	28737	36268	
6855	0	36376	28728	36280	
6856	0	36432	28728	36248	
6857	0	36508	28732	36241	
6858	0	36576	28731	36224	
6859	0	36632	28740	36221	
6860	0	36692	28742	36248	
6861	0	36768	28756	36256	
6862	0	36816	28725	36248	
6863	0	36893	28752	36256	
6864	0	36944	28760	36256	
6865	0	37008	28732	36284	
6866	0	37064	28742	36269	
6867	0	37125	28728	36268	
6868	0	37192	28757	36244	
6869	0	37248	28740	36248	
6870	0	37312	28744	36280	
6871	0	37361	28730	36264	
6872	0	37420	28752	36276	
6873	0	37481	28759	36260	
6874	0	37536	28752	36260	
6875	0	37596	28761	36234	
6876	0	37652	28757	36236	
6877	0	37696	28761	36242	
6878	0	37760	28784	36244	
6879	0	37816	28768	36260	
6880	0	37864	28777	36232	
6881	0	37916	28780	36224	
6882	0	37972	28792	36256	
6883	0	38016	28796	36268	
6884	0	38076	28773	36268	
6885	0	38120	28768	36260	
6886	0	38164	28770	36276	
6887	0	38220	28761	36272	
6888	0	38272	28752	36257	
6889	0	38312	28760	36280	
6890	0	38364	28774	36256	
6891	0	38404	28764	36256	
6892	0	38444	28777	36250	
6893	0	38496	28769	36272	
6894	0	38536	28788	36272	
6895	0	38584	28772	36253	
6896	0	38624	28776	36240	
6897	0	38672	28774	36236	
6898	0	38716	28780	36265	
6899	0	38756	28805	36248	
6900	0	38796	28816	36248	
6901	0	38828	28794	36232	
6902	0	38860	28784	36245	
6903	0	38908	28772	36284	
6904	0	38952	28760	36280	
6905	0	38984	28760	36268	
6906	0	39016	28788	36256	
6907	0	39056	28772	36269	
6908	0	39092	28779	36268	
6909	0	39120	28767	36269	
6910	0	39164	28760	36272	
6911	0	39192	28768	36268	
6912	0	39228	28774	36244	
6913	0	39260	28776	36280	
6914	0	39284	28780	36260	
6915	0	39316	28788	36264	
6916	0	39352	28776	36256	
6917	0	39372	28788	36248	
6918	0	39404	28797	36256	
6919	0	39432	28800	36280	
6920	0	39464	28822	36256	
6921	0	39488	28796	36248	
6922	0	39516	28804	36256	
6923	0	39544	28801	36224	
6924	0	39576	28804	36248	
6925	0	39596	28803	36260	
6926	0	39616	28784	36284	
6927	0	39644	28796	36268	
6928	0	39668	28796	36261	
6929	0	39688	28788	36273	
6930	0	39712	28784	36280	
6931	0	39736	28780	36272	
6932	0	39762	28784	36288	
6933	0	39776	28804	36228	
6934	0	39800	28792	36256	
6935	0	39812	28773	36260	
6936	0	39836	28784	36252	
6937	0	39852	28789	36260	
6938	0	39872	28792	36237	
6939	0	39889	28805	36252	
6940	0	39909	28800	36240	
6941	0	39920	28804	36260	
6942	0	39944	28800	36253	
6943	0	39957	28797	36248	
6944	0	39976	28800	36253	
6945	0	39992	28800	36284	
6946	0	40008	28812	36244	
6947	0	40024	28821	36253	
6948	0	40032	28804	36253	
6949	0	40045	28804	36252	
6950	0	40060	28817	36264	
6951	0	40068	28802	36268	
6952	0	40088	28760	36288	
6953	0	40096	28772	36276	
6954	0	40108	28800	36288	
6955	0	40120	28784	36264	
6956	0	40132	28784	36269	
6957	0	40148	28796	36270	
6958	0	40152	28777	36280	
6959	0	40168	28804	36272	
6960	0	40172	28801	36273	
6961	0	40176	28804	36260	
6962	0	40192	28792	36264	
6963	0	40196	28797	36261	
6964	0	40204	28804	36252	
6965	0	40208	28804	36252	
6966	0	40220	28793	36248	
6967	0	40232	28780	36269	
6968	0	40240	28776	36257	
6969	0	40248	28800	36256	
6970	0	40252	28813	36268	
6971	0	40256	28777	36272	
6972	0	40264	28804	36256	
6973	0	40260	28794	36244	
6974	0	40284	28800	36272	
6975	0	40276	28792	36268	
6976	0	40280	28796	36248	
6977	0	40288	28796	36238	
6978	0	40296	28804	36248	
6979	0	40304	28796	36244	
6980	0	40300	28800	36276	
6981	0	40301	28804	36248	
6982	0	40308	28812	36236	
6983	0	40308	28785	36244	
6984	0	40312	28788	36236	
6985	0	40308	28797	36264	
6986	0	40308	28804	36241	
6987	0	40316	28800	36245	
6988	0	40304	28816	36260	
6989	0	40304	28801	36225	
6990	0	40308	28776	36296	
6991	0	40310	28828	36264	
6992	0	40304	28820	36261	
6993	0	40328	28788	36240	
6994	0	40292	28796	36276	
6995	0	40300	28793	36268	
6996	0	40292	28792	36237	
6997	0	40288	28801	36252	
6998	0	40272	28800	36248	
6999	0	40276	28804	36252	
7000	0	40264	28793	36268	
7001	0	40260	28793	36265	
7002	0	40244	28788	36272	
7003	0	40233	28785	36272	
7004	0	40232	28792	36264	
7005	0	40220	28792	36272	
7006	0	40214	28776	36264	
7007	0	40200	28780	36264	
7008	0	40192	28788	36260	
7009	0	40176	28832	36224	
7010	0	40164	28792	36244	
7011	0	40144	28800	36216	
7012	0	40129	28800	36240	
7013	0	40116	28800	36226	
7014	0	40104	28792	36244	
7015	0	40081	28800	36228	
7016	0	40068	28810	36228	
7017	0	40048	28813	36236	
7018	0	40036	28797	36260	
7019	0	40012	28788	36260	
7020	0	39992	28800	36236	
7021	0	39968	28800	36260	
7022	0	39944	28796	36260	
7023	0	39928	28776	36252	
7024	0	39900	28773	36256	
7025	0	39888	28772	36272	
7026	0	39860	28772	36276	
7027	0	39841	28768	36260	
7028	0	39816	28776	36260	
7029	0	39785	28790	36272	
7030	0	39764	28797	36264	
7031	0	39744	28792	36268	
7032	0	39712	28800	36252	
7033	0	39681	28792	36272	
7034	0	39664	28784	36272	
7035	0	39616	28769	36264	
7036	0	39608	28792	36256	
7037	0	39580	28784	36256	
7038	0	39548	28784	36252	
7039	0	39516	28812	36208	
7040	0	39488	28808	36236	
7041	0	39460	28804	36244	
7042	0	39436	28792	36261	
7043	0	39397	28800	36232	
7044	0	39364	28770	36265	
7045	0	39340	28772	36272	
7046	0	39304	28796	36232	
7047	0	39272	28812	36208	
7048	0	39240	28812	36264	
7049	0	39208	28784	36248	
7050	0	39176	28784	36253	
7051	0	39149	28785	36232	
7052	0	39120	28784	36244	
7053	0	39088	28780	36260	
7054	0	39040	28800	36236	
7055	0	39012	28768	36269	
7056	0	38984	28768	36249	
7057	0	38944	28790	36244	
7058	0	38912	28756	36269	
7059	0	38872	28773	36268	
7060	0	38840	28776	36280	
7061	0	38808	28752	36276	
7062	0	38768	28768	36256	
7063	0	38728	28760	36261	
7064	0	38700	28784	36284	
7065	0	38660	28780	36276	
7066	0	38624	28780	36276	
7067	0	38592	28772	36260	
7068	0	38548	28764	36249	
7069	0	38516	28788	36274	
7070	0	38480	28780	36264	
7071	0	38444	28761	36261	
7072	0	38408	28784	36264	
7073	0	38372	28760	36248	
7074	0	38332	28748	36248	
7075	0	38300	28764	36268	
7076	0	38256	28764	36278	
7077	0	38216	28776	36249	
7078	0	38180	28776	36253	
7079	0	38144	28788	36232	
7080	0	38104	28789	36224	
7081	0	38068	28788	36237	
7082	0	38032	28776	36252	
7083	0	37996	28792	36256	
7084	0	37952	28769	36240	
7085	0	37916	28782	36236	
7086	0	37880	28764	36269	
7087	0	37840	28748	36245	
7088	0	37804	28744	36264	
7089	0	37760	28752	36268	
7090	0	37724	28748	36277	
7091	0	37688	28752	36263	
7092	0	37640	28756	36232	
7093	0	37600	28752	36292	
7094	0	37560	28752	36256	
7095	0	37524	28760	36240	
7096	0	37485	28752	36248	
7097	0	37440	28760	36276	
7098	0	37400	28736	36280	
7099	0	37368	28740	36276	
7100	0	37324	28746	36280	
7101	0	37276	28756	36268	
7102	0	37236	28744	36256	
7103	0	37192	28752	36252	
7104	0	37156	28736	36260	
7105	0	37112	28732	36264	
7106	0	37072	28741	36272	
7107	0	37024	28736	36256	
7108	0	36988	28748	36273	
7109	0	36940	28736	36270	
7110	0	36892	28748	36240	
7111	0	36852	28730	36260	
7112	0	36808	28728	36256	
7113	0	36768	28720	36260	
7114	0	36728	28736	36260	
7115	0	36688	28720	36264	
7116	0	36644	28738	36268	
7117	0	36592	28736	36252	
7118	0	36552	28730	36236	
7119	0	36508	28724	36240	
7120	0	36457	28722	36244	
7121	0	36420	28728	36260	
7122	0	36376	28716	36240	
7123	0	36325	28708	36256	
7124	0	36284	28732	36248	
7125	0	36240	28726	36224	
7126	0	36200	28708	36232	
7127	0	36160	28713	36264	
7128	0	36108	28724	36245	
7129	0	36064	28716	36240	
7130	0	36024	28716	36255	
7131	0	35988	28705	36252	
7132	0	35937	28688	36260	
7133	0	35904	28696	36265	
7134	0	35849	28710	36256	
7135	0	35812	28680	36272	
7136	0	35762	28682	36256	
7137	0	35728	28700	36256	
7138	0	35680	28672	36252	
7139	0	35644	28692	36256	
7140	0	35592	28662	36248	
7141	0	35552	28676	36244	
7142	0	35508	28681	36244	
7143	0	35468	28688	36257	
7144	0	35428	28700	36256	
7145	0	35388	28672	36252	
7146	0	35340	28696	36249	
7147	0	35304	28672	36280	
7148	0	35256	28648	36256	
7149	0	35213	28653	36252	
7150	0	35168	28668	36260	
7151	0	35128	28648	36256	
7152	0	35088	28660	36248	
7153	0	35040	28680	36246	
7154	0	35004	28652	36253	
7155	0	34952	28656	36256	
7156	0	34912	28644	36260	
7157	0	34872	28656	36246	
7158	0	34832	28657	36256	
7159	0	34784	28624	36264	
7160	0	34748	28624	36276	
7161	0	34698	28636	36252	
7162	0	34660	28626	36244	
7163	0	34624	28644	36256	
7164	0	34580	28636	36256	
7165	0	34536	28640	36264	
7166	0	34492	28612	36260	
7167	0	34440	28608	36244	
7168	0	34404	28616	36280	
7169	0	34356	28617	36248	
7170	0	34320	28600	36260	
7171	0	34268	28600	36256	
7172	0	34236	28592	36256	
7173	0	34185	28584	36232	
7174	0	34141	28584	36264	
7175	0	34100	28588	36236	
7176	0	34060	28585	36254	
7177	0	34012	28600	36264	
7178	0	33968	28596	36260	
7179	0	33924	28592	36260	
7180	0	33888	28604	36260	
7181	0	33840	28592	36249	
7182	0	33796	28602	36244	
7183	0	33760	28570	36228	
7184	0	33708	28580	36272	
7185	0	33657	28576	36257	
7186	0	33616	28565	36268	
7187	0	33572	28572	36252	
7188	0	33528	28548	36276	
7189	0	33488	28573	36240	
7190	0	33440	28572	36245	
7191	0	33388	28548	36268	
7192	0	33356	28532	36260	
7193	0	33292	28540	36268	
7194	0	33253	28537	36260	
7195	0	33204	28524	36241	
7196	0	33160	28572	36220	
7197	0	33116	28564	36268	
7198	0	33068	28564	36236	
7199	0	33028	28580	36236	
7200	0	32980	28568	36256	
7201	0	32940	28557	36272	
7202	0	32884	28564	36260	
7203	0	32836	28553	36244	
7204	0	32788	28572	36257	
7205	0	32740	28565	36244	
7206	0	32696	28526	36268	
7207	0	32648	28528	36236	
7208	0	32600	28542	36256	
7209	0	32552	28540	36240	
7210	0	32512	28524	36256	
7211	0	32456	28557	36256	
7212	0	32408	28556	36248	
7213	0	32356	28544	36260	
7214	0	32313	28548	36264	
7215	0	32264	28537	36264	
7216	0	32212	28512	36260	
7217	0	32164	28524	36260	
7218	0	32112	28512	36252	
7219	0	32068	28520	36272	
7220	0	32016	28516	36256	
7221	0	31974	28516	36276	
7222	0	31920	28512	36248	
7223	0	31876	28524	36232	
7224	0	31828	28508	36236	
7225	0	31780	28536	36240	
7226	0	31736	28512	36252	
7227	0	31682	28501	36236	
7228	0	31636	28512	36264	
7229	0	31588	28496	36256	
7230	0	31538	28504	36261	
7231	0	31492	28490	36252	
7232	0	31440	28504	36271	
7233	0	31392	28508	36244	
7234	0	31346	28492	36236	
7235	0	31296	28498	36260	
7236	0	31252	28512	36244	
7237	0	31212	28524	36248	
7238	0	31160	28530	36253	
7239	0	31120	28516	36256	
7240	0	31064	28520	36252	
7241	0	31020	28532	36248	
7242	0	30969	28521	36276	
7243	0	30920	28516	36276	
7244	0	30880	28513	36268	
7245	0	30836	28500	36260	
7246	0	30784	28512	36269	
7247	0	30740	28500	36260	
7248	0	30696	28516	36248	
7249	0	30648	28512	36272	
7250	0	30608	28485	36280	
7251	0	30556	28524	36272	
7252	0	30512	28524	36257	
7253	0	30472	28525	36260	
7254	0	30420	28534	36256	
7255	0	30380	28516	36260	
7256	0	30332	28516	36249	
7257	0	30288	28540	36252	
7258	0	30244	28534	36252	
7259	0	30201	28576	36236	
7260	0	30152	28564	36244	
7261	0	30112	28557	36248	
7262	0	30061	28536	36268	
7263	0	30012	28561	36253	
7264	0	29970	28548	36276	
7265	0	29925	28548	36260	
7266	0	29884	28573	36240	
7267	0	29840	28564	36244	
7268	0	29801	28576	36252	
7269	0	29756	28568	36236	
7270	0	29708	28548	36260	
7271	0	29664	28577	36240	
7272	0	29620	28580	36249	
7273	0	29576	28600	36248	
7274	0	29528	28594	36256	
7275	0	29488	28608	36232	
7276	0	29442	28596	36240	
7277	0	29396	28596	36256	
7278	0	29352	28596	36252	
7279	0	29312	28581	36232	
7280	0	29273	28604	36240	
7281	0	29236	28588	36272	
7282	0	29188	28588	36268	
7283	0	29141	28604	36260	
7284	0	29100	28608	36240	
7285	0	29060	28632	36252	
7286	0	29016	28640	36253	
7287	0	28972	28636	36240	
7288	0	28925	28628	36236	
7289	0	28892	28636	36236	
7290	0	28844	28640	36220	
7291	0	28796	28653	36256	
7292	0	28764	28616	36249	
7293	0	28720	28628	36236	
7294	0	28684	28621	36248	
7295	0	28633	28673	36268	
7296	0	28592	28664	36252	
7297	0	28556	28688	36273	
7298	0	28516	28682	36252	
7299	0	28476	28653	36268	
7300	0	28440	28654	36248	
7301	0	28392	28636	36249	
7302	0	28362	28640	36248	
7303	0	28320	28656	36256	
7304	0	28284	28656	36260	
7305	0	28244	28649	36268	
7306	0	28208	28657	36248	
7307	0	28165	28672	36256	
7308	0	28129	28688	36276	
7309	0	28088	28704	36268	
7310	0	28056	28696	36268	
7311	0	28016	28708	36244	
7312	0	27976	28720	36240	
7313	0	27940	28713	36248	
7314	0	27908	28736	36248	
7315	0	27870	28704	36260	
7316	0	27832	28724	36252	
7317	0	27794	28720	36260	
7318	0	27756	28722	36276	
7319	0	27720	28724	36268	
7320	0	27688	28724	36274	
7321	0	27648	28728	36260	
7322	0	27612	28748	36292	
7323	0	27574	28764	36269	
7324	0	27544	28741	36264	
7325	0	27505	28733	36276	
7326	0	27476	28736	36260	
7327	0	27432	28748	36268	
7328	0	27404	28770	36248	
7329	0	27372	28756	36248	
7330	0	27340	28780	36248	
7331	0	27312	28788	36225	
7332	0	27272	28768	36228	
7333	0	27236	28761	36228	
7334	0	27204	28768	36248	
7335	0	27177	28748	36265	
7336	0	27140	28768	36252	
7337	0	27116	28793	36268	
7338	0	27080	28796	36240	
7339	0	27049	28789	36276	
7340	0	27020	28784	36269	
7341	0	26990	28794	36260	
7342	0	26952	28800	36253	
7343	0	26928	28773	36268	
7344	0	26908	28788	36236	
7345	0	26868	28772	36249	
7346	0	26842	28756	36248	
7347	0	26820	28760	36244	
7348	0	26788	28761	36252	
7349	0	26762	28792	36260	
7350	0	26733	28824	36224	
7351	0	26712	28785	36244	
7352	0	26688	28804	36212	
7353	0	26656	28776	36236	
7354	0	26638	28784	36252	
7355	0	26608	28792	36244	
7356	0	26588	28804	36236	
7357	0	26556	28814	36216	
7358	0	26548	28820	36244	
7359	0	26522	28808	36248	
7360	0	26496	28832	36224	
7361	0	26473	28817	36248	
7362	0	26456	28824	36233	
7363	0	26432	28804	36252	
7364	0	26418	28824	36256	
7365	0	26396	28841	36248	
7366	0	26374	28814	36252	
7367	0	26368	28796	36272	
7368	0	26344	28829	36236	
7369	0	26320	28832	36237	
7370	0	26300	28856	36229	
7371	0	26292	28828	36249	
7372	0	26270	28800	36260	
7373	0	26264	28816	36233	
7374	0	26244	28806	36232	
7375	0	26232	28812	36256	
7376	0	26216	28816	36248	
7377	0	26207	28812	36256	
7378	0	26196	28804	36240	
7379	0	26180	28789	36244	
7380	0	26176	28824	36224	
7381	0	26160	28812	36252	
7382	0	26145	28817	36252	
7383	0	26140	28800	36244	
7384	0	26128	28812	36248	
7385	0	26120	28800	36240	
7386	0	26113	28804	36244	
7387	0	26109	28820	36256	
7388	0	26100	28820	36256	
7389	0	26090	28836	36256	
7390	0	26084	28828	36268	
7391	0	26076	28832	36212	
7392	0	26068	28836	36241	
7393	0	26068	28824	36240	
7394	0	26064	28800	36260	
7395	0	26056	28812	36244	
7396	0	26052	28824	36256	
7397	0	26048	28834	36244	
7398	0	26048	28832	36244	
7399	0	26048	28856	36237	
7400	0	26040	28836	36256	
7401	0	26040	28840	36252	
7402	0	26040	28852	36244	
7403	0	26040	28829	36256	
7404	0	26036	28840	36248	
7405	0	26036	28812	36248	
7406	0	26040	28824	36244	
7407	0	26038	28821	36236	
7408	0	26036	28813	36256	
7409	0	26048	28833	36253	
7410	0	26036	28789	36264	
7411	0	26040	28800	36237	
7412	0	26038	28802	36228	
7413	0	26044	28832	36248	
7414	0	26045	28808	36242	
7415	0	26052	28824	36232	
7416	0	26052	28820	36228	
7417	0	26048	28792	36244	
7418	0	26060	28820	36240	
7419	0	26068	28805	36232	
7420	0	26064	28828	36233	
7421	0	26068	28808	36264	
7422	0	26068	28824	36244	
7423	0	26069	28824	36248	
7424	0	26084	28832	36264	
7425	0	26084	28829	36220	
7426	0	26089	28824	36237	
7427	0	26092	28828	36228	
7428	0	26104	28821	36232	
7429	0	26108	28808	36228	
7430	0	26112	28808	36234	
7431	0	26121	28800	36232	
7432	0	26116	28812	36264	
7433	0	26132	28820	36232	
7434	0	26132	28820	36244	
7435	0	26140	28808	36236	
7436	0	26144	28780	36240	
7437	0	26148	28796	36244	
7438	0	26156	28756	36252	
7439	0	26160	28796	36256	
7440	0	26168	28820	36240	
7441	0	26173	28785	36232	
7442	0	26176	28808	36224	
7443	0	26186	28788	36237	
7444	0	26188	28825	36224	
7445	0	26188	28793	36232	
7446	0	26205	28802	36232	
7447	0	26208	28812	36224	
7448	0	26213	28804	36248	
7449	0	26216	28816	36209	
7450	0	26228	28797	36229	
7451	0	26232	28793	36244	
7452	0	26236	28780	36233	
7453	0	26246	28777	36252	
7454	0	26256	28796	36244	
7455	0	26256	28800	36228	
7456	0	26268	28801	36228	
7457	0	26277	28784	36240	
7458	0	26284	28800	36225	
7459	0	26292	28800	36236	
7460	0	26300	28792	36240	
7461	0	26312	28797	36236	
7462	0	26312	28796	36256	
7463	0	26336	28796	36228	
7464	0	26340	28804	36228	
7465	0	26345	28786	36228	
7466	0	26362	28802	36220	
7467	0	26376	28804	36252	
7468	0	26392	28800	36232	
7469	0	26394	28814	36232	
7470	0	26405	28786	36244	
7471	0	26424	28784	36236	
7472	0	26436	28788	36233	
7473	0	26452	28761	36252	
7474	0	26464	28792	36229	
7475	0	26480	28768	36256	
7476	0	26492	28817	36233	
7477	0	26509	28792	36212	
7478	0	26524	28796	36240	
7479	0	26540	28760	36252	
7480	0	26556	28764	36249	
7481	0	26572	28796	36238	
7482	0	26592	28792	36237	
7483	0	26604	28764	36228	
7484	0	26624	28780	36236	
7485	0	26640	28746	36221	
7486	0	26656	28764	36220	
7487	0	26684	28790	36224	
7488	0	26700	28764	36228	
7489	0	26716	28772	36208	
7490	0	26740	28772	36241	
7491	0	26756	28760	36220	
7492	0	26784	28752	36224	
7493	0	26800	28756	36224	
7494	0	26824	28756	36232	
7495	0	26840	28748	36224	
7496	0	26872	28744	36229	
7497	0	26892	28744	36260	
7498	0	26913	28745	36236	
7499	0	26944	28768	36204	
7500	0	26960	28765	36244	
7501	0	26992	28772	36236	
7502	0	27024	28784	36221	
7503	0	27037	28764	36232	
7504	0	27072	28760	36256	
7505	0	27100	28756	36236	
7506	0	27128	28756	36220	
7507	0	27164	28745	36228	
7508	0	27188	28752	36244	
7509	0	27216	28740	36232	
7510	0	27242	28749	36226	
7511	0	27284	28726	36220	
7512	0	27312	28724	36232	
7513	0	27346	28744	36220	
7514	0	27384	28713	36236	
7515	0	27420	28716	36244	
7516	0	27456	28728	36236	
7517	0	27492	28732	36236	
7518	0	27528	28712	36244	
7519	0	27568	28716	36244	
7520	0	27608	28712	36232	
7521	0	27644	28716	36236	
7522	0	27689	28684	36244	
7523	0	27728	28680	36245	
7524	0	27772	28676	36240	
7525	0	27816	28668	36236	
7526	0	27852	28684	36248	
7527	0	27904	28648	36248	
7528	0	27956	28680	36244	
7529	0	27996	28672	36268	
7530	0	28045	28676	36240	
7531	0	28096	28676	36236	
7532	0	28136	28693	36228	
7533	0	28196	28640	36236	
7534	0	28240	28632	36252	
7535	0	28304	28644	36248	
7536	0	28348	28640	36236	
7537	0	28400	28638	36222	
7538	0	28452	28624	36232	
7539	0	28508	28616	36212	
7540	0	28564	28636	36229	
7541	0	28620	28604	36221	
7542	0	28688	28596	36220	
7543	0	28740	28588	36232	
7544	0	28800	28588	36245	
7545	0	28860	28566	36232	
7546	0	28913	28584	36216	
7547	0	28984	28600	36240	
7548	0	29036	28597	36236	
7549	0	29110	28585	36221	
7550	0	29172	28569	36248	
7551	0	29232	28544	36228	
7552	0	29293	28572	36240	
7553	0	29360	28568	36224	
7554	0	29432	28572	36212	
7555	0	29496	28572	36212	
7556	0	29568	28572	36228	
7557	0	29628	28521	36216	
7558	0	29700	28512	36236	
7559	0	29760	28508	36232	
7560	0	29828	28517	36232	
7561	0	29896	28488	36232	
7562	0	29968	28516	36236	
7563	0	30044	28518	36216	
7564	0	30104	28512	36240	
7565	0	30176	28512	36244	
7566	0	30252	28456	36228	
7567	0	30328	28477	36236	
7568	0	30400	28480	36232	
7569	0	30465	28500	36216	
7570	0	30540	28473	36224	
7571	0	30616	28480	36240	
7572	0	30680	28472	36232	
7573	0	30752	28468	36228	
7574	0	30828	28476	36220	
7575	0	30900	28460	36237	
7576	0	30972	28456	36212	
7577	0	31053	28449	36214	
7578	0	31120	28488	36228	
7579	0	31193	28472	36228	
7580	0	31272	28472	36224	
7581	0	31340	28468	36245	
7582	0	31416	28476	36232	
7583	0	31492	28496	36244	
7584	0	31570	28462	36237	
7585	0	31644	28457	36218	
7586	0	31720	28476	36212	
7587	0	31800	28476	36224	
7588	0	31868	28502	36228	
7589	0	31940	28480	36240	
7590	0	32012	28474	36236	
7591	0	32097	28492	36204	
7592	0	32164	28482	36212	
7593	0	32240	28480	36236	
7594	0	32312	28492	36244	
7595	0	32384	28492	36224	
7596	0	32460	28485	36252	
7597	0	32536	28508	36236	
7598	0	32608	28500	36224	
7599	0	32692	28512	36244	
7600	0	32768	28542	36220	
7601	0	32836	28529	36249	
7602	0	32912	28532	36260	
7603	0	32988	28524	36232	
7604	0	33064	28544	36240	
7605	0	33144	28532	36232	
7606	0	33216	28496	36236	
7607	0	33284	28514	36240	
7608	0	33364	28533	36229	
7609	0	33440	28525	36232	
7610	0	33520	28512	36232	
7611	0	33588	28528	36248	
7612	0	33663	28520	36236	
7613	0	33740	28548	36216	
7614	0	33816	28552	36220	
7615	0	33896	28552	36236	
7616	0	33968	28560	36228	
7617	0	34040	28541	36228	
7618	0	34120	28544	36224	
7619	0	34200	28560	36216	
7620	0	34272	28557	36240	
7621	0	34340	28580	36220	
7622	0	34424	28600	36220	
7623	0	34496	28612	36220	
7624	0	34572	28592	36216	
7625	0	34648	28592	36252	
7626	0	34724	28592	36244	
7627	0	34808	28593	36220	
7628	0	34880	28620	36236	
7629	0	34948	28616	36224	
7630	0	35028	28632	36244	
7631	0	35101	28604	36216	
7632	0	35180	28620	36216	
7633	0	35256	28622	36220	
7634	0	35320	28620	36232	
7635	0	35404	28632	36248	
7636	0	35472	28636	36232	
7637	0	35552	28620	36252	
7638	0	35628	28656	36224	
7639	0	35708	28660	36228	
7640	0	35780	28652	36228	
7641	0	35844	28668	36228	
7642	0	35925	28672	36233	
7643	0	35996	28654	36260	
7644	0	36068	28672	36256	
7645	0	36144	28668	36248	
7646	0	36213	28652	36240	
7647	0	36292	28673	36236	
7648	0	36336	28688	36224	
7649	0	36432	28704	36224	
7650	0	36508	28684	36236	
7651	0	36576	28696	36224	
7652	0	36652	28692	36212	
7653	0	36720	28694	36212	
7654	0	36792	28692	36224	
7655	0	36868	28700	36228	
7656	0	36936	28700	36237	
7657	0	37008	28700	36248	
7658	0	37068	28721	36232	
7659	0	37140	28700	36230	
7660	0	37204	28700	36196	
7661	0	37276	28704	36232	
7662	0	37344	28698	36240	
7663	0	37408	28712	36224	
7664	0	37472	28712	36224	
7665	0	37536	28704	36228	
7666	0	37604	28708	36244	
7667	0	37668	28704	36241	
7668	0	37732	28712	36256	
7669	0	37792	28722	36217	
7670	0	37856	28724	36224	
7671	0	37924	28730	36205	
7672	0	37981	28708	36220	
7673	0	38048	28724	36220	
7674	0	38112	28724	36236	
7675	0	38164	28732	36214	
7676	0	38228	28736	36248	
7677	0	38276	28732	36233	
7678	0	38336	28712	36248	
7679	0	38388	28732	36232	
7680	0	38445	28737	36200	
7681	0	38508	28728	36220	
7682	0	38556	28744	36240	
7683	0	38620	28744	36236	
7684	0	38668	28725	36240	
7685	0	38724	28724	36220	
7686	0	38776	28712	36240	
7687	0	38820	28724	36253	
7688	0	38876	28740	36232	
7689	0	38928	28744	36216	
7690	0	38964	28768	36224	
7691	0	39021	28761	36208	
7692	0	39072	28761	36216	
7693	0	39120	28732	36240	
7694	0	39168	28765	36204	
7695	0	39220	28748	36232	
7696	0	39260	28744	36240	
7697	0	39296	28716	36244	
7698	0	39344	28732	36236	
7699	0	39392	28740	36232	
7700	0	39432	28736	36232	
7701	0	39468	28740	36248	
7702	0	39512	28740	36212	
7703	0	39560	28748	36236	
7704	0	39604	28733	36205	
7705	0	39644	28744	36228	
7706	0	39688	28738	36224	
7707	0	39720	28756	36228	
7708	0	39760	28744	36237	
7709	0	39804	28732	36236	
7710	0	39840	28728	36208	
7711	0	39876	28756	36200	
7712	0	39909	28744	36220	
7713	0	39948	28738	36232	
7714	0	39988	28736	36240	
7715	0	40020	28748	36204	
7716	0	40056	28744	36224	
7717	0	40092	28744	36224	
7718	0	40124	28752	36196	
7719	0	40160	28748	36240	
7720	0	40192	28749	36212	
7721	0	40228	28736	36212	
7722	0	40260	28748	36229	
7723	0	40288	28768	36224	
7724	0	40328	28748	36220	
7725	0	40352	28764	36216	
7726	0	40392	28753	36236	
7727	0	40408	28749	36232	
7728	0	40440	28765	36216	
7729	0	40480	28756	36224	
7730	0	40512	28746	36240	
7731	0	40536	28744	36225	
7732	0	40564	28752	36224	
7733	0	40596	28736	36212	
7734	0	40617	28756	36220	
7735	0	40648	28748	36216	
7736	0	40684	28768	36228	
7737	0	40704	28757	36197	
7738	0	40732	28744	36228	
7739	0	40760	28756	36240	
7740	0	40796	28756	36236	
7741	0	40812	28744	36224	
7742	0	40840	28734	36196	
7743	0	40864	28749	36268	
7744	0	40896	28750	36240	
7745	0	40916	28752	36240	
7746	0	40936	28741	36216	
7747	0	40968	28760	36232	
7748	0	40992	28744	36225	
7749	0	41016	28740	36224	
7750	0	41040	28750	36224	
7751	0	41068	28749	36224	
7752	0	41088	28757	36246	
7753	0	41104	28768	36236	
7754	0	41128	28768	36208	
7755	0	41152	28752	36228	
7756	0	41176	28772	36232	
7757	0	41184	28762	36228	
7758	0	41212	28748	36228	
7759	0	41232	28752	36253	
7760	0	41261	28772	36244	
7761	0	41280	28756	36237	
7762	0	41292	28752	36232	
7763	0	41320	28760	36240	
7764	0	41336	28752	36228	
7765	0	41356	28752	36212	
7766	0	41368	28772	36224	
7767	0	41392	28770	36236	
7768	0	41412	28760	36228	
7769	0	41436	28752	36229	
7770	0	41444	28748	36212	
7771	0	41464	28768	36209	
7772	0	41476	28757	36245	
7773	0	41484	28749	36228	
7774	0	41516	28748	36256	
7775	0	41528	28776	36198	
7776	0	41544	28781	36224	
7777	0	41560	28768	36240	
7778	0	41574	28768	36260	
7779	0	41588	28768	36212	
7780	0	41601	28768	36212	
7781	0	41612	28768	36212	
7782	0	41628	28756	36216	
7783	0	41644	28764	36216	
7784	0	41664	28753	36240	
7785	0	41668	28756	36245	
7786	0	41684	28760	36212	
7787	0	41700	28752	36232	
7788	0	41708	28740	36253	
7789	0	41716	28768	36236	
7790	0	41732	28756	36236	
7791	0	41736	28748	36221	
7792	0	41748	28752	36248	
7793	0	41764	28744	36236	
7794	0	41768	28753	36236	
7795	0	41784	28752	36225	
7796	0	41784	28756	36208	
7797	0	41800	28777	36212	
7798	0	41804	28748	36216	
7799	0	41816	28769	36212	
7800	0	41820	28752	36229	
7801	0	41828	28764	36232	
7802	0	41832	28772	36224	
7803	0	41848	28760	36249	
7804	0	41848	28761	36224	
7805	0	41852	28756	36228	
7806	0	41868	28784	36220	
7807	0	41868	28754	36228	
7808	0	41868	28768	36224	
7809	0	41884	28765	36260	
7810	0	41880	28768	36256	
7811	0	41884	28772	36244	
7812	0	41888	28773	36220	
7813	0	41892	28756	36252	
7814	0	41892	28766	36225	
7815	0	41896	28768	36225	
7816	0	41904	28768	36244	
7817	0	41896	28784	36236	
7818	0	41900	28744	36284	
7819	0	41900	28752	36260	
7820	0	41900	28773	36260	
7821	0	41896	28768	36248	
7822	0	41888	28768	36269	
7823	0	41892	28772	36240	
7824	0	41892	28772	36229	
7825	0	41888	28772	36248	
7826	0	41880	28765	36240	
7827	0	41880	28768	36272	
7828	0	41885	28776	36268	
7829	0	41868	28768	36244	
7830	0	41864	28772	36232	
7831	0	41864	28780	36232	
7832	0	41848	28780	36238	
7833	0	41844	28784	36240	
7834	0	41840	28772	36252	
7835	0	41828	28780	36260	
7836	0	41816	28780	36280	
7837	0	41816	28769	36273	
7838	0	41804	28768	36237	
7839	0	41792	28781	36248	
7840	0	41776	28752	36236	
7841	0	41768	28788	36248	
7842	0	41756	28765	36236	
7843	0	41740	28784	36244	
7844	0	41736	28776	36252	
7845	0	41716	28768	36244	
7846	0	41704	28781	36229	
7847	0	41688	28784	36224	
7848	0	41668	28772	36232	
7849	0	41652	28778	36228	
7850	0	41632	28780	36228	
7851	0	41616	28770	36228	
7852	0	41596	28784	36236	
7853	0	41584	28780	36228	
7854	0	41560	28760	36240	
7855	0	41540	28773	36240	
7856	0	41520	28788	36240	
7857	0	41496	28781	36229	
7858	0	41473	28760	36240	
7859	0	41452	28752	36256	
7860	0	41424	28764	36228	
7861	0	41404	28764	36228	
7862	0	41376	28784	36216	
7863	0	41348	28764	36224	
7864	0	41328	28780	36220	
7865	0	41292	28772	36240	
7866	0	41276	28780	36193	
7867	0	41248	28768	36224	
7868	0	41224	28765	36228	
7869	0	41200	28765	36242	
7870	0	41160	28772	36220	
7871	0	41128	28768	36240	
7872	0	41104	28780	36232	
7873	0	41084	28768	36220	
7874	0	41040	28744	36260	
7875	0	41012	28756	36224	
7876	0	40980	28760	36208	
7877	0	40948	28769	36216	
7878	0	40920	28756	36224	
7879	0	40888	28764	36228	
7880	0	40848	28772	36229	
7881	0	40820	28788	36237	
7882	0	40784	28764	36236	
7883	0	40756	28756	36256	
7884	0	40716	28764	36237	
7885	0	40688	28758	36240	
7886	0	40648	28748	36232	
7887	0	40612	28752	36228	
7888	0	40576	28753	36256	
7889	0	40544	28764	36231	
7890	0	40504	28769	36228	
7891	0	40468	28780	36232	
7892	0	40432	28772	36245	
7893	0	40400	28774	36213	
7894	0	40362	28773	36201	
7895	0	40320	28760	36225	
7896	0	40276	28760	36232	
7897	0	40248	28752	36212	
7898	0	40204	28748	36220	
7899	0	40160	28768	36224	
7900	0	40124	28744	36224	
7901	0	40080	28752	36244	
7902	0	40048	28754	36224	
7903	0	40000	28760	36236	
7904	0	39952	28748	36252	
7905	0	39920	28752	36224	
7906	0	39868	28760	36252	
7907	0	39832	28754	36220	
7908	0	39788	28756	36256	
7909	0	39744	28765	36252	
7910	0	39704	28764	36232	
7911	0	39656	28744	36276	
7912	0	39616	28749	36246	
7913	0	39564	28740	36260	
7914	0	39520	28737	36240	
7915	0	39484	28740	36256	
7916	0	39416	28740	36241	
7917	0	39380	28768	36244	
7918	0	39328	28736	36256	
7919	0	39292	28756	36244	
7920	0	39232	28737	36240	
7921	0	39192	28752	36240	
7922	0	39144	28761	36264	
7923	0	39088	28753	36226	
7924	0	39036	28760	36248	
7925	0	38992	28764	36256	
7926	0	38944	28746	36236	
7927	0	38888	28744	36240	
7928	0	38832	28724	36264	
7929	0	38784	28732	36216	
7930	0	38728	28728	36244	
7931	0	38680	28725	36236	
7932	0	38624	28732	36228	
7933	0	38564	28732	36236	
7934	0	38520	28736	36244	
7935	0	38452	28744	36252	
7936	0	38400	28736	36236	
7937	0	38344	28720	36252	
7938	0	38288	28749	36245	
7939	0	38232	28724	36240	
7940	0	38180	28725	36244	
7941	0	38112	28721	36232	
7942	0	38060	28724	36240	
7943	0	38000	28736	36224	
7944	0	37944	28728	36237	
7945	0	37884	28712	36232	
7946	0	37824	28716	36212	
7947	0	37760	28728	36216	
7948	0	37700	28730	36224	
7949	0	37640	28721	36240	
7950	0	37572	28713	36253	
7951	0	37516	28720	36228	
7952	0	37448	28717	36232	
7953	0	37392	28724	36260	
7954	0	37325	28717	36256	
7955	0	37260	28698	36268	
7956	0	37200	28705	36252	
7957	0	37137	28708	36224	
7958	0	37072	28712	36256	
7959	0	37004	28712	36244	
7960	0	36940	28705	36252	
7961	0	36880	28700	36260	
7962	0	36808	28692	36260	
7963	0	36744	28704	36244	
7964	0	36672	28721	36224	
7965	0	36616	28696	36249	
7966	0	36544	28704	36252	
7967	0	36476	28692	36232	
7968	0	36412	28705	36228	
7969	0	36340	28681	36240	
7970	0	36272	28704	36228	
7971	0	36204	28685	36240	
7972	0	36132	28684	36236	
7973	0	36060	28685	36236	
7974	0	36000	28680	36232	
7975	0	35920	28676	36244	
7976	0	35856	28692	36224	
7977	0	35788	28648	36260	
7978	0	35716	28668	36232	
7979	0	35637	28644	36236	
7980	0	35564	28652	36220	
7981	0	35504	28645	36220	
7982	0	35424	28672	36240	
7983	0	35356	28648	36213	
7984	0	35280	28632	36256	
7985	0	35212	28624	36216	
7986	0	35124	28624	36228	
7987	0	35060	28628	36236	
7988	0	34988	28626	36225	
7989	0	34912	28640	36240	
7990	0	34844	28636	36236	
7991	0	34764	28596	36212	
7992	0	34692	28592	36248	
7993	0	34624	28608	36221	
7994	0	34533	28592	36224	
7995	0	34464	28596	36252	
7996	0	34400	28584	36240	
7997	0	34316	28577	36256	
7998	0	34249	28556	36268	
7999	0	34172	28557	36256	
8000	0	34104	28537	36253	
8001	0	34024	28561	36236	
8002	0	33952	28568	36246	
8003	0	33876	28544	36248	
8004	0	33804	28556	36236	
8005	0	33728	28553	36224	
8006	0	33652	28508	36256	
8007	0	33580	28524	36244	
8008	0	33512	28536	36253	
8009	0	33440	28520	36232	
8010	0	33368	28524	36248	
8011	0	33288	28536	36232	
8012	0	33212	28500	36236	
8013	0	33140	28552	36240	
8014	0	33072	28544	36252	
8015	0	32997	28545	36244	
8016	0	32928	28549	36236	
8017	0	32856	28544	36226	
8018	0	32793	28549	36253	
8019	0	32713	28516	36240	
8020	0	32644	28508	36248	
8021	0	32573	28513	36237	
8022	0	32496	28496	36244	
8023	0	32424	28501	36236	
8024	0	32352	28488	36246	
8025	0	32280	28508	36256	
8026	0	32208	28490	36256	
8027	0	32132	28484	36248	
8028	0	32061	28492	36268	
8029	0	31992	28472	36252	
8030	0	31916	28477	36224	
8031	0	31844	28488	36244	
8032	0	31776	28492	36248	
8033	0	31705	28456	36244	
8034	0	31628	28460	36241	
8035	0	31560	28496	36224	
8036	0	31488	28484	36224	
8037	0	31416	28492	36216	
8038	0	31348	28488	36200	
8039	0	31268	28473	36244	
8040	0	31208	28484	36260	
8041	0	31128	28496	36240	
8042	0	31056	28492	36224	
8043	0	30992	28476	36249	
8044	0	30920	28468	36257	
8045	0	30852	28468	36232	
8046	0	30776	28470	36244	
8047	0	30708	28505	36232	
8048	0	30640	28480	36254	
8049	0	30568	28497	36244	
8050	0	30504	28502	36221	
8051	0	30432	28484	36244	
8052	0	30361	28496	36240	
8053	0	30294	28502	36228	
8054	0	30224	28500	36220	
8055	0	30152	28524	36248	
8056	0	30092	28512	36244	
8057	0	30016	28532	36252	
8058	0	29956	28540	36224	
8059	0	29888	28521	36256	
8060	0	29821	28500	36244	
8061	0	29760	28496	36252	
8062	0	29696	28504	36260	
8063	0	29633	28552	36248	
8064	0	29564	28556	36256	
8065	0	29504	28572	36260	
8066	0	29444	28572	36248	
8067	0	29376	28569	36248	
8068	0	29317	28564	36254	
8069	0	29250	28568	36244	
8070	0	29196	28592	36248	
8071	0	29132	28608	36224	
8072	0	29072	28608	36248	
8073	0	29016	28596	36245	
8074	0	28956	28629	36240	
8075	0	28900	28581	36252	
8076	0	28841	28608	36248	
8077	0	28784	28600	36236	
8078	0	28729	28604	36248	
8079	0	28673	28617	36232	
8080	0	28620	28636	36220	
8081	0	28568	28625	36232	
8082	0	28508	28632	36261	
8083	0	28460	28644	36236	
8084	0	28408	28645	36228	
8085	0	28352	28624	36236	
8086	0	28304	28624	36236	
8087	0	28252	28652	36240	
8088	0	28196	28624	36268	
8089	0	28152	28660	36264	
8090	0	28096	28684	36236	
8091	0	28052	28688	36248	
8092	0	27996	28690	36248	
8093	0	27948	28680	36260	
8094	0	27904	28672	36240	
8095	0	27860	28684	36248	
8096	0	27808	28660	36225	
8097	0	27756	28672	36264	
8098	0	27716	28668	36256	
8099	0	27668	28680	36237	
8100	0	27620	28728	36238	
8101	0	27572	28756	36240	
8102	0	27529	28732	36256	
8103	0	27492	28740	36232	
8104	0	27440	28752	36248	
8105	0	27396	28721	36248	
8106	0	27348	28748	36228	
8107	0	27306	28740	36252	
8108	0	27256	28724	36280	
8109	0	27224	28720	36248	
8110	0	27172	28764	36252	
8111	0	27128	28788	36244	
8112	0	27084	28749	36268	
8113	0	27048	28748	36248	
8114	0	27004	28764	36256	
8115	0	26962	28808	36232	
8116	0	26912	28761	36268	
8117	0	26872	28752	36272	
8118	0	26836	28744	36253	
8119	0	26792	28768	36264	
8120	0	26745	28752	36248	
8121	0	26708	28756	36248	
8122	0	26664	28774	36260	
8123	0	26622	28800	36232	
8124	0	26580	28788	36208	
8125	0	26532	28813	36224	
8126	0	26490	28792	36244	
8127	0	26453	28797	36244	
8128	0	26404	28800	36248	
8129	0	26364	28800	36256	
8130	0	26316	28796	36228	
8131	0	26272	28781	36256	
8132	0	26228	28792	36244	
8133	0	26188	28820	36236	
8134	0	26145	28832	36248	
8135	0	26102	28808	36276	
8136	0	26049	28825	36260	
8137	0	26008	28812	36262	
8138	0	25968	28816	36236	
8139	0	25928	28808	36244	
8140	0	25872	28828	36248	
8141	0	25828	28812	36248	
8142	0	25788	28804	36268	
8143	0	25744	28800	36232	
8144	0	25696	28816	36264	
8145	0	25648	28822	36276	
8146	0	25600	28830	36252	
8147	0	25552	28833	36252	
8148	0	25512	28845	36244	
8149	0	25460	28849	36256	
8150	0	25408	28841	36237	
8151	0	25369	28840	36240	
8152	0	25322	28864	36252	
8153	0	25276	28816	36256	
8154	0	25232	28820	36264	
8155	0	25185	28840	36252	
8156	0	25152	28850	36245	
8157	0	25088	28840	36236	
8158	0	25040	28833	36260	
8159	0	24996	28813	36280	
8160	0	24944	28844	36260	
8161	0	24904	28840	36260	
8162	0	24852	28850	36236	
8163	0	24813	28848	36224	
8164	0	24765	28857	36236	
8165	0	24712	28844	36256	
8166	0	24672	28824	36228	
8167	0	24620	28868	36232	
8168	0	24580	28820	36260	
8169	0	24536	28853	36256	
8170	0	24489	28876	36248	
8171	0	24452	28873	36236	
8172	0	24404	28848	36244	
8173	0	24362	28849	36240	
8174	0	24320	28856	36245	
8175	0	24276	28844	36256	
8176	0	24228	28864	36268	
8177	0	24188	28836	36224	
8178	0	24152	28846	36248	
8179	0	24116	28880	36248	
8180	0	24070	28864	36244	
8181	0	24028	28876	36232	
8182	0	23994	28869	36268	
8183	0	23960	28864	36229	
8184	0	23916	28868	36240	
8185	0	23880	28876	36253	
8186	0	23840	28845	36260	
8187	0	23808	28860	36248	
8188	0	23772	28882	36240	
8189	0	23732	28872	36257	
8190	0	23698	28860	36256	
8191	0	23676	28868	36256	
8192	0	23640	28864	36228	
8193	0	23604	28864	36228	
8194	0	23577	28847	36240	
8195	0	23545	28902	36236	
8196	0	23516	28896	36216	
8197	0	23484	28889	36228	
8198	0	23457	28880	36236	
8199	0	23433	28884	36252	
8200	0	23401	28872	36276	
8201	0	23376	28868	36232	
8202	0	23352	28864	36260	
8203	0	23330	28884	36252	
8204	0	23304	28864	36276	
8205	0	23280	28852	36272	
8206	0	23260	28876	36272	
8207	0	23232	28865	36256	
8208	0	23220	28860	36256	
8209	0	23193	28864	36260	
8210	0	23176	28868	36252	
8211	0	23152	28852	36260	
8212	0	23140	28872	36233	
8213	0	23116	28896	36244	
8214	0	23104	28864	36256	
8215	0	23088	28864	36238	
8216	0	23068	28888	36236	
8217	0	23054	28862	36256	
8218	0	23044	28860	36264	
8219	0	23016	28872	36260	
8220	0	23016	28864	36264	
8221	0	23001	28848	36256	
8222	0	22988	28872	36232	
8223	0	22980	28864	36256	
8224	0	22964	28849	36264	
8225	0	22956	28854	36260	
8226	0	22944	28869	36244	
8227	0	22936	28872	36244	
8228	0	22922	28877	36232	
8229	0	22916	28848	36256	
8230	0	22912	28884	36232	
8231	0	22901	28872	36256	
8232	0	22896	28880	36248	
8233	0	22888	28904	36232	
8234	0	22884	28904	36264	
8235	0	22876	28880	36244	
8236	0	22875	28884	36236	
8237	0	22868	28872	36229	
8238	0	22860	28876	36232	
8239	0	22856	28884	36264	
8240	0	22850	28880	36260	
8241	0	22848	28864	36257	
8242	0	22844	28872	36248	
8243	0	22840	28841	36268	
8244	0	22829	28856	36260	
8245	0	22833	28861	36260	
8246	0	22828	28838	36276	
8247	0	22824	28857	36256	
8248	0	22829	28850	36248	
8249	0	22824	28840	36256	
8250	0	22820	28892	36244	
8251	0	22821	28880	36260	
8252	0	22818	28880	36224	
8253	0	22812	28860	36245	
8254	0	22808	28860	36264	
8255	0	22810	28860	36240	
8256	0	22804	28868	36256	
8257	0	22808	28864	36256	
8258	0	22808	28864	36256	
8259	0	22804	28864	36248	
8260	0	22810	28872	36260	
8261	0	22808	28856	36248	
8262	0	22805	28864	36256	
8263	0	22804	28864	36260	
8264	0	22801	28861	36248	
8265	0	22804	28849	36248	
8266	0	22804	28848	36248	
8267	0	22798	28864	36256	
8268	0	22796	28840	36265	
8269	0	22804	28864	36216	
8270	0	22800	28857	36272	
8271	0	22800	28856	36240	
8272	0	22802	28882	36256	
8273	0	22800	28880	36244	
8274	0	22805	28869	36228	
8275	0	22808	28864	36256	
8276	0	22810	28864	36268	
8277	0	22812	28884	36244	
8278	0	22812	28889	36236	
8279	0	22816	28888	36248	
8280	0	22817	28880	36248	
8281	0	22818	28884	36231	
8282	0	22818	28876	36270	
8283	0	22821	28876	36236	
8284	0	22832	28872	36240	
8285	0	22832	28880	36256	
8286	0	22836	28865	36256	
8287	0	22840	28881	36248	
8288	0	22840	28888	36232	
8289	0	22848	28858	36260	
8290	0	22848	28900	36236	
8291	0	22860	28864	36260	
8292	0	22865	28880	36272	
8293	0	22870	28864	36236	
8294	0	22881	28872	36232	
8295	0	22885	28876	36232	
8296	0	22888	28864	36268	
8297	0	22900	28880	36248	
8298	0	22908	28860	36224	
8299	0	22912	28874	36268	
8300	0	22922	28888	36260	
8301	0	22933	28882	36224	
8302	0	22944	28876	36252	
8303	0	22948	28868	36268	
8304	0	22968	28856	36280	
8305	0	22980	28840	36268	
8306	0	22988	28864	36280	
8307	0	23008	28876	36236	
8308	0	23013	28848	36244	
8309	0	23032	28868	36249	
8310	0	23052	28868	36268	
8311	0	23064	28872	36269	
8312	0	23078	28880	36260	
8313	0	23096	28872	36266	
8314	0	23112	28876	36240	
8315	0	23132	28896	36268	
8316	0	23149	28872	36248	
8317	0	23168	28876	36244	
8318	0	23192	28900	36233	
8319	0	23204	28881	36234	
8320	0	23232	28880	36256	
8321	0	23252	28865	36232	
8322	0	23276	28884	36249	
8323	0	23300	28885	36256	
8324	0	23324	28880	36252	
8325	0	23344	28881	36240	
8326	0	23369	28868	36257	
8327	0	23396	28864	36241	
8328	0	23420	28852	36261	
8329	0	23456	28860	36272	
8330	0	23476	28865	36248	
8331	0	23508	28848	36244	
8332	0	23533	28852	36260	
8333	0	23565	28864	36252	
8334	0	23596	28852	36264	
8335	0	23624	28872	36248	
8336	0	23668	28833	36244	
8337	0	23700	28844	36256	
8338	0	23732	28814	36260	
8339	0	23772	28880	36224	
8340	0	23800	28876	36280	
8341	0	23842	28880	36268	
8342	0	23880	28868	36248	
8343	0	23916	28852	36252	
8344	0	23960	28864	36264	
8345	0	23997	28826	36260	
8346	0	24037	28864	36252	
8347	0	24076	28853	36249	
8348	0	24120	28876	36268	
8349	0	24164	28852	36256	
8350	0	24205	28853	36246	
8351	0	24258	28852	36244	
8352	0	24304	28848	36252	
8353	0	24349	28840	36264	
8354	0	24400	28844	36244	
8355	0	24452	28872	36272	
8356	0	24504	28856	36260	
8357	0	24552	28873	36268	
8358	0	24600	28848	36252	
8359	0	24656	28856	36244	
8360	0	24712	28832	36256	
8361	0	24760	28828	36264	
8362	0	24820	28833	36236	
8363	0	24884	28848	36244	
8364	0	24929	28868	36244	
8365	0	24996	28845	36225	
8366	0	25056	28824	36252	
8367	0	25116	28812	36256	
8368	0	25168	28830	36256	
8369	0	25244	28825	36268	
8370	0	25297	28840	36260	
8371	0	25370	28860	36268	
8372	0	25432	28852	36249	
8373	0	25500	28828	36260	
8374	0	25568	28830	36256	
8375	0	25628	28836	36228	
8376	0	25700	28796	36252	
8377	0	25756	28820	36288	
8378	0	25824	28816	36276	
8379	0	25897	28797	36248	
8380	0	25968	28820	36260	
8381	0	26041	28824	36264	
8382	0	26112	28816	36240	
8383	0	26177	28792	36256	
8384	0	26256	28780	36280	
8385	0	26332	28776	36244	
8386	0	26396	28796	36240	
8387	0	26472	28776	36292	
8388	0	26550	28781	36256	
8389	0	26620	28804	36260	
8390	0	26696	28748	36252	
8391	0	26780	28756	36280	
8392	0	26848	28764	36272	
8393	0	26925	28756	36256	
8394	0	27010	28744	36272	
8395	0	27080	28756	36272	
8396	0	27156	28740	36236	
8397	0	27244	28721	36268	
8398	0	27324	28704	36280	
8399	0	27406	28752	36264	
8400	0	27481	28716	36256	
8401	0	27564	28716	36280	
8402	0	27649	28705	36236	
8403	0	27732	28696	36238	
8404	0	27816	28688	36256	
8405	0	27892	28704	36264	
8406	0	27972	28682	36256	
8407	0	28064	28692	36248	
8408	0	28140	28693	36249	
8409	0	28228	28656	36236	
8410	0	28316	28640	36252	
8411	0	28404	28636	36249	
8412	0	28496	28624	36256	
8413	0	28576	28618	36264	
8414	0	28656	28641	36244	
8415	0	28744	28612	36236	
8416	0	28837	28593	36240	
8417	0	28920	28584	36264	
8418	0	29002	28624	36252	
8419	0	29097	28596	36244	
8420	0	29188	28573	36248	
8421	0	29272	28580	36248	
8422	0	29369	28556	36244	
8423	0	29456	28577	36264	
8424	0	29544	28554	36244	
8425	0	29632	28556	36240	
8426	0	29724	28533	36232	
8427	0	29816	28508	36245	
8428	0	29908	28512	36257	
8429	0	29996	28512	36248	
8430	0	30084	28528	36260	
8431	0	30178	28520	36256	
8432	0	30268	28504	36260	
8433	0	30360	28504	36252	
8434	0	30456	28485	36252	
8435	0	30548	28488	36252	
8436	0	30630	28480	36256	
8437	0	30724	28500	36244	
8438	0	30817	28465	36257	
8439	0	30912	28492	36224	
8440	0	31000	28480	36232	
8441	0	31088	28500	36268	
8442	0	31180	28492	36249	
8443	0	31276	28463	36244	
8444	0	31353	28492	36238	
8445	0	31448	28488	36244	
8446	0	31540	28464	36244	
8447	0	31624	28462	36280	
8448	0	31720	28462	36244	
8449	0	31804	28466	36264	
8450	0	31892	28492	36252	
8451	0	31984	28480	36264	
8452	0	32076	28489	36252	
8453	0	32160	28496	36256	
8454	0	32249	28480	36248	
8455	0	32336	28492	36244	
8456	0	32424	28497	36264	
8457	0	32520	28524	36253	
8458	0	32605	28520	36216	
8459	0	32684	28516	36268	
8460	0	32772	28542	36257	
8461	0	32860	28536	36240	
8462	0	32944	28544	36248	
8463	0	33024	28548	36236	
8464	0	33116	28530	36260	
8465	0	33200	28508	36260	
8466	0	33280	28516	36269	
8467	0	33360	28532	36240	
8468	0	33444	28520	36264	
8469	0	33532	28532	36245	
8470	0	33620	28528	36265	
8471	0	33700	28544	36252	
8472	0	33776	28544	36224	
8473	0	33856	28560	36240	
8474	0	33948	28552	36252	
8475	0	34032	28584	36236	
8476	0	34108	28548	36260	
8477	0	34188	28552	36252	
8478	0	34264	28572	36236	
8479	0	34340	28601	36272	
8480	0	34428	28608	36264	
8481	0	34500	28612	36240	
8482	0	34588	28618	36256	
8483	0	34660	28577	36288	
8484	0	34736	28612	36260	
8485	0	34816	28621	36232	
8486	0	34896	28641	36276	
8487	0	34976	28648	36200	
8488	0	35048	28640	36260	
8489	0	35128	28641	36244	
8490	0	35200	28617	36256	
8491	0	35276	28628	36248	
8492	0	35356	28656	36256	
8493	0	35425	28644	36284	
8494	0	35496	28656	36228	
8495	0	35573	28656	36260	
8496	0	35648	28640	36272	
8497	0	35716	28648	36280	
8498	0	35796	28672	36254	
8499	0	35864	28692	36244	
8500	0	35940	28700	36244	
8501	0	36008	28696	36256	
8502	0	36080	28676	36272	
8503	0	36144	28692	36252	
8504	0	36216	28676	36276	
8505	0	36288	28670	36236	
8506	0	36352	28712	36276	
8507	0	36420	28717	36240	
8508	0	36481	28708	36236	
8509	0	36552	28704	36264	
8510	0	36616	28704	36264	
8511	0	36688	28704	36252	
8512	0	36748	28720	36240	
8513	0	36804	28717	36265	
8514	0	36872	28724	36268	
8515	0	36936	28720	36261	
8516	0	37000	28721	36232	
8517	0	37056	28716	36276	
8518	0	37116	28721	36276	
8519	0	37176	28696	36272	
8520	0	37240	28724	36272	
8521	0	37300	28700	36292	
8522	0	37356	28708	36236	
8523	0	37416	28733	36246	
8524	0	37472	28717	36260	
8525	0	37536	28712	36248	
8526	0	37592	28736	36260	
8527	0	37648	28721	36281	
8528	0	37697	28740	36256	
8529	0	37748	28720	36265	
8530	0	37804	28724	36264	
8531	0	37861	28732	36240	
8532	0	37912	28744	36240	
8533	0	37960	28741	36272	
8534	0	38004	28736	36257	
8535	0	38064	28724	36240	
8536	0	38116	28752	36256	
8537	0	38157	28776	36224	
8538	0	38212	28709	36252	
8539	0	38260	28705	36276	
8540	0	38304	28728	36272	
8541	0	38344	28736	36248	
8542	0	38400	28736	36272	
8543	0	38432	28728	36288	
8544	0	38484	28736	36260	
8545	0	38524	28736	36260	
8546	0	38564	28744	36277	
8547	0	38616	28740	36276	
8548	0	38649	28748	36252	
8549	0	38692	28740	36257	
8550	0	38740	28752	36256	
8551	0	38768	28760	36240	
8552	0	38816	28760	36232	
8553	0	38848	28740	36250	
8554	0	38892	28744	36264	
8555	0	38928	28749	36272	
8556	0	38960	28752	36252	
8557	0	38996	28760	36252	
8558	0	39040	28736	36264	
8559	0	39061	28740	36260	
8560	0	39108	28764	36244	
8561	0	39140	28740	36244	
8562	0	39168	28746	36256	
8563	0	39204	28752	36288	
8564	0	39236	28748	36244	
8565	0	39264	28732	36281	
8566	0	39300	28744	36212	
8567	0	39328	28744	36248	
8568	0	39352	28744	36268	
8569	0	39388	28721	36272	
8570	0	39416	28756	36252	
8571	0	39444	28744	36232	
8572	0	39480	28740	36260	
8573	0	39500	28749	36264	
8574	0	39520	28740	36236	
8575	0	39549	28720	36272	
8576	0	39572	28756	36260	
8577	0	39604	28760	36256	
8578	0	39624	28756	36272	
8579	0	39648	28748	36236	
8580	0	39673	28760	36256	
8581	0	39696	28746	36256	
8582	0	39716	28744	36224	
8583	0	39736	28744	36244	
8584	0	39760	28752	36244	
8585	0	39784	28752	36260	
8586	0	39808	28760	36245	
8587	0	39824	28748	36236	
8588	0	39848	28746	36256	
8589	0	39864	28752	36260	
8590	0	39892	28752	36269	
8591	0	39904	28749	36252	
8592	0	39920	28748	36230	
8593	0	39936	28748	36249	
8594	0	39956	28760	36252	
8595	0	39972	28752	36249	
8596	0	39988	28745	36244	
8597	0	40004	28738	36240	
8598	0	40016	28752	36256	
8599	0	40028	28752	36252	
8600	0	40040	28752	36236	
8601	0	40038	28752	36217	
8602	0	40068	28761	36236	
8603	0	40084	28760	36257	
8604	0	40092	28736	36244	
8605	0	40096	28760	36260	
8606	0	40116	28768	36264	
8607	0	40116	28752	36256	
8608	0	40132	28748	36244	
8609	0	40140	28748	36244	
8610	0	40144	28756	36268	
8611	0	40148	28748	36249	
8612	0	40152	28752	36252	
8613	0	40168	28772	36252	
8614	0	40172	28788	36240	
8615	0	40177	28756	36240	
8616	0	40184	28756	36248	
8617	0	40188	28753	36252	
8618	0	40184	28740	36252	
8619	0	40188	28752	36256	
8620	0	40192	28748	36244	
8621	0	40192	28752	36234	
8622	0	40184	28732	36256	
8623	0	40192	28737	36284	
8624	0	40184	28744	36240	
8625	0	40192	28744	36240	
8626	0	40184	28713	36260	
8627	0	40184	28758	36244	
8628	0	40180	28752	36260	
8629	0	40176	28740	36256	
8630	0	40172	28764	36256	
8631	0	40168	28733	36249	
8632	0	40160	28748	36252	
8633	0	40144	28752	36248	
8634	0	40136	28745	36249	
8635	0	40136	28724	36260	
8636	0	40132	28736	36244	
8637	0	40120	28738	36248	
8638	0	40120	28728	36288	
8639	0	40108	28752	36240	
8640	0	40092	28744	36224	
8641	0	40080	28748	36245	
8642	0	40080	28772	36224	
8643	0	40064	28754	36224	
8644	0	40044	28748	36240	
8645	0	40036	28764	36252	
8646	0	40024	28764	36252	
8647	0	40004	28748	36232	
8648	0	39988	28756	36248	
8649	0	39980	28746	36260	
8650	0	39968	28740	36240	
8651	0	39945	28746	36248	
8652	0	39928	28752	36224	
8653	0	39904	28745	36224	
8654	0	39888	28732	36252	
8655	0	39880	28732	36252	
8656	0	39856	28729	36252	
8657	0	39840	28749	36245	
8658	0	39824	28748	36236	
8659	0	39800	28752	36240	
8660	0	39776	28744	36244	
8661	0	39752	28736	36244	
8662	0	39726	28753	36240	
8663	0	39708	28748	36228	
8664	0	39688	28752	36248	
8665	0	39660	28756	36225	
8666	0	39636	28752	36241	
8667	0	39620	28748	36260	
8668	0	39584	28736	36241	
8669	0	39556	28736	36244	
8670	0	39540	28745	36249	
8671	0	39506	28736	36264	
8672	0	39480	28732	36228	
8673	0	39452	28744	36248	
8674	0	39420	28740	36240	
8675	0	39392	28736	36272	
8676	0	39364	28728	36260	
8677	0	39328	28737	36256	
8678	0	39300	28740	36253	
8679	0	39268	28740	36240	
8680	0	39232	28746	36244	
8681	0	39208	28736	36228	
8682	0	39176	28736	36256	
8683	0	39136	28732	36240	
8684	0	39104	28736	36252	
8685	0	39068	28732	36244	
8686	0	39032	28736	36224	
8687	0	39000	28744	36240	
8688	0	38960	28740	36245	
8689	0	38936	28744	36200	
8690	0	38888	28724	36228	
8691	0	38852	28717	36232	
8692	0	38816	28728	36236	
8693	0	38772	28730	36244	
8694	0	38740	28721	36240	
8695	0	38704	28737	36249	
8696	0	38656	28744	36252	
8697	0	38612	28712	36252	
8698	0	38572	28724	36256	
8699	0	38524	28708	36272	
8700	0	38480	28724	36248	
8701	0	38440	28724	36248	
8702	0	38392	28720	36264	
8703	0	38344	28716	36260	
8704	0	38304	28716	36256	
8705	0	38260	28709	36256	
8706	0	38209	28716	36256	
8707	0	38164	28738	36224	
8708	0	38112	28728	36257	
8709	0	38064	28728	36236	
8710	0	38016	28736	36228	
8711	0	37960	28729	36248	
8712	0	37916	28716	36240	
8713	0	37864	28700	36252	
8714	0	37808	28714	36256	
8715	0	37756	28701	36256	
8716	0	37710	28716	36236	
8717	0	37656	28704	36260	
8718	0	37596	28736	36228	
8719	0	37540	28716	36253	
8720	0	37492	28710	36228	
8721	0	37432	28712	36236	
8722	0	37380	28716	36256	
8723	0	37320	28696	36272	
8724	0	37264	28688	36252	
8725	0	37204	28702	36256	
8726	0	37152	28704	36224	
8727	0	37092	28716	36248	
8728	0	37034	28709	36236	
8729	0	36972	28704	36256	
8730	0	36920	28689	36236	
8731	0	36848	28685	36264	
8732	0	36796	28688	36252	
8733	0	36732	28680	36248	
8734	0	36668	28696	36236	
8735	0	36608	28677	36260	
8736	0	36544	28681	36252	
8737	0	36484	28684	36256	
8738	0	36416	28680	36240	
8739	0	36352	28684	36265	
8740	0	36292	28656	36232	
8741	0	36232	28660	36212	
8742	0	36168	28676	36248	
8743	0	36104	28664	36248	
8744	0	36040	28664	36236	
8745	0	35972	28656	36228	
8746	0	35908	28664	36240	
8747	0	35852	28664	36228	
8748	0	35784	28652	36248	
8749	0	35712	28637	36237	
8750	0	35652	28652	36220	
8751	0	35584	28660	36240	
8752	0	35524	28652	36260	
8753	0	35452	28640	36216	
8754	0	35385	28640	36224	
8755	0	35324	28608	36228	
8756	0	35256	28610	36232	
8757	0	35189	28618	36204	
8758	0	35120	28620	36240	
8759	0	35048	28644	36228	
8760	0	34984	28644	36212	
8761	0	34912	28612	36252	
8762	0	34852	28616	36248	
8763	0	34776	28594	36260	
8764	0	34708	28585	36272	
8765	0	34640	28592	36272	
8766	0	34569	28588	36232	
8767	0	34504	28576	36264	
8768	0	34436	28589	36240	
8769	0	34364	28588	36244	
8770	0	34296	28541	36236	
8771	0	34224	28564	36260	
8772	0	34148	28552	36268	
8773	0	34072	28545	36256	
8774	0	34008	28584	36248	
8775	0	33936	28573	36248	
8776	0	33868	28549	36224	
8777	0	33800	28552	36232	
8778	0	33728	28536	36244	
8779	0	33652	28524	36260	
8780	0	33576	28528	36268	
8781	0	33510	28524	36217	
8782	0	33440	28528	36244	
8783	0	33357	28512	36248	
8784	0	33292	28520	36228	
8785	0	33216	28508	36244	
8786	0	33148	28532	36240	
8787	0	33069	28556	36224	
8788	0	32992	28520	36248	
8789	0	32924	28536	36268	
8790	0	32848	28526	36252	
8791	0	32780	28541	36252	
8792	0	32708	28508	36236	
8793	0	32630	28517	36256	
8794	0	32548	28512	36236	
8795	0	32476	28496	36240	
8796	0	32412	28505	36240	
8797	0	32332	28500	36273	
8798	0	32265	28493	36256	
8799	0	32188	28484	36232	
8800	0	32116	28496	36244	
8801	0	32040	28480	36240	
8802	0	31968	28496	36252	
8803	0	31892	28480	36260	
8804	0	31820	28464	36240	
8805	0	31744	28464	36240	
8806	0	31676	28452	36276	
8807	0	31597	28484	36252	
8808	0	31529	28466	36268	
8809	0	31456	28472	36256	
8810	0	31382	28476	36253	
8811	0	31308	28488	36232	
8812	0	31236	28476	36232	
8813	0	31172	28468	36232	
8814	0	31096	28468	36252	
8815	0	31016	28454	36254	
8816	0	30948	28462	36264	
8817	0	30873	28449	36248	
8818	0	30800	28472	36236	
8819	0	30736	28472	36252	
8820	0	30648	28484	36264	
8821	0	30584	28504	36245	
8822	0	30520	28480	36224	
8823	0	30438	28496	36233	
8824	0	30368	28482	36240	
8825	0	30296	28504	36228	
8826	0	30224	28500	36240	
8827	0	30164	28504	36260	
8828	0	30088	28504	36268	
8829	0	30016	28500	36280	
8830	0	29946	28504	36256	
8831	0	29880	28517	36256	
8832	0	29812	28524	36241	
8833	0	29740	28504	36268	
8834	0	29672	28538	36252	
8835	0	29612	28544	36272	
8836	0	29536	28560	36268	
8837	0	29473	28560	36237	
8838	0	29400	28556	36242	
8839	0	29344	28582	36248	
8840	0	29268	28544	36244	
8841	0	29209	28556	36228	
8842	0	29144	28592	36256	
8843	0	29084	28600	36272	
8844	0	29016	28594	36229	
8845	0	28956	28608	36264	
8846	0	28890	28588	36260	
8847	0	28824	28576	36264	
8848	0	28768	28589	36260	
8849	0	28704	28569	36256	
8850	0	28640	28636	36261	
8851	0	28588	28632	36248	
8852	0	28527	28660	36236	
8853	0	28468	28640	36224	
8854	0	28409	28632	36225	
8855	0	28357	28632	36256	
8856	0	28296	28633	36265	
8857	0	28245	28632	36260	
8858	0	28192	28656	36236	
8859	0	28136	28684	36252	
8860	0	28080	28696	36256	
8861	0	28024	28708	36256	
8862	0	27968	28689	36240	
8863	0	27924	28680	36260	
8864	0	27872	28672	36244	
8865	0	27824	28676	36237	
8866	0	27772	28652	36252	
8867	0	27721	28672	36260	
8868	0	27676	28692	36264	
8869	0	27629	28728	36261	
8870	0	27576	28716	36260	
8871	0	27528	28705	36268	
8872	0	27492	28704	36248	
8873	0	27444	28736	36236	
8874	0	27398	28708	36264	
8875	0	27348	28732	36264	
8876	0	27312	28709	36271	
8877	0	27265	28720	36256	
8878	0	27224	28736	36252	
8879	0	27188	28740	36248	
8880	0	27149	28725	36249	
8881	0	27104	28760	36253	
8882	0	27068	28760	36252	
8883	0	27032	28772	36268	
8884	0	26992	28752	36252	
8885	0	26956	28744	36281	
8886	0	26920	28768	36260	
8887	0	26881	28745	36244	
8888	0	26844	28756	36248	
8889	0	26812	28756	36224	
8890	0	26773	28792	36237	
8891	0	26746	28768	36253	
8892	0	26708	28764	36260	
8893	0	26680	28756	36256	
8894	0	26648	28728	36249	
8895	0	26613	28781	36264	
8896	0	26588	28800	36260	
8897	0	26552	28788	36252	
8898	0	26529	28804	36236	
8899	0	26496	28780	36268	
8900	0	26468	28784	36256	
8901	0	26444	28812	36252	
8902	0	26424	28792	36273	
8903	0	26380	28794	36248	
8904	0	26352	28796	36244	
8905	0	26336	28776	36246	
8906	0	26304	28782	36256	
8907	0	26281	28770	36270	
8908	0	26245	28769	36272	
8909	0	26232	28790	36244	
8910	0	26205	28796	36252	
8911	0	26184	28812	36256	
8912	0	26165	28792	36268	
8913	0	26145	28792	36280	
8914	0	26116	28776	36276	
8915	0	26096	28821	36280	
8916	0	26076	28796	36244	
8917	0	26058	28804	36248	
8918	0	26036	28820	36252	
8919	0	26012	28816	36268	
8920	0	25996	28820	36260	
8921	0	25976	28832	36261	
8922	0	25957	28813	36248	
8923	0	25936	28816	36268	
8924	0	25920	28808	36264	
8925	0	25904	28810	36284	
8926	0	25896	28824	36272	
8927	0	25873	28820	36256	
8928	0	25856	28833	36272	
8929	0	25836	28816	36249	
8930	0	25828	28808	36253	
8931	0	25812	28788	36272	
8932	0	25800	28816	36260	
8933	0	25784	28832	36248	
8934	0	25776	28804	36268	
8935	0	25764	28834	36256	
8936	0	25752	28804	36244	
8937	0	25736	28820	36272	
8938	0	25728	28808	36236	
8939	0	25716	28836	36252	
8940	0	25704	28824	36252	
8941	0	25696	28800	36256	
8942	0	25684	28828	36256	
8943	0	25674	28808	36225	
8944	0	25664	28821	36256	
8945	0	25656	28832	36296	
8946	0	25652	28836	36252	
8947	0	25644	28800	36261	
8948	0	25640	28820	36256	
8949	0	25625	28848	36260	
8950	0	25620	28800	36248	
8951	0	25620	28817	36240	
8952	0	25612	28832	36268	
8953	0	25610	28808	36260	
8954	0	25608	28825	36248	
8955	0	25604	28812	36248	
8956	0	25604	28820	36268	
8957	0	25600	28852	36272	
8958	0	25600	28813	36268	
8959	0	25596	28820	36248	
8960	0	25600	28856	36245	
8961	0	25596	28825	36272	
8962	0	25598	28816	36277	
8963	0	25600	28808	36268	
8964	0	25596	28828	36252	
8965	0	25602	28813	36256	
8966	0	25604	28805	36257	
8967	0	25608	28816	36236	
8968	0	25608	28820	36256	
8969	0	25620	28832	36242	
8970	0	25624	28812	36252	
8971	0	25632	28800	36260	
8972	0	25632	28816	36276	
8973	0	25634	28825	36248	
8974	0	25648	28812	36272	
8975	0	25650	28814	36248	
8976	0	25660	28812	36244	
8977	0	25664	28804	36260	
8978	0	25672	28804	36257	
8979	0	25688	28800	36268	
8980	0	25692	28816	36252	
8981	0	25701	28832	36256	
8982	0	25712	28820	36241	
8983	0	25704	28804	36252	
8984	0	25736	28817	36280	
8985	0	25744	28812	36265	
8986	0	25760	28805	36236	
8987	0	25769	28820	36240	
8988	0	25788	28800	36260	
8989	0	25792	28808	36260	
8990	0	25804	28804	36252	
8991	0	25824	28815	36240	
8992	0	25836	28816	36240	
8993	0	25845	28816	36240	
8994	0	25864	28831	36240	
8995	0	25878	28812	36245	
8996	0	25892	28828	36244	
8997	0	25912	28804	36260	
8998	0	25928	28812	36264	
8999	0	25940	28857	36240	
9000	0	25964	28805	36260	
9001	0	25976	28816	36264	
9002	0	25988	28820	36264	
9003	0	26008	28812	36256	
9004	0	26033	28805	36233	
9005	0	26046	28813	36252	
9006	0	26068	28816	36260	
9007	0	26088	28816	36240	
9008	0	26101	28804	36260	
9009	0	26120	28773	36272	
9010	0	26144	28780	36256	
9011	0	26164	28808	36233	
9012	0	26180	28788	36268	
9013	0	26200	28776	36244	
9014	0	26224	28772	36264	
9015	0	26244	28809	36248	
9016	0	26264	28796	36240	
9017	0	26286	28790	36248	
9018	0	26308	28800	36253	
9019	0	26332	28784	36244	
9020	0	26352	28796	36260	
9021	0	26369	28793	36268	
9022	0	26400	28798	36260	
9023	0	26416	28796	36244	
9024	0	26440	28836	36236	
9025	0	26464	28778	36232	
9026	0	26488	28776	36292	
9027	0	26512	28788	36272	
9028	0	26536	28793	36256	
9029	0	26564	28784	36268	
9030	0	26588	28817	36216	
9031	0	26610	28764	36264	
9032	0	26637	28762	36244	
9033	0	26664	28760	36244	
9034	0	26700	28757	36248	
9035	0	26720	28740	36260	
9036	0	26740	28740	36276	
9037	0	26773	28746	36256	
9038	0	26796	28780	36232	
9039	0	26824	28750	36269	
9040	0	26852	28760	36280	
9041	0	26880	28736	36288	
9042	0	26908	28764	36248	
9043	0	26938	28760	36240	
9044	0	26964	28768	36272	
9045	0	26992	28752	36260	
9046	0	27016	28757	36256	
9047	0	27049	28772	36261	
9048	0	27078	28760	36256	
9049	0	27112	28736	36266	
9050	0	27144	28732	36261	
9051	0	27172	28740	36276	
9052	0	27204	28736	36260	
9053	0	27232	28732	36280	
9054	0	27264	28729	36280	
9055	0	27293	28724	36273	
9056	0	27324	28728	36272	
9057	0	27356	28690	36269	
9058	0	27388	28724	36264	
9059	0	27428	28728	36252	
9060	0	27456	28732	36244	
9061	0	27492	28716	36232	
9062	0	27525	28737	36248	
9063	0	27556	28692	36276	
9064	0	27592	28709	36281	
9065	0	27629	28728	36264	
9066	0	27660	28692	36256	
9067	0	27704	28668	36264	
9068	0	27740	28705	36280	
9069	0	27776	28688	36268	
9070	0	27820	28664	36236	
9071	0	27856	28672	36272	
9072	0	27892	28661	36264	
9073	0	27940	28672	36272	
9074	0	27982	28684	36288	
9075	0	28020	28680	36284	
9076	0	28068	28672	36284	
9077	0	28104	28660	36248	
9078	0	28152	28660	36248	
9079	0	28205	28624	36240	
9080	0	28244	28644	36200	
9081	0	28298	28624	36293	
9082	0	28352	28613	36285	
9083	0	28396	28620	36288	
9084	0	28449	28612	36240	
9085	0	28504	28608	36236	
9086	0	28552	28640	36280	
9087	0	28610	28624	36252	
9088	0	28660	28649	36260	
9089	0	28717	28565	36244	
9090	0	28772	28584	36248	
9091	0	28833	28604	36268	
9092	0	28888	28584	36244	
9093	0	28952	28608	36248	
9094	0	29012	28618	36248	
9095	0	29072	28592	36245	
9096	0	29140	28608	36241	
9097	0	29196	28571	36264	
9098	0	29262	28572	36248	
9099	0	29332	28576	36272	
9100	0	29400	28552	36229	
9101	0	29464	28548	36280	
9102	0	29530	28564	36256	
9103	0	29604	28548	36236	
9104	0	29668	28568	36256	
9105	0	29748	28560	36240	
9106	0	29820	28504	36252	
9107	0	29888	28500	36280	
9108	0	29968	28504	36240	
9109	0	30032	28528	36252	
9110	0	30116	28524	36252	
9111	0	30188	28508	36256	
9112	0	30264	28480	36244	
9113	0	30340	28490	36244	
9114	0	30424	28488	36270	
9115	0	30500	28488	36256	
9116	0	30584	28513	36252	
9117	0	30656	28504	36248	
9118	0	30740	28472	36252	
9119	0	30816	28464	36260	
9120	0	30904	28473	36236	
9121	0	30988	28488	36256	
9122	0	31072	28488	36236	
9123	0	31160	28461	36268	
9124	0	31244	28464	36260	
9125	0	31320	28460	36236	
9126	0	31409	28464	36249	
9127	0	31489	28500	36252	
9128	0	31584	28472	36232	
9129	0	31668	28448	36276	
9130	0	31760	28501	36269	
9131	0	31844	28484	36244	
9132	0	31932	28457	36288	
9133	0	32016	28480	36280	
9134	0	32104	28478	36249	
9135	0	32192	28476	36244	
9136	0	32280	28500	36281	
9137	0	32364	28504	36272	
9138	0	32460	28504	36252	
9139	0	32540	28524	36256	
9140	0	32632	28525	36244	
9141	0	32716	28516	36260	
9142	0	32804	28542	36264	
9143	0	32900	28528	36264	
9144	0	32988	28533	36252	
9145	0	33080	28536	36256	
9146	0	33164	28529	36244	
9147	0	33252	28498	36268	
9148	0	33336	28528	36256	
9149	0	33432	28524	36248	
9150	0	33517	28532	36264	
9151	0	33604	28532	36249	
9152	0	33688	28512	36264	
9153	0	33776	28521	36248	
9154	0	33864	28560	36244	
9155	0	33956	28560	36248	
9156	0	34044	28576	36256	
9157	0	34132	28556	36268	
9158	0	34208	28560	36260	
9159	0	34292	28548	36248	
9160	0	34376	28572	36244	
9161	0	34468	28592	36248	
9162	0	34548	28600	36261	
9163	0	34640	28596	36252	
9164	0	34718	28584	36264	
9165	0	34796	28616	36264	
9166	0	34884	28636	36248	
9167	0	34968	28632	36236	
9168	0	35048	28628	36260	
9169	0	35128	28616	36269	
9170	0	35208	28624	36248	
9171	0	35288	28624	36252	
9172	0	35364	28650	36252	
9173	0	35436	28644	36273	
9174	0	35524	28660	36244	
9175	0	35600	28656	36260	
9176	0	35684	28664	36268	
9177	0	35760	28656	36252	
9178	0	35832	28660	36244	
9179	0	35908	28664	36276	
9180	0	35988	28673	36256	
9181	0	36056	28670	36272	
9182	0	36124	28660	36256	
9183	0	36192	28664	36272	
9184	0	36268	28664	36288	
9185	0	36343	28680	36257	
9186	0	36412	28701	36252	
9187	0	36488	28688	36240	
9188	0	36560	28700	36240	
9189	0	36620	28714	36245	
9190	0	36696	28681	36280	
9191	0	36764	28684	36272	
9192	0	36828	28704	36248	
9193	0	36904	28711	36246	
9194	0	36960	28708	36268	
9195	0	37028	28709	36264	
9196	0	37096	28704	36276	
9197	0	37164	28716	36252	
9198	0	37228	28708	36272	
9199	0	37280	28692	36256	
9200	0	37352	28697	36257	
9201	0	37417	28728	36254	
9202	0	37484	28704	36256	
9203	0	37540	28716	36256	
9204	0	37592	28708	36284	
9205	0	37664	28705	36244	
9206	0	37720	28736	36220	
9207	0	37776	28725	36244	
9208	0	37840	28706	36268	
9209	0	37896	28708	36280	
9210	0	37960	28746	36232	
9211	0	38016	28736	36216	
9212	0	38064	28748	36268	
9213	0	38124	28724	36264	
9214	0	38176	28720	36284	
9215	0	38240	28736	36208	
9216	0	38296	28728	36264	
9217	0	38345	28721	36256	
9218	0	38408	28729	36296	
9219	0	38464	28748	36240	
9220	0	38508	28736	36236	
9221	0	38568	28740	36241	
9222	0	38620	28733	36272	
9223	0	38672	28728	36272	
9224	0	38732	28752	36268	
9225	0	38776	28753	36228	
9226	0	38836	28720	36236	
9227	0	38885	28736	36268	
9228	0	38936	28724	36292	
9229	0	39000	28720	36278	
9230	0	39040	28722	36288	
9231	0	39096	28730	36272	
9232	0	39140	28732	36244	
9233	0	39184	28744	36256	
9234	0	39236	28736	36268	
9235	0	39288	28738	36248	
9236	0	39328	28732	36249	
9237	0	39372	28721	36276	
9238	0	39424	28753	36252	
9239	0	39476	28764	36260	
9240	0	39508	28752	36264	
9241	0	39566	28756	36252	
9242	0	39600	28744	36272	
9243	0	39660	28750	36260	
9244	0	39696	28728	36253	
9245	0	39744	28744	36273	
9246	0	39784	28736	36273	
9247	0	39836	28744	36260	
9248	0	39872	28744	36260	
9249	0	39916	28736	36256	
9250	0	39956	28764	36280	
9251	0	40000	28753	36272	
9252	0	40044	28757	36260	
9253	0	40088	28760	36260	
9254	0	40120	28754	36236	
9255	0	40168	28748	36240	
9256	0	40201	28760	36248	
9257	0	40240	28732	36244	
9258	0	40280	28768	36276	
9259	0	40316	28762	36264	
9260	0	40352	28732	36249	
9261	0	40396	28736	36264	
9262	0	40432	28760	36244	
9263	0	40464	28752	36240	
9264	0	40496	28760	36240	
9265	0	40536	28768	36240	
9266	0	40568	28756	36244	
9267	0	40608	28756	36240	
9268	0	40632	28748	36248	
9269	0	40672	28732	36248	
9270	0	40700	28744	36236	
9271	0	40732	28756	36249	
9272	0	40772	28736	36240	
9273	0	40800	28749	36244	
9274	0	40832	28729	36236	
9275	0	40856	28760	36224	
9276	0	40888	28744	36260	
9277	0	40912	28756	36256	
9278	0	40944	28733	36247	
9279	0	41000	28736	36226	
9280	0	40996	28752	36232	
9281	0	41032	28736	36248	
9282	0	41050	28756	36256	
9283	0	41076	28748	36249	
9284	0	41104	28756	36248	
9285	0	41124	28762	36228	
9286	0	41144	28769	36240	
9287	0	41164	28756	36240	
9288	0	41192	28716	36272	
9289	0	41204	28764	36228	
9290	0	41232	28744	36244	
9291	0	41244	28756	36256	
9292	0	41264	28741	36225	
9293	0	41284	28749	36264	
9294	0	41304	28740	36244	
9295	0	41316	28740	36256	
9296	0	41337	28741	36244	
9297	0	41344	28745	36248	
9298	0	41364	28736	36245	
9299	0	41372	28732	36260	
9300	0	41381	28740	36244	
9301	0	41400	28740	36268	
9302	0	41412	28732	36256	
9303	0	41416	28729	36288	
9304	0	41424	28736	36252	
9305	0	41436	28737	36252	
9306	0	41444	28744	36224	
9307	0	41448	28748	36224	
9308	0	41452	28752	36256	
9309	0	41456	28725	36252	
9310	0	41460	28740	36228	
9311	0	41464	28736	36232	
9312	0	41460	28752	36240	
9313	0	41464	28748	36252	
9314	0	41464	28744	36234	
9315	0	41464	28744	36240	
9316	0	41456	28740	36244	
9317	0	41456	28744	36232	
9318	0	41448	28746	36256	
9319	0	41449	28759	36260	
9320	0	41444	28753	36228	
9321	0	41428	28732	36228	
9322	0	41424	28748	36224	
9323	0	41424	28764	36224	
9324	0	41412	28765	36256	
9325	0	41400	28752	36240	
9326	0	41388	28754	36256	
9327	0	41380	28750	36244	
9328	0	41360	28769	36248	
9329	0	41344	28736	36248	
9330	0	41328	28748	36225	
9331	0	41316	28736	36236	
9332	0	41304	28744	36273	
9333	0	41280	28748	36248	
9334	0	41260	28750	36244	
9335	0	41244	28748	36240	
9336	0	41224	28764	36229	
9337	0	41204	28752	36238	
9338	0	41176	28736	36244	
9339	0	41152	28744	36257	
9340	0	41128	28744	36260	
9341	0	41100	28752	36256	
9342	0	41080	28752	36236	
9343	0	41052	28748	36276	
9344	0	41024	28752	36260	
9345	0	40996	28720	36244	
9346	0	40964	28740	36236	
9347	0	40932	28740	36233	
9348	0	40896	28732	36236	
9349	0	40868	28736	36260	
9350	0	40832	28740	36236	
9351	0	40796	28728	36237	
9352	0	40768	28748	36268	
9353	0	40736	28748	36252	
9354	0	40696	28746	36228	
9355	0	40664	28724	36256	
9356	0	40620	28730	36268	
9357	0	40588	28740	36248	
9358	0	40552	28752	36240	
9359	0	40504	28744	36256	
9360	0	40473	28748	36240	
9361	0	40432	28752	36224	
9362	0	40392	28744	36244	
9363	0	40352	28740	36240	
9364	0	40304	28744	36228	
9365	0	40268	28729	36244	
9366	0	40228	28724	36288	
9367	0	40176	28733	36256	
9368	0	40132	28729	36228	
9369	0	40100	28740	36248	
9370	0	40044	28760	36220	
9371	0	40000	28736	36224	
9372	0	39960	28740	36228	
9373	0	39916	28744	36252	
9374	0	39872	28722	36236	
9375	0	39824	28736	36240	
9376	0	39784	28738	36236	
9377	0	39732	28752	36209	
9378	0	39696	28732	36248	
9379	0	39642	28724	36240	
9380	0	39592	28732	36228	
9381	0	39545	28728	36241	
9382	0	39504	28736	36224	
9383	0	39456	28752	36248	
9384	0	39405	28722	36252	
9385	0	39356	28720	36256	
9386	0	39308	28728	36240	
9387	0	39252	28724	36228	
9388	0	39208	28724	36248	
9389	0	39152	28740	36236	
9390	0	39108	28738	36224	
9391	0	39052	28728	36229	
9392	0	39016	28717	36248	
9393	0	38952	28736	36240	
9394	0	38904	28718	36244	
9395	0	38852	28708	36232	
9396	0	38800	28736	36236	
9397	0	38756	28720	36260	
9398	0	38696	28736	36260	
9399	0	38644	28724	36244	
9400	0	38592	28728	36236	
9401	0	38532	28724	36260	
9402	0	38480	28716	36256	
9403	0	38432	28724	36249	
9404	0	38368	28712	36240	
9405	0	38320	28718	36220	
9406	0	38276	28705	36264	
9407	0	38212	28717	36228	
9408	0	38160	28728	36248	
9409	0	38108	28720	36228	
9410	0	38052	28724	36252	
9411	0	37996	28708	36224	
9412	0	37940	28698	36218	
9413	0	37888	28704	36232	
9414	0	37832	28704	36240	
9415	0	37768	28704	36224	
9416	0	37716	28704	36236	
9417	0	37664	28685	36248	
9418	0	37600	28692	36248	
9419	0	37552	28696	36220	
9420	0	37500	28728	36228	
9421	0	37433	28697	36245	
9422	0	37380	28710	36216	
9423	0	37316	28708	36244	
9424	0	37264	28693	36224	
9425	0	37204	28680	36228	
9426	0	37148	28690	36265	
9427	0	37088	28696	36236	
9428	0	37036	28705	36236	
9429	0	36976	28708	36224	
9430	0	36928	28708	36276	
9431	0	36872	28696	36228	
9432	0	36812	28686	36256	
9433	0	36756	28672	36260	
9434	0	36704	28684	36252	
9435	0	36640	28692	36200	
9436	0	36588	28672	36248	
9437	0	36532	28679	36246	
9438	0	36472	28676	36236	
9439	0	36420	28668	36256	
9440	0	36360	28676	36269	
9441	0	36308	28668	36248	
9442	0	36256	28649	36228	
9443	0	36192	28677	36232	
9444	0	36152	28668	36244	
9445	0	36092	28668	36256	
9446	0	36032	28653	36244	
9447	0	35980	28676	36240	
9448	0	35932	28648	36244	
9449	0	35848	28653	36212	
9450	0	35812	28652	36241	
9451	0	35772	28632	36228	
9452	0	35712	28640	36216	
9453	0	35656	28648	36244	
9454	0	35612	28624	36256	
9455	0	35552	28632	36248	
9456	0	35500	28644	36236	
9457	0	35449	28640	36232	
9458	0	35396	28640	36244	
9459	0	35340	28640	36240	
9460	0	35292	28616	36256	
9461	0	35236	28624	36240	
9462	0	35188	28608	36222	
9463	0	35136	28612	36252	
9464	0	35084	28589	36252	
9465	0	35032	28624	36228	
9466	0	34984	28620	36249	
9467	0	34928	28628	36252	
9468	0	34880	28608	36240	
9469	0	34832	28597	36254	
9470	0	34774	28580	36240	
9471	0	34721	28576	36232	
9472	0	34676	28577	36241	
9473	0	34624	28589	36228	
9474	0	34569	28586	36224	
9475	0	34508	28592	36224	
9476	0	34464	28572	36240	
9477	0	34412	28596	36236	
9478	0	34364	28576	36244	
9479	0	34308	28565	36244	
9480	0	34260	28552	36232	
9481	0	34204	28553	36248	
9482	0	34164	28537	36248	
9483	0	34108	28548	36233	
9484	0	34060	28553	36241	
9485	0	34000	28546	36236	
9486	0	33949	28540	36248	
9487	0	33897	28548	36228	
9488	0	33848	28540	36213	
9489	0	33792	28536	36245	
9490	0	33748	28508	36248	
9491	0	33692	28508	36256	
9492	0	33636	28512	36228	
9493	0	33577	28524	36248	
9494	0	33540	28500	36241	
9495	0	33488	28512	36272	
9496	0	33432	28528	36228	
9497	0	33384	28521	36208	
9498	0	33328	28513	36233	
9499	0	33272	28496	36244	
9500	0	33220	28484	36268	
9501	0	33168	28513	36244	
9502	0	33116	28525	36253	
9503	0	33064	28536	36240	
9504	0	33004	28540	36228	
9505	0	32952	28528	36240	
9506	0	32896	28532	36268	
9507	0	32849	28532	36216	
9508	0	32789	28508	36252	
9509	0	32733	28504	36236	
9510	0	32680	28498	36236	
9511	0	32624	28512	36228	
9512	0	32568	28472	36256	
9513	0	32505	28504	36264	
9514	0	32452	28472	36236	
9515	0	32388	28489	36254	
9516	0	32344	28496	36216	
9517	0	32284	28496	36236	
9518	0	32224	28494	36224	
9519	0	32169	28453	36256	
9520	0	32109	28476	36240	
9521	0	32053	28476	36224	
9522	0	31990	28465	36254	
9523	0	31928	28484	36228	
9524	0	31877	28472	36236	
9525	0	31812	28472	36244	
9526	0	31752	28480	36260	
9527	0	31692	28448	36254	
9528	0	31632	28460	36232	
9529	0	31568	28472	36228	
9530	0	31508	28444	36236	
9531	0	31448	28480	36252	
9532	0	31392	28460	36232	
9533	0	31328	28428	36261	
9534	0	31260	28452	36254	
9535	0	31192	28452	36226	
9536	0	31136	28456	36248	
9537	0	31072	28464	36240	
9538	0	31004	28436	36244	
9539	0	30940	28468	36225	
9540	0	30881	28461	36224	
9541	0	30812	28464	36240	
9542	0	30748	28460	36244	
9543	0	30689	28465	36248	
9544	0	30624	28480	36248	
9545	0	30560	28465	36220	
9546	0	30498	28500	36248	
9547	0	30436	28501	36233	
9548	0	30372	28461	36252	
9549	0	30304	28473	36225	
9550	0	30248	28468	36248	
9551	0	30188	28480	36224	
9552	0	30121	28492	36256	
9553	0	30060	28532	36236	
9554	0	29996	28520	36264	
9555	0	29941	28520	36240	
9556	0	29872	28492	36256	
9557	0	29813	28509	36252	
9558	0	29752	28520	36228	
9559	0	29681	28564	36244	
9560	0	29632	28552	36240	
9561	0	29568	28560	36248	
9562	0	29516	28548	36248	
9563	0	29452	28554	36220	
9564	0	29392	28568	36236	
9565	0	29341	28576	36220	
9566	0	29277	28564	36224	
9567	0	29216	28552	36228	
9568	0	29168	28597	36240	
9569	0	29112	28580	36244	
9570	0	29048	28604	36220	
9571	0	28997	28596	36239	
9572	0	28944	28580	36228	
9573	0	28890	28580	36228	
9574	0	28836	28556	36268	
9575	0	28777	28572	36272	
9576	0	28729	28568	36236	
9577	0	28680	28568	36256	
9578	0	28628	28624	36248	
9579	0	28576	28628	36237	
9580	0	28528	28652	36232	
9581	0	28480	28632	36228	
9582	0	28428	28637	36248	
9583	0	28378	28644	36252	
9584	0	28332	28626	36256	
9585	0	28280	28645	36224	
9586	0	28240	28654	36260	
9587	0	28196	28654	36244	
9588	0	28152	28676	36268	
9589	0	28104	28688	36264	
9590	0	28060	28696	36268	
9591	0	28020	28660	36236	
9592	0	27972	28641	36248	
9593	0	27936	28658	36245	
9594	0	27892	28661	36236	
9595	0	27848	28649	36260	
9596	0	27809	28672	36236	
9597	0	27768	28664	36228	
9598	0	27732	28692	36244	
9599	0	27696	28680	36236	
9600	0	27652	28673	36240	
9601	0	27624	28732	36236	
9602	0	27576	28728	36248	
9603	0	27548	28696	36261	
9604	0	27508	28708	36256	
9605	0	27473	28716	36264	
9606	0	27440	28716	36248	
9607	0	27404	28712	36224	
9608	0	27372	28692	36288	
9609	0	27344	28708	36276	
9610	0	27304	28737	36248	
9611	0	27272	28732	36272	
9612	0	27240	28680	36260	
9613	0	27213	28704	36244	
9614	0	27172	28740	36253	
9615	0	27154	28716	36268	
9616	0	27116	28768	36236	
9617	0	27090	28768	36260	
9618	0	27056	28764	36244	
9619	0	27040	28752	36264	
9620	0	27012	28756	36260	
9621	0	26976	28732	36256	
9622	0	26956	28753	36229	
9623	0	26924	28761	36248	
9624	0	26901	28745	36240	
9625	0	26876	28736	36280	
9626	0	26848	28740	36252	
9627	0	26820	28756	36252	
9628	0	26808	28740	36260	
9629	0	26772	28740	36229	
9630	0	26750	28777	36236	
9631	0	26728	28768	36220	
9632	0	26708	28756	36220	
9633	0	26684	28760	36280	
9634	0	26665	28736	36244	
9635	0	26638	28724	36224	
9636	0	26622	28764	36252	
9637	0	26596	28768	36280	
9638	0	26576	28788	36236	
9639	0	26556	28732	36204	
9640	0	26540	28738	36240	
9641	0	26522	28776	36228	
9642	0	26504	28744	36257	
9643	0	26480	28782	36256	
9644	0	26466	28804	36232	
9645	0	26448	28760	36236	
9646	0	26428	28776	36246	
9647	0	26408	28804	36232	
9648	0	26392	28782	36197	
9649	0	26380	28764	36272	
9650	0	26356	28781	36224	
9651	0	26338	28768	36224	
9652	0	26332	28756	36200	
9653	0	26312	28752	36252	
9654	0	26296	28748	36228	
9655	0	26284	28760	36236	
9656	0	26269	28764	36224	
9657	0	26261	28772	36224	
9658	0	26240	28788	36228	
9659	0	26222	28768	36236	
9660	0	26214	28772	36224	
9661	0	26204	28800	36232	
9662	0	26188	28800	36236	
9663	0	26176	28772	36220	
9664	0	26161	28780	36224	
9665	0	26156	28776	36232	
9666	0	26144	28764	36252	
9667	0	26136	28800	36244	
9668	0	26122	28781	36232	
9669	0	26108	28780	36237	
9670	0	26100	28800	36204	
9671	0	26088	28820	36204	
9672	0	26080	28800	36224	
9673	0	26072	28796	36240	
9674	0	26058	28789	36232	
9675	0	26056	28784	36240	
9676	0	26040	28800	36228	
9677	0	26032	28801	36240	
9678	0	26025	28794	36216	
9679	0	26017	28768	36244	
9680	0	26012	28794	36253	
9681	0	26008	28792	36236	
9682	0	26001	28800	36240	
9683	0	25994	28808	36244	
9684	0	25989	28816	36250	
9685	0	25978	28800	36236	
9686	0	25972	28796	36224	
9687	0	25972	28780	36229	
9688	0	25972	28780	36232	
9689	0	25964	28800	36244	
9690	0	25960	28796	36225	
9691	0	25959	28794	36232	
9692	0	25953	28792	36228	
9693	0	25952	28801	36224	
9694	0	25944	28800	36237	
9695	0	25948	28808	36233	
9696	0	25936	28828	36220	
9697	0	25940	28781	36252	
9698	0	25940	28772	36256	
9699	0	25940	28776	36244	
9700	0	25944	28764	36260	
9701	0	25940	28805	36232	
9702	0	25936	28812	36228	
9703	0	25940	28812	36245	
9704	0	25938	28776	36240	
9705	0	25940	28792	36244	
9706	0	25940	28793	36240	
9707	0	25944	28776	36252	
9708	0	25944	28786	36240	
9709	0	25952	28797	36232	
9710	0	25952	28778	36224	
9711	0	25953	28774	36264	
9712	0	25956	28768	36236	
9713	0	25960	28797	36248	
9714	0	25970	28788	36232	
9715	0	25976	28788	36244	
9716	0	25984	28773	36224	
9717	0	25984	28780	36208	
9718	0	25998	28800	36248	
9719	0	25997	28785	36264	
9720	0	26005	28802	36233	
9721	0	26008	28782	36252	
9722	0	26017	28804	36240	
9723	0	26028	28800	36228	
9724	0	26024	28785	36240	
9725	0	26048	28812	36233	
9726	0	26053	28812	36228	
9727	0	26060	28796	36240	
9728	0	26074	28805	36240	
9729	0	26084	28780	36216	
9730	0	26092	28784	36237	
9731	0	26108	28788	36232	
9732	0	26120	28777	36256	
9733	0	26136	28789	36236	
9734	0	26148	28789	36220	
9735	0	26152	28768	36224	
9736	0	26164	28792	36205	
9737	0	26184	28757	36240	
9738	0	26200	28764	36252	
9739	0	26212	28740	36249	
9740	0	26224	28804	36212	
9741	0	26233	28763	36240	
9742	0	26252	28768	36260	
9743	0	26264	28796	36228	
9744	0	26276	28738	36220	
9745	0	26313	28744	36244	
9746	0	26305	28800	36208	
9747	0	26328	28756	36256	
9748	0	26344	28777	36224	
9749	0	26356	28786	36196	
9750	0	26376	28764	36248	
9751	0	26392	28772	36236	
9752	0	26408	28744	36225	
9753	0	26432	28780	36225	
9754	0	26454	28780	36236	
9755	0	26464	28748	36244	
9756	0	26488	28760	36218	
9757	0	26500	28740	36248	
9758	0	26520	28765	36228	
9759	0	26542	28764	36236	
9760	0	26556	28776	36240	
9761	0	26577	28776	36188	
9762	0	26596	28749	36236	
9763	0	26620	28780	36232	
9764	0	26640	28740	36212	
9765	0	26657	28736	36232	
9766	0	26688	28780	36224	
9767	0	26705	28736	36196	
9768	0	26724	28744	36212	
9769	0	26748	28752	36229	
9770	0	26764	28740	36212	
9771	0	26784	28732	36224	
9772	0	26805	28744	36232	
9773	0	26828	28716	36252	
9774	0	26848	28713	36228	
9775	0	26876	28720	36252	
9776	0	26896	28744	36224	
9777	0	26924	28736	36244	
9778	0	26940	28744	36236	
9779	0	26956	28742	36237	
9780	0	26988	28736	36244	
9781	0	27008	28768	36232	
9782	0	27032	28752	36224	
9783	0	27056	28736	36240	
9784	0	27084	28728	36248	
9785	0	27104	28728	36240	
9786	0	27120	28768	36228	
9787	0	27148	28692	36245	
9788	0	27176	28688	36224	
9789	0	27200	28704	36228	
9790	0	27220	28704	36232	
9791	0	27248	28704	36236	
9792	0	27277	28700	36236	
9793	0	27296	28716	36224	
9794	0	27328	28680	36244	
9795	0	27352	28713	36236	
9796	0	27380	28688	36248	
9797	0	27404	28712	36221	
9798	0	27436	28692	36228	
9799	0	27460	28709	36250	
9800	0	27484	28696	36236	
9801	0	27520	28696	36228	
9802	0	27549	28724	36220	
9803	0	27572	28680	36252	
9804	0	27608	28688	36240	
9805	0	27640	28684	36270	
9806	0	27672	28656	36236	
9807	0	27709	28641	36228	
9808	0	27732	28676	36240	
9809	0	27776	28640	36244	
9810	0	27806	28656	36228	
9811	0	27848	28648	36216	
9812	0	27872	28652	36232	
9813	0	27916	28616	36248	
9814	0	27952	28665	36201	
9815	0	27996	28668	36248	
9816	0	28028	28644	36224	
9817	0	28072	28641	36236	
9818	0	28116	28637	36224	
9819	0	28160	28616	36228	
9820	0	28196	28625	36224	
9821	0	28244	28612	36208	
9822	0	28288	28617	36193	
9823	0	28336	28597	36233	
9824	0	28376	28589	36228	
9825	0	28428	28580	36220	
9826	0	28472	28584	36224	
9827	0	28532	28620	36224	
9828	0	28581	28612	36216	
9829	0	28616	28598	36224	
9830	0	28680	28568	36212	
9831	0	28744	28544	36248	
9832	0	28788	28556	36244	
9833	0	28848	28561	36196	
9834	0	28900	28560	36232	
9835	0	28960	28566	36244	
9836	0	29020	28548	36216	
9837	0	29069	28573	36192	
9838	0	29144	28570	36240	
9839	0	29200	28524	36236	
9840	0	29260	28509	36252	
9841	0	29324	28540	36236	
9842	0	29388	28536	36220	
9843	0	29454	28516	36228	
9844	0	29520	28508	36228	
9845	0	29584	28518	36240	
9846	0	29652	28502	36224	
9847	0	29712	28480	36249	
9848	0	29788	28496	36228	
9849	0	29856	28480	36208	
9850	0	29912	28488	36228	
9851	0	29992	28488	36220	
9852	0	30064	28464	36237	
9853	0	30140	28485	36224	
9854	0	30201	28476	36229	
9855	0	30276	28440	36217	
9856	0	30352	28444	36220	
9857	0	30420	28473	36244	
9858	0	30496	28452	36224	
9859	0	30569	28432	36232	
9860	0	30642	28429	36248	
9861	0	30720	28428	36232	
9862	0	30796	28428	36229	
9863	0	30868	28448	36236	
9864	0	30948	28440	36216	
9865	0	31024	28421	36220	
9866	0	31104	28433	36240	
9867	0	31170	28448	36212	
9868	0	31256	28440	36212	
9869	0	31332	28421	36228	
9870	0	31412	28444	36232	
9871	0	31476	28432	36228	
9872	0	31568	28444	36204	
9873	0	31644	28432	36216	
9874	0	31724	28432	36220	
9875	0	31816	28448	36228	
9876	0	31884	28436	36228	
9877	0	31960	28460	36231	
9878	0	32044	28460	36224	
9879	0	32120	28434	36224	
9880	0	32204	28465	36224	
9881	0	32284	28478	36232	
9882	0	32360	28473	36224	
9883	0	32437	28480	36220	
9884	0	32524	28480	36224	
9885	0	32604	28484	36208	
9886	0	32685	28484	36212	
9887	0	32764	28480	36225	
9888	0	32844	28504	36212	
9889	0	32928	28516	36204	
9890	0	33004	28536	36224	
9891	0	33084	28508	36216	
9892	0	33161	28500	36253	
9893	0	33248	28469	36232	
9894	0	33328	28500	36201	
9895	0	33408	28520	36208	
9896	0	33484	28512	36216	
9897	0	33568	28497	36232	
9898	0	33648	28508	36236	
9899	0	33721	28504	36228	
9900	0	33801	28532	36228	
9901	0	33888	28528	36220	
9902	0	33964	28540	36196	
9903	0	34044	28537	36228	
9904	0	34120	28528	36225	
9905	0	34196	28517	36224	
9906	0	34272	28512	36240	
9907	0	34348	28566	36234	
9908	0	34420	28564	36248	
9909	0	34504	28546	36238	
9910	0	34584	28554	36248	
9911	0	34656	28600	36192	
9912	0	34724	28549	36240	
9913	0	34804	28572	36232	
9914	0	34880	28592	36240	
9915	0	34949	28596	36232	
9916	0	35030	28584	36232	
9917	0	35096	28588	36212	
9918	0	35168	28582	36228	
9919	0	35244	28596	36208	
9920	0	35309	28588	36232	
9921	0	35384	28608	36204	
9922	0	35452	28608	36225	
9923	0	35520	28636	36214	
9924	0	35589	28628	36240	
9925	0	35648	28624	36228	
9926	0	35724	28616	36222	
9927	0	35784	28640	36236	
9928	0	35852	28656	36212	
9929	0	35928	28644	36236	
9930	0	35984	28648	36264	
9931	0	36048	28660	36236	
9932	0	36120	28632	36248	
9933	0	36172	28644	36240	
9934	0	36232	28664	36240	
9935	0	36296	28652	36256	
9936	0	36364	28660	36240	
9937	0	36424	28660	36237	
9938	0	36480	28657	36228	
9939	0	36536	28676	36224	
9940	0	36600	28677	36228	
9941	0	36652	28664	36204	
9942	0	36720	28656	36228	
9943	0	36772	28668	36224	
9944	0	36828	28668	36236	
9945	0	36876	28673	36228	
9946	0	36944	28684	36224	
9947	0	36996	28690	36232	
9948	0	37049	28665	36236	
9949	0	37104	28672	36224	
9950	0	37156	28676	36212	
9951	0	37212	28680	36226	
9952	0	37276	28684	36224	
9953	0	37320	28676	36220	
9954	0	37372	28669	36244	
9955	0	37420	28696	36228	
9956	0	37472	28676	36217	
9957	0	37528	28681	36232	
9958	0	37576	28684	36228	
9959	0	37628	28681	36264	
9960	0	37676	28688	36244	
9961	0	37724	28692	36225	
9962	0	37776	28704	36228	
9963	0	37828	28688	36220	
9964	0	37872	28698	36228	
9965	0	37920	28704	36240	
9966	0	37968	28697	36224	
9967	0	38016	28678	36252	
9968	0	38064	28716	36244	
9969	0	38112	28697	36236	
9970	0	38160	28689	36260	
9971	0	38204	28708	36229	
9972	0	38237	28688	36252	
9973	0	38292	28712	36221	
9974	0	38336	28713	36236	
9975	0	38380	28704	36236	
9976	0	38432	28712	36208	
9977	0	38468	28716	36226	
9978	0	38500	28708	36237	
9979	0	38556	28710	36216	
9980	0	38592	28706	36232	
9981	0	38630	28716	36224	
9982	0	38676	28717	36232	
9983	0	38716	28697	36254	
9984	0	38752	28712	36256	
9985	0	38796	28724	36252	
9986	0	38840	28704	36241	
9987	0	38880	28724	36249	
9988	0	38924	28738	36244	
9989	0	38956	28712	36228	
9990	0	38992	28721	36252	
9991	0	39029	28716	36225	
9992	0	39072	28720	36260	
9993	0	39108	28720	36236	
9994	0	39148	28708	36252	
9995	0	39180	28716	36236	
9996	0	39220	28712	36245	
9997	0	39256	28724	36245	
9998	0	39288	28720	36221	
9999	0	39320	28722	36237	
10000	0	39348	28696	36256	
10001	0	39392	28720	36220	
10002	0	39421	28709	36228	
10003	0	39464	28740	36232	
10004	0	39488	28728	36225	
10005	0	39520	28728	36213	
10006	0	39548	28736	36212	
10007	0	39576	28736	36204	
10008	0	39609	28732	36248	
10009	0	39640	28728	36220	
10010	0	39672	28728	36244	
10011	0	39704	28728	36216	
10012	0	39720	28732	36225	
10013	0	39760	28724	36244	
10014	0	39788	28736	36228	
10015	0	39808	28740	36244	
10016	0	39836	28728	36228	
10017	0	39856	28736	36225	
10018	0	39881	28696	36240	
10019	0	39904	28716	36236	
10020	0	39897	28716	36228	
10021	0	39952	28720	36228	
10022	0	39968	28728	36232	
10023	0	39992	28733	36224	
10024	0	40004	28724	36244	
10025	0	40032	28730	36248	
10026	0	40048	28728	36252	
10027	0	40064	28709	36232	
10028	0	40080	28716	36224	
10029	0	40100	28728	36248	
10030	0	40112	28732	36248	
10031	0	40124	28708	36248	
10032	0	40144	28725	36256	
10033	0	40161	28732	36236	
10034	0	40176	28720	36237	
10035	0	40176	28724	36245	
10036	0	40189	28722	36244	
10037	0	40200	28712	36248	
10038	0	40212	28729	36240	
10039	0	40220	28708	36236	
10040	0	40228	28724	36233	
10041	0	40244	28720	36216	
10042	0	40236	28728	36224	
10043	0	40248	28732	36224	
10044	0	40248	28736	36240	
10045	0	40256	28732	36240	
10046	0	40256	28720	36245	
10047	0	40276	28725	36228	
10048	0	40264	28725	36228	
10049	0	40276	28736	36220	
10050	0	40276	28740	36236	
10051	0	40276	28740	36224	
10052	0	40272	28720	36240	
10053	0	40272	28732	36232	
10054	0	40272	28752	36224	
10055	0	40280	28728	36226	
10056	0	40272	28732	36216	
10057	0	40272	28732	36242	
10058	0	40276	28728	36260	
10059	0	40276	28720	36236	
10060	0	40268	28730	36240	
10061	0	40260	28736	36233	
10062	0	40248	28720	36220	
10063	0	40248	28724	36248	
10064	0	40248	28736	36256	
10065	0	40240	28720	36236	
10066	0	40232	28728	36216	
10067	0	40220	28732	36228	
10068	0	40216	28724	36256	
10069	0	40212	28709	36256	
10070	0	40200	28725	36240	
10071	0	40192	28733	36240	
10072	0	40176	28736	36252	
10073	0	40172	28728	36240	
10074	0	40160	28736	36229	
10075	0	40140	28738	36236	
10076	0	40128	28729	36232	
10077	0	40116	28760	36236	
10078	0	40096	28736	36250	
10079	0	40096	28720	36244	
10080	0	40076	28733	36236	
10081	0	40060	28761	36232	
10082	0	40044	28728	36238	
10083	0	40024	28732	36232	
10084	0	40016	28720	36238	
10085	0	40000	28733	36236	
10086	0	39984	28744	36240	
10087	0	39960	28716	36248	
10088	0	39940	28736	36252	
10089	0	39916	28732	36240	
10090	0	39908	28724	36224	
10091	0	39888	28736	36228	
10092	0	39864	28720	36224	
10093	0	39836	28729	36224	
10094	0	39820	28720	36252	
10095	0	39796	28736	36238	
10096	0	39780	28736	36240	
10097	0	39752	28732	36224	
10098	0	39732	28730	36240	
10099	0	39704	28728	36232	
10100	0	39680	28732	36228	
10101	0	39656	28729	36260	
10102	0	39632	28720	36241	
10103	0	39616	28720	36244	
10104	0	39572	28724	36252	
10105	0	39552	28736	36229	
10106	0	39532	28728	36244	
10107	0	39500	28723	36241	
10108	0	39480	28726	36233	
10109	0	39444	28752	36228	
10110	0	39420	28730	36240	
10111	0	39392	28738	36236	
10112	0	39360	28716	36236	
10113	0	39332	28708	36256	
10114	0	39300	28736	36236	
10115	0	39268	28720	36236	
10116	0	39244	28724	36224	
10117	0	39212	28720	36253	
10118	0	39184	28716	36236	
10119	0	39148	28724	36224	
10120	0	39116	28708	36229	
10121	0	39080	28728	36220	
10122	0	39049	28732	36240	
10123	0	39016	28712	36256	
10124	0	38984	28736	36236	
10125	0	38944	28728	36256	
10126	0	38908	28700	36272	
10127	0	38888	28708	36220	
10128	0	38852	28724	36220	
10129	0	38813	28716	36232	
10130	0	38772	28728	36244	
10131	0	38740	28721	36229	
10132	0	38700	28712	36244	
10133	0	38668	28732	36216	
10134	0	38632	28736	36256	
10135	0	38588	28704	36253	
10136	0	38564	28708	36240	
10137	0	38520	28720	36248	
10138	0	38476	28716	36232	
10139	0	38448	28712	36261	
10140	0	38400	28724	36253	
10141	0	38364	28732	36248	
10142	0	38312	28696	36249	
10143	0	38280	28721	36228	
10144	0	38236	28724	36216	
10145	0	38196	28721	36233	
10146	0	38160	28688	36240	
10147	0	38116	28705	36272	
10148	0	38072	28712	36221	
10149	0	38032	28712	36248	
10150	0	37977	28732	36221	
10151	0	37940	28708	36233	
10152	0	37900	28684	36280	
10153	0	37852	28684	36260	
10154	0	37808	28684	36252	
10155	0	37760	28708	36245	
10156	0	37716	28716	36252	
10157	0	37668	28705	36232	
10158	0	37620	28697	36216	
10159	0	37580	28692	36260	
10160	0	37528	28684	36245	
10161	0	37484	28692	36252	
10162	0	37432	28688	36224	
10163	0	37384	28692	36256	
10164	0	37344	28684	36236	
10165	0	37288	28694	36224	
10166	0	37236	28692	36228	
10167	0	37188	28688	36260	
10168	0	37137	28685	36232	
10169	0	37088	28704	36228	
10170	0	37044	28692	36226	
10171	0	36989	28688	36256	
10172	0	36940	28668	36244	
10173	0	36893	28680	36260	
10174	0	36840	28656	36224	
10175	0	36792	28676	36228	
10176	0	36736	28680	36260	
10177	0	36688	28672	36252	
10178	0	36628	28672	36256	
10179	0	36584	28686	36248	
10180	0	36532	28672	36241	
10181	0	36480	28664	36237	
10182	0	36432	28668	36224	
10183	0	36380	28680	36264	
10184	0	36324	28672	36244	
10185	0	36272	28668	36232	
10186	0	36216	28684	36221	
10187	0	36168	28662	36212	
10188	0	36116	28641	36212	
10189	0	36064	28648	36244	
10190	0	36008	28676	36236	
10191	0	35964	28644	36232	
10192	0	35904	28668	36224	
10193	0	35848	28656	36241	
10194	0	35808	28640	36246	
10195	0	35752	28634	36260	
10196	0	35696	28640	36245	
10197	0	35636	28640	36249	
10198	0	35584	28640	36229	
10199	0	35530	28635	36240	
10200	0	35472	28653	36248	
10201	0	35424	28636	36228	
10202	0	35372	28649	36232	
10203	0	35313	28616	36244	
10204	0	35264	28628	36256	
10205	0	35208	28624	36240	
10206	0	35156	28620	36224	
10207	0	35104	28608	36244	
10208	0	35049	28640	36238	
10209	0	35000	28604	36240	
10210	0	34944	28636	36256	
10211	0	34896	28620	36206	
10212	0	34832	28616	36216	
10213	0	34786	28596	36280	
10214	0	34728	28600	36204	
10215	0	34672	28524	36280	
10216	0	34624	28572	36272	
10217	0	34572	28608	36220	
10218	0	34520	28560	36256	
10219	0	34464	28577	36264	
10220	0	34420	28572	36228	
10221	0	34360	28536	36261	
10222	0	34312	28580	36252	
10223	0	34244	28556	36240	
10224	0	34185	28556	36233	
10225	0	34144	28557	36257	
10226	0	34092	28552	36208	
10227	0	34036	28536	36272	
10228	0	33988	28558	36248	
10229	0	33936	28552	36224	
10230	0	33884	28544	36232	
10231	0	33824	28536	36236	
10232	0	33772	28537	36236	
10233	0	33720	28516	36261	
10234	0	33670	28536	36245	
10235	0	33616	28516	36224	
10236	0	33568	28508	36236	
10237	0	33512	28516	36248	
10238	0	33452	28516	36236	
10239	0	33405	28508	36244	
10240	0	33352	28536	36216	
10241	0	33308	28524	36256	
10242	0	33248	28524	36242	
10243	0	33196	28500	36248	
10244	0	33144	28540	36260	
10245	0	33092	28509	36264	
10246	0	33044	28517	36248	
10247	0	32980	28521	36260	
10248	0	32928	28536	36248	
10249	0	32876	28540	36232	
10250	0	32832	28524	36248	
10251	0	32768	28512	36248	
10252	0	32724	28513	36248	
10253	0	32672	28516	36244	
10254	0	32620	28496	36256	
10255	0	32568	28496	36245	
10256	0	32512	28500	36256	
10257	0	32456	28500	36228	
10258	0	32405	28488	36268	
10259	0	32348	28528	36232	
10260	0	32304	28504	36225	
10261	0	32249	28466	36272	
10262	0	32192	28485	36232	
10263	0	32136	28492	36261	
10264	0	32077	28474	36220	
10265	0	32032	28468	36230	
10266	0	31980	28496	36260	
10267	0	31928	28484	36261	
10268	0	31872	28492	36274	
10269	0	31824	28492	36236	
10270	0	31760	28480	36268	
10271	0	31713	28464	36256	
10272	0	31664	28464	36248	
10273	0	31612	28460	36240	
10274	0	31552	28465	36292	
10275	0	31496	28496	36232	
10276	0	31448	28449	36268	
10277	0	31396	28472	36248	
10278	0	31340	28460	36216	
10279	0	31288	28460	36288	
10280	0	31236	28465	36240	
10281	0	31184	28448	36252	
10282	0	31132	28452	36264	
10283	0	31076	28470	36248	
10284	0	31032	28461	36244	
10285	0	30976	28464	36264	
10286	0	30920	28492	36240	
10287	0	30874	28472	36252	
10288	0	30828	28456	36272	
10289	0	30776	28480	36224	
10290	0	30716	28440	36232	
10291	0	30672	28488	36261	
10292	0	30628	28504	36204	
10293	0	30576	28504	36244	
10294	0	30524	28485	36244	
10295	0	30472	28488	36264	
10296	0	30424	28488	36256	
10297	0	30380	28480	36260	
10298	0	30330	28504	36273	
10299	0	30280	28492	36229	
10300	0	30236	28472	36296	
10301	0	30192	28500	36268	
10302	0	30144	28500	36252	
10303	0	30096	28473	36288	
10304	0	30049	28536	36225	
10305	0	30008	28516	36224	
10306	0	29960	28512	36268	
10307	0	29916	28524	36240	
10308	0	29870	28524	36224	
10309	0	29829	28502	36261	
10310	0	29780	28520	36228	
10311	0	29744	28524	36236	
10312	0	29700	28520	36256	
10313	0	29660	28521	36253	
10314	0	29616	28537	36269	
10315	0	29580	28528	36276	
10316	0	29540	28549	36264	
10317	0	29500	28540	36264	
10318	0	29464	28544	36256	
10319	0	29415	28548	36240	
10320	0	29380	28552	36252	
10321	0	29340	28552	36224	
10322	0	29300	28552	36268	
10323	0	29268	28564	36249	
10324	0	29236	28560	36256	
10325	0	29204	28544	36256	
10326	0	29160	28584	36244	
10327	0	29124	28604	36241	
10328	0	29096	28592	36248	
10329	0	29056	28585	36252	
10330	0	29028	28608	36252	
10331	0	28992	28608	36236	
10332	0	28960	28598	36256	
10333	0	28932	28588	36236	
10334	0	28900	28564	36252	
10335	0	28864	28576	36244	
10336	0	28836	28596	36248	
10337	0	28805	28596	36260	
10338	0	28774	28592	36252	
10339	0	28748	28592	36240	
10340	0	28724	28592	36256	
10341	0	28696	28600	36256	
10342	0	28664	28620	36232	
10343	0	28640	28612	36265	
10344	0	28612	28600	36256	
10345	0	28585	28624	36244	
10346	0	28565	28640	36228	
10347	0	28544	28664	36241	
10348	0	28512	28632	36264	
10349	0	28492	28628	36252	
10350	0	28468	28628	36268	
10351	0	28448	28649	36252	
10352	0	28424	28618	36264	
10353	0	28404	28652	36268	
10354	0	28380	28640	36264	
10355	0	28360	28640	36249	
10356	0	28340	28636	36232	
10357	0	28316	28640	36256	
10358	0	28304	28664	36248	
10359	0	28288	28656	36268	
10360	0	28266	28624	36268	
10361	0	28252	28644	36288	
10362	0	28236	28624	36248	
10363	0	28217	28633	36280	
10364	0	28200	28632	36292	
10365	0	28192	28628	36284	
10366	0	28168	28632	36268	
10367	0	28154	28686	36249	
10368	0	28140	28704	36268	
10369	0	28128	28673	36248	
10370	0	28112	28660	36268	
10371	0	28100	28684	36288	
10372	0	28082	28692	36264	
10373	0	28071	28696	36289	
10374	0	28060	28681	36252	
10375	0	28044	28648	36256	
10376	0	28032	28669	36284	
10377	0	28024	28708	36252	
10378	0	28004	28680	36272	
10379	0	27990	28688	36296	
10380	0	27984	28705	36248	
10381	0	27996	28702	36276	
10382	0	27960	28688	36268	
10383	0	27948	28720	36264	
10384	0	27952	28676	36280	
10385	0	27936	28704	36280	
10386	0	27918	28680	36280	
10387	0	27908	28676	36260	
10388	0	27900	28664	36276	
10389	0	27888	28668	36260	
10390	0	27880	28677	36280	
10391	0	27874	28680	36264	
10392	0	27868	28656	36264	
10393	0	27856	28676	36264	
10394	0	27848	28672	36264	
10395	0	27836	28664	36268	
10396	0	27828	28684	36280	
10397	0	27824	28680	36282	
10398	0	27812	28692	36272	
10399	0	27808	28676	36288	
10400	0	27800	28688	36268	
10401	0	27796	28708	36240	
10402	0	27785	28704	36284	
10403	0	27784	28680	36257	
10404	0	27768	28668	36288	
10405	0	27760	28697	36268	
10406	0	27761	28688	36288	
10407	0	27752	28719	36276	
10408	0	27748	28721	36249	
10409	0	27744	28688	36248	
10410	0	27745	28700	36296	
10411	0	27740	28682	36284	
10412	0	27737	28692	36260	
10413	0	27732	28721	36252	
10414	0	27736	28656	36244	
10415	0	27728	28660	36296	
10416	0	27728	28696	36265	
10417	0	27729	28692	36284	
10418	0	27728	28696	36268	
10419	0	27724	28712	36253	
10420	0	27724	28712	36257	
10421	0	27728	28681	36284	
10422	0	27728	28677	36308	
10423	0	27732	28710	36264	
10424	0	27732	28704	36280	
10425	0	27736	28705	36256	
10426	0	27732	28698	36256	
10427	0	27740	28700	36256	
10428	0	27744	28728	36276	
10429	0	27749	28701	36260	
10430	0	27752	28688	36284	
10431	0	27756	28680	36272	
10432	0	27764	28686	36252	
10433	0	27772	28681	36268	
10434	0	27776	28704	36269	
10435	0	27780	28700	36256	
10436	0	27785	28716	36289	
10437	0	27798	28696	36268	
10438	0	27804	28700	36296	
10439	0	27808	28688	36296	
10440	0	27820	28696	36268	
10441	0	27829	28680	36280	
10442	0	27840	28680	36292	
10443	0	27848	28692	36270	
10444	0	27860	28676	36300	
10445	0	27872	28700	36268	
10446	0	27872	28680	36272	
10447	0	27892	28701	36273	
10448	0	27900	28672	36280	
10449	0	27920	28684	36288	
10450	0	27924	28692	36292	
10451	0	27945	28684	36288	
10452	0	27954	28694	36292	
10453	0	27965	28716	36272	
10454	0	27976	28708	36282	
10455	0	27988	28672	36260	
10456	0	27996	28717	36256	
10457	0	28012	28684	36284	
10458	0	28028	28692	36260	
10459	0	28044	28677	36282	
10460	0	28053	28717	36268	
10461	0	28068	28724	36248	
10462	0	28084	28720	36268	
10463	0	28092	28709	36264	
10464	0	28112	28736	36276	
10465	0	28124	28665	36308	
10466	0	28140	28713	36288	
10467	0	28156	28688	36296	
10468	0	28164	28672	36272	
10469	0	28184	28644	36276	
10470	0	28200	28628	36292	
10471	0	28212	28660	36276	
10472	0	28228	28660	36244	
10473	0	28248	28664	36252	
10474	0	28256	28656	36280	
10475	0	28280	28632	36276	
10476	0	28290	28652	36262	
10477	0	28306	28640	36260	
10478	0	28324	28624	36272	
10479	0	28336	28641	36285	
10480	0	28348	28664	36284	
10481	0	28365	28640	36280	
10482	0	28380	28648	36268	
10483	0	28397	28636	36296	
10484	0	28412	28613	36300	
10485	0	28432	28656	36268	
10486	0	28444	28632	36268	
10487	0	28456	28656	36240	
10488	0	28476	28625	36288	
10489	0	28488	28632	36284	
10490	0	28512	28640	36292	
10491	0	28524	28634	36272	
10492	0	28544	28628	36272	
10493	0	28556	28644	36276	
10494	0	28572	28658	36260	
10495	0	28580	28677	36264	
10496	0	28600	28620	36276	
10497	0	28608	28636	36284	
10498	0	28632	28640	36272	
10499	0	28648	28642	36264	
10500	0	28660	28640	36256	
10501	0	28673	28624	36276	
10502	0	28692	28604	36269	
10503	0	28708	28608	36262	
10504	0	28728	28624	36272	
10505	0	28732	28600	36276	
10506	0	28752	28600	36268	
10507	0	28760	28624	36280	
10508	0	28776	28608	36264	
10509	0	28796	28608	36284	
10510	0	28808	28608	36260	
10511	0	28824	28600	36288	
10512	0	28844	28620	36256	
10513	0	28856	28616	36264	
10514	0	28868	28596	36288	
10515	0	28880	28625	36268	
10516	0	28896	28585	36273	
10517	0	28908	28600	36292	
10518	0	28921	28593	36268	
10519	0	28944	28588	36264	
10520	0	28958	28637	36296	
10521	0	28969	28589	36276	
10522	0	28984	28609	36284	
10523	0	29000	28632	36256	
10524	0	29017	28644	36280	
10525	0	29037	28620	36276	
10526	0	29048	28624	36296	
10527	0	29065	28640	36276	
10528	0	29084	28632	36268	
10529	0	29092	28620	36264	
10530	0	29109	28660	36256	
10531	0	29124	28617	36280	
10532	0	29148	28585	36276	
10533	0	29161	28612	36284	
10534	0	29173	28584	36272	
10535	0	29188	28556	36284	
10536	0	29208	28588	36269	
10537	0	29216	28572	36272	
10538	0	29244	28584	36288	
10539	0	29256	28568	36264	
10540	0	29280	28580	36268	
10541	0	29284	28577	36280	
10542	0	29312	28584	36264	
10543	0	29324	28556	36252	
10544	0	29348	28576	36268	
10545	0	29372	28576	36276	
10546	0	29380	28552	36269	
10547	0	29400	28537	36268	
10548	0	29432	28568	36284	
10549	0	29444	28564	36256	
10550	0	29464	28557	36273	
10551	0	29464	28551	36257	
10552	0	29505	28568	36273	
10553	0	29528	28568	36274	
10554	0	29552	28568	36257	
10555	0	29576	28564	36280	
10556	0	29596	28592	36268	
10557	0	29612	28580	36272	
10558	0	29640	28572	36264	
10559	0	29668	28577	36253	
10560	0	29684	28604	36236	
10561	0	29716	28520	36224	
10562	0	29744	28496	36337	
10563	0	29760	28500	36304	
10564	0	29790	28494	36292	
10565	0	29816	28529	36296	
10566	0	29844	28558	36244	
10567	0	29868	28553	36244	
10568	0	29904	28536	36260	
10569	0	29928	28508	36288	
10570	0	29956	28505	36300	
10571	0	29980	28521	36298	
10572	0	30012	28508	36288	
10573	0	30037	28512	36276	
10574	0	30069	28516	36280	
10575	0	30100	28533	36280	
10576	0	30136	28528	36248	
10577	0	30172	28532	36252	
10578	0	30196	28510	36268	
10579	0	30228	28513	36264	
10580	0	30268	28488	36288	
10581	0	30296	28484	36280	
10582	0	30332	28496	36264	
10583	0	30364	28500	36244	
10584	0	30400	28520	36268	
10585	0	30433	28496	36280	
10586	0	30473	28492	36272	
10587	0	30512	28514	36268	
10588	0	30540	28504	36260	
10589	0	30572	28508	36266	
10590	0	30620	28517	36252	
10591	0	30648	28520	36269	
10592	0	30688	28493	36288	
10593	0	30732	28477	36288	
10594	0	30780	28492	36256	
10595	0	30812	28480	36268	
10596	0	30852	28456	36276	
10597	0	30900	28474	36284	
10598	0	30940	28472	36260	
10599	0	30980	28506	36256	
10600	0	31024	28480	36253	
10601	0	31061	28436	36316	
10602	0	31108	28450	36280	
10603	0	31152	28464	36264	
10604	0	31200	28472	36276	
10605	0	31244	28480	36237	
10606	0	31288	28464	36272	
10607	0	31338	28460	36293	
10608	0	31384	28468	36260	
10609	0	31424	28461	36268	
10610	0	31473	28484	36264	
10611	0	31520	28480	36252	
10612	0	31568	28470	36256	
10613	0	31613	28468	36256	
10614	0	31668	28480	36256	
10615	0	31720	28480	36260	
10616	0	31764	28517	36248	
10617	0	31812	28508	36261	
10618	0	31864	28509	36254	
10619	0	31912	28492	36256	
10620	0	31968	28484	36244	
10621	0	32020	28488	36268	
10622	0	32068	28504	36256	
10623	0	32120	28492	36256	
10624	0	32168	28500	36273	
10625	0	32224	28504	36272	
10626	0	32277	28496	36272	
10627	0	32328	28512	36268	
10628	0	32380	28504	36270	
10629	0	32421	28504	36264	
10630	0	32478	28505	36288	
10631	0	32536	28516	36264	
10632	0	32584	28509	36268	
10633	0	32644	28501	36282	
10634	0	32700	28528	36288	
10635	0	32752	28520	36268	
10636	0	32802	28552	36288	
10637	0	32856	28560	36254	
10638	0	32916	28556	36264	
10639	0	32960	28520	36284	
10640	0	33020	28548	36269	
10641	0	33072	28548	36256	
10642	0	33124	28566	36240	
10643	0	33184	28508	36248	
10644	0	33236	28489	36268	
10645	0	33300	28517	36276	
10646	0	33344	28524	36260	
10647	0	33400	28536	36276	
10648	0	33452	28520	36296	
10649	0	33501	28524	36272	
10650	0	33564	28516	36272	
10651	0	33616	28520	36256	
10652	0	33666	28529	36272	
10653	0	33720	28528	36260	
10654	0	33768	28536	36268	
10655	0	33828	28573	36252	
10656	0	33880	28553	36276	
10657	0	33936	28560	36248	
10658	0	33992	28565	36244	
10659	0	34040	28549	36256	
10660	0	34096	28556	36245	
10661	0	34144	28564	36228	
10662	0	34204	28549	36280	
10663	0	34242	28560	36264	
10664	0	34296	28580	36268	
10665	0	34356	28608	36264	
10666	0	34404	28610	36253	
10667	0	34460	28602	36248	
10668	0	34504	28616	36264	
10669	0	34560	28596	36256	
10670	0	34612	28596	36252	
10671	0	34660	28612	36244	
10672	0	34716	28600	36253	
10673	0	34764	28608	36249	
10674	0	34816	28633	36240	
10675	0	34868	28620	36249	
10676	0	34920	28612	36268	
10677	0	34968	28628	36244	
10678	0	35008	28617	36264	
10679	0	35068	28612	36268	
10680	0	35116	28624	36272	
10681	0	35164	28625	36244	
10682	0	35220	28636	36252	
10683	0	35264	28640	36268	
10684	0	35312	28632	36260	
10685	0	35356	28656	36264	
10686	0	35404	28648	36268	
10687	0	35460	28652	36272	
10688	0	35506	28636	36284	
10689	0	35544	28644	36252	
10690	0	35596	28660	36252	
10691	0	35648	28668	36257	
10692	0	35692	28658	36256	
10693	0	35737	28633	36268	
10694	0	35788	28652	36272	
10695	0	35836	28664	36252	
10696	0	35884	28678	36265	
10697	0	35932	28672	36272	
10698	0	35976	28657	36280	
10699	0	36028	28690	36244	
10700	0	36060	28668	36260	
10701	0	36112	28664	36268	
10702	0	36148	28676	36248	
10703	0	36196	28672	36264	
10704	0	36237	28676	36264	
10705	0	36280	28696	36240	
10706	0	36324	28676	36276	
10707	0	36380	28688	36244	
10708	0	36416	28696	36264	
10709	0	36456	28700	36253	
10710	0	36496	28680	36272	
10711	0	36540	28684	36280	
10712	0	36580	28696	36256	
10713	0	36628	28700	36260	
10714	0	36672	28702	36276	
10715	0	36704	28708	36240	
10716	0	36748	28688	36264	
10717	0	36788	28716	36252	
10718	0	36833	28708	36252	
10719	0	36872	28684	36260	
10720	0	36912	28688	36248	
10721	0	36940	28708	36247	
10722	0	36988	28708	36257	
10723	0	37028	28736	36272	
10724	0	37064	28724	36236	
10725	0	37112	28728	36256	
10726	0	37144	28712	36253	
10727	0	37184	28708	36244	
10728	0	37220	28696	36276	
10729	0	37256	28712	36256	
10730	0	37297	28716	36252	
10731	0	37332	28729	36245	
10732	0	37368	28708	36253	
10733	0	37400	28728	36240	
10734	0	37436	28720	36260	
10735	0	37472	28700	36256	
10736	0	37508	28713	36284	
10737	0	37532	28712	36256	
10738	0	37568	28700	36260	
10739	0	37604	28704	36272	
10740	0	37636	28708	36252	
10741	0	37668	28732	36260	
10742	0	37704	28717	36252	
10743	0	37728	28716	36256	
10744	0	37760	28729	36244	
10745	0	37788	28720	36260	
10746	0	37808	28712	36256	
10747	0	37848	28724	36236	
10748	0	37876	28720	36264	
10749	0	37896	28736	36281	
10750	0	37920	28730	36268	
10751	0	37948	28732	36260	
10752	0	37972	28708	36268	
10753	0	37996	28724	36268	
10754	0	38020	28708	36256	
10755	0	38044	28730	36256	
10756	0	38060	28728	36264	
10757	0	38080	28724	36272	
10758	0	38104	28728	36249	
10759	0	38124	28725	36252	
10760	0	38140	28736	36249	
10761	0	38160	28712	36272	
10762	0	38184	28722	36264	
10763	0	38188	28720	36272	
10764	0	38208	28756	36256	
10765	0	38232	28732	36280	
10766	0	38240	28712	36260	
10767	0	38256	28744	36264	
10768	0	38276	28725	36268	
10769	0	38280	28732	36256	
10770	0	38296	28720	36224	
10771	0	38308	28736	36260	
10772	0	38308	28730	36260	
10773	0	38324	28720	36256	
10774	0	38328	28736	36256	
10775	0	38340	28732	36261	
10776	0	38352	28728	36248	
10777	0	38356	28728	36277	
10778	0	38356	28712	36260	
10779	0	38364	28712	36273	
10780	0	38364	28717	36240	
10781	0	38372	28728	36233	
10782	0	38372	28724	36224	
10783	0	38380	28716	36276	
10784	0	38380	28712	36268	
10785	0	38376	28708	36260	
10786	0	38373	28724	36260	
10787	0	38372	28757	36224	
10788	0	38380	28708	36240	
10789	0	38372	28708	36284	
10790	0	38368	28680	36292	
10791	0	38364	28716	36268	
10792	0	38368	28708	36253	
10793	0	38356	28756	36209	
10794	0	38352	28716	36232	
10795	0	38342	28712	36288	
10796	0	38336	28701	36268	
10797	0	38320	28712	36252	
10798	0	38320	28742	36237	
10799	0	38304	28724	36240	
10800	0	38296	28718	36244	
10801	0	38296	28720	36284	
10802	0	38273	28716	36240	
10803	0	38272	28733	36217	
10804	0	38256	28720	36256	
10805	0	38241	28724	36253	
10806	0	38236	28716	36253	
10807	0	38212	28709	36248	
10808	0	38208	28728	36240	
10809	0	38188	28720	36260	
10810	0	38172	28697	36264	
10811	0	38156	28717	36256	
10812	0	38140	28726	36260	
10813	0	38116	28716	36253	
10814	0	38108	28720	36224	
10815	0	38076	28732	36228	
10816	0	38061	28726	36220	
10817	0	38044	28720	36265	
10818	0	38028	28728	36256	
10819	0	38004	28708	36252	
10820	0	37980	28700	36262	
10821	0	37964	28704	36248	
10822	0	37952	28716	36256	
10823	0	37916	28704	36268	
10824	0	37896	28705	36256	
10825	0	37877	28736	36248	
10826	0	37852	28726	36232	
10827	0	37824	28704	36244	
10828	0	37800	28700	36260	
10829	0	37780	28710	36248	
10830	0	37744	28704	36257	
10831	0	37720	28708	36252	
10832	0	37696	28704	36249	
10833	0	37668	28704	36244	
10834	0	37640	28700	36256	
10835	0	37612	28704	36248	
10836	0	37592	28724	36228	
10837	0	37552	28704	36252	
10838	0	37532	28732	36256	
10839	0	37492	28710	36272	
10840	0	37460	28704	36224	
10841	0	37428	28697	36228	
10842	0	37404	28693	36264	
10843	0	37368	28705	36228	
10844	0	37336	28701	36244	
10845	0	37300	28708	36276	
10846	0	37264	28696	36256	
10847	0	37232	28700	36256	
10848	0	37193	28688	36240	
10849	0	37160	28719	36260	
10850	0	37124	28708	36233	
10851	0	37096	28708	36248	
10852	0	37056	28708	36248	
10853	0	37016	28704	36252	
10854	0	36976	28688	36252	
10855	0	36948	28692	36260	
10856	0	36896	28724	36244	
10857	0	36860	28696	36256	
10858	0	36824	28680	36276	
10859	0	36780	28685	36264	
10860	0	36736	28668	36245	
10861	0	36696	28704	36236	
10862	0	36660	28680	36256	
10863	0	36620	28692	36244	
10864	0	36572	28700	36256	
10865	0	36532	28680	36260	
10866	0	36484	28684	36224	
10867	0	36436	28688	36228	
10868	0	36392	28696	36244	
10869	0	36344	28652	36236	
10870	0	36296	28677	36241	
10871	0	36252	28660	36256	
10872	0	36208	28652	36256	
10873	0	36168	28657	36228	
10874	0	36128	28676	36228	
10875	0	36072	28676	36224	
10876	0	36025	28654	36245	
10877	0	35976	28660	36237	
10878	0	35940	28656	36244	
10879	0	35892	28648	36224	
10880	0	35836	28644	36244	
10881	0	35789	28648	36228	
10882	0	35740	28640	36240	
10883	0	35697	28629	36228	
10884	0	35640	28648	36236	
10885	0	35588	28640	36244	
10886	0	35548	28644	36236	
10887	0	35500	28648	36232	
10888	0	35444	28626	36256	
10889	0	35400	28640	36252	
10890	0	35344	28612	36240	
10891	0	35304	28592	36244	
10892	0	35260	28600	36248	
10893	0	35204	28625	36224	
10894	0	35164	28602	36252	
10895	0	35108	28592	36228	
10896	0	35056	28613	36240	
10897	0	35012	28602	36236	
10898	0	34956	28616	36236	
10899	0	34916	28620	36228	
10900	0	34864	28624	36224	
10901	0	34813	28604	36224	
10902	0	34762	28588	36232	
10903	0	34712	28580	36228	
10904	0	34668	28589	36216	
10905	0	34624	28593	36236	
10906	0	34572	28577	36232	
10907	0	34520	28568	36256	
10908	0	34473	28580	36228	
10909	0	34424	28585	36218	
10910	0	34384	28572	36232	
10911	0	34332	28584	36220	
10912	0	34284	28553	36216	
10913	0	34240	28548	36220	
10914	0	34189	28532	36216	
10915	0	34148	28536	36233	
10916	0	34096	28536	36248	
10917	0	34052	28540	36209	
10918	0	34004	28548	36224	
10919	0	33960	28556	36220	
10920	0	33912	28540	36248	
10921	0	33868	28540	36236	
10922	0	33824	28548	36236	
10923	0	33784	28509	36224	
10924	0	33732	28520	36200	
10925	0	33696	28513	36224	
10926	0	33648	28512	36196	
10927	0	33608	28514	36217	
10928	0	33561	28500	36232	
10929	0	33517	28501	36236	
10930	0	33472	28519	36232	
10931	0	33440	28520	36244	
10932	0	33392	28496	36240	
10933	0	33345	28500	36213	
10934	0	33313	28502	36244	
10935	0	33282	28492	36236	
10936	0	33240	28492	36222	
10937	0	33200	28492	36232	
10938	0	33152	28492	36244	
10939	0	33116	28524	36236	
10940	0	33076	28524	36184	
10941	0	33048	28512	36188	
10942	0	33004	28521	36208	
10943	0	32964	28496	36276	
10944	0	32932	28516	36240	
10945	0	32896	28524	36204	
10946	0	32856	28522	36220	
10947	0	32832	28513	36256	
10948	0	32792	28532	36216	
10949	0	32752	28490	36224	
10950	0	32720	28482	36244	
10951	0	32684	28504	36212	
10952	0	32653	28474	36204	
10953	0	32616	28484	36232	
10954	0	32581	28488	36228	
10955	0	32548	28480	36256	
10956	0	32516	28469	36236	
10957	0	32478	28493	36240	
10958	0	32449	28496	36212	
10959	0	32416	28464	36224	
10960	0	32388	28480	36250	
10961	0	32353	28477	36200	
10962	0	32324	28492	36212	
10963	0	32284	28472	36252	
10964	0	32252	28452	36232	
10965	0	32224	28476	36220	
10966	0	32196	28480	36201	
10967	0	32161	28461	36252	
10968	0	32128	28460	36192	
10969	0	32104	28468	36228	
10970	0	32076	28480	36224	
10971	0	32040	28452	36236	
10972	0	32012	28446	36212	
10973	0	31980	28456	36216	
10974	0	31952	28456	36201	
10975	0	31917	28456	36236	
10976	0	31896	28446	36204	
10977	0	31856	28472	36208	
10978	0	31832	28466	36220	
10979	0	31796	28424	36256	
10980	0	31764	28464	36256	
10981	0	31732	28441	36229	
10982	0	31700	28460	36204	
10983	0	31676	28444	36216	
10984	0	31640	28429	36245	
10985	0	31617	28440	36233	
10986	0	31584	28444	36236	
10987	0	31552	28424	36223	
10988	0	31524	28428	36256	
10989	0	31488	28448	36220	
10990	0	31460	28450	36232	
10991	0	31440	28460	36224	
10992	0	31405	28456	36220	
10993	0	31372	28441	36229	
10994	0	31340	28468	36208	
10995	0	31316	28448	36224	
10996	0	31284	28436	36236	
10997	0	31256	28460	36220	
10998	0	31224	28448	36224	
10999	0	31197	28440	36240	
11000	0	31166	28448	36229	
11001	0	31136	28440	36224	
11002	0	31108	28457	36216	
11003	0	31084	28452	36232	
11004	0	31056	28457	36232	
11005	0	31020	28453	36220	
11006	0	30996	28436	36228	
11007	0	30972	28452	36224	
11008	0	30948	28436	36224	
11009	0	30920	28453	36224	
11010	0	30892	28444	36212	
11011	0	30864	28457	36228	
11012	0	30832	28452	36226	
11013	0	30812	28438	36220	
11014	0	30786	28440	36236	
11015	0	30768	28465	36220	
11016	0	30741	28460	36220	
11017	0	30709	28458	36204	
11018	0	30688	28444	36228	
11019	0	30672	28448	36249	
11020	0	30650	28448	36224	
11021	0	30624	28476	36200	
11022	0	30596	28464	36232	
11023	0	30581	28476	36216	
11024	0	30561	28472	36232	
11025	0	30544	28460	36234	
11026	0	30520	28480	36228	
11027	0	30512	28452	36228	
11028	0	30484	28472	36237	
11029	0	30468	28473	36220	
11030	0	30448	28452	36240	
11031	0	30436	28464	36248	
11032	0	30424	28448	36240	
11033	0	30400	28446	36257	
11034	0	30380	28500	36220	
11035	0	30368	28478	36200	
11036	0	30360	28472	36208	
11037	0	30336	28460	36252	
11038	0	30328	28464	36224	
11039	0	30312	28462	36216	
11040	0	30305	28461	36236	
11041	0	30292	28476	36224	
11042	0	30280	28460	36212	
11043	0	30268	28476	36200	
11044	0	30256	28481	36240	
11045	0	30248	28480	36236	
11046	0	30240	28452	36216	
11047	0	30229	28452	36213	
11048	0	30228	28476	36220	
11049	0	30208	28481	36260	
11050	0	30202	28484	36214	
11051	0	30188	28480	36224	
11052	0	30184	28492	36224	
11053	0	30180	28501	36228	
11054	0	30176	28492	36232	
11055	0	30172	28464	36260	
11056	0	30156	28496	36252	
11057	0	30149	28486	36244	
11058	0	30144	28496	36225	
11059	0	30138	28468	36221	
11060	0	30136	28488	36228	
11061	0	30138	28509	36204	
11062	0	30132	28508	36228	
11063	0	30124	28484	36226	
11064	0	30128	28512	36224	
11065	0	30124	28489	36217	
11066	0	30116	28472	36252	
11067	0	30120	28492	36225	
11068	0	30112	28480	36244	
11069	0	30116	28497	36244	
11070	0	30124	28496	36220	
11071	0	30116	28488	36237	
11072	0	30116	28504	36220	
11073	0	30109	28517	36236	
11074	0	30112	28482	36264	
11075	0	30112	28476	36256	
11076	0	30108	28472	36240	
11077	0	30111	28473	36224	
11078	0	30116	28480	36229	
11079	0	30112	28500	36248	
11080	0	30116	28540	36224	
11081	0	30124	28504	36216	
11082	0	30096	28509	36213	
11083	0	30124	28500	36212	
11084	0	30132	28492	36224	
11085	0	30132	28488	36239	
11086	0	30132	28488	36229	
11087	0	30136	28520	36204	
11088	0	30136	28498	36220	
11089	0	30144	28505	36212	
11090	0	30140	28488	36236	
11091	0	30148	28500	36252	
11092	0	30148	28501	36225	
11093	0	30156	28476	36246	
11094	0	30154	28484	36256	
11095	0	30160	28490	36224	
11096	0	30160	28508	36252	
11097	0	30168	28492	36224	
11098	0	30172	28480	36236	
11099	0	30168	28512	36248	
11100	0	30172	28496	36228	
11101	0	30185	28509	36224	
11102	0	30192	28492	36244	
11103	0	30190	28456	36241	
11104	0	30184	28492	36228	
11105	0	30200	28484	36212	
11106	0	30204	28505	36196	
11107	0	30208	28512	36216	
11108	0	30205	28473	36216	
11109	0	30208	28425	36240	
11110	0	30205	28512	36216	
11111	0	30209	28466	36224	
11112	0	30216	28508	36217	
11113	0	30220	28480	36248	
11114	0	30228	28480	36212	
11115	0	30228	28456	36216	
11116	0	30228	28464	36256	
11117	0	30232	28488	36204	
11118	0	30236	28484	36220	
11119	0	30236	28496	36232	
11120	0	30237	28484	36201	
11121	0	30248	28476	36212	
11122	0	30245	28456	36224	
11123	0	30252	28486	36228	
11124	0	30256	28452	36224	
11125	0	30248	28492	36208	
11126	0	30252	28488	36228	
11127	0	30261	28476	36224	
11128	0	30264	28472	36244	
11129	0	30272	28472	36240	
11130	0	30272	28468	36205	
11131	0	30272	28496	36200	
11132	0	30272	28493	36224	
11133	0	30284	28473	36200	
11134	0	30280	28464	36236	
11135	0	30280	28476	36204	
11136	0	30292	28468	36228	
11137	0	30292	28457	36224	
11138	0	30300	28456	36208	
11139	0	30304	28472	36224	
11140	0	30308	28480	36248	
11141	0	30304	28452	36228	
11142	0	30304	28434	36237	
11143	0	30316	28473	36213	
11144	0	30328	28480	36224	
11145	0	30334	28449	36236	
11146	0	30336	28460	36240	
11147	0	30340	28464	36232	
11148	0	30345	28449	36236	
11149	0	30348	28464	36236	
11150	0	30360	28437	36244	
11151	0	30368	28444	36268	
11152	0	30368	28456	36244	
11153	0	30380	28468	36240	
11154	0	30388	28452	36224	
11155	0	30396	28468	36220	
11156	0	30400	28476	36244	
11157	0	30404	28468	36232	
11158	0	30410	28460	36240	
11159	0	30420	28460	36244	
11160	0	30432	28465	36232	
11161	0	30440	28461	36236	
11162	0	30444	28448	36221	
11163	0	30456	28472	36232	
11164	0	30464	28468	36241	
11165	0	30472	28460	36229	
11166	0	30488	28462	36241	
11167	0	30488	28432	36232	
11168	0	30508	28453	36244	
11169	0	30512	28462	36244	
11170	0	30520	28477	36224	
11171	0	30528	28464	36272	
11172	0	30541	28452	36228	
11173	0	30548	28464	36233	
11174	0	30564	28457	36244	
11175	0	30572	28496	36208	
11176	0	30584	28469	36224	
11177	0	30592	28452	36248	
11178	0	30604	28457	36228	
11179	0	30612	28424	36224	
11180	0	30624	28441	36260	
11181	0	30624	28424	36248	
11182	0	30637	28448	36257	
11183	0	30652	28416	36232	
11184	0	30664	28432	36216	
11185	0	30680	28448	36221	
11186	0	30684	28460	36216	
11187	0	30708	28466	36229	
11188	0	30712	28436	36260	
11189	0	30724	28452	36240	
11190	0	30737	28448	36234	
11191	0	30748	28476	36220	
11192	0	30760	28462	36256	
11193	0	30776	28436	36252	
11194	0	30780	28452	36224	
11195	0	30794	28460	36228	
11196	0	30800	28437	36220	
11197	0	30816	28456	36240	
11198	0	30824	28432	36236	
11199	0	30840	28440	36248	
11200	0	30852	28473	36205	
11201	0	30868	28436	36260	
11202	0	30873	28446	36216	
11203	0	30881	28452	36228	
11204	0	30892	28464	36232	
11205	0	30904	28456	36228	
11206	0	30912	28448	36240	
11207	0	30932	28466	36236	
11208	0	30937	28456	36260	
11209	0	30949	28436	36272	
11210	0	30956	28444	36256	
11211	0	30972	28472	36244	
11212	0	30980	28452	36236	
11213	0	30992	28437	36244	
11214	0	31000	28448	36256	
11215	0	31016	28468	36204	
11216	0	31018	28456	36252	
11217	0	31024	28458	36220	
11218	0	31040	28468	36252	
11219	0	31048	28450	36256	
11220	0	31056	28460	36240	
11221	0	31068	28466	36244	
11222	0	31068	28460	36244	
11223	0	31080	28464	36248	
11224	0	31088	28468	36244	
11225	0	31092	28488	36212	
11226	0	31096	28485	36224	
11227	0	31108	28484	36248	
11228	0	31108	28444	36249	
11229	0	31112	28452	36232	
11230	0	31124	28452	36268	
11231	0	31128	28461	36252	
11232	0	31137	28476	36273	
11233	0	31136	28476	36236	
11234	0	31140	28452	36257	
11235	0	31144	28460	36264	
11236	0	31144	28456	36244	
11237	0	31144	28464	36264	
11238	0	31152	28436	36269	
11239	0	31152	28466	36268	
11240	0	31156	28466	36248	
11241	0	31152	28476	36264	
11242	0	31152	28465	36296	
11243	0	31164	28466	36273	
11244	0	31160	28460	36276	
11245	0	31152	28452	36280	
11246	0	31156	28457	36252	
11247	0	31156	28488	36228	
11248	0	31148	28484	36257	
11249	0	31152	28456	36276	
11250	0	31156	28457	36276	
11251	0	31148	28480	36284	
11252	0	31144	28474	36240	
11253	0	31145	28480	36249	
11254	0	31141	28480	36264	
11255	0	31136	28468	36256	
11256	0	31140	28497	36268	
11257	0	31136	28464	36284	
11258	0	31132	28465	36272	
11259	0	31118	28473	36328	
11260	0	31128	28468	36296	
11261	0	31120	28452	36276	
11262	0	31112	28480	36313	
11263	0	31112	28480	36292	
11264	0	31104	28485	36288	
11265	0	31096	28514	36288	
11266	0	31096	28500	36288	
11267	0	31088	28480	36292	
11268	0	31084	28480	36304	
11269	0	31080	28492	36300	
11270	0	31076	28500	36284	
11271	0	31072	28480	36276	
11272	0	31060	28490	36292	
11273	0	31044	28480	36276	
11274	0	31060	28484	36284	
11275	0	31045	28480	36297	
11276	0	31044	28466	36296	
11277	0	31040	28480	36284	
11278	0	31037	28488	36301	
11279	0	31024	28508	36280	
11280	0	31024	28500	36285	
11281	0	31024	28508	36304	
11282	0	31024	28500	36312	
11283	0	31012	28517	36272	
11284	0	31020	28520	36288	
11285	0	31008	28524	36256	
11286	0	31008	28513	36268	
11287	0	31004	28520	36276	
11288	0	31004	28496	36296	
11289	0	31000	28508	36320	
11290	0	31000	28501	36324	
11291	0	30996	28494	36321	
11292	0	30996	28456	36364	
11293	0	30992	28484	36366	
11294	0	30977	28506	36308	
11295	0	30980	28487	36320	
11296	0	30984	28516	36320	
11297	0	30988	28500	36332	
11298	0	30976	28480	36380	
11299	0	30980	28512	36340	
11300	0	30981	28512	36388	
11301	0	30976	28512	36372	
11302	0	30980	28504	36364	
11303	0	30985	28477	36360	
11304	0	30988	28501	36376	
11305	0	30984	28457	36384	
11306	0	30985	28480	36408	
11307	0	30984	28448	36432	
11308	0	30988	28452	36428	
11309	0	30996	28429	36456	
11310	0	30992	28436	36468	
11311	0	30996	28432	36504	
11312	0	31002	28389	36628	
11313	0	31000	28352	36628	
11314	0	31008	28360	36624	
11315	0	31012	28193	36956	
11316	0	31016	28240	36732	
11317	0	31021	28416	36352	
11318	0	31032	28552	36272	
11319	0	31028	27364	37716	
11320	0	31040	28538	36460	
11321	0	31041	28836	35976	
11322	0	31056	28136	36204	
11323	0	31056	28512	36584	
11324	0	31064	29216	35576	
11325	0	31064	28368	36536	
11326	0	31073	29148	35560	
11327	0	31076	28468	36729	
11328	0	31090	28408	36197	
11329	0	31092	28452	36008	
11330	0	31105	27084	36704	
11331	0	31106	28212	36396	
11332	0	31116	27720	37184	
11333	0	31128	27968	37000	
11334	0	31136	28561	36604	
11335	0	31144	28677	36660	
11336	0	31152	28596	36764	
11337	0	31164	28584	36860	
11338	0	31169	28760	37005	
11339	0	31184	28948	36960	
11340	0	31188	29089	37012	
11341	0	31201	26017	37064	
11342	0	31216	30038	37148	
11343	0	31220	29462	37056	
11344	0	31232	29576	37248	
11345	0	31249	31884	37456	
11346	0	31256	29937	37172	
11347	0	31268	29437	37340	
11348	0	31280	27420	37052	
11349	0	31292	30492	37420	
11350	0	31304	29472	37020	
11351	0	31316	29344	36788	
11352	0	31328	26824	36360	
11353	0	31336	31380	37212	
11354	0	31356	29932	36920	
11355	0	31376	29568	37012	
11356	0	31388	29404	37125	
11357	0	31400	29256	37228	
11358	0	31408	29164	37236	
11359	0	31424	29132	37209	
11360	0	31440	29096	37164	
11361	0	31452	29132	37028	
11362	0	31464	29156	36953	
11363	0	31488	29140	36896	
11364	0	31492	29112	36861	
11365	0	31512	29152	36840	
11366	0	31524	29064	36852	
11367	0	31536	29000	36860	
11368	0	31556	28920	36940	
11369	0	31572	28820	36964	
11370	0	31585	28729	37009	
11371	0	31596	28701	37028	
11372	0	31608	28656	37040	
11373	0	31628	28612	37020	
11374	0	31640	28580	36997	
11375	0	31652	28517	36992	
11376	0	31664	28497	36992	
11377	0	31684	28476	37008	
11378	0	31700	28464	37004	
11379	0	31716	28456	37004	
11380	0	31724	28456	36972	
11381	0	31744	28488	36944	
11382	0	31758	28492	36956	
11383	0	31772	28518	36960	
11384	0	31788	28557	36964	
11385	0	31801	28600	36960	
11386	0	31816	28628	36972	
11387	0	31836	28644	36962	
11388	0	31856	28684	36964	
11389	0	31864	28700	36936	
11390	0	31884	28736	36928	
11391	0	31896	28774	36960	
11392	0	31916	28784	36960	
11393	0	31924	28768	36948	
11394	0	31940	28816	36896	
11395	0	31960	28853	36921	
11396	0	31984	28876	36916	
11397	0	32000	28896	36896	
11398	0	32012	28900	36920	
11399	0	32028	28916	36952	
11400	0	32048	28933	36928	
11401	0	32064	28940	36868	
11402	0	32080	28964	36820	
11403	0	32104	29001	36704	
11404	0	32116	29068	36616	
11405	0	32140	29092	36592	
11406	0	32156	29113	36664	
11407	0	32176	29097	36720	
11408	0	32200	29076	36832	
11409	0	32212	29096	36888	
11410	0	32236	29104	36920	
11411	0	32258	29104	36928	
11412	0	32276	29088	36900	
11413	0	32293	29073	36880	
11414	0	32328	29072	36852	
11415	0	32345	29068	36848	
11416	0	32364	29058	36816	
11417	0	32380	29048	36782	
11418	0	32408	29024	36744	
11419	0	32437	28996	36736	
11420	0	32460	28920	36760	
11421	0	32480	28836	36780	
11422	0	32504	28776	36768	
11423	0	32528	28717	36792	
11424	0	32548	28704	36828	
11425	0	32584	28632	36812	
11426	0	32601	28584	36788	
11427	0	32628	28556	36788	
11428	0	32664	28540	36768	
11429	0	32688	28500	36760	
11430	0	32712	28422	36788	
11431	0	32736	28412	36656	
11432	0	32768	28450	36440	
11433	0	32792	28524	36364	
11434	0	32824	28557	36332	
11435	0	32848	28560	36440	
11436	0	32876	28504	36576	
11437	0	32912	28478	36652	
11438	0	32936	28472	36724	
11439	0	32960	28492	36788	
11440	0	32996	28508	36820	
11441	0	33024	28500	36792	
11442	0	33052	28516	36708	
11443	0	33062	28480	36633	
11444	0	33112	28472	36568	
11445	0	33144	28450	36528	
11446	0	33168	28446	36476	
11447	0	33204	28356	36400	
11448	0	33228	28330	36360	
11449	0	33248	28308	36340	
11450	0	33284	28320	36372	
11451	0	33312	28288	36436	
11452	0	33344	28248	36509	
11453	0	33368	28212	36540	
11454	0	33392	28176	36568	
11455	0	33428	28136	36584	
11456	0	33452	28122	36580	
11457	0	33481	28133	36586	
11458	0	33504	28120	36632	
11459	0	33536	28140	36652	
11460	0	33552	28176	36708	
11461	0	33584	28252	36788	
11462	0	33613	28392	36860	
11463	0	33636	28488	36964	
11464	0	33656	28545	36956	
11465	0	33684	28608	37004	
11466	0	33700	28676	37052	
11467	0	33728	28800	37056	
11468	0	33748	28905	37060	
11469	0	33768	29028	37044	
11470	0	33796	29144	37084	
11471	0	33812	29192	37088	
11472	0	33840	29273	37072	
11473	0	33864	29353	37124	
11474	0	33888	29444	37152	
11475	0	33904	29492	37204	
11476	0	33920	29496	37220	
11477	0	33936	29552	37252	
11478	0	33952	29556	37312	
11479	0	33980	29599	37348	
11480	0	33992	29640	37412	
11481	0	34004	29684	37400	
11482	0	34028	29700	37440	
11483	0	34036	29716	37404	
11484	0	34060	29712	37414	
11485	0	34068	29688	37460	
11486	0	34080	29664	37504	
11487	0	34092	29624	37536	
11488	0	34112	29604	37509	
11489	0	34120	29584	37516	
11490	0	34136	29580	37496	
11491	0	34148	29596	37524	
11492	0	34156	29572	37524	
11493	0	34172	29568	37532	
11494	0	34180	29536	37536	
11495	0	34188	29520	37518	
11496	0	34204	29536	37520	
11497	0	34216	29512	37496	
11498	0	34220	29504	37480	
11499	0	34232	29488	37408	
11500	0	34240	29551	37416	
11501	0	34252	29613	37384	
11502	0	34256	29664	37420	
11503	0	34256	29648	37503	
11504	0	34261	29652	37545	
11505	0	34264	29621	37636	
11506	0	34276	29629	37672	
11507	0	34284	29640	37680	
11508	0	34280	29677	37716	
11509	0	34284	29756	37716	
11510	0	34294	29812	37712	
11511	0	34296	29820	37740	
11512	0	34304	29828	37712	
11513	0	34304	29836	37704	
11514	0	34297	29880	37700	
11515	0	34300	29954	37724	
11516	0	34300	30008	37752	
11517	0	34300	30052	37780	
11518	0	34300	30096	37808	
11519	0	34300	30144	37848	
11520	0	34296	30208	37872	
11521	0	34296	30216	37872	
11522	0	34288	30238	37840	
11523	0	34282	30272	37872	
11524	0	34288	30372	37878	
11525	0	34281	30460	37892	
11526	0	34272	30500	37900	
11527	0	34276	30468	37969	
11528	0	34272	30420	38020	
11529	0	34253	30400	38076	
11530	0	34244	30368	38092	
11531	0	34248	30428	38104	
11532	0	34236	30492	38076	
11533	0	34224	30524	38080	
11534	0	34224	30528	38060	
11535	0	34212	30540	38084	
11536	0	34200	30591	38056	
11537	0	34192	30636	38092	
11538	0	34184	30682	38048	
11539	0	34168	30641	38048	
11540	0	34160	30600	38064	
11541	0	34144	30588	38064	
11542	0	34132	30637	38096	
11543	0	34124	30744	38108	
11544	0	34112	30762	38136	
11545	0	34092	30820	38108	
11546	0	34072	30908	38100	
11547	0	34068	30996	38096	
11548	0	34060	31112	38148	
11549	0	34040	31202	38134	
11550	0	34028	31226	38196	
11551	0	34016	31248	38240	
11552	0	34000	31192	38249	
11553	0	33984	31189	38308	
11554	0	33965	31216	38304	
11555	0	33952	31228	38264	
11556	0	33940	31204	38232	
11557	0	33924	31172	38168	
11558	0	33908	31168	38084	
11559	0	33888	31180	38061	
11560	0	33872	31188	38004	
11561	0	33860	31194	37896	
11562	0	33844	31156	37860	
11563	0	33832	31188	37888	
11564	0	33816	31112	37892	
11565	0	33800	31076	37912	
11566	0	33780	31037	37924	
11567	0	33772	30924	37940	
11568	0	33748	30812	37928	
11569	0	33729	30716	37816	
11570	0	33716	30588	37636	
11571	0	33700	30473	37488	
11572	0	33688	30372	37312	
11573	0	33668	30240	37140	
11574	0	33652	30064	36992	
11575	0	33640	29880	36802	
11576	0	33620	29692	36630	
11577	0	33608	29520	36516	
11578	0	33600	29312	36436	
11579	0	33588	29080	36400	
11580	0	33568	28872	36356	
11581	0	33556	28577	36308	
11582	0	33552	28518	36148	
11583	0	33536	26400	36184	
11584	0	33520	28992	35820	
11585	0	33512	28065	35837	
11586	0	33508	27440	36800	
11587	0	33496	26304	35936	
11588	0	33492	27456	35180	
11589	0	33472	26652	34280	
11590	0	33472	27197	33696	
11591	0	33464	26832	33548	
11592	0	33428	25932	34076	
11593	0	33444	25564	34320	
11594	0	33440	25420	34532	
11595	0	33444	25220	34728	
11596	0	33432	24988	34696	
11597	0	33428	24712	34676	
11598	0	33428	24529	34584	
11599	0	33425	24780	34956	
11600	0	33432	25852	36616	
11601	0	33428	27112	38012	
11602	0	33428	27872	38317	
11603	0	33428	28622	38742	
11604	0	33428	29537	39816	
11605	0	33432	30380	40976	
11606	0	33444	30284	39700	
11607	0	33445	30624	39304	
11608	0	33456	29404	38636	
11609	0	33464	28732	38208	
11610	0	33472	29028	37708	
11611	0	33476	29037	37388	
11612	0	33492	29196	37220	
11613	0	33500	29152	36964	
11614	0	33500	28596	36992	
11615	0	33517	28200	36988	
11616	0	33536	27897	36892	
11617	0	33544	27792	36844	
11618	0	33557	27949	36772	
11619	0	33585	28197	36768	
11620	0	33604	28564	36720	
11621	0	33612	28949	36964	
11622	0	33632	29284	37016	
11623	0	33664	29440	37228	
11624	0	33672	29444	37204	
11625	0	33704	29344	37304	
11626	0	33716	29044	37104	
11627	0	33740	28812	37004	
11628	0	33760	28716	36998	
11629	0	33788	28644	36958	
11630	0	33812	28692	36952	
11631	0	33840	28764	36906	
11632	0	33860	28822	36784	
11633	0	33884	28889	36696	
11634	0	33908	28876	36628	
11635	0	33941	28837	36632	
11636	0	33968	28804	36684	
11637	0	34000	28777	36784	
11638	0	34025	28848	36797	
11639	0	34052	28964	36861	
11640	0	34081	29117	36932	
11641	0	34124	29193	36986	
11642	0	34148	29220	37040	
11643	0	34180	29151	36980	
11644	0	34220	29058	36932	
11645	0	34244	28964	36920	
11646	0	34284	28909	36848	
11647	0	34320	28938	36864	
11648	0	34348	28962	36856	
11649	0	34384	29020	36873	
11650	0	34412	29060	36900	
11651	0	34464	29069	36932	
11652	0	34500	29066	36944	
11653	0	34540	29024	36952	
11654	0	34585	28974	36908	
11655	0	34616	28910	36905	
11656	0	34656	28876	36856	
11657	0	34700	28840	36796	
11658	0	34744	28088	37088	
11659	0	34793	28280	36932	
11660	0	34844	28280	36796	
11661	0	34880	28309	36604	
11662	0	34940	28712	36456	
11663	0	34992	28741	36564	
11664	0	35044	28800	36708	
11665	0	35096	28784	36800	
11666	0	35152	28652	36740	
11667	0	35204	28660	36644	
11668	0	35256	28721	36560	
11669	0	35316	28748	36584	
11670	0	35384	28816	36652	
11671	0	35436	28724	36577	
11672	0	35504	28760	36640	
11673	0	35564	28855	36748	
11674	0	35632	28805	36748	
11675	0	35700	28756	36768	
11676	0	35760	28732	36732	
11677	0	35832	28804	36756	
11678	0	35904	28904	36749	
11679	0	35980	28917	36788	
11680	0	36044	28917	36832	
11681	0	36120	28860	36813	
11682	0	36192	28808	36748	
11683	0	36264	28732	36660	
11684	0	36341	28700	36576	
11685	0	36416	28692	36540	
11686	0	36488	28713	36509	
11687	0	36568	28768	36500	
11688	0	36644	28840	36552	
11689	0	36724	28864	36612	
11690	0	36800	28865	36644	
11691	0	36876	28964	36637	
11692	0	36957	28980	36637	
11693	0	37036	29048	36704	
11694	0	37120	29108	36744	
11695	0	37196	29076	36736	
11696	0	37284	29096	36700	
11697	0	37360	29040	36740	
11698	0	37436	28888	36660	
11699	0	37524	28848	36644	
11700	0	37600	28876	36604	
11701	0	37684	28860	36536	
11702	0	37768	28956	36524	
11703	0	37844	28893	36536	
11704	0	37924	28844	36516	
11705	0	38008	28889	36500	
11706	0	38084	28808	36348	
11707	0	38168	28956	36408	
11708	0	38244	29028	36320	
11709	0	38316	29005	36352	
11710	0	38408	29024	36352	
11711	0	38492	29042	36325	
11712	0	38564	29180	36320	
11713	0	38648	29060	36412	
11714	0	38724	29017	36348	
11715	0	38804	29016	36416	
11716	0	38880	28976	36616	
11717	0	38956	28880	36544	
11718	0	39036	28829	36576	
11719	0	39104	28840	36544	
11720	0	39205	28852	36533	
11721	0	39268	28864	36596	
11722	0	39344	28892	36497	
11723	0	39412	28864	36509	
11724	0	39492	28880	36420	
11725	0	39564	28720	36496	
11726	0	39640	28692	36484	
11727	0	39716	28801	36620	
11728	0	39792	28820	36512	
11729	0	39856	28910	36704	
11730	0	39936	29060	36708	
11731	0	40013	28682	36608	
11732	0	40081	28518	37020	
11733	0	40153	28716	36878	
11734	0	40220	28800	36808	
11735	0	40293	28712	36967	
11736	0	40356	28560	36976	
11737	0	40428	28154	37152	
11738	0	40492	28192	37400	
11739	0	40565	28044	37372	
11740	0	40636	27664	37296	
11741	0	40688	27676	37184	
11742	0	40761	27872	37044	
11743	0	40824	28017	36905	
11744	0	40893	27800	37472	
11745	0	40952	27585	37300	
11746	0	41024	27229	37728	
11747	0	41076	27344	37596	
11748	0	41136	28124	36676	
11749	0	41200	27128	38404	
11750	0	41264	26821	39440	
11751	0	41320	26336	39184	
11752	0	41380	26192	39060	
11753	0	41440	25652	38608	
11754	0	41492	25068	39684	
11755	0	41544	23896	44248	
11756	0	41596	29653	35496	
11757	0	41660	25836	41356	
11758	0	41696	24605	41096	
11759	0	41752	24922	40948	
11760	0	41800	25356	40424	
11761	0	41852	25300	40404	
11762	0	41892	25105	40496	
11763	0	41940	24776	40620	
11764	0	41980	24357	40372	
11765	0	42020	24184	40192	
11766	0	42072	23996	38920	
11767	0	42100	24256	39796	
11768	0	42144	23792	40360	
11769	0	42176	24076	41584	
11770	0	42228	24436	42316	
11771	0	42252	24124	43072	
11772	0	42292	23932	43600	
11773	0	42328	23788	43676	
11774	0	42348	23624	43792	
11775	0	42376	23744	44320	
11776	0	42400	24248	45136	
11777	0	42424	25072	45624	
11778	0	42448	27616	45876	
11779	0	42476	28852	43788	
11780	0	42501	27777	41716	
11781	0	42517	26408	43496	
11782	0	42528	32440	43528	
11783	0	42548	38752	42636	
11784	0	42560	37648	37680	
11785	0	42580	33888	34220	
11786	0	42584	33140	36040	
11787	0	42592	35556	39696	
11788	0	42604	36916	42068	
11789	0	42600	36292	42512	
11790	0	42608	35232	42708	
11791	0	42608	34944	42476	
11792	0	42604	35132	41152	
11793	0	42612	35424	40084	
11794	0	42604	35584	39896	
11795	0	42600	35586	40100	
11796	0	42596	35492	40200	
11797	0	42584	35365	40240	
11798	0	42580	35193	40216	
11799	0	42568	34952	40144	
11800	0	42552	34720	40076	
11801	0	42528	34468	40016	
11802	0	42516	34212	39936	
11803	0	42500	33956	39888	
11804	0	42484	33720	39820	
11805	0	42456	33453	39824	
11806	0	42432	33173	39744	
11807	0	42404	32848	39760	
11808	0	42377	32493	39708	
11809	0	42344	32120	39660	
11810	0	42320	31736	39636	
11811	0	42284	31332	39584	
11812	0	42256	30920	39600	
11813	0	42212	30472	39613	
11814	0	42176	30012	39680	
11815	0	42132	29520	39804	
11816	0	42080	28993	39908	
11817	0	42040	28508	39940	
11818	0	41988	28012	39884	
11819	0	41940	27496	39852	
11820	0	41884	27028	39832	
11821	0	41832	26597	39868	
11822	0	41780	26180	39912	
11823	0	41716	25780	39888	
11824	0	41656	25424	39888	
11825	0	41588	25048	40024	
11826	0	41536	24684	40120	
11827	0	41464	24281	40212	
11828	0	41396	23840	40276	
11829	0	41332	23400	40168	
11830	0	41256	22952	40124	
11831	0	41184	22564	40017	
11832	0	41112	22228	39856	
11833	0	41028	21880	39758	
11834	0	40940	21522	39748	
11835	0	40872	21246	39592	
11836	0	40788	21088	39268	
11837	0	40712	21012	38921	
11838	0	40624	20920	38604	
11839	0	40540	20814	38344	
11840	0	40452	20736	38088	
11841	0	40360	20770	37824	
11842	0	40272	20780	37652	
11843	0	40176	20833	37461	
11844	0	40088	20848	37248	
11845	0	39992	20886	36984	
11846	0	39896	20984	36636	
11847	0	39804	21424	36464	
11848	0	39716	21904	35853	
11849	0	39608	22405	35669	
11850	0	39516	22256	35184	
11851	0	39412	22224	37636	
11852	0	39308	21760	35940	
11853	0	39201	21576	35780	
11854	0	39097	21420	35756	
11855	0	38988	21304	35636	
11856	0	38886	21160	35332	
11857	0	38784	20845	34740	
11858	0	38680	20452	34024	
11859	0	38572	20808	36224	
11860	0	38464	19956	33016	
11861	0	38352	19718	32164	
11862	0	38244	19324	31312	
11863	0	38140	17257	28704	
11864	0	38028	19406	30949	
11865	0	37920	19038	30036	
11866	0	37804	19168	29311	
11867	0	37692	19352	28844	
11868	0	37592	19529	28592	
11869	0	37481	19600	28481	
11870	0	37364	19714	28540	
11871	0	37252	19858	28684	
11872	0	37145	19976	28844	
11873	0	37028	19997	29072	
11874	0	36920	20097	29324	
11875	0	36812	20313	29536	
11876	0	36700	20588	29764	
11877	0	36588	20800	29984	
11878	0	36480	20936	30228	
11879	0	36368	21061	30489	
11880	0	36256	21184	30741	
11881	0	36164	21419	30980	
11882	0	36056	21662	32156	
11883	0	35944	16424	34040	
11884	0	35836	18340	27476	
11885	0	35724	23568	29812	
11886	0	35624	25069	36060	
11887	0	35516	22284	31864	
11888	0	35412	21716	33865	
11889	0	35308	27213	37224	
11890	0	35212	29872	37960	
11891	0	35108	30872	38840	
11892	0	35012	31485	41112	
11893	0	34912	29628	40820	
11894	0	34820	26016	39748	
11895	0	34720	22392	39084	
11896	0	34624	19600	36756	
11897	0	34517	20772	34796	
11898	0	34440	22812	34132	
11899	0	34344	24976	34424	
11900	0	34244	26249	35449	
11901	0	34164	24608	36484	
11902	0	34078	26868	37464	
11903	0	33980	28336	36836	
11904	0	33900	27312	36828	
11905	0	33812	28500	36500	
11906	0	33728	28636	35944	
11907	0	33640	28821	35848	
11908	0	33560	27816	35080	
11909	0	33481	27928	35712	
11910	0	33408	28012	36272	
11911	0	33328	28180	36768	
11912	0	33244	28228	37092	
11913	0	33176	28172	36992	
11914	0	33100	28320	36656	
11915	0	33025	28477	36528	
11916	0	32952	28604	36416	
11917	0	32884	28605	36568	
11918	0	32817	28532	36757	
11919	0	32749	28480	36920	
11920	0	32688	28412	36908	
11921	0	32617	28552	36768	
11922	0	32550	28856	36776	
11923	0	32488	29016	36856	
11924	0	32428	29004	37056	
11925	0	32372	28841	37152	
11926	0	32309	28620	37112	
11927	0	32249	28552	36900	
11928	0	32192	28684	36601	
11929	0	32136	28784	36236	
11930	0	32088	28712	36072	
11931	0	32036	28708	36104	
11932	0	31984	28816	36100	
11933	0	31932	29029	36112	
11934	0	31880	29092	36092	
11935	0	31836	29100	36164	
11936	0	31792	29068	36345	
11937	0	31740	28992	36488	
11938	0	31700	29188	36792	
11939	0	31660	29364	37196	
11940	0	31612	29244	37772	
11941	0	31568	29008	38304	
11942	0	31528	28768	38244	
11943	0	31489	28724	37736	
11944	0	31449	28936	37092	
11945	0	31408	29068	36616	
11946	0	31372	29108	36429	
11947	0	31332	30517	37816	
11948	0	31300	28653	35985	
11949	0	31256	29012	36417	
11950	0	31220	28404	35856	
11951	0	31184	27737	35408	
11952	0	31148	29912	36788	
11953	0	31112	30076	37012	
11954	0	31076	28359	36352	
11955	0	31044	27881	36396	
11956	0	31008	27404	36485	
11957	0	30960	26726	36657	
11958	0	30936	27496	37832	
11959	0	30904	27364	38048	
11960	0	30862	26664	37244	
11961	0	30825	27548	38648	
11962	0	30784	26500	38184	
11963	0	30752	24492	39872	
11964	0	30712	27292	45432	
11965	0	30680	24456	43872	
11966	0	30636	23484	48940	
11967	0	30604	24609	47012	
11968	0	30564	25592	52212	
11969	0	30528	25532	49388	
11970	0	30484	24380	48976	
11971	0	30452	27252	53728	
11972	0	30408	27088	49344	
11973	0	30368	32320	50144	
11974	0	30332	28560	51932	
11975	0	30288	33792	48112	
11976	0	30244	31340	46488	
11977	0	30208	32032	44908	
11978	0	30160	35285	37932	
11979	0	30120	36977	35352	
11980	0	30080	38240	35128	
11981	0	30044	43520	36852	
11982	0	29996	49952	38389	
11983	0	29964	55112	41116	
11984	0	29912	50764	47528	
11985	0	29868	44008	50461	
11986	0	29824	40720	55212	
11987	0	29788	45584	51480	
11988	0	29737	49024	49540	
11989	0	29696	48552	48876	
11990	0	29652	48888	46788	
11991	0	29608	49784	43060	
11992	0	29568	51456	38608	
11993	0	29524	50268	36892	
11994	0	29482	47348	36004	
11995	0	29440	45748	36016	
11996	0	29404	43492	36455	
11997	0	29357	41080	37202	
11998	0	29316	39328	37516	
11999	0	29273	36608	36372	
12000	0	29232	35404	36292	
12001	0	29192	33760	35512	
12002	0	29164	32240	34996	
12003	0	29122	30176	34152	
12004	0	29088	28224	32704	
12005	0	29044	26160	31988	
12006	0	29017	24508	30664	
12007	0	28980	22896	29324	
12008	0	28948	21010	28452	
12009	0	28912	19098	27965	
12010	0	28880	17233	27828	
12011	0	28845	15466	27893	
12012	0	28820	13662	28200	
12013	0	28784	11748	28608	
12014	0	28760	10399	28928	
12015	0	28736	9350	28436	
12016	0	28704	7908	28240	
12017	0	28661	7720	26440	
12018	0	28640	8260	23680	
12019	0	28612	6533	24984	
12020	0	28576	6452	24876	
12021	0	28550	8104	19276	
12022	0	28532	9060	17018	
12023	0	28500	5866	22156	
12024	0	28472	9146	17988	
12025	0	28444	10424	17244	
12026	0	28409	10580	19004	
12027	0	28389	10486	22192	
12028	0	28360	13113	20646	
12029	0	28332	13968	22900	
12030	0	28304	15049	24700	
12031	0	28284	15258	29816	
12032	0	28256	17665	27692	
12033	0	28224	19644	31136	
12034	0	28196	23240	52828	
12035	0	28169	38116	46536	
12036	0	28144	32752	51940	
12037	0	28124	24470	31480	
12038	0	28088	22121	31285	
12039	0	28072	35241	44416	
12040	0	28048	42948	32992	
12041	0	28020	25716	31652	
12042	0	28004	21176	29930	
12043	0	27970	22005	40092	
12044	0	27952	16020	45508	
12045	0	27920	21448	44240	
12046	0	27904	25976	37376	
12047	0	27878	26272	36212	
12048	0	27860	26944	39264	
12049	0	27849	25328	43272	
12050	0	27825	24804	45288	
12051	0	27808	26776	43396	
12052	0	27792	28132	39949	
12053	0	27776	27646	37548	
12054	0	27761	27884	36736	
12055	0	27752	28864	35592	
12056	0	27736	28380	32356	
12057	0	27732	32776	30868	
12058	0	27728	32746	30412	
12059	0	27716	31604	33756	
12060	0	27702	30625	38616	
12061	0	27708	28248	47160	
12062	0	27712	24813	49660	
12063	0	27705	21910	50412	
12064	0	27704	22007	48436	
12065	0	27712	23788	45372	
12066	0	27712	26152	41228	
12067	0	27720	26568	38876	
12068	0	27728	30552	34788	
12069	0	27732	30528	35125	
12070	0	27744	28052	37036	
12071	0	27748	27872	37820	
12072	0	27760	28084	37872	
12073	0	27770	27285	38316	
12074	0	27784	26529	38844	
12075	0	27800	26233	38736	
12076	0	27812	26288	38076	
12077	0	27820	26108	38820	
12078	0	27844	27041	41520	
12079	0	27852	27057	43980	
12080	0	27880	26408	46133	
12081	0	27884	25212	48352	
12082	0	27912	23944	50372	
12083	0	27930	23094	52468	
12084	0	27946	22330	55040	
12085	0	27968	22668	55428	
12086	0	27988	22817	55412	
12087	0	28001	22885	55392	
12088	0	28020	24428	55428	
12089	0	28032	27572	55352	
12090	0	28064	30464	55124	
12091	0	28080	33888	49956	
12092	0	28096	38236	45232	
12093	0	28122	42288	39524	
12094	0	28152	50432	37464	
12095	0	28164	55644	38268	
12096	0	28192	54644	34924	
12097	0	28217	52128	41081	
12098	0	28248	53392	48156	
12099	0	28272	52032	51144	
12100	0	28296	51236	50456	
12101	0	28318	49008	47744	
12102	0	28356	48544	43152	
12103	0	28377	48448	39044	
12104	0	28404	48812	36096	
12105	0	28441	48200	33880	
12106	0	28472	47228	32848	
12107	0	28500	45808	32392	
12108	0	28540	43584	32740	
12109	0	28572	41820	33288	
12110	0	28612	40152	33848	
12111	0	28644	38508	34029	
12112	0	28688	37213	33788	
12113	0	28728	35768	33640	
12114	0	28776	34040	33588	
12115	0	28820	32256	32976	
12116	0	28868	30800	31656	
12117	0	28913	29140	30140	
12118	0	28965	26757	29030	
12119	0	29024	23712	29092	
12120	0	29064	22389	28676	
12121	0	29120	20457	27804	
12122	0	29172	17944	27088	
12123	0	29228	16278	26244	
12124	0	29288	15533	25724	
12125	0	29344	15234	26330	
12126	0	29404	15070	26925	
12127	0	29468	14661	27156	
12128	0	29532	13684	27240	
12129	0	29590	12746	27388	
12130	0	29652	8685	30588	
12131	0	29720	13998	24968	
12132	0	29780	13422	24968	
12133	0	29845	11497	26029	
12134	0	29912	11200	26132	
12135	0	29976	10784	29048	
12136	0	30044	12066	26848	
12137	0	30108	11122	35176	
12138	0	30176	13830	28564	
12139	0	30240	14540	29940	
12140	0	30308	15927	33800	
12141	0	30368	16824	28628	
12142	0	30436	18473	29028	
12143	0	30504	19968	28513	
12144	0	30568	21212	27641	
12145	0	30632	21881	27624	
12146	0	30700	21134	27540	
12147	0	30764	16704	30740	
12148	0	30820	10783	35276	
12149	0	30886	18944	33728	
12150	0	30956	26020	26597	
12151	0	31016	32740	31452	
12152	0	31080	33604	29088	
12153	0	31137	27120	32096	
12154	0	31200	24416	40492	
12155	0	31264	24292	46364	
12156	0	31324	23558	50900	
12157	0	31380	24165	48948	
12158	0	31440	25436	43976	
12159	0	31501	23524	41500	
12160	0	31560	23444	40944	
12161	0	31616	24729	40856	
12162	0	31668	25448	41532	
12163	0	31732	26968	40804	
12164	0	31788	28488	38052	
12165	0	31849	28232	36109	
12166	0	31896	29888	35860	
12167	0	31964	30677	36873	
12168	0	32008	31965	35572	
12169	0	32064	32525	33416	
12170	0	32124	29785	35548	
12171	0	32176	27718	37116	
12172	0	32236	24400	37020	
12173	0	32289	25860	41608	
12174	0	32337	25736	43168	
12175	0	32392	25098	43148	
12176	0	32440	24776	42416	
12177	0	32488	23356	41540	
12178	0	32541	25180	41817	
12179	0	32592	25888	42980	
12180	0	32640	26672	42368	
12181	0	32688	25029	41344	
12182	0	32732	25032	38804	
12183	0	32776	26201	38520	
12184	0	32820	25892	38464	
12185	0	32864	25745	39632	
12186	0	32904	27820	40984	
12187	0	32945	28584	42132	
12188	0	32992	27894	44112	
12189	0	33020	26160	47280	
12190	0	33052	24680	50276	
12191	0	33084	24462	52364	
12192	0	33120	24968	54320	
12193	0	33144	25008	55120	
12194	0	33173	24828	55328	
12195	0	33200	25556	55328	
12196	0	33224	26096	55268	
12197	0	33252	27764	54532	
12198	0	33272	30842	51152	
12199	0	33293	33320	45944	
12200	0	33304	35332	41480	
12201	0	33316	41688	39044	
12202	0	33328	51768	39612	
12203	0	33348	55628	37380	
12204	0	33353	55620	36032	
12205	0	33364	53900	40174	
12206	0	33372	52356	46880	
12207	0	33372	51880	50080	
12208	0	33384	51424	50916	
12209	0	33380	50192	49616	
12210	0	33388	48872	45764	
12211	0	33380	48512	41720	
12212	0	33376	47794	38544	
12213	0	33372	47346	36288	
12214	0	33368	46504	34896	
12215	0	33364	44132	34524	
12216	0	33356	41976	34772	
12217	0	33354	40032	35080	
12218	0	33344	38424	35424	
12219	0	33332	36784	35296	
12220	0	33324	35172	34240	
12221	0	33312	33912	32944	
12222	0	33304	32556	32272	
12223	0	33294	30768	31960	
12224	0	33284	28260	31888	
12225	0	33268	27764	29968	
12226	0	33260	26205	28800	
12227	0	33248	24180	28285	
12228	0	33240	21996	28148	
12229	0	33220	19909	27726	
12230	0	33216	17596	28148	
12231	0	33206	15892	28708	
12232	0	33188	12032	30256	
12233	0	33185	12696	26004	
12234	0	33176	12868	24644	
12235	0	33160	12780	25905	
12236	0	33152	13250	28260	
12237	0	33128	12966	27949	
12238	0	33121	10014	31456	
12239	0	33104	9654	28736	
12240	0	33088	9652	26272	
12241	0	33080	10507	24865	
12242	0	33068	12937	24064	
12243	0	33048	9535	27212	
12244	0	33036	12984	25560	
12245	0	33016	13505	26212	
12246	0	33000	14946	25368	
12247	0	32984	15044	30228	
12248	0	32968	17140	25836	
12249	0	32956	18512	27820	
12250	0	32940	20110	27768	
12251	0	32905	16198	25984	
12252	0	32900	11935	28928	
12253	0	32880	11533	28144	
12254	0	32856	15022	26088	
12255	0	32832	16384	25472	
12256	0	32812	27260	23157	
12257	0	32790	26908	28696	
12258	0	32764	27960	34009	
12259	0	32744	29629	38460	
12260	0	32716	29436	43764	
12261	0	32689	28004	45188	
12262	0	32668	27162	46476	
12263	0	32640	26045	48096	
12264	0	32608	24372	45984	
12265	0	32576	23404	42112	
12266	0	32544	24140	39536	
12267	0	32512	25236	39252	
12268	0	32476	25932	40832	
12269	0	32449	26256	41376	
12270	0	32409	27616	39996	
12271	0	32380	28636	38116	
12272	0	32340	25392	35296	
12273	0	32312	27836	35300	
12274	0	32272	28661	36304	
12275	0	32224	30496	38180	
12276	0	32188	33004	39964	
12277	0	32144	27094	45106	
12278	0	32113	24252	44760	
12279	0	32068	23860	44796	
12280	0	32020	24352	44440	
12281	0	31984	24882	43360	
12282	0	31936	25522	42440	
12283	0	31892	26936	40356	
12284	0	31844	26804	39104	
12285	0	31796	26396	40392	
12286	0	31756	19476	42264	
12287	0	31704	26900	43072	
12288	0	31665	26468	43104	
12289	0	31604	20329	40852	
12290	0	31553	29560	43625	
12291	0	31508	24553	42516	
12292	0	31456	27713	44318	
12293	0	31396	27349	45912	
12294	0	31348	26972	46892	
12295	0	31296	26068	48980	
12296	0	31246	25642	50912	
12297	0	31181	25560	52652	
12298	0	31136	26036	54316	
12299	0	31081	27233	55020	
12300	0	31028	30181	55000	
12301	0	30972	31217	54320	
12302	0	30912	31664	53552	
12303	0	30852	37276	50948	
12304	0	30792	39744	42560	
12305	0	30736	43744	39640	
12306	0	30676	51744	40472	
12307	0	30620	55648	42257	
12308	0	30556	55528	38832	
12309	0	30500	53992	41644	
12310	0	30428	55272	45172	
12311	0	30372	54644	50640	
12312	0	30304	54336	52456	
12313	0	30244	54088	49860	
12314	0	30164	52201	46212	
12315	0	30108	51520	40868	
12316	0	30040	51752	38144	
12317	0	29976	50128	37064	
12318	0	29912	46232	36150	
12319	0	29844	43840	35612	
12320	0	29768	41853	35580	
12321	0	29704	39700	36100	
12322	0	29633	37128	36320	
12323	0	29572	34332	36076	
12324	0	29508	31100	35208	
12325	0	29440	27665	33944	
12326	0	29368	25378	33028	
12327	0	29301	21516	32533	
12328	0	29233	21540	30936	
12329	0	29168	15972	30329	
12330	0	29101	15326	29004	
12331	0	29032	12176	29084	
12332	0	28968	10228	29744	
12333	0	28900	8165	31352	
12334	0	28836	9524	30152	
12335	0	28776	7627	31712	
12336	0	28708	7131	31060	
12337	0	28640	6653	28578	
12338	0	28584	10475	25184	
12339	0	28512	7638	24760	
12340	0	28457	4604	22836	
12341	0	28400	5334	21300	
12342	0	28336	8493	20131	
12343	0	28276	6414	20913	
12344	0	28220	7484	20418	
12345	0	28157	9657	19786	
12346	0	28097	11740	21408	
12347	0	28036	14293	19740	
12348	0	27984	16165	19748	
12349	0	27936	17704	24380	
12350	0	27880	19344	23328	
12351	0	27820	21688	30176	
12352	0	27760	22993	26468	
12353	0	27712	25168	33800	
12354	0	27656	27276	41480	
12355	0	27604	32736	39045	
12356	0	27538	35941	47213	
12357	0	27502	13064	29137	
12358	0	27449	19153	16548	
12359	0	27396	35120	29324	
12360	0	27348	27256	32100	
12361	0	27304	18336	37837	
12362	0	27256	27736	49688	
12363	0	27208	22652	55412	
12364	0	27164	24734	50280	
12365	0	27113	23964	40320	
12366	0	27072	23769	37472	
12367	0	27032	24369	38540	
12368	0	26990	24776	40924	
12369	0	26952	26717	41900	
12370	0	26908	27784	39502	
12371	0	26872	27849	39040	
12372	0	26840	28864	38140	
12373	0	26805	17944	32360	
12374	0	26772	39280	38336	
12375	0	26744	26224	42300	
12376	0	26716	32716	46340	
12377	0	26684	28513	48716	
12378	0	26661	24292	47728	
12379	0	26640	23521	45700	
12380	0	26620	23588	45408	
12381	0	26593	23532	44612	
12382	0	26584	24194	41596	
12383	0	26569	24817	39988	
12384	0	26553	23842	44152	
12385	0	26540	24832	46008	
12386	0	26538	21206	49516	
12387	0	26532	23864	51344	
12388	0	26520	24568	51508	
12389	0	26520	24477	51320	
12390	0	26520	26556	51416	
12391	0	26520	26848	50592	
12392	0	26520	26869	48912	
12393	0	26532	27369	47704	
12394	0	26528	28240	47548	
12395	0	26540	28404	48428	
12396	0	26556	29861	48860	
12397	0	26560	31696	49192	
12398	0	26580	32273	49932	
12399	0	26596	33226	50200	
12400	0	26613	35208	48640	
12401	0	26636	35418	47873	
12402	0	26660	38757	42056	
12403	0	26681	43492	38912	
12404	0	26708	49708	40068	
12405	0	26746	55676	40868	
12406	0	26764	54876	41156	
12407	0	26801	45860	40464	
12408	0	26832	45372	44192	
12409	0	26862	45804	50788	
12410	0	26901	46624	54280	
12411	0	26938	46532	54352	
12412	0	26976	45740	51820	
12413	0	27012	45208	48816	
12414	0	27060	45276	44460	
12415	0	27104	47548	40380	
12416	0	27148	49192	39476	
12417	0	27200	46188	38776	
12418	0	27252	44404	38768	
12419	0	27304	43208	39300	
12420	0	27356	41572	40472	
12421	0	27412	39592	41776	
12422	0	27468	37636	42688	
12423	0	27524	35952	42608	
12424	0	27580	34680	41840	
12425	0	27640	33080	41073	
12426	0	27712	30088	40240	
12427	0	27772	27373	39476	
12428	0	27840	25968	38064	
12429	0	27904	24680	37724	
12430	0	27972	22465	35732	
12431	0	28048	20462	34826	
12432	0	28108	18216	34988	
12433	0	28184	16148	36400	
12434	0	28260	14145	38141	
12435	0	28340	12004	39076	
12436	0	28416	10565	38440	
12437	0	28493	8950	36756	
12438	0	28568	11478	35653	
12439	0	28649	6076	32756	
12440	0	28724	9204	31600	
12441	0	28808	6018	30104	
12442	0	28881	5609	28521	
12443	0	28964	2919	27546	
12444	0	29048	5299	25600	
12445	0	29124	3630	25548	
12446	0	29200	3009	26904	
12447	0	29288	6202	24096	
12448	0	29372	4760	28876	
12449	0	29453	9587	23532	
12450	0	29532	10016	25028	
12451	0	29612	12803	23169	
12452	0	29696	13520	25348	
12453	0	29768	15096	25704	
12454	0	29856	17193	23492	
12455	0	29936	19029	24260	
12456	0	30020	16953	22529	
12457	0	30096	14398	29522	
12458	0	30176	22112	29448	
12459	0	30264	23276	23937	
12460	0	30340	13696	15430	
12461	0	30424	21432	21578	
12462	0	30508	15024	24916	
12463	0	30584	14058	32200	
12464	0	30664	12573	48828	
12465	0	30748	23140	39077	
12466	0	30828	21108	54868	
12467	0	30912	15618	55436	
12468	0	30992	20988	51864	
12469	0	31076	28364	39780	
12470	0	31148	32169	33765	
12471	0	31236	32096	34840	
12472	0	31324	29953	35752	
12473	0	31405	28224	33400	
12474	0	31476	30677	30880	
12475	0	31568	29364	33044	
12476	0	31656	27833	36281	
12477	0	31732	27621	38064	
12478	0	31824	27764	38208	
12479	0	31908	29148	36296	
12480	0	31988	30672	34700	
12481	0	32076	30036	34916	
12482	0	32165	28322	36306	
12483	0	32244	27460	37688	
12484	0	32340	27520	38020	
12485	0	32424	27936	37748	
12486	0	32516	28650	36804	
12487	0	32600	29008	36176	
12488	0	32692	28996	36152	
12489	0	32776	28748	36528	
12490	0	32864	28396	37092	
12491	0	32952	28312	37608	
12492	0	33052	28212	37884	
12493	0	33136	28172	37380	
12494	0	33228	28368	36720	
12495	0	33320	28644	36413	
12496	0	33412	28632	36288	
12497	0	33508	28509	36140	
12498	0	33604	28028	35840	
12499	0	33696	27317	35624	
12500	0	33792	26557	35570	
12501	0	33889	24772	35376	
12502	0	33984	28436	36301	
12503	0	34080	32924	37764	
12504	0	34176	23657	35636	
12505	0	34276	27132	37148	
12506	0	34376	28844	37516	
12507	0	34480	28348	38292	
12508	0	34564	31320	39197	
12509	0	34676	26672	39432	
12510	0	34776	27768	40084	
12511	0	34868	27320	40796	
12512	0	34968	28380	39856	
12513	0	35072	27524	38660	
12514	0	35165	26552	38226	
12515	0	35264	26176	37908	
12516	0	35368	23961	38336	
12517	0	35472	25624	38730	
12518	0	35572	26384	40048	
12519	0	35672	27268	40968	
12520	0	35772	25884	42896	
12521	0	35868	25296	42040	
12522	0	35961	25516	42712	
12523	0	36064	25514	42756	
12524	0	36160	25394	42468	
12525	0	36256	25912	43128	
12526	0	36344	25904	41984	
12527	0	36440	24336	42072	
12528	0	36528	23304	43004	
12529	0	36624	21268	42762	
12530	0	36720	22209	43572	
12531	0	36804	21322	44468	
12532	0	36888	21213	45232	
12533	0	36976	22177	45824	
12534	0	37056	23136	46748	
12535	0	37132	23184	47968	
12536	0	37216	23298	48856	
12537	0	37288	24220	49136	
12538	0	37356	26200	47972	
12539	0	37432	29578	47248	
12540	0	37504	30068	47608	
12541	0	37568	24512	46068	
12542	0	37632	27150	48404	
12543	0	37692	34252	44944	
12544	0	37749	32800	38736	
12545	0	37812	32640	31944	
12546	0	37868	33828	37240	
12547	0	37908	36316	39200	
12548	0	37956	36604	41852	
12549	0	37993	35688	44960	
12550	0	38040	34968	47656	
12551	0	38064	34512	48856	
12552	0	38100	34438	48266	
12553	0	38132	34752	46700	
12554	0	38160	35176	45352	
12555	0	38180	35477	44180	
12556	0	38196	35452	43564	
12557	0	38208	35288	43320	
12558	0	38220	35065	43356	
12559	0	38232	34806	43661	
12560	0	38236	34468	44084	
12561	0	38245	33872	44460	
12562	0	38240	33196	44932	
12563	0	38240	32320	45212	
12564	0	38228	31355	45232	
12565	0	38216	30460	45192	
12566	0	38196	29117	44664	
12567	0	38184	27628	43636	
12568	0	38156	26816	43696	
12569	0	38128	26751	44224	
12570	0	38101	26633	44712	
12571	0	38080	25508	44820	
12572	0	38036	22021	42076	
12573	0	38001	24424	44376	
12574	0	37968	21324	42324	
12575	0	37924	22644	43972	
12576	0	37876	19972	42400	
12577	0	37828	19676	42272	
12578	0	37772	17996	40069	
12579	0	37728	19621	42180	
12580	0	37665	18406	41052	
12581	0	37612	18076	40672	
12582	0	37553	17938	40512	
12583	0	37488	17808	40432	
12584	0	37432	17660	40328	
12585	0	37360	17492	40172	
12586	0	37304	17420	39864	
12587	0	37228	17452	39460	
12588	0	37156	17586	38968	
12589	0	37088	17748	38556	
12590	0	37012	18004	38193	
12591	0	36952	18236	37856	
12592	0	36880	18316	37560	
12593	0	36800	18318	37261	
12594	0	36724	18236	37000	
12595	0	36648	17936	36820	
12596	0	36576	17512	36420	
12597	0	36500	17930	34612	
12598	0	36420	20756	33872	
12599	0	36342	20826	34464	
12600	0	36268	18772	34016	
12601	0	36192	16376	34128	
12602	0	36116	14367	34560	
12603	0	36040	12880	34712	
12604	0	35960	11902	34416	
12605	0	35888	11545	33436	
12606	0	35808	11335	32208	
12607	0	35732	11188	30708	
12608	0	35664	12080	30384	
12609	0	35580	9776	25988	
12610	0	35508	9642	23148	
12611	0	35432	13690	25310	
12612	0	35368	14868	25696	
12613	0	35292	15760	25512	
12614	0	35224	16766	25012	
12615	0	35156	13577	24296	
12616	0	35084	12314	24940	
12617	0	35020	14189	24876	
12618	0	34944	15968	26392	
12619	0	34873	17872	28024	
12620	0	34814	15978	27832	
12621	0	34748	16110	24812	
12622	0	34688	17557	24174	
12623	0	34624	13600	23708	
12624	0	34552	9061	23689	
12625	0	34496	5003	22368	
12626	0	34433	2309	22945	
12627	0	34380	6524	32632	
12628	0	34324	17616	41036	
12629	0	34268	22420	43916	
12630	0	34213	20642	40805	
12631	0	34152	17588	35576	
12632	0	34112	18924	33385	
12633	0	34056	21536	33936	
12634	0	34016	23525	34657	
12635	0	33972	27756	37440	
12636	0	33924	30204	38504	
12637	0	33876	27944	42192	
12638	0	33836	25992	36112	
12639	0	33788	20088	34832	
12640	0	33764	22405	35128	
12641	0	33724	22361	32560	
12642	0	33685	26792	35072	
12643	0	33648	29284	35936	
12644	0	33621	28604	35720	
12645	0	33597	28176	35812	
12646	0	33564	28492	36584	
12647	0	33544	28528	37480	
12648	0	33513	28068	38052	
12649	0	33488	28192	37832	
12650	0	33472	28841	37145	
12651	0	33444	28956	35984	
12652	0	33424	28852	36124	
12653	0	33400	28996	37028	
12654	0	33388	28628	36924	
12655	0	33364	28176	36696	
12656	0	33352	28373	36536	
12657	0	33336	28600	36560	
12658	0	33312	28608	36584	
12659	0	33312	28812	36152	
12660	0	33300	28540	36048	
12661	0	33284	28466	36240	
12662	0	33272	28437	36328	
12663	0	33264	28488	36380	
12664	0	33256	28560	36188	
12665	0	33248	28760	36040	
12666	0	33240	28813	35960	
12667	0	33228	28912	36160	
12668	0	33220	28876	36356	
12669	0	33212	28676	36488	
12670	0	33209	28600	36716	
12671	0	33202	28477	36489	
12672	0	33188	28725	36736	
12673	0	33184	28448	36652	
12674	0	33177	28368	36788	
12675	0	33168	28340	37136	
12676	0	33164	28270	37209	
12677	0	33152	28148	37136	
12678	0	33146	28037	37160	
12679	0	33136	27812	37064	
12680	0	33128	27914	36593	
12681	0	33120	27872	36524	
12682	0	33112	27912	36325	
12683	0	33097	28148	36124	
12684	0	33088	27925	35988	
12685	0	33073	28249	36012	
12686	0	33068	28744	36220	
12687	0	33060	28648	35856	
12688	0	33048	29044	35844	
12689	0	33032	29128	36160	
12690	0	33024	29028	36260	
12691	0	33008	29017	36064	
12692	0	32992	29100	35984	
12693	0	32976	28816	35796	
12694	0	32976	28637	35509	
12695	0	32948	28628	36276	
12696	0	32940	28681	36480	
12697	0	32920	28452	36476	
12698	0	32900	28005	36548	
12699	0	32884	27528	36816	
12700	0	32872	27508	36876	
12701	0	32856	27708	37124	
12702	0	32840	27549	37188	
12703	0	32824	27260	37396	
12704	0	32802	26916	37604	
12705	0	32784	26882	37636	
12706	0	32760	26656	38128	
12707	0	32744	26602	39020	
12708	0	32732	25904	38856	
12709	0	32704	25761	38892	
12710	0	32680	26004	39320	
12711	0	32664	25892	38832	
12712	0	32641	26340	39152	
12713	0	32620	26324	39248	
12714	0	32596	26130	39460	
12715	0	32577	25572	40232	
12716	0	32557	25682	40304	
12717	0	32536	26300	40424	
12718	0	32508	24533	41024	
12719	0	32488	24509	42800	
12720	0	32464	24096	43621	
12721	0	32436	23581	44457	
12722	0	32420	22301	46040	
12723	0	32392	20709	47528	
12724	0	32372	19940	48512	
12725	0	32352	19648	49728	
12726	0	32328	20164	50228	
12727	0	32312	20360	50052	
12728	0	32293	20032	49232	
12729	0	32268	19532	48976	
12730	0	32252	19276	49616	
12731	0	32225	20788	51556	
12732	0	32210	24729	52592	
12733	0	32200	28400	51880	
12734	0	32176	29300	46980	
12735	0	32153	25072	43688	
12736	0	32140	16930	55460	
12737	0	32121	36960	47844	
12738	0	32116	36252	43448	
12739	0	32092	33128	35624	
12740	0	32084	29616	40553	
12741	0	32068	32002	43640	
12742	0	32056	34481	46520	
12743	0	32048	35024	47292	
12744	0	32036	34060	48400	
12745	0	32036	33336	49856	
12746	0	32016	33052	50392	
12747	0	32013	33045	49656	
12748	0	32008	33512	48168	
12749	0	32000	34244	46656	
12750	0	31997	34824	45340	
12751	0	31993	34872	44608	
12752	0	32001	34648	44256	
12753	0	31992	34273	44008	
12754	0	31997	33820	43900	
12755	0	32004	33360	43932	
12756	0	32000	32736	44100	
12757	0	32010	31680	44260	
12758	0	32005	31076	44420	
12759	0	32024	29032	44340	
12760	0	32032	27412	43820	
12761	0	32036	25976	42880	
12762	0	32044	28037	42808	
12763	0	32056	25400	41146	
12764	0	32077	27588	42084	
12765	0	32080	24952	41520	
12766	0	32096	24408	41760	
12767	0	32112	23282	41872	
12768	0	32124	22369	41536	
12769	0	32152	21432	41304	
12770	0	32164	19480	39497	
12771	0	32184	21476	40744	
12772	0	32204	20241	39884	
12773	0	32232	20044	39624	
12774	0	32252	19770	39548	
12775	0	32284	19464	39768	
12776	0	32300	18916	40096	
12777	0	32330	18434	40689	
12778	0	32352	18044	41144	
12779	0	32384	17688	41232	
12780	0	32420	17504	40964	
12781	0	32445	17220	40504	
12782	0	32480	16852	40076	
12783	0	32508	16385	39796	
12784	0	32544	16020	39568	
12785	0	32576	15706	39196	
12786	0	32612	15469	38692	
12787	0	32649	15250	38212	
12788	0	32696	14998	37937	
12789	0	32736	14720	37828	
12790	0	32776	14450	37672	
12791	0	32812	14088	37348	
12792	0	32860	13840	36644	
12793	0	32900	13570	35180	
12794	0	32948	13728	32964	
12795	0	33000	14470	32780	
12796	0	33053	14416	32816	
12797	0	33100	10632	29600	
12798	0	33152	11389	31904	
12799	0	33208	10691	31457	
12800	0	33260	9984	31188	
12801	0	33313	9624	30604	
12802	0	33376	9190	30024	
12803	0	33440	8664	29076	
12804	0	33504	8353	28072	
12805	0	33556	8212	26876	
12806	0	33624	8082	24940	
12807	0	33688	9552	24716	
12808	0	33752	10366	23277	
12809	0	33828	12665	24228	
12810	0	33892	12453	21960	
12811	0	33960	13876	22376	
12812	0	34036	14370	21364	
12813	0	34108	14322	21329	
12814	0	34180	11865	21980	
12815	0	34256	14832	21426	
12816	0	34332	16584	22621	
12817	0	34412	17628	23288	
12818	0	34496	17948	26652	
12819	0	34580	19656	25945	
12820	0	34668	18777	27018	
12821	0	34744	18842	27784	
12822	0	34832	13251	23200	
12823	0	34917	4580	25236	
12824	0	35010	6302	28576	
12825	0	35096	14500	38352	
12826	0	35194	14106	40604	
12827	0	35292	18736	35976	
12828	0	35376	20636	32132	
12829	0	35468	26852	35684	
12830	0	35568	33420	38548	
12831	0	35664	34648	44452	
12832	0	35764	26500	37064	
12833	0	35864	23603	34220	
12834	0	35960	26192	33936	
12835	0	36056	29280	35736	
12836	0	36160	27016	33712	
12837	0	36261	26388	34664	
12838	0	36372	28088	35632	
12839	0	36476	29284	36276	
12840	0	36580	29376	36448	
12841	0	36688	29420	36288	
12842	0	36792	29680	36236	
12843	0	36900	28884	35832	
12844	0	37012	27680	35888	
12845	0	37113	27541	36973	
12846	0	37232	28044	37592	
12847	0	37344	28496	37231	
12848	0	37452	29577	36772	
12849	0	37564	29328	35668	
12850	0	37664	28888	35953	
12851	0	37780	28474	35454	
12852	0	37896	28752	35496	
12853	0	38004	28740	35484	
12854	0	38116	28744	33380	
12855	0	38220	28984	34140	
12856	0	38328	29012	33752	
12857	0	38444	29220	33860	
12858	0	38548	29280	34328	
12859	0	38664	29188	35129	
12860	0	38782	28720	35928	
12861	0	38884	28321	36708	
12862	0	38996	27252	35948	
12863	0	39112	27565	37144	
12864	0	39208	27136	35888	
12865	0	39320	28305	42944	
12866	0	39416	26716	37372	
12867	0	39532	25460	37612	
12868	0	39640	25024	40756	
12869	0	39748	24706	39912	
12870	0	39840	24244	43496	
12871	0	39952	25308	45520	
12872	0	40045	25960	45408	
12873	0	40144	26660	45828	
12874	0	40240	26624	47440	
12875	0	40336	25845	48224	
12876	0	40428	25160	47488	
12877	0	40516	25560	49280	
12878	0	40608	26280	50132	
12879	0	40698	26764	49152	
12880	0	40788	29452	48172	
12881	0	40868	26697	49944	
12882	0	40944	28638	47516	
12883	0	41040	35952	43936	
12884	0	41100	28133	48484	
12885	0	41180	36660	45580	
12886	0	41248	37012	43985	
12887	0	41312	36816	42220	
12888	0	41380	39548	40208	
12889	0	41444	43972	37712	
12890	0	41504	45168	35708	
12891	0	41564	40816	41368	
12892	0	41620	40896	45900	
12893	0	41664	44708	45696	
12894	0	41712	46960	48784	
12895	0	41760	46168	49813	
12896	0	41816	44536	48232	
12897	0	41844	44344	45948	
12898	0	41884	44780	43588	
12899	0	41912	44492	41856	
12900	0	41952	45188	38932	
12901	0	41980	44392	37256	
12902	0	42004	43812	35912	
12903	0	42024	42520	35244	
12904	0	42048	41232	35004	
12905	0	42068	39904	34888	
12906	0	42060	38449	34468	
12907	0	42092	37620	34068	
12908	0	42104	36510	33764	
12909	0	42100	35341	33772	
12910	0	42108	34000	33908	
12911	0	42104	32776	33732	
12912	0	42100	31540	33188	
12913	0	42096	30072	32372	
12914	0	42084	28592	31405	
12915	0	42076	26916	30515	
12916	0	42068	25045	29776	
12917	0	42040	23964	28722	
12918	0	42032	22392	28349	
12919	0	41996	21126	27964	
12920	0	41972	20052	27360	
12921	0	41948	17622	28300	
12922	0	41896	17864	26686	
12923	0	41865	16333	26416	
12924	0	41828	16453	24828	
12925	0	41784	16509	22976	
12926	0	41736	11868	26944	
12927	0	41680	15782	22133	
12928	0	41629	17768	20554	
12929	0	41572	11236	26128	
12930	0	41508	16304	22356	
12931	0	41448	11271	26756	
12932	0	41368	16465	23249	
12933	0	41308	15256	25013	
12934	0	41232	16920	23885	
12935	0	41136	15442	26172	
12936	0	41060	15565	27096	
12937	0	40972	16812	26512	
12938	0	40884	16282	28485	
12939	0	40788	16026	29345	
12940	0	40696	15957	29944	
12941	0	40600	16356	30303	
12942	0	40496	13256	36657	
12943	0	40384	18498	28666	
12944	0	40280	5477	43920	
12945	0	40170	26848	43020	
12946	0	40052	37440	44436	
12947	0	39936	12920	31312	
12948	0	39812	10723	27881	
12949	0	39688	21412	27208	
12950	0	39560	31932	34784	
12951	0	39432	26953	39096	
12952	0	39301	29856	39244	
12953	0	39164	31253	44124	
12954	0	39028	25453	52444	
12955	0	38880	22160	52252	
12956	0	38740	25468	45960	
12957	0	38600	28232	37472	
12958	0	38452	15849	39224	
12959	0	38300	34752	32240	
12960	0	38160	25200	44548	
12961	0	38000	24533	51782	
12962	0	37852	28876	51676	
12963	0	37696	30384	46452	
12964	0	37536	26800	41300	
12965	0	37384	25958	36632	
12966	0	37220	29124	35048	
12967	0	37064	30216	34608	
12968	0	36904	28536	34349	
12969	0	36737	28328	34765	
12970	0	36568	28872	35504	
12971	0	36408	28828	36788	
12972	0	36256	28552	37612	
12973	0	36076	28645	37562	
12974	0	35920	28876	36880	
12975	0	35756	29029	36092	
12976	0	35580	28872	35580	
12977	0	35426	28032	35656	
12978	0	35260	27413	36212	
12979	0	35089	27543	37220	
12980	0	34920	26574	39884	
12981	0	34756	26516	39196	
12982	0	34589	25976	40040	
12983	0	34420	25944	40228	
12984	0	34260	26426	40036	
12985	0	34096	26514	39232	
12986	0	33928	26916	38592	
12987	0	33772	25061	41644	
12988	0	33601	22858	48648	
12989	0	33440	21172	50012	
12990	0	33272	23268	49940	
12991	0	33112	24440	50856	
12992	0	32956	24508	52624	
12993	0	32800	25152	53912	
12994	0	32636	25860	54148	
12995	0	32476	27192	54456	
12996	0	32316	26656	53840	
12997	0	32169	29324	54168	
12998	0	32016	30561	51232	
12999	0	31857	33364	49880	
13000	0	31708	36800	46132	
13001	0	31552	37140	43640	
13002	0	31404	38996	46212	
13003	0	31256	43716	38292	
13004	0	31116	47352	41160	
13005	0	30972	55632	43680	
13006	0	30836	55648	42112	
13007	0	30696	55672	40772	
13008	0	30556	55280	43444	
13009	0	30425	50696	50272	
13010	0	30292	46484	53092	
13011	0	30156	44256	50808	
13012	0	30032	41680	49456	
13013	0	29904	36892	48308	
13014	0	29784	37920	43460	
13015	0	29660	38796	39096	
13016	0	29540	40484	34848	
13017	0	29426	42308	32413	
13018	0	29312	40244	31005	
13019	0	29209	40016	30550	
13020	0	29100	39020	30520	
13021	0	28996	37880	31020	
13022	0	28896	36376	32164	
13023	0	28802	34724	33096	
13024	0	28708	33068	34172	
13025	0	28626	31220	34849	
13026	0	28530	28684	35048	
13027	0	28448	26725	33468	
13028	0	28372	24980	32360	
13029	0	28296	23484	31008	
13030	0	28232	21936	30061	
13031	0	28168	20674	29136	
13032	0	28096	19444	28096	
13033	0	28036	17692	27564	
13034	0	27988	16356	26640	
13035	0	27932	15133	26045	
13036	0	27890	14254	25853	
13037	0	27832	14585	24873	
13038	0	27800	13601	25864	
13039	0	27760	14366	23714	
13040	0	27721	14436	22616	
13041	0	27688	13906	22178	
13042	0	27657	13897	21940	
13043	0	27629	14524	21316	
13044	0	27596	9901	27276	
13045	0	27584	15153	22224	
13046	0	27560	14504	24754	
13047	0	27548	15064	23880	
13048	0	27528	16128	23156	
13049	0	27520	14480	25184	
13050	0	27500	15528	25696	
13051	0	27488	16172	25188	
13052	0	27480	15412	28573	
13053	0	27476	10404	21808	
13054	0	27468	22352	32516	
13055	0	27464	13924	32160	
13056	0	27463	20104	31896	
13057	0	27456	19968	29404	
13058	0	27458	24750	23476	
13059	0	27460	26960	33464	
13060	0	27464	34752	38812	
13061	0	27456	33276	41409	
13062	0	27460	27332	47024	
13063	0	27472	30480	52516	
13064	0	27472	23976	47752	
13065	0	27474	21673	41804	
13066	0	27489	22549	37416	
13067	0	27496	23152	34732	
13068	0	27506	23890	39928	
13069	0	27514	24608	43416	
13070	0	27524	25521	44816	
13071	0	27540	25508	43744	
13072	0	27542	18492	42944	
13073	0	27568	34540	39708	
13074	0	27572	28949	42220	
13075	0	27588	32540	44980	
13076	0	27600	32253	42748	
13077	0	27620	29096	41753	
13078	0	27636	26040	39556	
13079	0	27660	26184	37140	
13080	0	27680	26644	36504	
13081	0	27697	27412	35100	
13082	0	27712	29040	33352	
13083	0	27740	30281	31997	
13084	0	27757	30204	32532	
13085	0	27781	29864	33732	
13086	0	27800	28432	35888	
13087	0	27832	27276	37712	
13088	0	27860	25864	39320	
13089	0	27876	24192	41176	
13090	0	27908	22076	44072	
13091	0	27928	21189	45332	
13092	0	27968	18424	49224	
13093	0	27988	19818	49644	
13094	0	28008	19109	51328	
13095	0	28044	22881	52672	
13096	0	28068	22896	53204	
13097	0	28090	23716	53952	
13098	0	28120	25285	54728	
13099	0	28149	25325	55080	
13100	0	28188	25641	55204	
13101	0	28205	25952	54976	
13102	0	28240	27660	54328	
13103	0	28264	30669	52356	
13104	0	28292	32768	48468	
13105	0	28324	36416	45328	
13106	0	28348	39576	39592	
13107	0	28388	44024	37860	
13108	0	28420	52056	39592	
13109	0	28452	49248	40428	
13110	0	28484	41252	38244	
13111	0	28508	41916	40160	
13112	0	28536	43544	43248	
13113	0	28576	43308	48296	
13114	0	28598	42324	48748	
13115	0	28636	41584	46264	
13116	0	28672	40696	43557	
13117	0	28700	40816	39100	
13118	0	28732	42944	34869	
13119	0	28769	45120	33232	
13120	0	28810	45004	32480	
13121	0	28841	43460	31680	
13122	0	28876	42736	31584	
13123	0	28917	42048	32372	
13124	0	28964	41188	33808	
13125	0	28996	40032	34700	
13126	0	29036	38904	35140	
13127	0	29068	38280	35132	
13128	0	29128	38008	35076	
13129	0	29164	37589	34784	
13130	0	29212	36692	34232	
13131	0	29260	35616	33412	
13132	0	29308	34516	32532	
13133	0	29353	33352	31860	
13134	0	29404	31781	31456	
13135	0	29468	29376	30936	
13136	0	29512	26809	30956	
13137	0	29569	25040	30380	
13138	0	29628	23404	29968	
13139	0	29680	21901	29520	
13140	0	29746	20550	28816	
13141	0	29804	19929	28212	
13142	0	29860	19724	27440	
13143	0	29924	19568	26460	
13144	0	29988	19172	25440	
13145	0	30056	18588	24326	
13146	0	30124	17900	23352	
13147	0	30188	17121	22813	
13148	0	30248	15133	24034	
13149	0	30313	13084	25448	
13150	0	30384	13870	23138	
13151	0	30444	14148	22584	
13152	0	30508	8709	28604	
13153	0	30569	9694	25564	
13154	0	30636	7257	26440	
13155	0	30700	7029	25876	
13156	0	30765	7721	25060	
13157	0	30832	9142	24252	
13158	0	30892	10590	23745	
13159	0	30956	12064	23664	
13160	0	31000	13664	24076	
13161	0	31072	15192	25072	
13162	0	31125	16828	26268	
13163	0	31176	18500	27460	
13164	0	31240	11732	43884	
13165	0	31292	29916	47332	
13166	0	31344	37236	44048	
13167	0	31396	27916	40104	
13168	0	31448	11336	33400	
13169	0	31500	31798	24861	
13170	0	31544	33692	26240	
13171	0	31590	28594	29245	
13172	0	31636	24512	44024	
13173	0	31676	22012	54968	
13174	0	31713	21121	54348	
13175	0	31760	25616	45624	
13176	0	31794	27221	38756	
13177	0	31840	25548	39352	
13178	0	31868	24844	41764	
13179	0	31900	25341	44364	
13180	0	31924	15136	50252	
13181	0	31960	35180	44032	
13182	0	31992	30372	50292	
13183	0	32016	27828	48252	
13184	0	32033	28684	45376	
13185	0	32064	29932	41708	
13186	0	32080	27920	39624	
13187	0	32096	26242	35936	
13188	0	32124	26312	34092	
13189	0	32130	26884	33840	
13190	0	32148	28337	32912	
13191	0	32160	29976	32048	
13192	0	32172	30544	32016	
13193	0	32180	29984	32632	
13194	0	32185	29284	33768	
13195	0	32192	29050	35068	
13196	0	32200	28901	36113	
13197	0	32196	28492	37288	
13198	0	32196	27851	38368	
13199	0	32200	26824	39556	
13200	0	32189	25366	41064	
13201	0	32192	26369	40292	
13202	0	32177	27252	39220	
13203	0	32172	27237	38932	
13204	0	32160	26668	37801	
13205	0	32140	26048	39464	
13206	0	32120	25792	40090	
13207	0	32100	25665	40940	
13208	0	32084	25420	41048	
13209	0	32064	24656	41744	
13210	0	32036	27592	40674	
13211	0	32004	27040	43324	
13212	0	31984	26264	45920	
13213	0	31952	25384	48272	
13214	0	31928	24480	50092	
13215	0	31888	23200	52040	
13216	0	31852	23274	53236	
13217	0	31808	24088	54568	
13218	0	31776	24968	55320	
13219	0	31740	26568	55264	
13220	0	31684	28300	54976	
13221	0	31648	31680	53852	
13222	0	31600	34436	50852	
13223	0	31560	37580	47628	
13224	0	31504	42320	42920	
13225	0	31452	44944	43296	
13226	0	31400	54612	45212	
13227	0	31348	55620	45716	
13228	0	31288	55684	44584	
13229	0	31236	55616	44320	
13230	0	31184	55636	48080	
13231	0	31116	55660	49848	
13232	0	31056	55632	53248	
13233	0	30996	55552	53632	
13234	0	30928	53536	52748	
13235	0	30860	51376	50349	
13236	0	30796	49296	47540	
13237	0	30728	46892	44552	
13238	0	30664	44992	40688	
13239	0	30588	42368	37572	
13240	0	30512	40248	35812	
13241	0	30437	36556	35628	
13242	0	30372	33344	35648	
13243	0	30296	30202	35108	
13244	0	30224	26793	34496	
13245	0	30152	24058	33736	
13246	0	30076	20434	35384	
13247	0	30000	17200	34748	
13248	0	29924	15681	32212	
13249	0	29853	12769	31152	
13250	0	29776	10318	30308	
13251	0	29700	8252	29584	
13252	0	29628	7355	27884	
13253	0	29549	7294	25752	
13254	0	29476	3425	26648	
13255	0	29400	5724	21464	
13256	0	29332	2381	21144	
13257	0	29260	7590	17005	
13258	0	29181	4657	17298	
13259	0	29112	3787	20733	
13260	0	29036	9392	15176	
13261	0	28960	11733	14952	
13262	0	28889	8876	16928	
13263	0	28824	12536	16924	
13264	0	28752	13510	18468	
13265	0	28684	14945	20097	
13266	0	28604	16350	21880	
13267	0	28538	17517	23336	
13268	0	28476	18232	24888	
13269	0	28406	18858	26413	
13270	0	28340	19688	27104	
13271	0	28269	21220	30522	
13272	0	28205	22592	31912	
13273	0	28132	22824	28872	
13274	0	28068	24053	32549	
13275	0	28000	24618	33422	
13276	0	27936	24960	33900	
13277	0	27866	21376	37256	
13278	0	27796	18390	50864	
13279	0	27728	28873	46528	
13280	0	27664	32864	40864	
13281	0	27588	13269	33784	
13282	0	27524	24352	27428	
13283	0	27460	34852	16780	
13284	0	27397	27678	21804	
13285	0	27328	22528	28637	
13286	0	27256	26576	36852	
13287	0	27192	23266	50696	
13288	0	27132	24276	52524	
13289	0	27068	27112	47220	
13290	0	26997	27588	39788	
13291	0	26936	26180	40705	
13292	0	26865	24628	43840	
13293	0	26800	24116	44660	
13294	0	26736	26980	40452	
13295	0	26674	29573	37572	
13296	0	26608	29160	38524	
13297	0	26549	15105	50352	
13298	0	26484	34536	41084	
13299	0	26420	28336	48576	
13300	0	26356	27490	50169	
13301	0	26296	30084	47164	
13302	0	26236	28732	42284	
13303	0	26176	26608	37892	
13304	0	26117	26804	35548	
13305	0	26056	28112	34500	
13306	0	26008	29248	33776	
13307	0	25948	30060	33824	
13308	0	25896	30217	34504	
13309	0	25817	29657	35072	
13310	0	25784	28986	35798	
13311	0	25729	28346	36744	
13312	0	25674	28180	37148	
13313	0	25616	28448	36928	
13314	0	25561	29042	36321	
13315	0	25513	28880	35912	
13316	0	25472	30945	34932	
13317	0	25416	28556	36308	
13318	0	25364	30292	36448	
13319	0	25312	27400	38932	
13320	0	25268	27318	39500	
13321	0	25220	26548	40632	
13322	0	25168	25706	42104	
13323	0	25120	23812	44133	
13324	0	25080	19765	46624	
13325	0	25036	20093	47084	
13326	0	24985	24504	48904	
13327	0	24944	25600	50760	
13328	0	24896	27116	50860	
13329	0	24856	24084	51716	
13330	0	24804	25525	52768	
13331	0	24772	28028	52740	
13332	0	24732	24940	55072	
13333	0	24690	28260	54168	
13334	0	24652	27771	54864	
13335	0	24617	31608	51560	
13336	0	24580	29832	52064	
13337	0	24548	31976	50232	
13338	0	24512	34784	46152	
13339	0	24472	37880	40761	
13340	0	24448	39836	36756	
13341	0	24417	42760	39100	
13342	0	24384	46476	41404	
13343	0	24352	46644	46044	
13344	0	24330	44612	47476	
13345	0	24304	44960	40224	
13346	0	24274	43464	41320	
13347	0	24257	44868	41784	
13348	0	24230	44396	45164	
13349	0	24209	43808	44404	
13350	0	24186	43748	41456	
13351	0	24172	42268	40484	
13352	0	24152	42556	39584	
13353	0	24136	41632	39300	
13354	0	24124	41820	38585	
13355	0	24112	42088	37992	
13356	0	24105	41952	38220	
13357	0	24096	41264	38380	
13358	0	24088	40412	38533	
13359	0	24084	39472	38520	
13360	0	24081	38612	37976	
13361	0	24084	37600	37276	
13362	0	24092	35636	36656	
13363	0	24097	35376	36641	
13364	0	24108	34164	36968	
13365	0	24124	29532	37336	
13366	0	24136	32324	38768	
13367	0	24156	28988	39481	
13368	0	24176	26761	39688	
13369	0	24194	23360	38940	
13370	0	24224	24165	39312	
13371	0	24256	21158	38337	
13372	0	24284	21689	38760	
13373	0	24320	18697	37984	
13374	0	24355	19744	38588	
13375	0	24392	13412	37848	
13376	0	24438	16744	39216	
13377	0	24480	16820	39528	
13378	0	24529	12965	38644	
13379	0	24573	14532	38232	
13380	0	24626	8762	36140	
13381	0	24684	10122	35628	
13382	0	24736	13000	35976	
13383	0	24788	12654	35888	
13384	0	24849	10684	35392	
13385	0	24920	8990	35168	
13386	0	24980	9837	33972	
13387	0	25040	11673	34104	
13388	0	25108	11728	33988	
13389	0	25184	12989	34924	
13390	0	25252	13316	35276	
13391	0	25322	12356	34624	
13392	0	25388	12148	34464	
13393	0	25472	12896	34113	
13394	0	25548	14016	33320	
13395	0	25624	15160	32684	
13396	0	25708	16200	32416	
13397	0	25792	17065	32428	
13398	0	25872	18016	32392	
13399	0	25960	18980	32513	
13400	0	26052	20101	32584	
13401	0	26144	21036	32620	
13402	0	26228	21909	32488	
13403	0	26324	22836	32368	
13404	0	26424	23925	32364	
13405	0	26516	25217	32628	
13406	0	26613	26842	33088	
13407	0	26709	28900	33664	
13408	0	26812	30940	34200	
13409	0	26916	26924	47440	
13410	0	27016	14466	43980	
13411	0	27120	35912	34620	
13412	0	27232	39320	48400	
13413	0	27336	16305	50756	
13414	0	27448	17797	52560	
13415	0	27552	17586	52288	
13416	0	27668	16270	39940	
13417	0	27776	23500	35096	
13418	0	27888	23816	38058	
13419	0	28008	17504	41824	
13420	0	28116	5898	22333	
13421	0	28236	14581	33304	
13422	0	28352	31576	28764	
13423	0	28472	37396	32652	
13424	0	28586	29708	30604	
13425	0	28705	30320	32344	
13426	0	28832	31488	37400	
13427	0	28940	30077	43172	
13428	0	29068	22960	38272	
13429	0	29188	24584	36824	
13430	0	29322	26076	37748	
13431	0	29448	26408	37572	
13432	0	29572	28684	36701	
13433	0	29696	30464	35180	
13434	0	29824	31195	33512	
13435	0	29956	31084	33420	
13436	0	30084	29368	34920	
13437	0	30188	27834	36724	
13438	0	30344	27178	38136	
13439	0	30484	26820	38724	
13440	0	30617	28180	37516	
13441	0	30744	29752	36700	
13442	0	30892	29648	36648	
13443	0	31020	28576	36184	
13444	0	31156	28088	35808	
13445	0	31304	28744	35244	
13446	0	31436	28560	35572	
13447	0	31588	28444	35284	
13448	0	31728	27224	36680	
13449	0	31872	28697	35484	
13450	0	32020	28017	36392	
13451	0	32168	29192	35356	
13452	0	32324	28336	36168	
13453	0	32472	28492	36012	
13454	0	32624	26292	38328	
13455	0	32780	28724	36056	
13456	0	32928	27830	36596	
13457	0	33088	28277	36789	
13458	0	33232	28436	37059	
13459	0	33400	28362	37016	
13460	0	33558	28380	37324	
13461	0	33716	28285	37392	
13462	0	33884	28324	37396	
13463	0	34052	27900	37024	
13464	0	34208	27812	37140	
13465	0	34368	27757	36540	
13466	0	34537	28112	36648	
13467	0	34712	28380	36336	
13468	0	34876	28460	36346	
13469	0	35040	28257	35808	
13470	0	35208	28316	35944	
13471	0	35372	28488	36441	
13472	0	35536	28052	36292	
13473	0	35704	29096	35673	
13474	0	35876	28756	36192	
13475	0	36028	27976	36480	
13476	0	36192	28112	36916	
13477	0	36356	27897	36588	
13478	0	36512	27868	36144	
13479	0	36668	27872	36112	
13480	0	36832	27621	37004	
13481	0	36984	27400	37528	
13482	0	37137	26893	36336	
13483	0	37292	26473	36156	
13484	0	37440	27096	37068	
13485	0	37588	26496	36588	
13486	0	37733	26216	36844	
13487	0	37872	26093	37669	
13488	0	38016	24024	39345	
13489	0	38156	25444	42660	
13490	0	38284	27612	36388	
13491	0	38425	26565	38845	
13492	0	38560	25052	38000	
13493	0	38676	23804	39532	
13494	0	38808	20865	43520	
13495	0	38936	19600	45016	
13496	0	39056	19971	45857	
13497	0	39172	19204	45380	
13498	0	39292	17998	44492	
13499	0	39404	19962	46692	
13500	0	39520	18960	48144	
13501	0	39620	18211	48660	
13502	0	39740	18616	49616	
13503	0	39832	19010	50456	
13504	0	39928	19468	50064	
13505	0	40032	20888	50348	
13506	0	40120	24952	52160	
13507	0	40217	27372	50360	
13508	0	40300	24336	45704	
13509	0	40388	21480	41776	
13510	0	40469	16906	46824	
13511	0	40552	25784	55312	
13512	0	40632	38528	44368	
13513	0	40700	35872	33960	
13514	0	40768	33116	35992	
13515	0	40836	31868	39928	
13516	0	40904	35784	43097	
13517	0	40964	38212	45941	
13518	0	41024	37768	46668	
13519	0	41084	36401	47260	
13520	0	41128	34920	46980	
13521	0	41168	34438	46124	
13522	0	41224	35096	45248	
13523	0	41276	36073	44320	
13524	0	41320	36684	43364	
13525	0	41348	36756	42532	
13526	0	41396	36416	42008	
13527	0	41424	35896	42041	
13528	0	41453	35228	42576	
13529	0	41480	34269	43400	
13530	0	41512	33237	44232	
13531	0	41540	32221	44736	
13532	0	41556	31141	45004	
13533	0	41568	30232	45144	
13534	0	41580	27816	44940	
13535	0	41592	28064	44832	
13536	0	41592	28736	44788	
13537	0	41600	25532	43072	
13538	0	41612	26800	43400	
13539	0	41616	26760	43832	
13540	0	41612	22500	40592	
13541	0	41600	26576	43676	
13542	0	41600	22232	41264	
13543	0	41596	24340	42701	
13544	0	41580	22472	41552	
13545	0	41560	21549	40868	
13546	0	41548	22305	41376	
13547	0	41540	21602	40968	
13548	0	41520	21084	40776	
13549	0	41501	20826	41396	
13550	0	41480	20424	41552	
13551	0	41444	19917	41737	
13552	0	41424	19406	42036	
13553	0	41388	18858	42720	
13554	0	41348	18476	43032	
13555	0	41320	18116	43088	
13556	0	41280	17640	42784	
13557	0	41240	17144	42140	
13558	0	41212	16630	41568	
13559	0	41168	16046	41128	
13560	0	41120	15338	40736	
13561	0	41064	14514	40520	
13562	0	41012	13676	40184	
13563	0	40952	12739	39648	
13564	0	40912	11678	39032	
13565	0	40854	10260	38022	
13566	0	40796	9245	36604	
13567	0	40736	9028	35424	
13568	0	40684	8475	34172	
13569	0	40618	7652	31288	
13570	0	40548	8235	31964	
13571	0	40480	7442	29472	
13572	0	40412	7908	30032	
13573	0	40352	7623	27432	
13574	0	40276	10678	27266	
13575	0	40200	11340	21908	
13576	0	40120	13308	25036	
13577	0	40048	13168	24586	
13578	0	39972	13108	25940	
13579	0	39896	12417	25516	
13580	0	39808	12949	25940	
13581	0	39720	13889	26164	
13582	0	39640	14745	26272	
13583	0	39556	15141	26469	
13584	0	39464	15228	26792	
13585	0	39372	15389	27028	
13586	0	39280	15834	26952	
13587	0	39188	16516	26720	
13588	0	39096	17356	26448	
13589	0	39000	18338	26888	
13590	0	38904	11906	24069	
13591	0	38812	14269	22654	
13592	0	38712	22365	24214	
13593	0	38612	26584	30260	
13594	0	38516	20704	27656	
13595	0	38408	16700	24069	
13596	0	38300	15556	27848	
13597	0	38200	17302	33096	
13598	0	38096	20929	38437	
13599	0	37992	22530	45016	
13600	0	37888	19900	43100	
13601	0	37772	17120	37921	
13602	0	37676	16638	35252	
13603	0	37564	16900	31296	
13604	0	37456	18240	30676	
13605	0	37344	23261	34572	
13606	0	37240	25912	36716	
13607	0	37132	28164	37248	
13608	0	37024	29036	35968	
13609	0	36916	29652	34969	
13610	0	36800	29748	34932	
13611	0	36700	29656	35332	
13612	0	36592	27570	41448	
13613	0	36488	21764	32772	
13614	0	36376	21156	35064	
13615	0	36268	21181	32105	
13616	0	36172	26972	34312	
13617	0	36056	29556	35612	
13618	0	35949	29400	36452	
13619	0	35852	27856	35613	
13620	0	35744	27712	36432	
13621	0	35644	27992	36752	
13622	0	35544	28065	36544	
13623	0	35434	27976	36080	
13624	0	35332	28364	35872	
13625	0	35232	29001	36228	
13626	0	35128	28941	36224	
13627	0	35040	28589	36648	
13628	0	34937	28436	36836	
13629	0	34844	28480	36640	
13630	0	34744	28356	36304	
13631	0	34648	28421	35952	
13632	0	34556	28516	35896	
13633	0	34465	28864	36008	
13634	0	34376	28856	36060	
13635	0	34284	28820	36032	
13636	0	34192	28488	35792	
13637	0	34106	28410	35948	
13638	0	34008	28900	36281	
13639	0	33928	29012	36092	
13640	0	33856	28840	36536	
13641	0	33768	28776	36088	
13642	0	33680	28805	37160	
13643	0	33600	28552	36530	
13644	0	33516	27946	36876	
13645	0	33437	28052	36494	
13646	0	33360	28236	36328	
13647	0	33284	28564	36288	
13648	0	33205	28796	36084	
13649	0	33132	28968	36020	
13650	0	33056	28849	36208	
13651	0	32984	28914	36260	
13652	0	32912	28936	36396	
13653	0	32836	28600	36072	
13654	0	32769	28473	36229	
13655	0	32692	28093	36656	
13656	0	32632	28160	36844	
13657	0	32560	27564	36980	
13658	0	32497	27072	37017	
13659	0	32428	27124	37166	
13660	0	32364	27004	37328	
13661	0	32296	27182	37156	
13662	0	32228	26872	37136	
13663	0	32164	26420	37844	
13664	0	32104	25940	38636	
13665	0	32044	26084	39320	
13666	0	31980	25788	39040	
13667	0	31920	26344	37432	
13668	0	31849	25680	39772	
13669	0	31792	24060	41332	
13670	0	31737	24721	41844	
13671	0	31676	24488	41428	
13672	0	31612	23856	41064	
13673	0	31552	20864	43836	
13674	0	31482	25704	45388	
13675	0	31424	25680	45024	
13676	0	31372	23816	46560	
13677	0	31308	21788	46348	
13678	0	31248	21333	47312	
13679	0	31192	21772	48616	
13680	0	31128	20156	48300	
13681	0	31064	19740	48404	
13682	0	31004	19677	49120	
13683	0	30940	18550	50492	
13684	0	30880	18137	51936	
13685	0	30816	17801	52688	
13686	0	30761	17068	52964	
13687	0	30692	16600	52252	
13688	0	30628	17188	52132	
13689	0	30565	18762	52592	
13690	0	30497	21860	52312	
13691	0	30428	28233	51244	
13692	0	30368	35720	47632	
13693	0	30296	30281	40072	
13694	0	30237	13956	55368	
13695	0	30164	39908	44880	
13696	0	30096	41380	32849	
13697	0	30032	36096	32132	
13698	0	29960	33532	40316	
13699	0	29897	34777	45208	
13700	0	29824	36912	44640	
13701	0	29760	36788	44368	
13702	0	29684	34781	45576	
13703	0	29620	33704	45772	
13704	0	29564	34476	44524	
13705	0	29488	34392	43068	
13706	0	29425	35640	41008	
13707	0	29356	34658	38152	
13708	0	29288	35268	36964	
13709	0	29224	36101	36920	
13710	0	29156	35599	37044	
13711	0	29096	34548	37141	
13712	0	29040	33397	37344	
13713	0	28984	32592	37252	
13714	0	28920	31548	36700	
13715	0	28853	31492	36124	
13716	0	28796	28984	34692	
13717	0	28740	30860	34448	
13718	0	28680	28852	32728	
13719	0	28632	30360	32452	
13720	0	28572	29770	31584	
13721	0	28520	29300	30936	
13722	0	28473	28988	30410	
13723	0	28424	28960	29804	
13724	0	28368	29088	29024	
13725	0	28317	29433	28124	
13726	0	28284	29652	27172	
13727	0	28232	29600	26220	
13728	0	28186	29340	25732	
13729	0	28148	28056	25425	
13730	0	28106	26814	25384	
13731	0	28064	25792	25018	
13732	0	28030	24669	24343	
13733	0	27984	24000	23845	
13734	0	27956	22573	22780	
13735	0	27924	21274	21892	
13736	0	27884	20641	21424	
13737	0	27856	19686	20565	
13738	0	27824	19008	19728	
13739	0	27792	18268	19072	
13740	0	27765	17560	18690	
13741	0	27744	16818	18702	
13742	0	27720	16118	18920	
13743	0	27692	15576	19160	
13744	0	27672	15180	19644	
13745	0	27657	14621	20445	
13746	0	27640	14282	20960	
13747	0	27626	14056	21486	
13748	0	27608	14176	21836	
13749	0	27600	14428	22060	
13750	0	27592	15108	21846	
13751	0	27578	15577	22208	
13752	0	27577	15628	23692	
13753	0	27570	16768	23070	
13754	0	27568	17036	23772	
13755	0	27574	17992	23784	
13756	0	27576	18904	24180	
13757	0	27580	20104	24486	
13758	0	27592	21124	24944	
13759	0	27604	21996	25244	
13760	0	27624	22625	26033	
13761	0	27636	23372	26878	
13762	0	27660	24272	27260	
13763	0	27684	25008	28025	
13764	0	27704	25345	28881	
13765	0	27736	25548	28688	
13766	0	27764	25340	29412	
13767	0	27800	25281	29260	
13768	0	27836	16332	43832	
13769	0	27872	33624	45492	
13770	0	27925	39752	49600	
13771	0	27964	27868	44820	
13772	0	28008	10428	32240	
13773	0	28057	14712	34152	
13774	0	28120	37997	35804	
13775	0	28180	19442	34532	
13776	0	28240	18002	44208	
13777	0	28300	14676	55476	
13778	0	28362	17710	54960	
13779	0	28432	24308	43968	
13780	0	28504	26832	34228	
13781	0	28576	27522	31872	
13782	0	28649	26104	36460	
13783	0	28730	27485	39705	
13784	0	28808	30576	38764	
13785	0	28892	32536	36417	
13786	0	28972	26612	42164	
13787	0	29057	25660	45756	
13788	0	29136	22893	48136	
13789	0	29229	20140	46964	
13790	0	29316	20225	44816	
13791	0	29408	22449	41552	
13792	0	29504	25528	37928	
13793	0	29588	27568	35408	
13794	0	29680	28000	34764	
13795	0	29776	27357	35360	
13796	0	29868	27257	37444	
13797	0	29957	26712	39784	
13798	0	30048	25513	42900	
13799	0	30136	23592	44836	
13800	0	30224	21696	48704	
13801	0	30302	20724	51016	
13802	0	30388	20512	52748	
13803	0	30465	21376	55196	
13804	0	30544	23030	55405	
13805	0	30624	25221	55396	
13806	0	30696	27120	55232	
13807	0	30773	27060	52552	
13808	0	30832	30256	50180	
13809	0	30900	34660	46480	
13810	0	30960	39388	43884	
13811	0	31024	42300	43588	
13812	0	31080	48800	42180	
13813	0	31136	55524	40912	
13814	0	31184	55616	40980	
13815	0	31236	52000	44556	
13816	0	31288	47404	52452	
13817	0	31328	46008	55088	
13818	0	31372	45532	55124	
13819	0	31405	43772	55144	
13820	0	31444	43160	52736	
13821	0	31480	43492	48448	
13822	0	31512	44400	43176	
13823	0	31545	45556	38196	
13824	0	31580	44384	35953	
13825	0	31608	41880	34576	
13826	0	31640	39364	34249	
13827	0	31664	37900	34496	
13828	0	31692	36716	34060	
13829	0	31728	36132	34412	
13830	0	31756	34088	35796	
13831	0	31788	32220	36216	
13832	0	31812	29864	35124	
13833	0	31844	26944	33436	
13834	0	31872	26968	31284	
13835	0	31904	28660	28840	
13836	0	31937	26149	28680	
13837	0	31976	23780	29812	
13838	0	32008	23344	29916	
13839	0	32048	22764	29124	
13840	0	32070	20761	27600	
13841	0	32124	17792	27532	
13842	0	32164	19464	24294	
13843	0	32200	19170	23512	
13844	0	32244	18916	22736	
13845	0	32289	18976	20952	
13846	0	32329	17280	21668	
13847	0	32368	16128	22033	
13848	0	32424	14068	23376	
13849	0	32474	12947	23862	
13850	0	32516	12325	24312	
13851	0	32564	13358	23700	
13852	0	32612	9840	27736	
13853	0	32664	13664	23839	
13854	0	32716	12372	24736	
13855	0	32768	10226	28654	
13856	0	32820	14784	22349	
13857	0	32872	13869	24144	
13858	0	32932	11404	30564	
13859	0	32984	17604	23768	
13860	0	33044	18012	25806	
13861	0	33092	19874	25920	
13862	0	33152	21925	26464	
13863	0	33210	23945	27344	
13864	0	33261	20713	32884	
13865	0	33328	27308	36224	
13866	0	33384	24256	40601	
13867	0	33440	36884	47884	
13868	0	33496	25136	27368	
13869	0	33568	32156	30256	
13870	0	33624	31204	32005	
13871	0	33680	25232	31836	
13872	0	33748	16998	41376	
13873	0	33804	14224	47568	
13874	0	33868	19741	44452	
13875	0	33928	23044	44676	
13876	0	33988	25041	44084	
13877	0	34048	25560	42748	
13878	0	34116	25373	43328	
13879	0	34176	25080	42888	
13880	0	34237	20488	38920	
13881	0	34300	27037	42940	
13882	0	34368	24524	49908	
13883	0	34424	29904	46764	
13884	0	34492	27384	48128	
13885	0	34553	25782	41496	
13886	0	34624	25632	36036	
13887	0	34686	25857	35296	
13888	0	34745	26840	34816	
13889	0	34808	28261	33472	
13890	0	34880	29604	33160	
13891	0	34936	28796	34378	
13892	0	35004	27356	36882	
13893	0	35068	26882	39536	
13894	0	35128	28584	39516	
13895	0	35188	27616	40064	
13896	0	35256	28464	36864	
13897	0	35316	27820	35728	
13898	0	35376	26564	36472	
13899	0	35432	24745	36912	
13900	0	35492	27840	35792	
13901	0	35552	28528	36976	
13902	0	35608	27969	37452	
13903	0	35660	25544	38980	
13904	0	35708	26042	38708	
13905	0	35760	25340	39312	
13906	0	35808	23606	40820	
13907	0	35852	22581	41844	
13908	0	35912	24128	41716	
13909	0	35948	23724	42964	
13910	0	35996	24280	45564	
13911	0	36032	24389	48360	
13912	0	36068	24986	51740	
13913	0	36116	23592	52776	
13914	0	36144	23148	53088	
13915	0	36184	22597	54941	
13916	0	36217	22093	55360	
13917	0	36244	22245	55404	
13918	0	36272	24316	55268	
13919	0	36312	29708	55120	
13920	0	36332	32212	52516	
13921	0	36352	34672	49224	
13922	0	36372	35316	44592	
13923	0	36392	40516	40328	
13924	0	36408	47576	37944	
13925	0	36432	52076	40696	
13926	0	36448	55572	41312	
13927	0	36464	55616	41776	
13928	0	36465	55584	40493	
13929	0	36484	55588	43501	
13930	0	36500	53052	50844	
13931	0	36496	49636	52808	
13932	0	36496	47048	52892	
13933	0	36508	44560	50977	
13934	0	36508	42296	48960	
13935	0	36501	40880	45724	
13936	0	36508	40932	41152	
13937	0	36500	40992	36232	
13938	0	36500	40128	33380	
13939	0	36492	38208	31956	
13940	0	36485	36729	31356	
13941	0	36480	35356	31266	
13942	0	36464	33468	31500	
13943	0	36460	30866	31872	
13944	0	36448	29028	31860	
13945	0	36444	26688	31976	
13946	0	36424	25512	31548	
13947	0	36385	24141	30697	
13948	0	36396	22912	29996	
13949	0	36376	22352	29476	
13950	0	36364	18076	29661	
13951	0	36340	20156	28533	
13952	0	36320	18658	28153	
13953	0	36308	18932	27720	
13954	0	36281	17474	27808	
13955	0	36268	12064	30484	
13956	0	36234	18560	25880	
13957	0	36220	17992	25708	
13958	0	36188	16839	26204	
13959	0	36164	17192	25792	
13960	0	36132	17815	25076	
13961	0	36109	17060	25820	
13962	0	36068	17892	25656	
13963	0	36040	18290	25641	
13964	0	36008	16724	27757	
13965	0	35972	17594	26221	
13966	0	35932	16610	26680	
13967	0	35896	16617	26590	
13968	0	35860	17432	26784	
13969	0	35812	18307	27148	
13970	0	35768	18754	27448	
13971	0	35728	16708	30728	
13972	0	35664	19909	25659	
13973	0	35616	19710	25624	
13974	0	35568	19404	25648	
13975	0	35516	18281	26828	
13976	0	35456	19792	26312	
13977	0	35397	16202	29004	
13978	0	35344	20888	33952	
13979	0	35280	25190	33888	
13980	0	35204	28107	34516	
13981	0	35144	18452	24341	
13982	0	35080	28652	23572	
13983	0	35008	34916	30016	
13984	0	34940	28072	37572	
13985	0	34864	27908	40404	
13986	0	34788	25434	52964	
13987	0	34718	21632	47964	
13988	0	34636	28104	42456	
13989	0	34548	23933	33648	
13990	0	34468	24116	35324	
13991	0	34388	22800	39852	
13992	0	34301	23384	42868	
13993	0	34204	22344	36756	
13994	0	34120	15269	47152	
13995	0	34020	24472	41924	
13996	0	33944	26748	50928	
13997	0	33852	30972	51632	
13998	0	33752	32864	47328	
13999	0	33652	28268	44132	
14000	0	33560	23976	40376	
14001	0	33468	22140	37860	
14002	0	33365	22468	37820	
14003	0	33268	25933	35428	
14004	0	33169	28420	33668	
14005	0	33068	27920	34080	
14006	0	32960	26585	36404	
14007	0	32864	25965	37597	
14008	0	32748	25877	37968	
14009	0	32644	26368	38148	
14010	0	32544	26988	38612	
14011	0	32436	27652	38644	
14012	0	32336	28620	37880	
14013	0	32228	28040	36344	
14014	0	32112	27556	35900	
14015	0	32000	28344	36328	
14016	0	31892	28380	37236	
14017	0	31784	27168	39280	
14018	0	31672	25752	42034	
14019	0	31552	24196	44536	
14020	0	31434	22496	46852	
14021	0	31328	21224	49420	
14022	0	31208	20884	51568	
14023	0	31096	19805	52872	
14024	0	30982	19452	54104	
14025	0	30853	19107	54736	
14026	0	30748	20001	54504	
14027	0	30626	19509	55409	
14028	0	30508	24912	55252	
14029	0	30392	31668	51964	
14030	0	30268	31413	48592	
14031	0	30152	35588	41968	
14032	0	30036	40740	37824	
14033	0	29912	48536	39632	
14034	0	29792	55160	42812	
14035	0	29672	55660	49312	
14036	0	29556	55504	46088	
14037	0	29433	51632	44972	
14038	0	29316	53384	46248	
14039	0	29197	52120	48740	
14040	0	29072	49208	51428	
14041	0	28964	46704	50144	
14042	0	28841	44609	47544	
14043	0	28724	41540	44976	
14044	0	28612	39208	41712	
14045	0	28500	38100	38568	
14046	0	28384	36692	36728	
14047	0	28272	34696	35360	
14048	0	28160	33569	34256	
14049	0	28052	32600	33424	
14050	0	27936	30872	32548	
14051	0	27828	29044	31876	
14052	0	27725	26368	31268	
14053	0	27618	21789	29552	
14054	0	27524	23672	30154	
14055	0	27424	22120	28708	
14056	0	27322	22275	27676	
14057	0	27224	22292	27008	
14058	0	27130	22014	26500	
14059	0	27041	21408	26002	
14060	0	26960	20636	25616	
14061	0	26876	20124	25304	
14062	0	26797	19514	25112	
14063	0	26716	19220	25085	
14064	0	26648	18848	25252	
14065	0	26576	18548	25016	
14066	0	26504	17582	24724	
14067	0	26436	16760	24596	
14068	0	26376	16544	24624	
14069	0	26304	17140	24888	
14070	0	26252	17808	25236	
14071	0	26200	16892	26684	
14072	0	26146	16837	26216	
14073	0	26100	15977	26465	
14074	0	26056	15704	26102	
14075	0	26004	13643	28588	
14076	0	25968	15746	26032	
14077	0	25932	17061	25316	
14078	0	25896	17916	26144	
14079	0	25872	19748	25500	
14080	0	25837	20797	25728	
14081	0	25813	21548	30952	
14082	0	25788	22563	26696	
14083	0	25773	23744	29328	
14084	0	25753	24388	27676	
14085	0	25744	18224	39488	
14086	0	25729	22928	27632	
14087	0	25724	25164	33108	
14088	0	25716	19412	26964	
14089	0	25712	13344	21533	
14090	0	25714	21125	16342	
14091	0	25712	37208	37148	
14092	0	25720	33916	36096	
14093	0	25728	30020	39112	
14094	0	25744	25064	40984	
14095	0	25760	22282	49936	
14096	0	25768	23038	47028	
14097	0	25792	18145	43620	
14098	0	25816	22208	41836	
14099	0	25832	23872	36924	
14100	0	25865	22101	40768	
14101	0	25896	22175	45152	
14102	0	25932	23368	42560	
14103	0	25972	26590	39981	
14104	0	26008	27960	36848	
14105	0	26052	28268	34916	
14106	0	26085	29636	34529	
14107	0	26136	17568	30776	
14108	0	26184	36288	34112	
14109	0	26241	30036	40872	
14110	0	26288	27944	44676	
14111	0	26345	23712	48328	
14112	0	26400	19720	48584	
14113	0	26468	19080	47584	
14114	0	26528	20688	46080	
14115	0	26596	22188	43444	
14116	0	26665	25232	39672	
14117	0	26728	27464	36548	
14118	0	26800	26676	35924	
14119	0	26872	27956	34832	
14120	0	26948	29348	34368	
14121	0	27024	28656	34776	
14122	0	27100	28576	34384	
14123	0	27177	30076	34592	
14124	0	27252	31002	34968	
14125	0	27333	29840	34824	
14126	0	27413	28528	34016	
14127	0	27490	28864	34960	
14128	0	27572	27684	34948	
14129	0	27648	26960	38060	
14130	0	27736	25211	39484	
14131	0	27812	25040	44120	
14132	0	27888	23136	47420	
14133	0	27964	20678	50512	
14134	0	28044	19258	52196	
14135	0	28132	18113	53888	
14136	0	28208	17715	55352	
14137	0	28288	17033	55460	
14138	0	28356	17408	55484	
14139	0	28448	20328	55420	
14140	0	28512	22152	55440	
14141	0	28592	27228	55260	
14142	0	28664	32726	52512	
14143	0	28736	34696	43260	
14144	0	28824	41565	41180	
14145	0	28880	49632	39080	
14146	0	28956	55688	38578	
14147	0	29038	55660	45920	
14148	0	29100	55708	45696	
14149	0	29172	55440	44480	
14150	0	29248	55328	47560	
14151	0	29309	55120	49632	
14152	0	29376	51764	50772	
14153	0	29445	48400	49040	
14154	0	29512	46016	46032	
14155	0	29588	44120	42816	
14156	0	29646	42932	39328	
14157	0	29716	40524	37032	
14158	0	29784	38112	35404	
14159	0	29845	36512	34980	
14160	0	29916	34696	34984	
14161	0	29972	32428	34500	
14162	0	30042	29516	34512	
14163	0	30104	26848	33916	
14164	0	30172	24896	33376	
14165	0	30228	23476	32520	
14166	0	30292	20984	32280	
14167	0	30358	19228	31420	
14168	0	30425	17700	30980	
14169	0	30488	16584	30024	
14170	0	30552	13541	27968	
14171	0	30616	15229	27324	
14172	0	30677	13814	26340	
14173	0	30744	13476	25461	
14174	0	30812	13460	24740	
14175	0	30872	12645	24402	
14176	0	30936	11988	24109	
14177	0	31000	11960	23356	
14178	0	31064	12120	22735	
14179	0	31124	10038	25904	
14180	0	31196	11945	23336	
14181	0	31264	13176	22196	
14182	0	31320	11180	24584	
14183	0	31384	12510	23504	
14184	0	31444	11236	25016	
14185	0	31509	9962	29300	
14186	0	31572	14828	23640	
14187	0	31624	16152	24412	
14188	0	31688	17820	24644	
14189	0	31756	19622	24956	
14190	0	31808	21112	23952	
14191	0	31865	22822	27276	
14192	0	31920	23936	23216	
14193	0	31980	25528	25476	
14194	0	32040	26512	26092	
14195	0	32085	26944	26672	
14196	0	32148	27152	27724	
14197	0	32200	26977	28620	
14198	0	32252	17514	34592	
14199	0	32304	27980	39660	
14200	0	32356	31396	36204	
14201	0	32412	28068	33268	
14202	0	32460	15232	23790	
14203	0	32516	24133	27320	
14204	0	32560	26988	31265	
14205	0	32608	29442	38648	
14206	0	32656	20674	49200	
14207	0	32708	25251	49632	
14208	0	32756	24896	53440	
14209	0	32801	25992	44028	
14210	0	32848	26437	36428	
14211	0	32896	24948	37264	
14212	0	32948	23365	40888	
14213	0	32984	24685	41416	
14214	0	33032	25724	39992	
14215	0	33076	26549	38948	
14216	0	33120	26997	38712	
14217	0	33164	26264	38268	
14218	0	33216	27609	34428	
14219	0	33248	29544	32524	
14220	0	33292	29682	33952	
14221	0	33336	15952	36000	
14222	0	33373	32732	28872	
14223	0	33416	27396	42884	
14224	0	33454	26136	43783	
14225	0	33496	26794	50320	
14226	0	33540	24894	48536	
14227	0	33576	23378	44888	
14228	0	33612	24556	41408	
14229	0	33652	25976	38764	
14230	0	33684	26709	37009	
14231	0	33716	27628	36464	
14232	0	33744	27624	37277	
14233	0	33776	26820	38573	
14234	0	33804	24945	40248	
14235	0	33832	23793	41212	
14236	0	33856	24777	42392	
14237	0	33873	25836	42205	
14238	0	33896	26749	42044	
14239	0	33913	21652	39172	
14240	0	33928	24032	39332	
14241	0	33956	27873	39220	
14242	0	33968	28564	39405	
14243	0	33972	29348	38736	
14244	0	33976	29632	38536	
14245	0	33973	27432	40332	
14246	0	33988	26953	41772	
14247	0	33992	26728	43840	
14248	0	34005	25752	46292	
14249	0	34004	25061	49224	
14250	0	34012	24244	51880	
14251	0	34000	24030	54064	
14252	0	33996	23948	55280	
14253	0	33996	24702	55376	
14254	0	33992	24052	55388	
14255	0	33984	25512	55376	
14256	0	33976	26956	55392	
14257	0	33968	27872	55352	
14258	0	33960	28908	55364	
14259	0	33952	28624	55256	
14260	0	33936	32261	52532	
14261	0	33924	35120	49012	
14262	0	33908	34824	50084	
14263	0	33900	34688	52168	
14264	0	33892	38388	50496	
14265	0	33876	34916	49800	
14266	0	33860	35600	38244	
14267	0	33844	32276	35640	
14268	0	33840	31536	40152	
14269	0	33820	31648	45736	
14270	0	33801	30832	48600	
14271	0	33788	29413	49712	
14272	0	33772	28480	47472	
14273	0	33752	30252	44712	
14274	0	33744	31756	41712	
14275	0	33728	32732	39740	
14276	0	33708	33492	38112	
14277	0	33696	33968	37444	
14278	0	33681	33908	37349	
14279	0	33664	33508	37905	
14280	0	33637	33032	38708	
14281	0	33628	32696	39388	
14282	0	33608	32488	40324	
14283	0	33590	32152	41392	
14284	0	33576	31328	42236	
14285	0	33552	30096	42620	
14286	0	33540	28804	42776	
14287	0	33509	27736	42380	
14288	0	33488	27202	41512	
14289	0	33476	26713	40712	
14290	0	33456	26104	40236	
14291	0	33436	25488	39980	
14292	0	33417	24745	39776	
14293	0	33396	23845	39673	
14294	0	33377	22980	39348	
14295	0	33356	22592	39204	
14296	0	33332	21368	38764	
14297	0	33304	21324	39264	
14298	0	33285	20350	38776	
14299	0	33252	20004	38632	
14300	0	33228	19801	38992	
14301	0	33208	19412	39840	
14302	0	33181	18988	40756	
14303	0	33156	18098	41636	
14304	0	33132	17000	42668	
14305	0	33104	16141	43228	
14306	0	33068	15358	43072	
14307	0	33044	14604	42464	
14308	0	33013	13697	41572	
14309	0	32984	12637	40448	
14310	0	32948	11372	39352	
14311	0	32920	9800	38296	
14312	0	32892	8668	37352	
14313	0	32856	7398	36728	
14314	0	32820	6233	35836	
14315	0	32789	5352	34704	
14316	0	32756	4665	33468	
14317	0	32716	4652	32397	
14318	0	32676	4608	31142	
14319	0	32644	3651	29639	
14320	0	32605	4948	29132	
14321	0	32572	6676	27193	
14322	0	32528	7429	23640	
14323	0	32484	11588	27488	
14324	0	32436	11696	26388	
14325	0	32396	12349	27176	
14326	0	32352	11648	27540	
14327	0	32312	11465	28057	
14328	0	32273	11130	28717	
14329	0	32224	10864	29637	
14330	0	32180	10949	30169	
14331	0	32132	11554	30132	
14332	0	32080	12464	29716	
14333	0	32032	13392	29010	
14334	0	31988	14381	27848	
14335	0	31940	15458	26293	
14336	0	31892	16336	24944	
14337	0	31833	16400	25868	
14338	0	31797	8784	28640	
14339	0	31740	11031	18512	
14340	0	31696	15660	24636	
14341	0	31644	24405	22976	
14342	0	31596	20300	24532	
14343	0	31548	16978	24080	
14344	0	31492	16470	28448	
14345	0	31444	18592	34248	
14346	0	31396	19278	37408	
14347	0	31352	22753	40992	
14348	0	31296	22132	42008	
14349	0	31256	20048	37312	
14350	0	31196	18556	33152	
14351	0	31152	19380	32724	
14352	0	31102	18794	30336	
14353	0	31056	20572	28866	
14354	0	31008	26200	37620	
14355	0	30968	26748	35632	
14356	0	30920	27584	35736	
14357	0	30880	26070	38204	
14358	0	30832	27536	41704	
14359	0	30796	19492	31272	
14360	0	30749	23608	35184	
14361	0	30712	21112	30316	
14362	0	30660	22712	32140	
14363	0	30632	25296	34248	
14364	0	30592	27336	34568	
14365	0	30560	28648	36584	
14366	0	30520	27816	36604	
14367	0	30484	27724	35462	
14368	0	30456	28624	34801	
14369	0	30416	28352	35625	
14370	0	30385	27782	34856	
14371	0	30360	27996	35532	
14372	0	30321	27989	35860	
14373	0	30272	28285	35520	
14374	0	30272	28248	35840	
14375	0	30240	28100	36016	
14376	0	30220	28244	36104	
14377	0	30188	28484	36160	
14378	0	30168	28668	36153	
14379	0	30145	28792	35840	
14380	0	30124	28160	35836	
14381	0	30105	28044	35792	
14382	0	30084	29008	35192	
14383	0	30064	28128	35360	
14384	0	30049	27544	35732	
14385	0	30040	27538	35760	
14386	0	30016	27649	35688	
14387	0	30004	30224	35237	
14388	0	29992	28865	36028	
14389	0	29984	29072	36165	
14390	0	29976	28808	36076	
14391	0	29961	28680	36118	
14392	0	29952	26748	37524	
14393	0	29948	30032	35788	
14394	0	29952	29660	36444	
14395	0	29936	29104	36089	
14396	0	29937	28416	35848	
14397	0	29936	28308	35620	
14398	0	29929	28788	35508	
14399	0	29936	29020	35768	
14400	0	29946	29004	35992	
14401	0	29944	28772	35712	
14402	0	29962	28432	35880	
14403	0	29964	28166	36004	
14404	0	29972	28461	35936	
14405	0	29984	28653	35928	
14406	0	30000	25508	36804	
14407	0	30018	28772	35356	
14408	0	30032	28301	35780	
14409	0	30056	28040	35844	
14410	0	30068	27392	36384	
14411	0	30100	28546	35688	
14412	0	30124	27592	36328	
14413	0	30160	29105	35536	
14414	0	30181	27428	36372	
14415	0	30221	28244	35792	
14416	0	30248	28513	35976	
14417	0	30288	26578	36936	
14418	0	30334	28056	36354	
14419	0	30366	28108	36028	
14420	0	30410	27549	36112	
14421	0	30456	27996	35648	
14422	0	30514	27420	35724	
14423	0	30556	28060	35904	
14424	0	30612	27264	36576	
14425	0	30664	27712	36208	
14426	0	30724	27604	36616	
14427	0	30784	27340	35900	
14428	0	30844	27200	37184	
14429	0	30912	26728	37044	
14430	0	30976	26225	37176	
14431	0	31040	25820	38241	
14432	0	31108	26116	37592	
14433	0	31181	26764	36836	
14434	0	31256	26980	36988	
14435	0	31324	25296	38796	
14436	0	31400	24668	39333	
14437	0	31480	24952	39508	
14438	0	31556	25170	38956	
14439	0	31648	25108	40136	
14440	0	31724	23434	41144	
14441	0	31802	25868	40920	
14442	0	31888	25160	42844	
14443	0	31968	24340	42096	
14444	0	32056	23600	41400	
14445	0	32144	23513	41112	
14446	0	32228	24336	41640	
14447	0	32324	23588	41516	
14448	0	32412	22332	41146	
14449	0	32500	21417	41516	
14450	0	32596	20641	40496	
14451	0	32684	19584	39736	
14452	0	32780	18604	40516	
14453	0	32868	19572	40928	
14454	0	32964	20484	40416	
14455	0	33060	20592	40461	
14456	0	33145	19802	42372	
14457	0	33249	18977	45048	
14458	0	33344	19064	47408	
14459	0	33440	19773	48468	
14460	0	33524	21962	48212	
14461	0	33633	24604	48504	
14462	0	33724	26828	46628	
14463	0	33820	22928	43300	
14464	0	33917	23024	47973	
14465	0	34016	25902	42548	
14466	0	34112	30676	29248	
14467	0	34208	27330	34565	
14468	0	34304	25248	41048	
14469	0	34404	26928	43280	
14470	0	34496	28592	42600	
14471	0	34592	29420	42940	
14472	0	34688	29032	44792	
14473	0	34784	27256	46340	
14474	0	34876	26328	46472	
14475	0	34976	27872	45432	
14476	0	35076	28052	44288	
14477	0	35168	29180	42720	
14478	0	35258	30444	41272	
14479	0	35352	29732	39452	
14480	0	35456	32328	39784	
14481	0	35540	29852	38356	
14482	0	35640	32568	39232	
14483	0	35736	30509	37797	
14484	0	35824	32536	38724	
14485	0	35912	32376	38428	
14486	0	36004	31588	37536	
14487	0	36100	32176	37868	
14488	0	36196	30080	35956	
14489	0	36284	32668	38056	
14490	0	36377	30852	36772	
14491	0	36468	30002	35744	
14492	0	36556	31752	37216	
14493	0	36648	30572	36388	
14494	0	36740	30208	36292	
14495	0	36824	29616	36644	
14496	0	36912	29833	36576	
14497	0	37004	28392	35596	
14498	0	37088	26877	34656	
14499	0	37176	28656	36009	
14500	0	37256	25274	32792	
14501	0	37344	28924	36136	
14502	0	37432	27224	34200	
14503	0	37504	26848	33492	
14504	0	37596	27120	34529	
14505	0	37680	25696	33116	
14506	0	37752	24952	32816	
14507	0	37828	24506	32656	
14508	0	37912	24352	32300	
14509	0	37984	24452	31624	
14510	0	38072	24566	30826	
14511	0	38148	24472	30224	
14512	0	38225	24224	29716	
14513	0	38304	23940	29130	
14514	0	38372	23632	28686	
14515	0	38460	23312	28340	
14516	0	38528	22912	28152	
14517	0	38602	22404	27940	
14518	0	38676	21780	27596	
14519	0	38752	21206	27132	
14520	0	38832	20620	26634	
14521	0	38904	19924	26137	
14522	0	38976	19316	25644	
14523	0	39040	18784	24980	
14524	0	39120	18381	24158	
14525	0	39184	17972	23252	
14526	0	39256	17753	22373	
14527	0	39328	17636	21706	
14528	0	39392	17828	21206	
14529	0	39464	17868	20764	
14530	0	39528	18040	20468	
14531	0	39608	18154	20302	
14532	0	39668	18496	20292	
14533	0	39740	18840	20272	
14534	0	39808	19281	20388	
14535	0	39876	19778	20704	
14536	0	39932	20308	21112	
14537	0	39996	20792	21632	
14538	0	40061	21222	22266	
14539	0	40128	21509	22828	
14540	0	40192	21577	23808	
14541	0	40252	21769	24376	
14542	0	40316	21880	25488	
14543	0	40384	22324	25672	
14544	0	40436	22661	26472	
14545	0	40496	22928	27108	
14546	0	40564	22972	27900	
14547	0	40616	22677	28748	
14548	0	40680	22229	29452	
14549	0	40736	21728	30440	
14550	0	40792	21476	30968	
14551	0	40856	21394	31636	
14552	0	40920	21556	31944	
14553	0	40960	21860	32225	
14554	0	41024	22361	31937	
14555	0	41072	22608	32228	
14556	0	41136	22984	31758	
14557	0	41184	22936	32356	
14558	0	41236	23476	31342	
14559	0	41292	23438	32448	
14560	0	41336	23556	32964	
14561	0	41392	24081	32664	
14562	0	41444	24770	32776	
14563	0	41488	25217	33008	
14564	0	41524	25703	32668	
14565	0	41580	26372	32912	
14566	0	41628	27161	33025	
14567	0	41668	27840	32884	
14568	0	41716	28408	32952	
14569	0	41764	23884	38796	
14570	0	41796	28760	30244	
14571	0	41832	31060	35524	
14572	0	41872	37484	37704	
14573	0	41908	10354	11389	
14574	0	41944	17796	19956	
14575	0	41968	31752	26764	
14576	0	42004	27896	34281	
14577	0	42032	20704	42777	
14578	0	42064	27584	49764	
14579	0	42092	32677	52248	
14580	0	42116	28988	51328	
14581	0	42128	31101	46548	
14582	0	42144	30845	32756	
14583	0	42156	20008	38377	
14584	0	42177	20072	38792	
14585	0	42184	17500	44760	
14586	0	42192	17937	46976	
14587	0	42208	24240	49004	
14588	0	42208	29814	44184	
14589	0	42208	29676	38424	
14590	0	42208	27812	34833	
14591	0	42208	28212	33840	
14592	0	42208	29280	33420	
14593	0	42200	29118	33632	
14594	0	42184	28829	34720	
14595	0	42180	28488	36096	
14596	0	42164	27246	37697	
14597	0	42136	26330	38520	
14598	0	42124	26749	38132	
14599	0	42092	28180	36796	
14600	0	42080	27793	36768	
14601	0	42044	29328	35017	
14602	0	42008	28820	34716	
14603	0	41972	24076	37920	
14604	0	41940	29076	35001	
14605	0	41892	27284	36012	
14606	0	41860	28660	36028	
14607	0	41808	26996	37185	
14608	0	41760	27288	37320	
14609	0	41708	28333	36964	
14610	0	41656	26876	38540	
14611	0	41588	26124	39588	
14612	0	41536	25508	39692	
14613	0	41468	24960	39776	
14614	0	41412	24745	39644	
14615	0	41332	24336	38908	
14616	0	41260	20481	43324	
14617	0	41192	19605	46024	
14618	0	41120	19917	47200	
14619	0	41040	23632	48256	
14620	0	40960	25380	49713	
14621	0	40868	24406	50944	
14622	0	40793	23836	50836	
14623	0	40700	23740	50628	
14624	0	40608	24041	50720	
14625	0	40520	24116	50164	
14626	0	40420	23592	50400	
14627	0	40328	23460	50776	
14628	0	40232	24883	50724	
14629	0	40132	27708	50392	
14630	0	40025	28496	48572	
14631	0	39924	29572	46528	
14632	0	39812	32100	43677	
14633	0	39712	35261	39992	
14634	0	39608	39616	40396	
14635	0	39500	47368	42624	
14636	0	39388	55040	41964	
14637	0	39272	55456	41068	
14638	0	39168	51924	40764	
14639	0	39036	47704	46700	
14640	0	38933	48216	50637	
14641	0	38816	48112	52356	
14642	0	38700	47896	52480	
14643	0	38585	47132	50896	
14644	0	38464	48888	47832	
14645	0	38340	49908	45248	
14646	0	38216	50008	42648	
14647	0	38096	48856	40780	
14648	0	37972	47004	39912	
14649	0	37852	44796	39664	
14650	0	37732	42768	39820	
14651	0	37616	41184	39740	
14652	0	37492	40044	39005	
14653	0	37352	39054	38128	
14654	0	37244	37780	37376	
14655	0	37120	36040	36652	
14656	0	36996	34084	35776	
14657	0	36880	31716	34668	
14658	0	36756	29734	34336	
14659	0	36636	28608	32028	
14660	0	36512	26540	29584	
14661	0	36396	24552	27657	
14662	0	36280	22432	26012	
14663	0	36152	18938	24714	
14664	0	36036	14807	23981	
14665	0	35928	12511	23424	
14666	0	35802	11628	22545	
14667	0	35692	11572	22660	
14668	0	35573	12814	21860	
14669	0	35464	13312	21056	
14670	0	35340	11744	22111	
14671	0	35232	13305	19422	
14672	0	35108	12317	18732	
14673	0	34996	10386	18268	
14674	0	34884	10652	17848	
14675	0	34772	11914	17428	
14676	0	34660	9456	19184	
14677	0	34548	9298	19728	
14678	0	34440	9884	19844	
14679	0	34320	10689	19732	
14680	0	34208	11036	20565	
14681	0	34096	14002	18624	
14682	0	33988	12300	20852	
14683	0	33876	10396	23696	
14684	0	33768	14881	19829	
14685	0	33652	14465	21874	
14686	0	33548	15841	22613	
14687	0	33437	17198	27544	
14688	0	33324	17480	38860	
14689	0	33212	28901	43810	
14690	0	33112	28028	47616	
14691	0	33008	20892	36157	
14692	0	32896	24992	36880	
14693	0	32792	34756	40960	
14694	0	32688	38076	43284	
14695	0	32576	31200	40344	
14696	0	32468	21798	41824	
14697	0	32364	21637	37664	
14698	0	32260	18750	42204	
14699	0	32160	21549	38848	
14700	0	32056	24316	34804	
14701	0	31952	24712	35488	
14702	0	31844	24776	37504	
14703	0	31748	25058	38452	
14704	0	31648	25028	41836	
14705	0	31544	24845	43361	
14706	0	31444	25848	41244	
14707	0	31344	15080	38704	
14708	0	31244	35640	37248	
14709	0	31156	27341	41477	
14710	0	31050	29784	40916	
14711	0	30952	28528	41412	
14712	0	30852	27478	38532	
14713	0	30756	26648	36280	
14714	0	30660	26392	36416	
14715	0	30568	26913	36280	
14716	0	30477	27384	36476	
14717	0	30384	28110	36552	
14718	0	30292	28124	36302	
14719	0	30196	26988	36804	
14720	0	30105	25593	38188	
14721	0	30012	26008	38244	
14722	0	29920	26892	37736	
14723	0	29840	26520	37120	
14724	0	29752	28276	36244	
14725	0	29664	29781	34520	
14726	0	29577	25642	35580	
14727	0	29484	28222	34414	
14728	0	29404	29904	34368	
14729	0	29317	25636	35796	
14730	0	29234	27968	35695	
14731	0	29149	27536	36832	
14732	0	29064	24404	39092	
14733	0	28976	23476	40476	
14734	0	28904	23232	40493	
14735	0	28820	22548	40980	
14736	0	28736	21741	43364	
14737	0	28648	20488	43388	
14738	0	28576	22896	48624	
14739	0	28500	22880	51176	
14740	0	28413	21864	51308	
14741	0	28336	21724	54664	
14742	0	28268	21493	54396	
14743	0	28190	23021	55316	
14744	0	28126	23204	55276	
14745	0	28052	24160	55208	
14746	0	27980	25148	53868	
14747	0	27908	27856	52236	
14748	0	27836	32124	49120	
14749	0	27776	37668	45264	
14750	0	27712	40884	37000	
14751	0	27640	46908	37720	
14752	0	27588	55632	41716	
14753	0	27524	55716	44324	
14754	0	27464	55380	40772	
14755	0	27420	51808	43488	
14756	0	27360	49224	49608	
14757	0	27312	46404	52016	
14758	0	27260	45532	52332	
14759	0	27220	43696	51444	
14760	0	27176	41296	48316	
14761	0	27136	40484	44952	
14762	0	27100	40908	40640	
14763	0	27064	41288	36680	
14764	0	27032	40812	34464	
14765	0	27010	40036	32869	
14766	0	26980	39328	32236	
14767	0	26956	38197	32717	
14768	0	26940	36640	33277	
14769	0	26922	35136	33481	
14770	0	26908	33356	33776	
14771	0	26908	31340	34100	
14772	0	26896	29436	34046	
14773	0	26888	27640	33580	
14774	0	26896	25240	33104	
14775	0	26900	24377	30772	
14776	0	26896	24036	28357	
14777	0	26916	23334	26193	
14778	0	26924	19284	26688	
14779	0	26944	19884	24856	
14780	0	26962	18968	24209	
14781	0	26980	17523	23860	
14782	0	27008	14860	25797	
14783	0	27040	15160	24304	
14784	0	27072	14316	23444	
14785	0	27100	12730	25684	
14786	0	27140	13892	21272	
14787	0	27184	14174	19524	
14788	0	27224	9734	26292	
14789	0	27265	12724	20254	
14790	0	27316	14216	18772	
14791	0	27361	12518	20592	
14792	0	27408	9594	23512	
14793	0	27460	13695	20025	
14794	0	27524	12588	21466	
14795	0	27568	14020	21584	
14796	0	27624	14500	21876	
14797	0	27680	14526	22709	
14798	0	27744	15537	23044	
14799	0	27801	16984	23276	
14800	0	27872	18652	23485	
14801	0	27936	20795	22932	
14802	0	28000	22184	23340	
14803	0	28060	20260	29448	
14804	0	28130	23001	38120	
14805	0	28202	30292	37296	
14806	0	28265	35676	45876	
14807	0	28340	18412	28240	
14808	0	28416	17249	25236	
14809	0	28488	37025	32980	
14810	0	28560	36844	32536	
14811	0	28636	30008	34248	
14812	0	28708	18589	44992	
14813	0	28781	24238	51596	
14814	0	28868	21629	49052	
14815	0	28946	23525	46716	
14816	0	29024	25488	43784	
14817	0	29104	20796	45312	
14818	0	29164	19312	47316	
14819	0	29265	21325	46764	
14820	0	29345	17040	42688	
14821	0	29428	27472	52092	
14822	0	29505	26989	43144	
14823	0	29600	26520	40612	
14824	0	29676	28958	39288	
14825	0	29768	31249	37293	
14826	0	29852	29408	36600	
14827	0	29936	27716	35460	
14828	0	30024	26572	35788	
14829	0	30108	26064	35704	
14830	0	30196	26798	35408	
14831	0	30292	28148	35264	
14832	0	30368	28444	35368	
14833	0	30468	27784	35934	
14834	0	30556	26400	36876	
14835	0	30636	26920	36920	
14836	0	30736	28160	36384	
14837	0	30824	29324	35777	
14838	0	30916	28036	35432	
14839	0	30992	28344	34752	
14840	0	31084	28313	35064	
14841	0	31164	27826	35261	
14842	0	31256	27332	36492	
14843	0	31337	26612	37620	
14844	0	31421	25772	38532	
14845	0	31504	23597	40840	
14846	0	31584	21912	43192	
14847	0	31668	20746	44832	
14848	0	31752	19730	46868	
14849	0	31824	22538	50448	
14850	0	31908	22794	51640	
14851	0	31988	22578	51896	
14852	0	32056	24152	52324	
14853	0	32140	25999	52140	
14854	0	32210	26321	50944	
14855	0	32280	25288	49492	
14856	0	32352	24280	47760	
14857	0	32424	24864	46296	
14858	0	32497	27333	45508	
14859	0	32564	28464	43556	
14860	0	32632	30804	42912	
14861	0	32698	32952	39472	
14862	0	32764	36332	37493	
14863	0	32824	39628	34676	
14864	0	32892	43208	34896	
14865	0	32948	44236	35897	
14866	0	33012	47828	40801	
14867	0	33076	51440	43452	
14868	0	33136	52560	41048	
14869	0	33189	51952	39936	
14870	0	33256	43500	41552	
14871	0	33308	40064	46748	
14872	0	33360	38196	48256	
14873	0	33416	36953	47048	
14874	0	33472	36517	45381	
14875	0	33522	34940	42828	
14876	0	33572	35797	39412	
14877	0	33620	35812	36868	
14878	0	33672	36016	35076	
14879	0	33728	35808	33641	
14880	0	33776	35732	32944	
14881	0	33820	35616	32816	
14882	0	33869	34792	33064	
14883	0	33916	34040	33676	
14884	0	33968	33500	34112	
14885	0	34016	32837	34572	
14886	0	34052	31948	34929	
14887	0	34096	31440	34884	
14888	0	34144	31168	34597	
14889	0	34184	30845	34201	
14890	0	34232	30806	33648	
14891	0	34273	30929	33068	
14892	0	34312	31112	32754	
14893	0	34354	31088	32476	
14894	0	34388	30860	32132	
14895	0	34432	30556	31785	
14896	0	34464	30076	31500	
14897	0	34496	29376	31172	
14898	0	34536	28373	30976	
14899	0	34564	26977	30857	
14900	0	34596	25089	30668	
14901	0	34624	22332	32816	
14902	0	34649	22097	28928	
14903	0	34688	21560	27392	
14904	0	34712	19772	29768	
14905	0	34737	21304	28052	
14906	0	34736	21028	28090	
14907	0	34768	21423	26604	
14908	0	34780	17188	29916	
14909	0	34808	17224	29652	
14910	0	34816	20249	26028	
14911	0	34824	17821	26896	
14912	0	34832	16044	26930	
14913	0	34840	14389	27096	
14914	0	34844	12280	27881	
14915	0	34844	15045	24864	
14916	0	34848	15416	23712	
14917	0	34848	14542	24364	
14918	0	34844	15226	23497	
14919	0	34836	16476	22816	
14920	0	34840	17608	21556	
14921	0	34822	18581	21306	
14922	0	34800	19652	21816	
14923	0	34784	12910	26370	
14924	0	34770	22153	27981	
14925	0	34752	18536	32356	
14926	0	34728	26508	25632	
14927	0	34705	22113	23872	
14928	0	34672	29348	31522	
14929	0	34652	33088	33296	
14930	0	34616	30836	34344	
14931	0	34580	26328	47680	
14932	0	34548	23456	47912	
14933	0	34520	26953	51544	
14934	0	34476	24188	46844	
14935	0	34436	29300	38248	
14936	0	34392	26109	33844	
14937	0	34352	25071	36020	
14938	0	34309	24362	40608	
14939	0	34260	12536	51944	
14940	0	34212	21236	47860	
14941	0	34156	19793	43084	
14942	0	34112	21744	41336	
14943	0	34064	27194	44096	
14944	0	34004	30828	41768	
14945	0	33961	32096	40016	
14946	0	33900	29752	38164	
14947	0	33848	28704	35516	
14948	0	33788	28681	33500	
14949	0	33730	27781	33408	
14950	0	33676	27077	34536	
14951	0	33620	27333	35568	
14952	0	33552	27941	36052	
14953	0	33500	27784	36460	
14954	0	33434	27472	37101	
14955	0	33373	27436	36848	
14956	0	33313	27412	36168	
14957	0	33240	27690	35476	
14958	0	33184	28064	35168	
14959	0	33112	28496	35188	
14960	0	33048	28508	35744	
14961	0	32976	27924	36392	
14962	0	32909	26980	37360	
14963	0	32844	26052	38440	
14964	0	32760	25008	39288	
14965	0	32700	23926	40256	
14966	0	32620	23684	40752	
14967	0	32532	24360	39573	
14968	0	32472	23340	41052	
14969	0	32404	21328	44272	
14970	0	32324	21056	45116	
14971	0	32248	22484	42308	
14972	0	32168	25937	41324	
14973	0	32088	27296	42320	
14974	0	32017	25309	44224	
14975	0	31932	25456	44528	
14976	0	31860	25481	44868	
14977	0	31776	24924	46180	
14978	0	31692	24004	47388	
14979	0	31604	23208	49032	
14980	0	31528	23364	50340	
14981	0	31436	23800	50836	
14982	0	31360	24324	50380	
14983	0	31272	25956	50388	
14984	0	31184	27429	49756	
14985	0	31104	26764	49064	
14986	0	31016	33016	47292	
14987	0	30932	33680	45329	
14988	0	30846	36748	43088	
14989	0	30756	39992	37964	
14990	0	30668	42244	39680	
14991	0	30580	49412	41864	
14992	0	30496	54792	40996	
14993	0	30408	50812	38676	
14994	0	30320	48776	40164	
14995	0	30224	48224	45972	
14996	0	30148	46432	49952	
14997	0	30053	44800	51312	
14998	0	29968	44012	50981	
14999	0	29880	42864	48640	
15000	0	29796	41908	45512	
15001	0	29700	42256	41936	
15002	0	29620	42944	38700	
15003	0	29536	43112	37204	
15004	0	29449	41816	35972	
15005	0	29368	40228	35008	
15006	0	29284	38688	34700	
15007	0	29200	37056	34912	
15008	0	29116	35449	34936	
15009	0	29036	34212	35113	
15010	0	28961	32696	34808	
15011	0	28880	30996	33920	
15012	0	28804	29484	32640	
15013	0	28728	28188	31464	
15014	0	28656	26768	30628	
15015	0	28580	25630	29400	
15016	0	28512	22606	28952	
15017	0	28444	22780	26617	
15018	0	28368	21177	25096	
15019	0	28309	19590	23940	
15020	0	28238	18796	22816	
15021	0	28172	17246	22976	
15022	0	28116	16250	22585	
15023	0	28048	15556	22050	
15024	0	27996	14964	21988	
15025	0	27936	15036	21908	
15026	0	27876	15309	21792	
15027	0	27828	15090	21672	
15028	0	27768	14573	21200	
15029	0	27722	13395	21057	
15030	0	27672	13116	20540	
15031	0	27620	14384	19618	
15032	0	27572	8586	25748	
15033	0	27528	13298	21304	
15034	0	27492	12140	22264	
15035	0	27440	10771	25730	
15036	0	27400	14137	22057	
15037	0	27368	13876	24032	
15038	0	27332	15601	22170	
15039	0	27300	15120	25784	
15040	0	27264	13429	32084	
15041	0	27233	17617	25808	
15042	0	27204	15821	32820	
15043	0	27172	19584	42560	
15044	0	27144	34428	31756	
15045	0	27132	26380	46560	
15046	0	27108	25540	46720	
15047	0	27088	32432	25216	
15048	0	27069	35112	38089	
15049	0	27052	38396	46496	
15050	0	27037	38372	43600	
15051	0	27028	28936	42080	
15052	0	27024	19842	32580	
15053	0	27008	15210	39236	
15054	0	27004	23809	39616	
15055	0	27004	25932	35828	
15056	0	27004	27040	34576	
15057	0	27001	26940	33772	
15058	0	27004	24618	37436	
15059	0	27012	23025	40708	
15060	0	27014	23500	41576	
15061	0	27028	23944	40584	
15062	0	27040	24512	40852	
15063	0	27052	24436	39432	
15064	0	27066	23938	33414	
15065	0	27088	21068	44932	
15066	0	27108	25540	34208	
15067	0	27136	20193	48600	
15068	0	27160	25476	41556	
15069	0	27194	28504	43892	
15070	0	27224	27840	44752	
15071	0	27248	28400	42192	
15072	0	27288	26656	40372	
15073	0	27324	25952	38316	
15074	0	27365	26002	36640	
15075	0	27413	26680	35324	
15076	0	27456	27685	34404	
15077	0	27504	28728	33856	
15078	0	27548	29420	33216	
15079	0	27596	29460	33008	
15080	0	27656	29016	33232	
15081	0	27712	29536	34129	
15082	0	27770	29460	34900	
15083	0	27828	28566	34970	
15084	0	27880	29676	35760	
15085	0	27940	28716	35512	
15086	0	28004	28137	35328	
15087	0	28065	27808	35402	
15088	0	28128	27377	35912	
15089	0	28192	27704	36984	
15090	0	28256	26748	37412	
15091	0	28320	26392	38008	
15092	0	28389	25498	38212	
15093	0	28460	25978	37960	
15094	0	28520	22548	38044	
15095	0	28608	26276	36792	
15096	0	28660	26288	36480	
15097	0	28732	26660	36080	
15098	0	28804	26000	36057	
15099	0	28876	25012	36048	
15100	0	28944	28604	35956	
15101	0	29020	27564	35704	
15102	0	29092	28172	35896	
15103	0	29166	28168	35744	
15104	0	29242	28376	36032	
15105	0	29308	26932	36552	
15106	0	29392	25820	37196	
15107	0	29464	25764	37800	
15108	0	29541	25616	39144	
15109	0	29622	24080	41701	
15110	0	29700	25040	43692	
15111	0	29780	25841	43900	
15112	0	29852	25896	45076	
15113	0	29944	25810	45980	
15114	0	30032	25384	46224	
15115	0	30109	25084	46172	
15116	0	30190	24760	45724	
15117	0	30276	24325	45852	
15118	0	30364	23816	46224	
15119	0	30448	23284	46796	
15120	0	30548	19362	47688	
15121	0	30636	23276	48680	
15122	0	30724	23104	49440	
15123	0	30817	22712	49676	
15124	0	30912	25088	48064	
15125	0	31008	27473	46513	
15126	0	31104	28040	47076	
15127	0	31200	28740	46168	
15128	0	31296	29572	45040	
15129	0	31392	30465	43336	
15130	0	31492	33168	42684	
15131	0	31596	36164	41720	
15132	0	31696	42680	43501	
15133	0	31800	39864	39920	
15134	0	31900	39600	32948	
15135	0	32005	37236	31728	
15136	0	32108	35572	34992	
15137	0	32216	36096	39452	
15138	0	32322	35644	44924	
15139	0	32428	33952	47220	
15140	0	32536	32552	47012	
15141	0	32637	32352	44628	
15142	0	32744	31784	39918	
15143	0	32848	32636	35916	
15144	0	32956	33625	34060	
15145	0	33056	34168	34240	
15146	0	33168	34156	33976	
15147	0	33276	34010	33968	
15148	0	33388	33328	34720	
15149	0	33489	32584	35569	
15150	0	33600	32097	36464	
15151	0	33708	31864	37397	
15152	0	33804	31617	38089	
15153	0	33916	31484	38173	
15154	0	34024	31657	37912	
15155	0	34128	31932	37660	
15156	0	34236	32429	37440	
15157	0	34344	32808	37388	
15158	0	34440	33124	37464	
15159	0	34544	33133	37857	
15160	0	34648	32828	38361	
15161	0	34748	32285	38752	
15162	0	34848	31517	39017	
15163	0	34948	30784	39124	
15164	0	35048	30109	39340	
15165	0	35145	29504	39680	
15166	0	35244	29108	39828	
15167	0	35340	28860	39900	
15168	0	35436	28640	39944	
15169	0	35524	28548	39886	
15170	0	35616	28488	40020	
15171	0	35714	28386	40148	
15172	0	35792	27951	40336	
15173	0	35880	27308	40284	
15174	0	35968	26508	40180	
15175	0	36049	25580	40260	
15176	0	36136	24624	40464	
15177	0	36224	23636	40688	
15178	0	36292	22725	40608	
15179	0	36376	21834	40416	
15180	0	36448	21008	39992	
15181	0	36520	20125	39424	
15182	0	36592	19392	38656	
15183	0	36660	18700	38025	
15184	0	36720	18016	37332	
15185	0	36800	17385	36228	
15186	0	36860	16929	35080	
15187	0	36920	16436	34245	
15188	0	36973	15942	33828	
15189	0	37023	15368	33296	
15190	0	37080	14712	32696	
15191	0	37132	14162	32152	
15192	0	37181	13946	31428	
15193	0	37236	13988	30632	
15194	0	37280	14132	29872	
15195	0	37316	14215	29285	
15196	0	37352	14216	28852	
15197	0	37388	14202	28000	
15198	0	37428	14581	26613	
15199	0	37456	15144	25244	
15200	0	37492	15652	24489	
15201	0	37516	14908	23180	
15202	0	37544	15748	24520	
15203	0	37576	15393	24492	
15204	0	37584	15634	25008	
15205	0	37608	12856	26656	
15206	0	37625	14800	25208	
15207	0	37640	16854	25880	
15208	0	37652	19520	27464	
15209	0	37664	21144	27802	
15210	0	37668	20936	27236	
15211	0	37684	21605	28548	
15212	0	37688	23772	30352	
15213	0	37688	24196	31604	
15214	0	37688	23428	29829	
15215	0	37680	22836	28224	
15216	0	37684	20701	34032	
15217	0	37676	17848	37908	
15218	0	37664	18950	40577	
15219	0	37652	23098	45328	
15220	0	37640	25038	44324	
15221	0	37640	25057	40220	
15222	0	37612	23800	35780	
15223	0	37597	23664	33393	
15224	0	37584	25048	33472	
15225	0	37568	25684	33700	
15226	0	37548	26524	34964	
15227	0	37524	26956	35744	
15228	0	37504	28008	36096	
15229	0	37472	28308	35448	
15230	0	37444	29084	35700	
15231	0	37420	29280	35928	
15232	0	37388	24992	37292	
15233	0	37360	24868	35200	
15234	0	37328	21546	33728	
15235	0	37292	22324	33716	
15236	0	37264	24800	33319	
15237	0	37228	28456	35344	
15238	0	37188	28513	34980	
15239	0	37152	28564	35040	
15240	0	37120	27989	35504	
15241	0	37084	28188	35772	
15242	0	37040	28076	35404	
15243	0	36992	28558	35136	
15244	0	36960	28920	34752	
15245	0	36916	28610	34576	
15246	0	36869	28488	34992	
15247	0	36832	28292	35476	
15248	0	36788	28044	35616	
15249	0	36732	27920	35620	
15250	0	36684	28056	35616	
15251	0	36644	28265	35556	
15252	0	36592	28412	35428	
15253	0	36548	28480	35380	
15254	0	36500	28396	35480	
15255	0	36452	28388	35528	
15256	0	36397	28364	35657	
15257	0	36345	28128	35736	
15258	0	36300	28220	35608	
15259	0	36248	28184	35585	
15260	0	36193	28232	35628	
15261	0	36148	28216	35616	
15262	0	36096	28124	35616	
15263	0	36036	28181	35612	
15264	0	35996	28168	35632	
15265	0	35936	28220	35593	
15266	0	35884	28256	35540	
15267	0	35832	28224	35560	
15268	0	35776	28304	35412	
15269	0	35720	28290	35449	
15270	0	35669	28297	35448	
15271	0	35616	28281	35528	
15272	0	35552	28284	35512	
15273	0	35508	28268	35500	
15274	0	35444	28282	35472	
15275	0	35380	28316	35504	
15276	0	35328	28348	35504	
15277	0	35265	28354	35449	
15278	0	35205	28352	35440	
15279	0	35144	28288	35444	
15280	0	35088	28200	35448	
15281	0	35036	28153	35497	
15282	0	34968	28129	35520	
15283	0	34912	28124	35652	
15284	0	34844	28161	35616	
15285	0	34777	28084	35616	
15286	0	34720	28024	35572	
15287	0	34652	28064	35392	
15288	0	34588	28072	35340	
15289	0	34532	28072	35317	
15290	0	34464	28140	35292	
15291	0	34392	28152	35328	
15292	0	34340	28140	35380	
15293	0	34268	28088	35380	
15294	0	34196	28080	35414	
15295	0	34132	28096	35476	
15296	0	34064	28128	35484	
15297	0	34000	28140	35484	
15298	0	33936	28116	35528	
15299	0	33872	28084	35520	
15300	0	33800	28124	35477	
15301	0	33728	28112	35440	
15302	0	33668	28108	35416	
15303	0	33597	28116	35408	
15304	0	33532	28125	35392	
15305	0	33456	28152	35368	
15306	0	33404	28172	35344	
15307	0	33328	28128	35380	
15308	0	33266	28104	35384	
15309	0	33192	28104	35432	
15310	0	33124	28146	35488	
15311	0	33056	28120	35472	
15312	0	32996	28096	35480	
15313	0	32924	28061	35508	
15314	0	32857	28056	35480	
15315	0	32793	28032	35472	
15316	0	32724	28052	35444	
15317	0	32656	28080	35408	
15318	0	32588	28076	35328	
15319	0	32528	28112	35276	
15320	0	32452	28105	35264	
15321	0	32389	28085	35332	
15322	0	32328	28085	35412	
15323	0	32256	28088	35488	
15324	0	32196	28040	35520	
15325	0	32136	27968	35520	
15326	0	32064	27984	35480	
15327	0	32000	28020	35469	
15328	0	31929	28100	35476	
15329	0	31872	28104	35484	
15330	0	31808	28048	35477	
15331	0	31748	27993	35472	
15332	0	31685	27930	35500	
15333	0	31620	27916	35514	
15334	0	31560	27924	35580	
15335	0	31496	27924	35616	
15336	0	31434	27888	35664	
15337	0	31376	27848	35624	
15338	0	31320	27856	35528	
15339	0	31256	27892	35484	
15340	0	31196	27908	35408	
15341	0	31140	27952	35384	
15342	0	31085	27968	35345	
15343	0	31020	27980	35320	
15344	0	30961	28000	35344	
15345	0	30916	28029	35336	
15346	0	30853	28010	35360	
15347	0	30796	27936	35364	
15348	0	30748	27704	35476	
15349	0	30688	27616	35632	
15350	0	30632	28132	35533	
15351	0	30616	28488	35328	
15352	0	30528	28528	35192	
15353	0	30480	28433	35196	
15354	0	30424	28213	35356	
15355	0	30372	28000	35492	
15356	0	30324	27920	35497	
15357	0	30280	27924	35444	
15358	0	30228	27932	35396	
15359	0	30170	27924	35425	
15360	0	30128	27901	35440	
15361	0	30077	27860	35468	
15362	0	30028	27848	35436	
15363	0	29984	27924	35392	
15364	0	29936	27932	35388	
15365	0	29900	28016	35429	
15366	0	29860	28008	35492	
15367	0	29812	27968	35536	
15368	0	29764	27956	35540	
15369	0	29728	27956	35480	
15370	0	29688	28012	35416	
15371	0	29644	28032	35384	
15372	0	29604	28044	35388	
15373	0	29580	27996	35428	
15374	0	29536	27940	35436	
15375	0	29492	27945	35436	
15376	0	29468	27952	35412	
15377	0	29428	28014	35428	
15378	0	29388	28052	35432	
15379	0	29356	28049	35425	
15380	0	29324	28028	35440	
15381	0	29281	27988	35468	
15382	0	29248	27932	35492	
15383	0	29228	27928	35513	
15384	0	29192	27896	35524	
15385	0	29164	27892	35488	
15386	0	29133	27984	35428	
15387	0	29108	28088	35380	
15388	0	29084	28117	35373	
15389	0	29048	28088	35412	
15390	0	29020	28064	35420	
15391	0	28992	28020	35477	
15392	0	28964	27976	35504	
15393	0	28944	27968	35476	
15394	0	28908	27958	35476	
15395	0	28884	28005	35424	
15396	0	28864	28008	35412	
15397	0	28840	28008	35380	
15398	0	28816	27980	35424	
15399	0	28796	28004	35460	
15400	0	28769	28052	35440	
15401	0	28753	27969	35540	
15402	0	28732	27976	35412	
15403	0	28709	27958	35440	
15404	0	28692	27940	35440	
15405	0	28680	27964	35404	
15406	0	28652	27976	35456	
15407	0	28628	28002	35444	
15408	0	28628	28032	35420	
15409	0	28608	28036	35416	
15410	0	28584	28032	35408	
15411	0	28576	28032	35424	
15412	0	28560	28012	35468	
15413	0	28548	28008	35472	
15414	0	28544	27889	35460	
15415	0	28532	28020	35388	
15416	0	28521	27896	35484	
15417	0	28516	28092	35328	
15418	0	28500	28034	35392	
15419	0	28500	27984	35456	
15420	0	28496	27988	35476	
15421	0	28484	27892	35520	
15422	0	28480	27992	35381	
15423	0	28485	27956	35656	
15424	0	28480	28036	35404	
15425	0	28484	27948	35429	
15426	0	28488	27932	35424	
15427	0	28492	27988	35392	
15428	0	28492	27884	35628	
15429	0	28496	27988	35452	
15430	0	28500	27953	35472	
15431	0	28512	27868	35520	
15432	0	28516	27936	35396	
15433	0	28532	28044	35424	
15434	0	28537	28000	35476	
15435	0	28544	27904	35496	
15436	0	28564	27742	35512	
15437	0	28580	28096	35296	
15438	0	28589	28065	35352	
15439	0	28608	27956	35328	
15440	0	28632	28021	35264	
15441	0	28644	27900	35472	
15442	0	28662	27956	35424	
15443	0	28688	27842	35460	
15444	0	28712	27844	35449	
15445	0	28733	27764	35617	
15446	0	28760	27928	35273	
15447	0	28780	27912	35368	
15448	0	28816	27834	35404	
15449	0	28844	27960	35368	
15450	0	28868	27896	35368	
15451	0	28900	27884	35424	
15452	0	28937	27936	35416	
15453	0	28968	27928	35448	
15454	0	29004	27849	35480	
15455	0	29032	27968	35368	
15456	0	29076	27892	35533	
15457	0	29108	28008	35324	
15458	0	29152	27964	35360	
15459	0	29184	27877	35360	
15460	0	29232	27872	35344	
15461	0	29272	27817	35356	
15462	0	29316	27925	35292	
15463	0	29356	27888	35332	
15464	0	29396	27856	35312	
15465	0	29452	27904	35280	
15466	0	29500	27904	35264	
15467	0	29552	27908	35312	
15468	0	29601	27902	35312	
15469	0	29648	27901	35324	
15470	0	29704	27896	35348	
15471	0	29756	27900	35341	
15472	0	29820	27896	35354	
15473	0	29872	27904	35364	
15474	0	29933	27928	35380	
15475	0	29992	27892	35396	
15476	0	30048	27864	35376	
15477	0	30104	27832	35392	
15478	0	30176	27856	35400	
15479	0	30240	27864	35412	
15480	0	30300	27853	35388	
15481	0	30368	27840	35386	
15482	0	30432	27864	35369	
15483	0	30500	27892	35360	
15484	0	30569	27884	35364	
15485	0	30640	27889	35368	
15486	0	30704	27896	35354	
15487	0	30776	27908	35356	
15488	0	30852	27881	35376	
15489	0	30928	27888	35372	
15490	0	31000	27884	35396	
15491	0	31080	27873	35412	
15492	0	31160	27913	35340	
15493	0	31236	27896	35392	
15494	0	31316	27896	35380	
15495	0	31392	27904	35416	
15496	0	31476	27892	35400	
15497	0	31560	27890	35400	
15498	0	31633	27888	35408	
15499	0	31720	27885	35396	
15500	0	31820	27924	35396	
15501	0	31888	27934	35384	
15502	0	31976	27936	35384	
15503	0	32064	27934	35384	
15504	0	32156	27893	35408	
15505	0	32232	27920	35373	
15506	0	32324	27941	35376	
15507	0	32409	27928	35372	
15508	0	32496	27970	35386	
15509	0	32586	27940	35392	
15510	0	32676	27978	35368	
15511	0	32760	27968	35376	
15512	0	32852	27994	35396	
15513	0	32944	27992	35400	
15514	0	33036	28008	35428	
15515	0	33113	28012	35416	
15516	0	33216	27956	35461	
15517	0	33301	27992	35408	
15518	0	33396	27956	35436	
15519	0	33480	27968	35412	
15520	0	33580	27984	35384	
15521	0	33668	27956	35412	
15522	0	33760	27965	35404	
15523	0	33852	27996	35416	
15524	0	33944	28020	35408	
15525	0	34032	28009	35404	
15526	0	34116	28016	35392	
15527	0	34208	28000	35400	
15528	0	34296	28032	35376	
15529	0	34388	28018	35404	
15530	0	34480	28028	35400	
15531	0	34564	28040	35400	
15532	0	34648	28064	35384	
15533	0	34748	28044	35388	
15534	0	34828	28068	35400	
15535	0	34913	28064	35416	
15536	0	35004	28068	35412	
15537	0	35084	28068	35392	
15538	0	35177	28044	35430	
15539	0	35256	28044	35424	
15540	0	35340	28088	35412	
15541	0	35420	28076	35416	
15542	0	35500	28108	35376	
15543	0	35588	28077	35388	
15544	0	35668	28077	35400	
15545	0	35752	28116	35384	
15546	0	35832	28080	35416	
15547	0	35909	28082	35396	
15548	0	35992	28088	35404	
15549	0	36064	28084	35404	
15550	0	36152	28097	35393	
15551	0	36217	28108	35381	
15552	0	36296	28128	35392	
15553	0	36377	28120	35412	
15554	0	36448	28142	35400	
15555	0	36525	28144	35424	
15556	0	36596	28136	35389	
15557	0	36672	28144	35388	
15558	0	36744	28145	35400	
15559	0	36812	28128	35392	
15560	0	36880	28136	35400	
15561	0	36948	28121	35400	
15562	0	37020	28097	35420	
15563	0	37088	28140	35396	
15564	0	37152	28122	35408	
15565	0	37220	28112	35408	
15566	0	37284	28136	35384	
15567	0	37348	28105	35412	
15568	0	37412	28141	35392	
15569	0	37484	28156	35352	
15570	0	37536	28157	35393	
15571	0	37608	28154	35416	
15572	0	37668	28144	35424	
15573	0	37729	28153	35416	
15574	0	37788	28161	35392	
15575	0	37850	28152	35388	
15576	0	37902	28146	35397	
15577	0	37960	28144	35416	
15578	0	38012	28114	35400	
15579	0	38076	28137	35392	
15580	0	38128	28136	35408	
15581	0	38180	28128	35366	
15582	0	38236	28132	35392	
15583	0	38281	28154	35372	
15584	0	38336	28157	35365	
15585	0	38388	28164	35388	
15586	0	38432	28156	35384	
15587	0	38488	28108	35348	
15588	0	38540	28118	35364	
15589	0	38584	28168	35336	
15590	0	38632	28160	35321	
15591	0	38676	28176	35380	
15592	0	38720	28200	35425	
15593	0	38764	28216	35420	
15594	0	38808	28172	35392	
15595	0	38848	28160	35296	
15596	0	38884	28188	35325	
15597	0	38936	28232	35356	
15598	0	38972	28209	35368	
15599	0	39012	28189	35368	
15600	0	39048	28118	35357	
15601	0	39076	28152	35420	
15602	0	39112	28196	35432	
15603	0	39144	28176	35436	
15604	0	39184	28164	35425	
15605	0	39220	28185	35425	
15606	0	39248	28140	35464	
15607	0	39284	28176	35536	
15608	0	39300	28189	35516	
15609	0	39336	28172	35496	
15610	0	39364	28161	35436	
15611	0	39392	28181	35424	
15612	0	39412	28184	35401	
15613	0	39433	28200	35396	
15614	0	39460	28170	35424	
15615	0	39488	28140	35424	
15616	0	39512	28156	35408	
15617	0	39525	28168	35384	
15618	0	39549	28164	35424	
15619	0	39560	28168	35392	
15620	0	39576	28145	35368	
15621	0	39596	28153	35376	
15622	0	39608	28172	35349	
15623	0	39624	28084	35318	
15624	0	39636	28164	35444	
15625	0	39648	28248	35433	
15626	0	39653	28204	35468	
15627	0	39668	28145	35420	
15628	0	39672	28180	35340	
15629	0	39672	28144	35308	
15630	0	39680	28044	35180	
15631	0	39680	28160	35420	
15632	0	39688	28264	35400	
15633	0	39680	28156	35457	
15634	0	39684	28060	35365	
15635	0	39684	28136	35508	
15636	0	39676	28240	35546	
15637	0	39672	28224	35592	
15638	0	39672	28152	35584	
15639	0	39664	28137	35512	
15640	0	39652	28168	35500	
15641	0	39640	28167	35480	
15642	0	39624	28164	35456	
15643	0	39616	28172	35428	
15644	0	39600	28189	35420	
15645	0	39580	28176	35428	
15646	0	39556	28160	35440	
15647	0	39540	28148	35416	
15648	0	39520	28176	35436	
15649	0	39488	28156	35420	
15650	0	39472	28161	35416	
15651	0	39452	28152	35422	
15652	0	39420	28158	35432	
15653	0	39384	28136	35448	
15654	0	39352	28140	35444	
15655	0	39308	28136	35440	
15656	0	39276	28144	35425	
15657	0	39244	28128	35428	
15658	0	39216	28180	35444	
15659	0	39168	28160	35437	
15660	0	39128	28177	35452	
15661	0	39080	28184	35444	
15662	0	39044	28169	35412	
15663	0	39000	28176	35448	
15664	0	38944	28180	35416	
15665	0	38900	28180	35408	
15666	0	38852	28193	35372	
15667	0	38796	28185	35392	
15668	0	38752	28164	35408	
15669	0	38705	28140	35440	
15670	0	38644	28138	35408	
15671	0	38592	28144	35438	
15672	0	38528	28129	35440	
15673	0	38468	28136	35418	
15674	0	38416	28168	35429	
15675	0	38348	28164	35408	
15676	0	38292	28153	35440	
15677	0	38228	28160	35448	
15678	0	38164	28148	35433	
15679	0	38104	28161	35428	
15680	0	38037	28168	35400	
15681	0	37972	28188	35384	
15682	0	37908	28192	35365	
15683	0	37840	28180	35384	
15684	0	37776	28168	35380	
15685	0	37712	28148	35424	
15686	0	37640	28133	35405	
15687	0	37568	28156	35404	
15688	0	37500	28165	35392	
15689	0	37428	28196	35392	
15690	0	37356	28152	35400	
15691	0	37292	28164	35400	
15692	0	37220	28156	35416	
15693	0	37152	28129	35408	
15694	0	37080	28152	35400	
15695	0	37004	28140	35376	
15696	0	36932	28153	35392	
15697	0	36868	28160	35404	
15698	0	36789	28144	35400	
15699	0	36724	28132	35402	
15700	0	36652	28128	35392	
15701	0	36584	28152	35392	
15702	0	36509	28144	35392	
15703	0	36440	28156	35396	
15704	0	36368	28136	35376	
15705	0	36296	28129	35389	
15706	0	36232	28112	35396	
15707	0	36160	28112	35408	
15708	0	36084	28116	35432	
15709	0	36016	28120	35397	
15710	0	35956	28124	35384	
15711	0	35876	28132	35412	
15712	0	35808	28128	35380	
15713	0	35744	28128	35392	
15714	0	35676	28104	35392	
15715	0	35604	28101	35400	
15716	0	35530	28072	35420	
15717	0	35468	28065	35422	
15718	0	35404	28098	35420	
15719	0	35340	28092	35400	
15720	0	35276	28065	35412	
15721	0	35208	28077	35402	
15722	0	35144	28056	35417	
15723	0	35080	28076	35400	
15724	0	35016	28096	35392	
15725	0	34948	28088	35408	
15726	0	34884	28074	35400	
15727	0	34820	28076	35408	
15728	0	34756	28072	35392	
15729	0	34692	28052	35396	
15730	0	34628	28061	35408	
15731	0	34564	28057	35409	
15732	0	34504	28060	35388	
15733	0	34437	28072	35401	
15734	0	34380	28040	35412	
15735	0	34312	28048	35420	
15736	0	34260	28056	35408	
15737	0	34192	28032	35412	
15738	0	34144	28021	35413	
15739	0	34080	28020	35400	
15740	0	34016	28021	35396	
15741	0	33952	28005	35396	
15742	0	33900	28041	35400	
15743	0	33832	28032	35424	
15744	0	33776	28012	35424	
15745	0	33712	27992	35424	
15746	0	33656	27996	35413	
15747	0	33584	27992	35412	
15748	0	33528	27992	35428	
15749	0	33472	27980	35420	
15750	0	33408	28004	35412	
15751	0	33348	27984	35420	
15752	0	33288	27986	35416	
15753	0	33228	27956	35396	
15754	0	33168	28004	35416	
15755	0	33108	28032	35424	
15756	0	33044	28004	35444	
15757	0	32988	28001	35412	
15758	0	32924	28020	35412	
15759	0	32868	28004	35404	
15760	0	32808	28004	35412	
15761	0	32744	27988	35405	
15762	0	32692	27972	35416	
15763	0	32624	27968	35425	
15764	0	32561	27976	35424	
15765	0	32500	27972	35416	
15766	0	32448	27960	35444	
15767	0	32396	27961	35416	
15768	0	32328	27968	35424	
15769	0	32272	27961	35412	
15770	0	32212	27936	35424	
15771	0	32156	27920	35436	
15772	0	32096	27924	35444	
15773	0	32040	27920	35444	
15774	0	31978	27944	35413	
15775	0	31918	27916	35432	
15776	0	31866	27934	35428	
15777	0	31812	27920	35436	
15778	0	31752	27949	35420	
15779	0	31689	27902	35428	
15780	0	31640	27908	35444	
15781	0	31588	27908	35428	
15782	0	31536	27912	35416	
15783	0	31480	27912	35424	
15784	0	31428	27904	35424	
15785	0	31372	27920	35416	
15786	0	31320	27900	35444	
15787	0	31266	27884	35436	
15788	0	31224	27886	35424	
15789	0	31168	27889	35384	
15790	0	31105	27872	35429	
15791	0	31056	27908	35432	
15792	0	31012	27869	35456	
15793	0	30961	27898	35460	
15794	0	30914	27880	35436	
15795	0	30860	27872	35433	
15796	0	30816	27877	35412	
15797	0	30768	27892	35413	
15798	0	30720	27888	35406	
15799	0	30672	27873	35444	
15800	0	30624	27876	35436	
15801	0	30580	27864	35424	
15802	0	30529	27876	35428	
15803	0	30488	27884	35401	
15804	0	30441	27872	35420	
15805	0	30400	27872	35412	
15806	0	30349	27904	35432	
15807	0	30304	27856	35456	
15808	0	30264	27864	35440	
15809	0	30220	27876	35432	
15810	0	30176	27889	35410	
15811	0	30144	27876	35408	
15812	0	30100	27880	35417	
15813	0	30064	27856	35432	
15814	0	30016	27860	35416	
15815	0	29980	27860	35424	
15816	0	29936	27873	35408	
15817	0	29898	27876	35412	
15818	0	29861	27876	35428	
15819	0	29824	27892	35416	
15820	0	29792	27884	35424	
15821	0	29756	27884	35424	
15822	0	29720	27864	35436	
15823	0	29684	27888	35420	
15824	0	29653	27940	35400	
15825	0	29620	27936	35408	
15826	0	29580	27904	35434	
15827	0	29551	27903	35433	
15828	0	29528	27900	35420	
15829	0	29504	27840	35456	
15830	0	29472	27866	35444	
15831	0	29441	27853	35436	
15832	0	29408	27864	35421	
15833	0	29392	27840	35436	
15834	0	29370	27848	35409	
15835	0	29340	27852	35404	
15836	0	29320	27872	35416	
15837	0	29296	27856	35432	
15838	0	29280	27896	35416	
15839	0	29252	27908	35428	
15840	0	29244	27944	35404	
15841	0	29221	27909	35416	
15842	0	29205	27892	35408	
15843	0	29196	27888	35420	
15844	0	29173	27884	35424	
15845	0	29160	27904	35412	
15846	0	29148	27912	35392	
15847	0	29140	27917	35408	
15848	0	29126	27916	35412	
15849	0	29124	27916	35404	
15850	0	29125	27881	35416	
15851	0	29120	27881	35404	
15852	0	29108	27880	35408	
15853	0	29120	27908	35404	
15854	0	29112	27914	35392	
15855	0	29116	27908	35408	
15856	0	29117	27936	35416	
15857	0	29120	27924	35408	
15858	0	29132	27944	35400	
15859	0	29125	27940	35376	
15860	0	29153	27892	35448	
15861	0	29164	27896	35416	
15862	0	29177	27884	35414	
15863	0	29196	27864	35416	
15864	0	29212	27860	35420	
15865	0	29240	27865	35412	
15866	0	29248	27872	35416	
15867	0	29276	27875	35388	
15868	0	29302	27856	35388	
15869	0	29332	27872	35388	
15870	0	29356	27872	35392	
15871	0	29380	27896	35388	
15872	0	29424	27868	35400	
15873	0	29452	27876	35400	
15874	0	29492	27880	35404	
15875	0	29528	27880	35424	
15876	0	29568	27872	35444	
15877	0	29612	27868	35424	
15878	0	29652	27866	35392	
15879	0	29696	27852	35424	
15880	0	29748	27864	35408	
15881	0	29788	27894	35401	
15882	0	29844	27865	35420	
15883	0	29900	27872	35392	
15884	0	29956	27840	35408	
15885	0	30002	27864	35408	
15886	0	30060	27836	35412	
15887	0	30116	27854	35400	
15888	0	30166	27864	35408	
15889	0	30236	27864	35408	
15890	0	30292	27864	35408	
15891	0	30360	27892	35392	
15892	0	30424	27876	35392	
15893	0	30492	27864	35416	
15894	0	30556	27853	35420	
15895	0	30624	27872	35408	
15896	0	30692	27856	35424	
15897	0	30760	27876	35416	
15898	0	30829	27880	35408	
15899	0	30904	27904	35384	
15900	0	30980	27908	35388	
15901	0	31062	27912	35388	
15902	0	31128	27892	35400	
15903	0	31204	27888	35404	
15904	0	31284	27886	35432	
15905	0	31366	27902	35416	
15906	0	31444	27910	35412	
15907	0	31533	27909	35412	
15908	0	31608	27920	35416	
15909	0	31696	27885	35424	
15910	0	31776	27938	35416	
15911	0	31860	27929	35416	
15912	0	31941	27920	35432	
15913	0	32032	27897	35432	
15914	0	32112	27921	35424	
15915	0	32200	27916	35416	
15916	0	32288	27940	35408	
15917	0	32380	27944	35396	
15918	0	32462	27944	35400	
15919	0	32553	27953	35408	
15920	0	32640	27972	35416	
15921	0	32728	27956	35416	
15922	0	32812	27996	35420	
15923	0	32908	27992	35428	
15924	0	32996	27980	35429	
15925	0	33084	27992	35417	
15926	0	33184	27936	35404	
15927	0	33260	27940	35396	
15928	0	33356	27956	35408	
15929	0	33441	27952	35408	
15930	0	33537	27964	35416	
15931	0	33624	27976	35432	
15932	0	33712	27969	35412	
15933	0	33800	28020	35397	
15934	0	33892	28005	35424	
15935	0	33981	28013	35432	
15936	0	34072	28009	35428	
15937	0	34156	28024	35404	
15938	0	34240	28024	35424	
15939	0	34332	28036	35424	
15940	0	34420	28033	35412	
15941	0	34504	28036	35404	
15942	0	34588	28028	35412	
15943	0	34680	28044	35400	
15944	0	34760	28029	35417	
15945	0	34848	28060	35404	
15946	0	34932	28040	35408	
15947	0	35016	28056	35416	
15948	0	35104	28064	35400	
15949	0	35184	28064	35388	
15950	0	35268	28061	35392	
15951	0	35349	28098	35372	
15952	0	35432	28096	35382	
15953	0	35516	28072	35392	
15954	0	35600	28097	35384	
15955	0	35672	28084	35384	
15956	0	35752	28092	35397	
15957	0	35836	28096	35388	
15958	0	35912	28092	35384	
15959	0	35984	28064	35421	
15960	0	36064	28089	35412	
15961	0	36144	28076	35404	
15962	0	36212	28104	35396	
15963	0	36292	28104	35400	
15964	0	36368	28134	35416	
15965	0	36448	28116	35400	
15966	0	36520	28124	35392	
15967	0	36592	28120	35388	
15968	0	36664	28110	35404	
15969	0	36736	28112	35416	
15970	0	36808	28129	35393	
15971	0	36876	28140	35376	
15972	0	36948	28137	35396	
15973	0	37016	28136	35385	
15974	0	37088	28132	35380	
15975	0	37152	28149	35392	
15976	0	37224	28148	35392	
15977	0	37300	28136	35397	
15978	0	37368	28140	35372	
15979	0	37436	28160	35388	
15980	0	37488	28157	35378	
15981	0	37560	28136	35388	
15982	0	37628	28133	35386	
15983	0	37700	28168	35404	
15984	0	37752	28140	35413	
15985	0	37820	28160	35412	
15986	0	37888	28140	35400	
15987	0	37944	28140	35384	
15988	0	37997	28124	35404	
15989	0	38060	28149	35408	
15990	0	38121	28162	35400	
15991	0	38184	28148	35397	
15992	0	38248	28137	35393	
15993	0	38300	28136	35416	
15994	0	38360	28152	35420	
15995	0	38420	28148	35424	
15996	0	38476	28144	35420	
15997	0	38533	28184	35408	
15998	0	38584	28160	35416	
15999	0	38640	28160	35420	
16000	0	38688	28180	35416	
16001	0	38748	28189	35400	
16002	0	38804	28168	35416	
16003	0	38852	28160	35412	
16004	0	38912	28164	35404	
16005	0	38948	28140	35408	
16006	0	39008	28152	35408	
16007	0	39060	28177	35408	
16008	0	39089	28156	35417	
16009	0	39156	28176	35404	
16010	0	39197	28156	35412	
16011	0	39245	28140	35428	
16012	0	39288	28129	35428	
16013	0	39332	28136	35421	
16014	0	39384	28124	35437	
16015	0	39424	28140	35428	
16016	0	39469	28124	35448	
16017	0	39508	28149	35405	
16018	0	39544	28140	35404	
16019	0	39584	28156	35425	
16020	0	39632	28176	35392	
16021	0	39664	28144	35424	
16022	0	39706	28146	35400	
16023	0	39744	28152	35421	
16024	0	39776	28160	35412	
16025	0	39812	28180	35408	
16026	0	39852	28152	35412	
16027	0	39884	28161	35420	
16028	0	39916	28156	35376	
16029	0	39956	28164	35404	
16030	0	39984	28146	35404	
16031	0	40012	28164	35412	
16032	0	40037	28176	35424	
16033	0	40065	28172	35416	
16034	0	40108	28164	35424	
16035	0	40124	28165	35408	
16036	0	40152	28145	35416	
16037	0	40180	28176	35414	
16038	0	40200	28144	35416	
16039	0	40224	28164	35400	
16040	0	40252	28170	35400	
16041	0	40276	28168	35412	
16042	0	40292	28145	35404	
16043	0	40316	28156	35402	
16044	0	40328	28164	35416	
16045	0	40348	28160	35432	
16046	0	40364	28140	35420	
16047	0	40384	28144	35404	
16048	0	40396	28176	35380	
16049	0	40412	28164	35404	
16050	0	40420	28164	35380	
16051	0	40436	28152	35392	
16052	0	40440	28160	35412	
16053	0	40452	28164	35408	
16054	0	40464	28160	35400	
16055	0	40468	28192	35392	
16056	0	40472	28182	35372	
16057	0	40472	28168	35409	
16058	0	40472	28160	35396	
16059	0	40480	28188	35388	
16060	0	40480	28188	35393	
16061	0	40476	28184	35400	
16062	0	40476	28156	35408	
16063	0	40480	28172	35396	
16064	0	40468	28160	35412	
16065	0	40461	28148	35396	
16066	0	40456	28140	35392	
16067	0	40440	28148	35396	
16068	0	40440	28167	35393	
16069	0	40424	28169	35416	
16070	0	40416	28174	35404	
16071	0	40408	28176	35396	
16072	0	40380	28180	35384	
16073	0	40368	28180	35408	
16074	0	40356	28177	35404	
16075	0	40336	28200	35400	
16076	0	40320	28169	35402	
16077	0	40292	28185	35380	
16078	0	40272	28188	35416	
16079	0	40256	28164	35400	
16080	0	40224	28156	35400	
16081	0	40200	28168	35392	
16082	0	40168	28152	35400	
16083	0	40146	28152	35416	
16084	0	40120	28176	35402	
16085	0	40092	28152	35409	
16086	0	40060	28152	35412	
16087	0	40024	28141	35400	
16088	0	39984	28145	35416	
16089	0	39956	28164	35393	
16090	0	39908	28182	35404	
16091	0	39880	28180	35420	
16092	0	39852	28144	35408	
16093	0	39800	28160	35408	
16094	0	39760	28164	35404	
16095	0	39716	28152	35420	
16096	0	39680	28176	35424	
16097	0	39640	28160	35412	
16098	0	39596	28132	35400	
16099	0	39552	28136	35404	
16100	0	39500	28149	35400	
16101	0	39456	28140	35428	
16102	0	39404	28150	35388	
16103	0	39356	28144	35424	
16104	0	39309	28130	35401	
16105	0	39260	28148	35376	
16106	0	39212	28152	35384	
16107	0	39160	28157	35377	
16108	0	39104	28157	35401	
16109	0	39048	28168	35372	
16110	0	38992	28160	35398	
16111	0	38936	28174	35408	
16112	0	38884	28152	35400	
16113	0	38828	28164	35398	
16114	0	38772	28152	35400	
16115	0	38712	28144	35398	
16116	0	38644	28148	35404	
16117	0	38584	28156	35412	
16118	0	38516	28140	35428	
16119	0	38464	28156	35413	
16120	0	38396	28144	35389	
16121	0	38332	28152	35400	
16122	0	38268	28144	35416	
16123	0	38200	28120	35412	
16124	0	38136	28132	35397	
16125	0	38072	28108	35412	
16126	0	38000	28136	35392	
16127	0	37932	28153	35392	
16128	0	37868	28128	35404	
16129	0	37792	28129	35408	
16130	0	37724	28140	35416	
16131	0	37652	28132	35400	
16132	0	37580	28120	35408	
16133	0	37512	28136	35388	
16134	0	37428	28128	35408	
16135	0	37360	28116	35416	
16136	0	37272	28121	35420	
16137	0	37204	28117	35408	
16138	0	37136	28120	35416	
16139	0	37056	28128	35408	
16140	0	36976	28112	35416	
16141	0	36896	28096	35424	
16142	0	36820	28104	35429	
16143	0	36740	28104	35416	
16144	0	36660	28122	35396	
16145	0	36580	28136	35400	
16146	0	36492	28133	35424	
16147	0	36420	28112	35412	
16148	0	36326	28096	35436	
16149	0	36248	28100	35428	
16150	0	36164	28084	35424	
16151	0	36080	28082	35432	
16152	0	36004	28076	35408	
16153	0	35920	28101	35408	
16154	0	35828	28096	35400	
16155	0	35752	28088	35416	
16156	0	35664	28092	35412	
16157	0	35576	28096	35402	
16158	0	35492	28072	35424	
16159	0	35404	28053	35404	
16160	0	35324	28058	35392	
16161	0	35232	28084	35396	
16162	0	35148	28060	35392	
16163	0	35064	28068	35428	
16164	0	34972	28062	35404	
16165	0	34892	28060	35416	
16166	0	34804	28036	35400	
16167	0	34720	28036	35408	
16168	0	34628	28036	35408	
16169	0	34552	28036	35412	
16170	0	34461	28013	35432	
16171	0	34372	28032	35408	
16172	0	34280	28008	35410	
16173	0	34200	27996	35412	
16174	0	34120	28001	35424	
16175	0	34024	28008	35404	
16176	0	33932	28008	35421	
16177	0	33852	28004	35396	
16178	0	33772	27968	35412	
16179	0	33676	27992	35392	
16180	0	33588	27972	35424	
16181	0	33504	27976	35404	
16182	0	33412	27964	35400	
16183	0	33330	27960	35409	
16184	0	33260	27940	35408	
16185	0	33164	27988	35404	
16186	0	33076	27984	35404	
16187	0	32992	27976	35402	
16188	0	32904	27988	35404	
16189	0	32824	27968	35416	
16190	0	32736	27958	35412	
16191	0	32656	27952	35396	
16192	0	32564	27956	35404	
16193	0	32481	27972	35408	
16194	0	32393	27954	35420	
16195	0	32313	27970	35384	
16196	0	32228	27910	35400	
16197	0	32148	27932	35396	
16198	0	32064	27916	35424	
16199	0	31976	27924	35400	
16200	0	31900	27904	35428	
16201	0	31816	27916	35408	
16202	0	31732	27894	35424	
16203	0	31648	27872	35444	
16204	0	31564	27864	35388	
16205	0	31485	27880	35392	
16206	0	31397	27908	35449	
16207	0	31320	27888	35429	
16208	0	31236	27860	35448	
16209	0	31152	27826	35480	
16210	0	31072	27812	35466	
16211	0	30996	27872	35460	
16212	0	30912	27856	35452	
16213	0	30828	27880	35468	
16214	0	30757	27892	35417	
16215	0	30668	27861	35428	
16216	0	30588	27836	35448	
16217	0	30512	27852	35444	
16218	0	30424	27852	35428	
16219	0	30348	27853	35424	
16220	0	30264	27841	35428	
16221	0	30192	27850	35432	
16222	0	30116	27869	35416	
16223	0	30036	27872	35416	
16224	0	29956	27881	35424	
16225	0	29877	27872	35412	
16226	0	29804	27860	35412	
16227	0	29720	27884	35416	
16228	0	29644	27860	35412	
16229	0	29568	27864	35428	
16230	0	29490	27850	35456	
16231	0	29410	27845	35428	
16232	0	29336	27836	35437	
16233	0	29264	27840	35432	
16234	0	29192	27868	35450	
16235	0	29109	27885	35448	
16236	0	29040	27864	35444	
16237	0	28965	27880	35416	
16238	0	28892	27868	35432	
16239	0	28828	27872	35428	
16240	0	28752	27872	35424	
16241	0	28680	27884	35424	
16242	0	28612	27876	35416	
16243	0	28548	27876	35408	
16244	0	28480	27888	35428	
16245	0	28412	27908	35432	
16246	0	28342	27896	35428	
16247	0	28272	27912	35416	
16248	0	28204	27904	35428	
16249	0	28144	27980	35408	
16250	0	28084	27968	35416	
16251	0	28020	27956	35421	
16252	0	27948	27972	35424	
16253	0	27892	27933	35424	
16254	0	27833	27960	35432	
16255	0	27776	27960	35432	
16256	0	27720	27953	35421	
16257	0	27664	27948	35436	
16258	0	27600	27952	35432	
16259	0	27544	28000	35432	
16260	0	27492	27992	35428	
16261	0	27436	28016	35432	
16262	0	27384	28004	35420	
16263	0	27328	28001	35432	
16264	0	27276	27984	35412	
16265	0	27225	27992	35440	
16266	0	27176	27988	35448	
16267	0	27113	28016	35428	
16268	0	27072	28000	35460	
16269	0	27021	28020	35429	
16270	0	26972	28024	35456	
16271	0	26924	28028	35432	
16272	0	26876	28028	35432	
16273	0	26828	28018	35440	
16274	0	26784	28021	35440	
16275	0	26736	28020	35448	
16276	0	26705	28001	35433	
16277	0	26649	28009	35436	
16278	0	26605	28088	35412	
16279	0	26560	28056	35449	
16280	0	26524	28072	35420	
16281	0	26484	28061	35424	
16282	0	26436	28080	35436	
16283	0	26408	28060	35440	
16284	0	26369	28064	35432	
16285	0	26329	28084	35440	
16286	0	26292	28062	35445	
16287	0	26252	28069	35428	
16288	0	26222	28064	35426	
16289	0	26176	28072	35416	
16290	0	26148	28096	35416	
16291	0	26120	28077	35436	
16292	0	26078	28119	35416	
16293	0	26049	28136	35436	
16294	0	26020	28132	35412	
16295	0	25988	28104	35420	
16296	0	25959	28108	35440	
16297	0	25933	28076	35416	
16298	0	25908	28108	35436	
16299	0	25884	28128	35428	
16300	0	25854	28096	35432	
16301	0	25836	28080	35428	
16302	0	25809	28097	35436	
16303	0	25788	28096	35436	
16304	0	25768	28096	35432	
16305	0	25748	28068	35436	
16306	0	25732	28112	35416	
16307	0	25704	28088	35442	
16308	0	25696	28064	35444	
16309	0	25680	28092	35436	
16310	0	25664	28093	35414	
16311	0	25652	28104	35428	
16312	0	25640	28096	35424	
16313	0	25624	28100	35423	
16314	0	25614	28096	35428	
16315	0	25604	28102	35420	
16316	0	25596	28160	35432	
16317	0	25592	28152	35408	
16318	0	25584	28140	35424	
16319	0	25584	28144	35440	
16320	0	25576	28144	35416	
16321	0	25580	28132	35428	
16322	0	25573	28140	35424	
16323	0	25584	28160	35416	
16324	0	25584	28144	35436	
16325	0	25585	28136	35424	
16326	0	25592	28160	35400	
16327	0	25600	28125	35408	
16328	0	25610	28100	35434	
16329	0	25624	28104	35432	
16330	0	25632	28112	35452	
16331	0	25641	28116	35444	
16332	0	25664	28104	35413	
16333	0	25676	28120	35452	
16334	0	25696	28116	35424	
16335	0	25716	28072	35428	
16336	0	25732	28081	35420	
16337	0	25752	28088	35420	
16338	0	25784	28088	35440	
16339	0	25812	28088	35432	
16340	0	25832	28113	35436	
16341	0	25861	28100	35436	
16342	0	25896	28081	35448	
16343	0	25924	28096	35424	
16344	0	25957	28129	35436	
16345	0	25988	28124	35420	
16346	0	26024	28116	35437	
16347	0	26064	28084	35448	
16348	0	26108	28064	35432	
16349	0	26144	28061	35432	
16350	0	26188	28088	35432	
16351	0	26229	28076	35424	
16352	0	26277	28088	35436	
16353	0	26324	28068	35444	
16354	0	26372	28081	35424	
16355	0	26424	28044	35436	
16356	0	26472	28068	35420	
16357	0	26528	28068	35408	
16358	0	26584	28068	35404	
16359	0	26630	28036	35416	
16360	0	26689	28032	35412	
16361	0	26752	28039	35396	
16362	0	26808	28040	35424	
16363	0	26872	28040	35404	
16364	0	26932	28034	35420	
16365	0	26989	28040	35412	
16366	0	27056	28040	35432	
16367	0	27124	28036	35436	
16368	0	27188	28000	35412	
16369	0	27253	27976	35408	
16370	0	27328	27992	35436	
16371	0	27392	27992	35440	
16372	0	27468	27986	35432	
16373	0	27536	27988	35392	
16374	0	27608	27989	35404	
16375	0	27680	27940	35432	
16376	0	27760	27918	35428	
16377	0	27828	27960	35436	
16378	0	27912	27964	35438	
16379	0	27984	27953	35436	
16380	0	28057	27944	35436	
16381	0	28137	27940	35456	
16382	0	28220	27880	35424	
16383	0	28288	27928	35428	
16384	0	28368	27924	35436	
16385	0	28456	27908	35444	
16386	0	28530	27909	35436	
16387	0	28616	27900	35424	
16388	0	28696	27880	35428	
16389	0	28776	27865	35416	
16390	0	28860	27873	35440	
16391	0	28948	27868	35421	
16392	0	29028	27884	35433	
16393	0	29112	27900	35436	
16394	0	29196	27892	35434	
16395	0	29276	27864	35424	
16396	0	29364	27873	35417	
16397	0	29448	27864	35420	
16398	0	29536	27873	35424	
16399	0	29620	27852	35432	
16400	0	29704	27820	35432	
16401	0	29792	27840	35436	
16402	0	29880	27841	35424	
16403	0	29956	27860	35400	
16404	0	30040	27836	35424	
16405	0	30121	27832	35428	
16406	0	30213	27840	35440	
16407	0	30300	27844	35440	
16408	0	30385	27856	35436	
16409	0	30465	27828	35444	
16410	0	30556	27836	35436	
16411	0	30636	27852	35424	
16412	0	30716	27842	35420	
16413	0	30792	27852	35424	
16414	0	30885	27884	35424	
16415	0	30976	27880	35416	
16416	0	31060	27860	35408	
16417	0	31140	27856	35408	
16418	0	31225	27856	35412	
16419	0	31316	27860	35424	
16420	0	31400	27892	35428	
16421	0	31484	27885	35437	
16422	0	31560	27892	35412	
16423	0	31652	27884	35444	
16424	0	31736	27884	35436	
16425	0	31816	27920	35409	
16426	0	31904	27920	35432	
16427	0	31988	27916	35440	
16428	0	32068	27916	35416	
16429	0	32154	27908	35424	
16430	0	32232	27900	35444	
16431	0	32316	27940	35429	
16432	0	32396	27936	35418	
16433	0	32480	27952	35424	
16434	0	32572	27940	35412	
16435	0	32644	27968	35396	
16436	0	32728	27956	35416	
16437	0	32808	27980	35392	
16438	0	32886	27976	35436	
16439	0	32976	27967	35416	
16440	0	33048	27976	35404	
16441	0	33132	27980	35408	
16442	0	33212	27948	35400	
16443	0	33290	27964	35440	
16444	0	33364	27940	35437	
16445	0	33445	27948	35440	
16446	0	33529	27948	35437	
16447	0	33604	27956	35428	
16448	0	33680	27980	35420	
16449	0	33760	27992	35408	
16450	0	33840	27996	35412	
16451	0	33916	27980	35396	
16452	0	33988	27997	35408	
16453	0	34056	28000	35404	
16454	0	34136	27992	35413	
16455	0	34212	27988	35412	
16456	0	34276	27997	35420	
16457	0	34360	28024	35416	
16458	0	34432	28020	35424	
16459	0	34504	28002	35404	
16460	0	34584	28016	35424	
16461	0	34645	28036	35440	
16462	0	34720	28040	35420	
16463	0	34788	28040	35436	
16464	0	34856	28060	35428	
16465	0	34932	28048	35416	
16466	0	34998	28056	35420	
16467	0	35065	28060	35393	
16468	0	35136	28040	35400	
16469	0	35204	28049	35412	
16470	0	35276	28044	35424	
16471	0	35336	28064	35409	
16472	0	35400	28084	35408	
16473	0	35472	28066	35396	
16474	0	35540	28084	35380	
16475	0	35597	28053	35408	
16476	0	35660	28076	35376	
16477	0	35720	28076	35372	
16478	0	35784	28064	35396	
16479	0	35852	28080	35405	
16480	0	35912	28100	35401	
16481	0	35972	28080	35394	
16482	0	36044	28080	35396	
16483	0	36092	28068	35405	
16484	0	36152	28088	35396	
16485	0	36212	28104	35396	
16486	0	36268	28096	35402	
16487	0	36328	28084	35408	
16488	0	36388	28084	35412	
16489	0	36440	28116	35416	
16490	0	36501	28100	35433	
16491	0	36553	28092	35424	
16492	0	36612	28128	35416	
16493	0	36664	28109	35380	
16494	0	36721	28100	35412	
16495	0	36764	28124	35396	
16496	0	36816	28096	35416	
16497	0	36872	28096	35408	
16498	0	36916	28105	35404	
16499	0	36976	28092	35425	
16500	0	37008	28124	35416	
16501	0	37056	28120	35384	
16502	0	37112	28104	35404	
16503	0	37153	28096	35404	
16504	0	37200	28101	35424	
16505	0	37240	28096	35392	
16506	0	37288	28100	35392	
16507	0	37320	28108	35400	
16508	0	37360	28102	35408	
16509	0	37389	28124	35416	
16510	0	37428	28140	35412	
16511	0	37468	28148	35404	
16512	0	37497	28128	35416	
16513	0	37532	28108	35424	
16514	0	37560	28128	35413	
16515	0	37592	28116	35416	
16516	0	37620	28120	35412	
16517	0	37652	28104	35420	
16518	0	37672	28113	35404	
16519	0	37692	28129	35400	
16520	0	37712	28108	35413	
16521	0	37744	28112	35425	
16522	0	37756	28124	35417	
16523	0	37776	28132	35412	
16524	0	37793	28132	35420	
16525	0	37808	28120	35404	
16526	0	37818	28123	35400	
16527	0	37832	28116	35396	
16528	0	37837	28144	35408	
16529	0	37848	28140	35392	
16530	0	37852	28136	35409	
16531	0	37856	28128	35412	
16532	0	37860	28140	35404	
16533	0	37868	28104	35425	
16534	0	37868	28106	35424	
16535	0	37868	28096	35416	
16536	0	37861	28128	35404	
16537	0	37864	28128	35418	
16538	0	37852	28104	35420	
16539	0	37852	28132	35424	
16540	0	37844	28144	35428	
16541	0	37812	28137	35437	
16542	0	37820	28140	35420	
16543	0	37808	28128	35432	
16544	0	37792	28132	35436	
16545	0	37772	28120	35432	
16546	0	37764	28124	35440	
16547	0	37744	28140	35400	
16548	0	37728	28129	35404	
16549	0	37704	28120	35452	
16550	0	37688	28104	35436	
16551	0	37660	28128	35424	
16552	0	37640	28124	35446	
16553	0	37616	28112	35424	
16554	0	37588	28120	35404	
16555	0	37561	28136	35424	
16556	0	37528	28106	35432	
16557	0	37492	28129	35416	
16558	0	37472	28124	35408	
16559	0	37432	28097	35432	
16560	0	37408	28128	35440	
16561	0	37364	28124	35413	
16562	0	37332	28109	35428	
16563	0	37296	28108	35436	
16564	0	37256	28108	35424	
16565	0	37216	28105	35448	
16566	0	37184	28092	35448	
16567	0	37137	28120	35437	
16568	0	37096	28120	35433	
16569	0	37052	28120	35428	
16570	0	37012	28132	35428	
16571	0	36972	28104	35416	
16572	0	36920	28104	35420	
16573	0	36876	28114	35440	
16574	0	36820	28116	35404	
16575	0	36777	28124	35412	
16576	0	36736	28133	35404	
16577	0	36673	28105	35397	
16578	0	36636	28097	35400	
16579	0	36576	28128	35412	
16580	0	36524	28120	35412	
16581	0	36468	28129	35416	
16582	0	36409	28097	35424	
16583	0	36352	28120	35432	
16584	0	36292	28105	35428	
16585	0	36236	28088	35424	
16586	0	36176	28108	35438	
16587	0	36120	28104	35436	
16588	0	36056	28072	35441	
16589	0	35996	28084	35440	
16590	0	35928	28094	35416	
16591	0	35864	28108	35424	
16592	0	35794	28120	35424	
16593	0	35732	28096	35409	
16594	0	35664	28084	35404	
16595	0	35592	28096	35416	
16596	0	35521	28140	35508	
16597	0	35452	28152	35396	
16598	0	35384	28089	35449	
16599	0	35300	28074	35428	
16600	0	35228	28064	35420	
16601	0	35156	28057	35440	
16602	0	35073	28057	35412	
16603	0	34996	28064	35412	
16604	0	34920	28060	35428	
16605	0	34844	28044	35416	
16606	0	34764	28012	35401	
16607	0	34680	27980	35400	
16608	0	34596	27861	35340	
16609	0	34520	27936	35364	
16610	0	34432	28164	35452	
16611	0	34348	28160	35633	
16612	0	34264	28044	35660	
16613	0	34172	28004	35564	
16614	0	34092	27984	35449	
16615	0	33996	28016	35408	
16616	0	33912	28048	35424	
16617	0	33820	28030	35432	
16618	0	33736	27960	35476	
16619	0	33645	27964	35440	
16620	0	33552	27945	35464	
16621	0	33462	27968	35468	
16622	0	33372	27972	35440	
16623	0	33280	27984	35448	
16624	0	33184	27952	35444	
16625	0	33096	28009	35444	
16626	0	33004	27992	35436	
16627	0	32900	27992	35428	
16628	0	32813	27984	35448	
16629	0	32728	27952	35444	
16630	0	32632	27932	35448	
16631	0	32544	27952	35456	
16632	0	32448	27936	35456	
16633	0	32352	27944	35424	
16634	0	32256	27961	35429	
16635	0	32164	27918	35412	
16636	0	32064	27912	35436	
16637	0	31968	27924	35460	
16638	0	31884	27908	35434	
16639	0	31784	27896	35456	
16640	0	31696	27892	35440	
16641	0	31593	27920	35429	
16642	0	31512	27892	35412	
16643	0	31416	27904	35432	
16644	0	31328	27868	35424	
16645	0	31236	27865	35432	
16646	0	31140	27864	35428	
16647	0	31048	27869	35420	
16648	0	30936	27864	35432	
16649	0	30866	27864	35448	
16650	0	30780	27876	35444	
16651	0	30677	27856	35452	
16652	0	30589	27836	35461	
16653	0	30501	27840	35452	
16654	0	30412	27856	35456	
16655	0	30324	27862	35448	
16656	0	30236	27865	35428	
16657	0	30144	27868	35429	
16658	0	30060	27872	35432	
16659	0	29978	27852	35412	
16660	0	29888	27844	35436	
16661	0	29796	27872	35420	
16662	0	29716	27828	35412	
16663	0	29621	27884	35424	
16664	0	29544	27886	35429	
16665	0	29460	27896	35428	
16666	0	29370	27880	35456	
16667	0	29288	27904	35431	
16668	0	29212	27884	35448	
16669	0	29128	27912	35432	
16670	0	29037	27896	35428	
16671	0	28972	27872	35440	
16672	0	28880	27889	35432	
16673	0	28800	27892	35440	
16674	0	28732	27886	35444	
16675	0	28644	27880	35424	
16676	0	28568	27905	35436	
16677	0	28492	27904	35456	
16678	0	28420	27936	35424	
16679	0	28346	27924	35441	
16680	0	28268	27920	35452	
16681	0	28192	27896	35452	
16682	0	28120	27940	35433	
16683	0	28040	27936	35448	
16684	0	27972	27952	35449	
16685	0	27908	27932	35432	
16686	0	27826	27944	35452	
16687	0	27756	27940	35436	
16688	0	27685	27968	35440	
16689	0	27616	27968	35452	
16690	0	27545	27992	35436	
16691	0	27477	27980	35444	
16692	0	27412	27984	35457	
16693	0	27337	27973	35432	
16694	0	27273	27968	35480	
16695	0	27208	27988	35440	
16696	0	27140	27996	35438	
16697	0	27076	28020	35460	
16698	0	27010	28021	35452	
16699	0	26948	28052	35429	
16700	0	26876	27996	35452	
16701	0	26816	28017	35436	
16702	0	26752	28016	35400	
16703	0	26680	27948	35293	
16704	0	26622	28068	35400	
16705	0	26558	27936	35288	
16706	0	26508	27956	35332	
16707	0	26440	28121	35576	
16708	0	26368	28248	35468	
16709	0	26309	28124	35492	
16710	0	26248	28012	35469	
16711	0	26185	28110	35444	
16712	0	26128	28020	35392	
16713	0	26068	28157	35480	
16714	0	26010	28204	35428	
16715	0	25952	28172	35428	
16716	0	25892	28136	35456	
16717	0	25832	27980	35264	
16718	0	25776	28064	35472	
16719	0	25720	28068	35456	
16720	0	25657	28226	35506	
16721	0	25608	28200	35560	
16722	0	25548	28202	35512	
16723	0	25496	28128	35532	
16724	0	25445	28196	35476	
16725	0	25385	28246	35444	
16726	0	25333	28200	35477	
16727	0	25280	28168	35444	
16728	0	25232	28092	35388	
16729	0	25178	28176	35524	
16730	0	25132	28260	35480	
16731	0	25081	28160	35524	
16732	0	25032	28149	35534	
16733	0	24988	28192	35512	
16734	0	24930	28190	35533	
16735	0	24884	28078	35549	
16736	0	24844	28017	35548	
16737	0	24808	27996	35460	
16738	0	24748	28181	35468	
16739	0	24709	28265	35396	
16740	0	24666	28267	35404	
16741	0	24624	28298	35368	
16742	0	24580	28252	35356	
16743	0	24540	28228	35372	
16744	0	24506	28200	35372	
16745	0	24464	28624	35456	
16746	0	24424	28268	35424	
16747	0	24390	28248	35408	
16748	0	24352	28164	35428	
16749	0	24316	28548	35524	
16750	0	24284	28250	35500	
16751	0	24248	28212	35464	
16752	0	24216	27320	35136	
16753	0	24185	28444	35596	
16754	0	24158	28284	35589	
16755	0	24120	28177	35532	
16756	0	24093	28233	35740	
16757	0	24064	28289	35680	
16758	0	24046	28274	35688	
16759	0	24018	28244	35620	
16760	0	24000	28232	35564	
16761	0	23976	28212	35520	
16762	0	23952	28224	35500	
16763	0	23932	28187	35492	
16764	0	23917	28188	35508	
16765	0	23897	28196	35500	
16766	0	23880	28180	35508	
16767	0	23872	28180	35480	
16768	0	23856	28196	35500	
16769	0	23848	28132	35392	
16770	0	23844	28280	35440	
16771	0	23828	28241	35508	
16772	0	23828	28228	35540	
16773	0	23824	28280	35528	
16774	0	23820	28272	35552	
16775	0	23820	28232	35572	
16776	0	23816	28268	35552	
16777	0	23828	28272	35552	
16778	0	23828	28232	35532	
16779	0	23836	28253	35541	
16780	0	23848	28261	35528	
16781	0	23864	28256	35520	
16782	0	23868	28244	35528	
16783	0	23881	28240	35524	
16784	0	23900	28253	35516	
16785	0	23927	28233	35493	
16786	0	23936	28244	35496	
16787	0	23961	28240	35472	
16788	0	23988	28240	35440	
16789	0	24012	28212	35428	
16790	0	24040	28216	35436	
16791	0	24072	28232	35416	
16792	0	24105	28232	35432	
16793	0	24136	28216	35468	
16794	0	24176	28196	35500	
16795	0	24216	28224	35484	
16796	0	24256	28260	35456	
16797	0	24300	28216	35476	
16798	0	24341	28240	35476	
16799	0	24392	28224	35468	
16800	0	24440	28257	35500	
16801	0	24488	28225	35509	
16802	0	24548	28232	35496	
16803	0	24601	28180	35544	
16804	0	24660	28200	35492	
16805	0	24713	28205	35484	
16806	0	24776	28177	35492	
16807	0	24837	28180	35492	
16808	0	24904	28212	35480	
16809	0	24968	28200	35496	
16810	0	25032	28176	35524	
16811	0	25105	28188	35524	
16812	0	25173	28176	35520	
16813	0	25249	28196	35518	
16814	0	25324	28184	35520	
16815	0	25396	28148	35532	
16816	0	25472	28168	35540	
16817	0	25552	28133	35544	
16818	0	25610	28096	35528	
16819	0	25716	28132	35500	
16820	0	25792	28116	35480	
16821	0	25880	28142	35484	
16822	0	25972	28160	35508	
16823	0	26049	28156	35464	
16824	0	26141	28124	35492	
16825	0	26225	28100	35472	
16826	0	26312	28116	35480	
16827	0	26408	28132	35452	
16828	0	26500	28104	35488	
16829	0	26596	28084	35464	
16830	0	26684	28065	35488	
16831	0	26784	28064	35476	
16832	0	26876	28080	35444	
16833	0	26977	28082	35448	
16834	0	27069	28080	35433	
16835	0	27168	28064	35429	
16836	0	27268	28080	35437	
16837	0	27372	28060	35452	
16838	0	27474	28052	35452	
16839	0	27580	28028	35464	
16840	0	27680	27988	35464	
16841	0	27776	28020	35436	
16842	0	27884	28001	35480	
16843	0	27988	27985	35464	
16844	0	28096	27984	35468	
16845	0	28197	27964	35464	
16846	0	28308	27940	35456	
16847	0	28410	27945	35460	
16848	0	28516	27940	35480	
16849	0	28628	27940	35480	
16850	0	28736	27928	35472	
16851	0	28845	27908	35485	
16852	0	28952	27876	35500	
16853	0	29056	27900	35512	
16854	0	29164	27912	35508	
16855	0	29276	27900	35496	
16856	0	29384	27888	35504	
16857	0	29484	27880	35476	
16858	0	29600	27892	35480	
16859	0	29708	27876	35508	
16860	0	29814	27856	35500	
16861	0	29928	27876	35448	
16862	0	30040	27880	35464	
16863	0	30146	27880	35452	
16864	0	30252	27880	35428	
16865	0	30368	27901	35460	
16866	0	30472	27888	35468	
16867	0	30580	27876	35452	
16868	0	30688	27864	35468	
16869	0	30784	27896	35484	
16870	0	30896	27864	35452	
16871	0	31016	27889	35460	
16872	0	31109	27909	35428	
16873	0	31224	27896	35441	
16874	0	31336	27910	35432	
16875	0	31432	27916	35452	
16876	0	31540	27884	35457	
16877	0	31640	27928	35464	
16878	0	31748	27952	35472	
16879	0	31856	27924	35460	
16880	0	31960	27940	35464	
16881	0	32056	27940	35464	
16882	0	32160	27940	35456	
16883	0	32268	27956	35452	
16884	0	32352	27933	35440	
16885	0	32460	27940	35472	
16886	0	32556	27945	35444	
16887	0	32656	27953	35448	
16888	0	32744	27969	35460	
16889	0	32852	28004	35460	
16890	0	32944	28028	35468	
16891	0	33052	28013	35456	
16892	0	33136	28005	35444	
16893	0	33240	27964	35464	
16894	0	33330	27984	35448	
16895	0	33412	28005	35460	
16896	0	33508	27984	35452	
16897	0	33604	27988	35488	
16898	0	33688	27988	35444	
16899	0	33780	27984	35456	
16900	0	33872	27981	35468	
16901	0	33960	27996	35468	
16902	0	34052	27992	35488	
16903	0	34128	28012	35480	
16904	0	34213	28038	35444	
16905	0	34300	28013	35432	
16906	0	34380	28036	35436	
16907	0	34472	28042	35444	
16908	0	34544	28044	35452	
16909	0	34636	28036	35456	
16910	0	34720	28025	35444	
16911	0	34800	28036	35424	
16912	0	34876	28076	35440	
16913	0	34952	28060	35448	
16914	0	35032	28064	35448	
16915	0	35104	28088	35425	
16916	0	35184	28096	35412	
16917	0	35260	28076	35408	
16918	0	35340	28097	35432	
16919	0	35412	28130	35436	
16920	0	35488	28124	35436	
16921	0	35556	28124	35412	
16922	0	35637	28106	35428	
16923	0	35696	28092	35444	
16924	0	35764	28107	35452	
16925	0	35840	28112	35440	
16926	0	35912	28116	35456	
16927	0	35980	28106	35472	
16928	0	36048	28088	35464	
16929	0	36116	28084	35456	
16930	0	36176	28080	35472	
16931	0	36248	28092	35448	
16932	0	36313	28084	35436	
16933	0	36381	28080	35468	
16934	0	36444	28096	35468	
16935	0	36501	28113	35440	
16936	0	36564	28105	35432	
16937	0	36624	28104	35424	
16938	0	36688	28112	35448	
16939	0	36756	28120	35456	
16940	0	36816	28130	35429	
16941	0	36868	28128	35456	
16942	0	36928	28140	35426	
16943	0	36984	28164	35424	
16944	0	37036	28136	35432	
16945	0	37092	28116	35436	
16946	0	37152	28124	35464	
16947	0	37208	28120	35444	
16948	0	37268	28129	35440	
16949	0	37324	28132	35428	
16950	0	37376	28137	35432	
16951	0	37432	28132	35448	
16952	0	37488	28112	35460	
16953	0	37536	28120	35456	
16954	0	37584	28148	35448	
16955	0	37632	28125	35460	
16956	0	37688	28125	35452	
16957	0	37740	28141	35444	
16958	0	37788	28150	35456	
16959	0	37836	28148	35440	
16960	0	37888	28144	35436	
16961	0	37936	28140	35428	
16962	0	37980	28129	35432	
16963	0	38040	28140	35446	
16964	0	38076	28140	35426	
16965	0	38125	28136	35440	
16966	0	38168	28142	35444	
16967	0	38218	28141	35457	
16968	0	38260	28157	35456	
16969	0	38304	28136	35448	
16970	0	38341	28126	35458	
16971	0	38384	28136	35464	
16972	0	38432	28168	35456	
16973	0	38464	28136	35456	
16974	0	38508	28144	35440	
16975	0	38540	28137	35436	
16976	0	38584	28152	35440	
16977	0	38620	28156	35424	
16978	0	38656	28152	35448	
16979	0	38688	28144	35464	
16980	0	38720	28122	35464	
16981	0	38760	28130	35432	
16982	0	38788	28164	35432	
16983	0	38804	28164	35436	
16984	0	38840	28152	35457	
16985	0	38864	28129	35464	
16986	0	38896	28137	35448	
16987	0	38920	28144	35436	
16988	0	38925	28168	35408	
16989	0	38960	28156	35428	
16990	0	38972	28169	35436	
16991	0	38996	28164	35452	
16992	0	39016	28137	35457	
16993	0	39032	28156	35468	
16994	0	39036	28144	35446	
16995	0	39056	28148	35432	
16996	0	39056	28140	35441	
16997	0	39068	28156	35408	
16998	0	39068	28156	35404	
16999	0	39080	28168	35432	
17000	0	39084	28168	35436	
17001	0	39080	28120	35432	
17002	0	39076	28148	35428	
17003	0	39076	28157	35436	
17004	0	39076	28142	35432	
17005	0	39068	28164	35436	
17006	0	39068	28156	35436	
17007	0	39056	28144	35460	
17008	0	39040	28125	35429	
17009	0	39032	28144	35456	
17010	0	39020	28120	35425	
17011	0	39000	28128	35424	
17012	0	38980	28145	35420	
17013	0	38968	28144	35412	
17014	0	38952	28128	35452	
17015	0	38928	28136	35436	
17016	0	38904	28133	35428	
17017	0	38884	28146	35420	
17018	0	38852	28149	35408	
17019	0	38820	28148	35408	
17020	0	38800	28146	35430	
17021	0	38772	28132	35416	
17022	0	38744	28142	35420	
17023	0	38716	28154	35432	
17024	0	38672	28149	35424	
17025	0	38649	28133	35436	
17026	0	38608	28164	35413	
17027	0	38568	28136	35408	
17028	0	38536	28160	35424	
17029	0	38496	28150	35437	
17030	0	38460	28129	35424	
17031	0	38420	28141	35444	
17032	0	38376	28132	35444	
17033	0	38333	28128	35408	
17034	0	38292	28116	35424	
17035	0	38244	28120	35416	
17036	0	38202	28125	35420	
17037	0	38160	28112	35434	
17038	0	38109	28112	35424	
17039	0	38068	28144	35408	
17040	0	38016	28132	35424	
17041	0	37962	28140	35400	
17042	0	37920	28116	35392	
17043	0	37872	28117	35424	
17044	0	37820	28113	35436	
17045	0	37768	28112	35424	
17046	0	37712	28136	35404	
17047	0	37664	28132	35424	
17048	0	37604	28132	35424	
17049	0	37556	28124	35436	
17050	0	37496	28119	35444	
17051	0	37440	28120	35437	
17052	0	37384	28096	35428	
17053	0	37328	28084	35442	
17054	0	37264	28092	35436	
17055	0	37216	28090	35444	
17056	0	37156	28092	35436	
17057	0	37090	28116	35408	
17058	0	37041	28112	35404	
17059	0	36976	28116	35408	
17060	0	36920	28104	35416	
17061	0	36864	28116	35412	
17062	0	36792	28097	35424	
17063	0	36728	28105	35421	
17064	0	36672	28124	35412	
17065	0	36608	28096	35436	
17066	0	36545	28096	35429	
17067	0	36480	28112	35424	
17068	0	36408	28096	35440	
17069	0	36352	28104	35416	
17070	0	36280	28104	35440	
17071	0	36220	28104	35408	
17072	0	36145	28088	35436	
17073	0	36093	28088	35421	
17074	0	36020	28088	35416	
17075	0	35948	28084	35420	
17076	0	35876	28064	35412	
17077	0	35816	28036	35460	
17078	0	35744	28076	35400	
17079	0	35672	28065	35416	
17080	0	35604	28080	35420	
17081	0	35537	28088	35400	
17082	0	35464	28050	35460	
17083	0	35388	28068	35420	
17084	0	35312	28048	35422	
17085	0	35240	28040	35453	
17086	0	35164	28048	35428	
17087	0	35092	28056	35424	
17088	0	35020	28064	35404	
17089	0	34952	28044	35420	
17090	0	34876	28028	35433	
17091	0	34800	28036	35424	
17092	0	34724	28016	35424	
17093	0	34644	28020	35428	
17094	0	34568	28040	35416	
17095	0	34490	28036	35404	
17096	0	34412	28013	35409	
17097	0	34336	28004	35425	
17098	0	34264	27981	35436	
17099	0	34176	27989	35433	
17100	0	34104	27984	35448	
17101	0	34028	27981	35416	
17102	0	33940	28000	35424	
17103	0	33868	27996	35408	
17104	0	33782	27961	35425	
17105	0	33700	27961	35424	
17106	0	33628	27968	35421	
17107	0	33544	27956	35422	
17108	0	33472	27968	35444	
17109	0	33384	27957	35420	
17110	0	33304	27956	35412	
17111	0	33216	27924	35444	
17112	0	33140	27992	35400	
17113	0	33052	27972	35428	
17114	0	32980	27968	35429	
17115	0	32892	27976	35420	
17116	0	32812	27958	35452	
17117	0	32720	27929	35408	
17118	0	32648	27940	35436	
17119	0	32564	27940	35424	
17120	0	32476	27933	35424	
17121	0	32396	27965	35412	
17122	0	32318	27952	35416	
17123	0	32232	27912	35425	
17124	0	32152	27916	35425	
17125	0	32066	27920	35396	
17126	0	31992	27912	35412	
17127	0	31912	27896	35440	
17128	0	31832	27884	35428	
17129	0	31744	27904	35424	
17130	0	31660	27866	35400	
17131	0	31584	27884	35416	
17132	0	31508	27892	35424	
17133	0	31424	27872	35416	
17134	0	31344	27876	35428	
17135	0	31264	27892	35436	
17136	0	31188	27848	35437	
17137	0	31116	27856	35421	
17138	0	31032	27860	35433	
17139	0	30956	27850	35420	
17140	0	30872	27864	35416	
17141	0	30800	27856	35412	
17142	0	30718	27836	35420	
17143	0	30640	27852	35424	
17144	0	30564	27834	35433	
17145	0	30492	27838	35424	
17146	0	30424	27840	35444	
17147	0	30352	27856	35452	
17148	0	30276	27836	35448	
17149	0	30202	27834	35432	
17150	0	30124	27832	35444	
17151	0	30056	27840	35440	
17152	0	29988	27852	35424	
17153	0	29916	27852	35424	
17154	0	29845	27836	35458	
17155	0	29777	27861	35424	
17156	0	29708	27856	35444	
17157	0	29640	27872	35432	
17158	0	29572	27877	35428	
17159	0	29505	27850	35440	
17160	0	29436	27872	35424	
17161	0	29377	27872	35425	
17162	0	29312	27881	35404	
17163	0	29244	27849	35412	
17164	0	29192	27868	35432	
17165	0	29120	27872	35440	
17166	0	29064	27888	35440	
17167	0	29000	27898	35436	
17168	0	28940	27876	35448	
17169	0	28884	27876	35440	
17170	0	28828	27860	35444	
17171	0	28761	27848	35429	
17172	0	28704	27853	35452	
17173	0	28644	27877	35440	
17174	0	28600	27876	35432	
17175	0	28536	27892	35452	
17176	0	28482	27876	35460	
17177	0	28424	27884	35444	
17178	0	28372	27905	35452	
17179	0	28312	27889	35454	
17180	0	28264	27884	35468	
17181	0	28216	27896	35441	
17182	0	28156	27908	35456	
17183	0	28108	27936	35439	
17184	0	28056	27932	35440	
17185	0	28008	27944	35428	
17186	0	27952	27976	35408	
17187	0	27901	27933	35436	
17188	0	27852	27941	35436	
17189	0	27804	27941	35424	
17190	0	27756	27937	35438	
17191	0	27704	27961	35416	
17192	0	27660	27961	35424	
17193	0	27612	27982	35432	
17194	0	27560	28004	35436	
17195	0	27518	28004	35425	
17196	0	27472	28004	35444	
17197	0	27427	27991	35444	
17198	0	27376	27996	35434	
17199	0	27330	27996	35433	
17200	0	27296	28008	35424	
17201	0	27256	27960	35432	
17202	0	27216	27980	35425	
17203	0	27176	27976	35416	
17204	0	27130	27988	35424	
17205	0	27084	28000	35432	
17206	0	27053	28001	35441	
17207	0	27012	28017	35400	
17208	0	26976	28032	35412	
17209	0	26944	28026	35433	
17210	0	26908	28024	35428	
17211	0	26880	28012	35428	
17212	0	26848	28020	35452	
17213	0	26808	28035	35416	
17214	0	26777	28032	35408	
17215	0	26752	28008	35433	
17216	0	26728	28010	35444	
17217	0	26700	28045	35436	
17218	0	26680	28024	35440	
17219	0	26656	28001	35448	
17220	0	26632	28033	35428	
17221	0	26612	28072	35420	
17222	0	26596	28084	35436	
17223	0	26580	28015	35456	
17224	0	26568	28037	35489	
17225	0	26560	28012	35452	
17226	0	26545	28028	35472	
17227	0	26536	28049	35436	
17228	0	26532	28044	35444	
17229	0	26532	28048	35449	
17230	0	26520	28025	35433	
17231	0	26525	28014	35468	
17232	0	26528	28025	35416	
17233	0	26524	28048	35424	
17234	0	26528	28064	35440	
17235	0	26532	28064	35460	
17236	0	26544	28044	35424	
17237	0	26560	28064	35440	
17238	0	26568	28054	35436	
17239	0	26589	28036	35436	
17240	0	26604	28048	35424	
17241	0	26620	28041	35436	
17242	0	26648	28014	35440	
17243	0	26664	28005	35432	
17244	0	26692	27992	35436	
17245	0	26724	28013	35448	
17246	0	26752	28024	35456	
17247	0	26784	27992	35468	
17248	0	26813	28009	35448	
17249	0	26852	28012	35436	
17250	0	26896	28028	35397	
17251	0	26936	28020	35420	
17252	0	26977	28024	35424	
17253	0	27016	28028	35434	
17254	0	27068	28018	35424	
17255	0	27114	28012	35428	
17256	0	27164	28004	35400	
17257	0	27216	28009	35432	
17258	0	27269	28028	35404	
17259	0	27328	28038	35408	
17260	0	27384	28012	35416	
17261	0	27444	27960	35449	
17262	0	27504	27960	35424	
17263	0	27572	27968	35420	
17264	0	27636	27960	35432	
17265	0	27700	27900	35424	
17266	0	27772	27940	35416	
17267	0	27840	27892	35436	
17268	0	27912	27916	35432	
17269	0	27984	27916	35420	
17270	0	28060	27924	35424	
17271	0	28132	27948	35432	
17272	0	28216	27912	35424	
17273	0	28289	27908	35413	
17274	0	28360	27892	35409	
17275	0	28446	27908	35412	
17276	0	28532	27917	35410	
17277	0	28612	27904	35408	
17278	0	28692	27868	35412	
17279	0	28776	27873	35412	
17280	0	28860	27861	35432	
17281	0	28954	27864	35445	
17282	0	29037	27861	35416	
17283	0	29124	27860	35460	
17284	0	29216	27854	35445	
17285	0	29309	27840	35446	
17286	0	29400	27860	35428	
17287	0	29488	27848	35432	
17288	0	29584	27828	35420	
17289	0	29676	27840	35432	
17290	0	29773	27808	35424	
17291	0	29864	27832	35426	
17292	0	29956	27820	35416	
17293	0	30048	27812	35440	
17294	0	30145	27832	35436	
17295	0	30244	27837	35416	
17296	0	30341	27832	35420	
17297	0	30428	27840	35412	
17298	0	30528	27834	35432	
17299	0	30621	27832	35420	
17300	0	30720	27832	35413	
17301	0	30817	27840	35418	
17302	0	30912	27856	35416	
17303	0	31020	27856	35416	
17304	0	31112	27853	35405	
17305	0	31208	27844	35416	
17306	0	31304	27868	35408	
17307	0	31392	27860	35432	
17308	0	31496	27864	35436	
17309	0	31592	27884	35432	
17310	0	31688	27884	35444	
17311	0	31792	27900	35428	
17312	0	31888	27908	35417	
17313	0	31984	27904	35436	
17314	0	32080	27912	35436	
17315	0	32173	27908	35420	
17316	0	32268	27940	35432	
17317	0	32368	27912	35436	
17318	0	32464	27901	35456	
17319	0	32562	27916	35438	
17320	0	32652	27920	35444	
17321	0	32744	27936	35428	
17322	0	32844	27968	35408	
17323	0	32944	27972	35425	
17324	0	33036	27960	35428	
17325	0	33132	27972	35440	
17326	0	33220	27924	35432	
17327	0	33320	27952	35428	
17328	0	33416	27964	35424	
17329	0	33504	27953	35452	
17330	0	33600	27968	35440	
17331	0	33688	27948	35446	
17332	0	33776	27984	35424	
17333	0	33872	27976	35436	
17334	0	33960	27981	35440	
17335	0	34060	27965	35428	
17336	0	34148	27984	35436	
17337	0	34232	27988	35416	
17338	0	34320	28012	35448	
17339	0	34412	28000	35440	
17340	0	34500	28000	35424	
17341	0	34588	27996	35436	
17342	0	34672	28015	35425	
17343	0	34756	28037	35417	
17344	0	34844	28036	35404	
17345	0	34928	28064	35412	
17346	0	35017	28041	35420	
17347	0	35104	28037	35440	
17348	0	35184	28064	35424	
17349	0	35264	28060	35412	
17350	0	35352	28060	35440	
17351	0	35432	28068	35412	
17352	0	35505	28046	35432	
17353	0	35588	28072	35428	
17354	0	35672	28044	35420	
17355	0	35748	28072	35420	
17356	0	35824	28040	35405	
17357	0	35904	28064	35424	
17358	0	35984	28060	35396	
17359	0	36052	28033	35420	
17360	0	36132	28056	35420	
17361	0	36212	28068	35432	
17362	0	36284	28096	35408	
17363	0	36360	28108	35412	
17364	0	36432	28101	35408	
17365	0	36512	28124	35380	
17366	0	36572	28121	35420	
17367	0	36652	28096	35412	
17368	0	36716	28080	35437	
17369	0	36800	28068	35433	
17370	0	36864	28096	35432	
17371	0	36936	28096	35424	
17372	0	36996	28092	35422	
17373	0	37064	28092	35424	
17374	0	37140	28092	35412	
17375	0	37208	28088	35420	
17376	0	37280	28092	35420	
17377	0	37332	28092	35452	
17378	0	37400	28116	35416	
17379	0	37464	28096	35412	
17380	0	37524	28104	35420	
17381	0	37592	28092	35424	
17382	0	37648	28104	35440	
17383	0	37712	28104	35428	
17384	0	37776	28128	35420	
17385	0	37836	28112	35428	
17386	0	37892	28122	35424	
17387	0	37952	28109	35416	
17388	0	38008	28112	35428	
17389	0	38068	28124	35420	
17390	0	38128	28128	35420	
17391	0	38180	28096	35448	
17392	0	38232	28106	35456	
17393	0	38284	28104	35424	
17394	0	38340	28105	35424	
17395	0	38389	28116	35436	
17396	0	38448	28097	35448	
17397	0	38484	28116	35424	
17398	0	38540	28120	35432	
17399	0	38584	28104	35448	
17400	0	38636	28132	35448	
17401	0	38684	28124	35428	
17402	0	38724	28128	35424	
17403	0	38772	28132	35420	
17404	0	38820	28120	35428	
17405	0	38860	28124	35424	
17406	0	38902	28136	35412	
17407	0	38941	28152	35424	
17408	0	38980	28129	35436	
17409	0	39020	28132	35408	
17410	0	39056	28156	35416	
17411	0	39096	28140	35408	
17412	0	39121	28112	35448	
17413	0	39161	28113	35444	
17414	0	39196	28076	35432	
17415	0	39220	28116	35436	
17416	0	39256	28140	35400	
17417	0	39276	28124	35432	
17418	0	39305	28130	35416	
17419	0	39328	28120	35428	
17420	0	39352	28133	35460	
17421	0	39376	28144	35408	
17422	0	39400	28124	35424	
17423	0	39416	28132	35424	
17424	0	39432	28136	35420	
17425	0	39452	28140	35408	
17426	0	39460	28124	35400	
17427	0	39472	28136	35432	
17428	0	39488	28124	35420	
17429	0	39496	28116	35408	
17430	0	39500	28121	35420	
17431	0	39508	28124	35424	
17432	0	39513	28166	35392	
17433	0	39520	28140	35396	
17434	0	39520	28140	35424	
17435	0	39552	28134	35414	
17436	0	39520	28128	35412	
17437	0	39508	28137	35408	
17438	0	39508	28120	35408	
17439	0	39504	28112	35405	
17440	0	39492	28140	35420	
17441	0	39488	28120	35444	
17442	0	39476	28100	35428	
17443	0	39464	28124	35424	
17444	0	39456	28116	35416	
17445	0	39428	28124	35416	
17446	0	39408	28124	35408	
17447	0	39380	28124	35408	
17448	0	39376	28112	35412	
17449	0	39352	28108	35420	
17450	0	39324	28114	35412	
17451	0	39296	28109	35404	
17452	0	39268	28112	35426	
17453	0	39248	28118	35416	
17454	0	39209	28124	35396	
17455	0	39188	28108	35444	
17456	0	39148	28104	35432	
17457	0	39124	28112	35452	
17458	0	39084	28120	35416	
17459	0	39048	28124	35413	
17460	0	39004	28124	35412	
17461	0	38968	28125	35420	
17462	0	38924	28128	35408	
17463	0	38880	28120	35428	
17464	0	38832	28116	35420	
17465	0	38796	28132	35412	
17466	0	38752	28104	35404	
17467	0	38700	28112	35392	
17468	0	38650	28084	35424	
17469	0	38600	28092	35416	
17470	0	38548	28104	35408	
17471	0	38500	28120	35400	
17472	0	38444	28118	35416	
17473	0	38396	28093	35421	
17474	0	38344	28102	35421	
17475	0	38296	28084	35436	
17476	0	38232	28096	35448	
17477	0	38180	28100	35425	
17478	0	38124	28110	35428	
17479	0	38064	28105	35424	
17480	0	38008	28106	35418	
17481	0	37936	28108	35440	
17482	0	37884	28104	35420	
17483	0	37824	28108	35416	
17484	0	37764	28094	35428	
17485	0	37696	28088	35436	
17486	0	37636	28100	35436	
17487	0	37576	28089	35436	
17488	0	37512	28092	35404	
17489	0	37436	28116	35398	
17490	0	37372	28096	35425	
17491	0	37300	28105	35416	
17492	0	37236	28100	35432	
17493	0	37164	28094	35408	
17494	0	37092	28097	35428	
17495	0	37024	28088	35424	
17496	0	36952	28100	35421	
17497	0	36884	28068	35432	
17498	0	36804	28080	35424	
17499	0	36740	28064	35428	
17500	0	36656	28068	35428	
17501	0	36584	28060	35428	
17502	0	36512	28056	35424	
17503	0	36432	28080	35420	
17504	0	36352	28072	35408	
17505	0	36269	28060	35432	
17506	0	36196	28068	35420	
17507	0	36112	28060	35428	
17508	0	36036	28064	35444	
17509	0	35952	28060	35436	
17510	0	35880	28064	35400	
17511	0	35796	28048	35410	
17512	0	35708	28048	35421	
17513	0	35627	28048	35404	
17514	0	35548	28064	35420	
17515	0	35460	28052	35428	
17516	0	35380	28072	35400	
17517	0	35292	28033	35424	
17518	0	35212	28028	35426	
17519	0	35128	28029	35420	
17520	0	35040	28040	35400	
17521	0	34948	28041	35420	
17522	0	34872	28028	35448	
17523	0	34780	28008	35428	
17524	0	34700	27984	35452	
17525	0	34612	27981	35433	
17526	0	34528	28008	35412	
17527	0	34432	27992	35434	
17528	0	34348	28013	35433	
17529	0	34260	27968	35408	
17530	0	34176	27948	35440	
17531	0	34089	27965	35420	
17532	0	33996	27972	35420	
17533	0	33912	27956	35438	
17534	0	33820	27976	35424	
17535	0	33728	27964	35428	
17536	0	33644	27960	35440	
17537	0	33552	27944	35444	
17538	0	33468	27940	35456	
17539	0	33373	27921	35432	
17540	0	33282	27936	35444	
17541	0	33204	27941	35436	
17542	0	33112	27964	35444	
17543	0	33024	27965	35437	
17544	0	32929	27965	35416	
17545	0	32848	27937	35416	
17546	0	32756	27913	35436	
17547	0	32668	27920	35432	
17548	0	32572	27912	35437	
17549	0	32492	27905	35450	
17550	0	32404	27910	35420	
17551	0	32308	27912	35428	
17552	0	32228	27864	35416	
17553	0	32140	27872	35430	
17554	0	32048	27881	35420	
17555	0	31968	27900	35408	
17556	0	31876	27901	35412	
17557	0	31789	27892	35444	
17558	0	31705	27864	35448	
17559	0	31616	27860	35432	
17560	0	31532	27884	35436	
17561	0	31448	27860	35412	
17562	0	31364	27852	35436	
17563	0	31256	27840	35436	
17564	0	31193	27820	35436	
17565	0	31116	27824	35432	
17566	0	31032	27830	35429	
17567	0	30944	27817	35440	
17568	0	30860	27824	35440	
17569	0	30784	27828	35416	
17570	0	30704	27828	35436	
17571	0	30624	27824	35436	
17572	0	30552	27812	35440	
17573	0	30464	27834	35416	
17574	0	30388	27820	35416	
17575	0	30308	27808	35433	
17576	0	30228	27826	35436	
17577	0	30164	27829	35424	
17578	0	30084	27812	35436	
17579	0	30008	27808	35452	
17580	0	29936	27804	35416	
17581	0	29856	27808	35424	
17582	0	29782	27805	35424	
17583	0	29709	27816	35432	
17584	0	29636	27852	35392	
17585	0	29576	27825	35444	
17586	0	29504	27820	35433	
17587	0	29428	27820	35428	
17588	0	29352	27844	35417	
17589	0	29292	27840	35424	
17590	0	29228	27824	35436	
17591	0	29152	27836	35440	
17592	0	29088	27858	35432	
17593	0	29024	27852	35428	
17594	0	28952	27844	35416	
17595	0	28892	27832	35400	
17596	0	28824	27836	35452	
17597	0	28764	27812	35396	
17598	0	28700	27836	35408	
17599	0	28640	27872	35428	
17600	0	28572	27856	35424	
17601	0	28513	27872	35420	
17602	0	28448	27864	35428	
17603	0	28389	27864	35436	
17604	0	28324	27873	35448	
17605	0	28268	27856	35420	
17606	0	28204	27876	35444	
17607	0	28154	27912	35448	
17608	0	28086	27900	35428	
17609	0	28032	27908	35420	
17610	0	27964	27944	35389	
17611	0	27916	27920	35436	
17612	0	27856	27920	35417	
17613	0	27808	27896	35428	
17614	0	27742	27909	35397	
17615	0	27689	27888	35424	
17616	0	27626	27937	35408	
17617	0	27584	27940	35424	
17618	0	27528	27932	35425	
17619	0	27472	27952	35428	
17620	0	27420	27940	35444	
17621	0	27368	27941	35424	
17622	0	27316	27942	35424	
17623	0	27268	27952	35441	
17624	0	27208	27980	35412	
17625	0	27164	27996	35409	
17626	0	27112	27984	35420	
17627	0	27064	27994	35420	
17628	0	27020	27960	35436	
17629	0	26968	27964	35432	
17630	0	26924	28000	35448	
17631	0	26876	27996	35424	
17632	0	26832	27980	35436	
17633	0	26780	28025	35397	
17634	0	26740	27996	35432	
17635	0	26696	27968	35424	
17636	0	26656	28000	35416	
17637	0	26604	27980	35420	
17638	0	26564	28012	35449	
17639	0	26528	28024	35412	
17640	0	26492	28016	35416	
17641	0	26444	28036	35405	
17642	0	26410	28042	35385	
17643	0	26376	28016	35408	
17644	0	26336	28022	35408	
17645	0	26292	28036	35416	
17646	0	26260	28026	35406	
17647	0	26224	28040	35404	
17648	0	26197	28029	35412	
17649	0	26164	28020	35428	
17650	0	26132	28028	35404	
17651	0	26093	28080	35424	
17652	0	26068	28052	35408	
17653	0	26036	28056	35436	
17654	0	26008	28060	35424	
17655	0	25984	28030	35424	
17656	0	25952	28068	35408	
17657	0	25932	28080	35404	
17658	0	25904	28080	35417	
17659	0	25876	28072	35420	
17660	0	25856	28056	35436	
17661	0	25836	28068	35420	
17662	0	25816	28038	35444	
17663	0	25796	28077	35408	
17664	0	25784	28064	35400	
17665	0	25761	28052	35412	
17666	0	25752	28044	35408	
17667	0	25736	28049	35404	
17668	0	25724	28060	35392	
17669	0	25708	28081	35388	
17670	0	25704	28080	35412	
17671	0	25689	28097	35384	
17672	0	25676	28096	35400	
17673	0	25672	28090	35392	
17674	0	25668	28065	35428	
17675	0	25664	28060	35444	
17676	0	25656	28056	35436	
17677	0	25656	28044	35440	
17678	0	25658	28072	35404	
17679	0	25656	28061	35432	
17680	0	25656	28048	35444	
17681	0	25664	28084	35434	
17682	0	25672	28045	35453	
17683	0	25680	28066	35412	
17684	0	25688	28092	35424	
17685	0	25692	28104	35420	
17686	0	25708	28084	35416	
17687	0	25712	28064	35412	
17688	0	25732	28053	35430	
17689	0	25744	28048	35416	
17690	0	25757	28040	35444	
17691	0	25780	28068	35416	
17692	0	25792	28056	35440	
17693	0	25816	28072	35416	
17694	0	25840	28041	35440	
17695	0	25860	28068	35413	
17696	0	25888	28060	35429	
17697	0	25912	28096	35404	
17698	0	25948	28084	35428	
17699	0	25972	28068	35408	
17700	0	26008	28064	35418	
17701	0	26044	28061	35432	
17702	0	26070	28058	35421	
17703	0	26112	28052	35421	
17704	0	26144	28028	35452	
17705	0	26184	28016	35428	
17706	0	26230	28020	35413	
17707	0	26272	28020	35428	
17708	0	26309	28032	35416	
17709	0	26360	28001	35456	
17710	0	26408	27996	35452	
17711	0	26456	27992	35444	
17712	0	26500	28004	35436	
17713	0	26548	28020	35424	
17714	0	26604	28005	35412	
17715	0	26660	28004	35416	
17716	0	26708	27996	35400	
17717	0	26768	28001	35384	
17718	0	26828	28000	35408	
17719	0	26888	27988	35420	
17720	0	26944	28016	35384	
17721	0	27004	28013	35396	
17722	0	27068	28013	35404	
17723	0	27128	28013	35412	
17724	0	27192	27948	35428	
17725	0	27260	27968	35408	
17726	0	27328	27956	35424	
17727	0	27388	27972	35441	
17728	0	27456	27956	35420	
17729	0	27532	27924	35420	
17730	0	27604	27936	35408	
17731	0	27672	27904	35433	
17732	0	27749	27900	35432	
17733	0	27808	27916	35428	
17734	0	27884	27888	35428	
17735	0	27972	27880	35432	
17736	0	28048	27881	35408	
17737	0	28120	27901	35432	
17738	0	28201	27877	35425	
17739	0	28276	27880	35448	
17740	0	28352	27848	35420	
17741	0	28441	27880	35416	
17742	0	28517	27852	35412	
17743	0	28602	27860	35424	
17744	0	28688	27832	35428	
17745	0	28769	27808	35460	
17746	0	28848	27800	35432	
17747	0	28932	27804	35416	
17748	0	29020	27844	35410	
17749	0	29108	27836	35441	
17750	0	29200	27832	35416	
17751	0	29288	27817	35444	
17752	0	29372	27830	35420	
17753	0	29456	27820	35432	
17754	0	29548	27830	35416	
17755	0	29636	27832	35428	
17756	0	29724	27804	35428	
17757	0	29817	27836	35400	
17758	0	29904	27816	35414	
17759	0	29992	27812	35424	
17760	0	30088	27793	35424	
17761	0	30180	27800	35420	
17762	0	30272	27808	35440	
17763	0	30372	27808	35412	
17764	0	30464	27809	35408	
17765	0	30560	27804	35429	
17766	0	30648	27820	35404	
17767	0	30736	27824	35438	
17768	0	30836	27820	35420	
17769	0	30940	27824	35400	
17770	0	31028	27828	35424	
17771	0	31132	27804	35424	
17772	0	31224	27808	35437	
17773	0	31320	27856	35429	
17774	0	31416	27828	35436	
17775	0	31514	27848	35424	
17776	0	31609	27833	35404	
17777	0	31709	27832	35428	
17778	0	31800	27873	35392	
17779	0	31904	27849	35444	
17780	0	31992	27852	35444	
17781	0	32100	27856	35437	
17782	0	32196	27888	35424	
17783	0	32288	27888	35401	
17784	0	32389	27910	35384	
17785	0	32484	27928	35400	
17786	0	32596	27928	35388	
17787	0	32688	27922	35396	
17788	0	32788	27952	35392	
17789	0	32884	27952	35408	
17790	0	32986	27952	35428	
17791	0	33082	27944	35412	
17792	0	33180	27896	35412	
17793	0	33280	27925	35424	
17794	0	33377	27928	35414	
17795	0	33472	27924	35428	
17796	0	33568	27952	35424	
17797	0	33668	27940	35408	
17798	0	33753	27941	35448	
17799	0	33860	27968	35420	
17800	0	33952	27948	35438	
17801	0	34052	27968	35452	
17802	0	34152	27948	35424	
17803	0	34248	27964	35429	
17804	0	34340	27988	35432	
17805	0	34432	27992	35412	
17806	0	34533	27992	35428	
17807	0	34632	28001	35429	
17808	0	34721	28000	35437	
17809	0	34812	28008	35412	
17810	0	34906	28006	35432	
17811	0	35002	28004	35432	
17812	0	35096	28001	35432	
17813	0	35185	28004	35429	
17814	0	35280	28012	35428	
17815	0	35372	28036	35408	
17816	0	35464	28036	35436	
17817	0	35556	28028	35424	
17818	0	35644	28040	35408	
17819	0	35744	28029	35408	
17820	0	35821	28033	35406	
17821	0	35924	28044	35424	
17822	0	36004	28041	35436	
17823	0	36100	28040	35434	
17824	0	36188	28048	35420	
17825	0	36280	28052	35408	
17826	0	36364	28068	35412	
17827	0	36452	28073	35436	
17828	0	36540	28032	35418	
17829	0	36624	28081	35408	
17830	0	36712	28084	35410	
17831	0	36808	28069	35428	
17832	0	36896	28080	35428	
17833	0	36980	28057	35428	
17834	0	37068	28085	35428	
17835	0	37156	28056	35424	
17836	0	37240	28080	35400	
17837	0	37328	28049	35432	
17838	0	37416	28077	35428	
17839	0	37508	28082	35396	
17840	0	37592	28096	35404	
17841	0	37672	28092	35408	
17842	0	37765	28080	35400	
17843	0	37846	28088	35436	
17844	0	37932	28084	35420	
17845	0	38024	28096	35420	
17846	0	38104	28100	35416	
17847	0	38188	28108	35402	
17848	0	38280	28104	35384	
17849	0	38368	28076	35416	
17850	0	38456	28098	35404	
17851	0	38540	28084	35404	
17852	0	38628	28088	35408	
17853	0	38709	28100	35396	
17854	0	38792	28076	35444	
17855	0	38876	28092	35412	
17856	0	38960	28112	35408	
17857	0	39048	28088	35408	
17858	0	39132	28096	35400	
17859	0	39208	28088	35432	
17860	0	39292	28116	35420	
17861	0	39368	28128	35372	
17862	0	39456	28104	35416	
17863	0	39532	28117	35405	
17864	0	39616	28120	35392	
17865	0	39696	28112	35404	
17866	0	39776	28092	35424	
17867	0	39848	28100	35424	
17868	0	39928	28128	35404	
17869	0	40000	28128	35416	
17870	0	40080	28116	35400	
17871	0	40148	28132	35392	
17872	0	40220	28132	35424	
17873	0	40288	28120	35408	
17874	0	40364	28093	35432	
17875	0	40424	28112	35432	
17876	0	40496	28104	35404	
17877	0	40552	28128	35404	
17878	0	40616	28137	35392	
17879	0	40688	28132	35388	
17880	0	40744	28149	35412	
17881	0	40804	28132	35392	
17882	0	40860	28128	35405	
17883	0	40912	28116	35417	
17884	0	40972	28104	35412	
17885	0	41024	28112	35416	
17886	0	41068	28120	35400	
17887	0	41124	28120	35404	
17888	0	41164	28100	35420	
17889	0	41212	28112	35412	
17890	0	41248	28106	35428	
17891	0	41296	28136	35412	
17892	0	41336	28133	35428	
17893	0	41368	28124	35400	
17894	0	41404	28132	35408	
17895	0	41444	28120	35408	
17896	0	41476	28137	35420	
17897	0	41496	28141	35376	
17898	0	41528	28136	35412	
17899	0	41552	28125	35436	
17900	0	41580	28132	35376	
17901	0	41596	28112	35392	
17902	0	41616	28124	35412	
17903	0	41632	28129	35412	
17904	0	41648	28128	35412	
17905	0	41664	28128	35380	
17906	0	41676	28125	35416	
17907	0	41680	28140	35416	
17908	0	41688	28132	35380	
17909	0	41692	28125	35400	
17910	0	41692	28136	35428	
17911	0	41688	28133	35437	
17912	0	41688	28124	35420	
17913	0	41696	28152	35432	
17914	0	41684	28136	35432	
17915	0	41680	28125	35463	
17916	0	41664	28106	35452	
17917	0	41664	28088	35436	
17918	0	41640	28096	35432	
17919	0	41628	28092	35432	
17920	0	41604	28130	35420	
17921	0	41580	28120	35417	
17922	0	41568	28116	35416	
17923	0	41536	28116	35444	
17924	0	41516	28120	35432	
17925	0	41492	28132	35436	
17926	0	41452	28128	35412	
17927	0	41424	28124	35420	
17928	0	41388	28120	35436	
17929	0	41352	28120	35432	
17930	0	41312	28117	35396	
17931	0	41280	28137	35413	
17932	0	41236	28120	35412	
17933	0	41196	28122	35420	
17934	0	41145	28108	35424	
17935	0	41104	28140	35432	
17936	0	41060	28104	35424	
17937	0	41009	28128	35416	
17938	0	40952	28136	35412	
17939	0	40900	28136	35404	
17940	0	40852	28128	35416	
17941	0	40796	28140	35400	
17942	0	40732	28128	35412	
17943	0	40676	28136	35408	
17944	0	40624	28136	35408	
17945	0	40552	28120	35424	
17946	0	40496	28132	35412	
17947	0	40424	28116	35412	
17948	0	40368	28120	35424	
17949	0	40296	28136	35392	
17950	0	40224	28134	35412	
17951	0	40168	28144	35384	
17952	0	40092	28136	35416	
17953	0	40028	28140	35408	
17954	0	39948	28140	35400	
17955	0	39876	28141	35412	
17956	0	39804	28128	35428	
17957	0	39728	28100	35416	
17958	0	39652	28120	35429	
17959	0	39572	28112	35404	
17960	0	39504	28116	35416	
17961	0	39420	28129	35400	
17962	0	39340	28133	35429	
17963	0	39264	28136	35396	
17964	0	39176	28120	35417	
17965	0	39096	28109	35420	
17966	0	39012	28128	35437	
17967	0	38936	28116	35420	
17968	0	38848	28104	35404	
17969	0	38764	28100	35452	
17970	0	38680	28101	35425	
17971	0	38596	28132	35417	
17972	0	38504	28112	35412	
17973	0	38420	28112	35412	
17974	0	38336	28080	35420	
17975	0	38240	28100	35412	
17976	0	38160	28104	35436	
17977	0	38068	28100	35468	
17978	0	37968	28096	35421	
17979	0	37876	28092	35424	
17980	0	37784	28100	35429	
17981	0	37696	28104	35436	
17982	0	37612	28077	35440	
17983	0	37509	28112	35416	
17984	0	37416	28088	35428	
17985	0	37316	28085	35404	
17986	0	37224	28076	35428	
17987	0	37128	28080	35428	
17988	0	37032	28104	35436	
17989	0	36928	28122	35417	
17990	0	36832	28088	35428	
17991	0	36728	28100	35416	
17992	0	36636	28080	35396	
17993	0	36532	28081	35448	
17994	0	36436	28112	35428	
17995	0	36332	28081	35404	
17996	0	36224	28072	35436	
17997	0	36136	28056	35412	
17998	0	36024	28072	35444	
17999	0	35924	28057	35424	
18000	0	35824	28009	35432	
18001	0	35716	28036	35424	
18002	0	35616	28053	35396	
18003	0	35516	28036	35420	
18004	0	35408	28048	35437	
18005	0	35296	28030	35432	
18006	0	35200	28024	35432	
18007	0	35088	28012	35436	
18008	0	34984	28028	35449	
18009	0	34876	28012	35428	
18010	0	34764	28000	35422	
18011	0	34656	27996	35416	
18012	0	34548	27992	35424	
18013	0	34440	28005	35408	
18014	0	34332	28000	35420	
18015	0	34220	27968	35428	
18016	0	34104	27972	35416	
18017	0	33996	27972	35409	
18018	0	33884	27980	35416	
18019	0	33776	27944	35445	
18020	0	33664	27936	35440	
18021	0	33552	27945	35424	
18022	0	33440	27956	35416	
18023	0	33321	27945	35420	
18024	0	33212	27912	35424	
18025	0	33096	27941	35416	
18026	0	32984	27932	35440	
18027	0	32872	27936	35440	
18028	0	32756	27912	35424	
18029	0	32637	27916	35445	
18030	0	32524	27892	35460	
18031	0	32416	27912	35424	
18032	0	32300	27888	35449	
18033	0	32184	27865	35440	
18034	0	32072	27876	35408	
18035	0	31960	27869	35432	
18036	0	31844	27904	35429	
18037	0	31730	27868	35400	
18038	0	31616	27844	35430	
18039	0	31504	27840	35416	
18040	0	31392	27842	35429	
18041	0	31276	27865	35404	
18042	0	31168	27836	35384	
18043	0	31060	27836	35392	
18044	0	30948	27856	35404	
18045	0	30837	27856	35392	
18046	0	30730	27837	35408	
18047	0	30613	27860	35412	
18048	0	30512	27832	35420	
18049	0	30400	27832	35412	
18050	0	30288	27812	35448	
18051	0	30192	27836	35424	
18052	0	30084	27805	35424	
18053	0	29980	27816	35400	
18054	0	29892	27810	35412	
18055	0	29777	27804	35428	
18056	0	29672	27822	35408	
18057	0	29568	27809	35416	
18058	0	29472	27816	35420	
18059	0	29376	27816	35424	
18060	0	29272	27820	35400	
18061	0	29176	27836	35408	
18062	0	29080	27840	35436	
18063	0	28996	27845	35424	
18064	0	28897	27816	35428	
18065	0	28808	27844	35432	
18066	0	28712	27848	35405	
18067	0	28620	27896	35376	
18068	0	28536	27876	35412	
18069	0	28444	27896	35420	
18070	0	28352	27865	35408	
18071	0	28272	27872	35428	
18072	0	28189	27880	35404	
18073	0	28096	27904	35408	
18074	0	28016	27896	35404	
18075	0	27933	27912	35424	
18076	0	27856	27888	35424	
18077	0	27776	27880	35409	
18078	0	27696	27896	35444	
18079	0	27620	27928	35420	
18080	0	27542	27921	35436	
18081	0	27469	27932	35428	
18082	0	27400	27956	35412	
18083	0	27320	27964	35400	
18084	0	27252	27936	35404	
18085	0	27176	27944	35428	
18086	0	27110	28009	35388	
18087	0	27040	27985	35436	
18088	0	26976	27968	35428	
18089	0	26909	28005	35389	
18090	0	26846	27993	35408	
18091	0	26776	27960	35416	
18092	0	26720	27992	35412	
18093	0	26660	27972	35428	
18094	0	26600	28050	35425	
18095	0	26544	28036	35404	
18096	0	26489	28032	35424	
18097	0	26428	28033	35414	
18098	0	26368	27980	35456	
18099	0	26309	28032	35460	
18100	0	26261	28048	35424	
18101	0	26208	28040	35429	
18102	0	26160	28084	35392	
18103	0	26109	28092	35409	
18104	0	26060	28072	35420	
18105	0	26012	28080	35436	
18106	0	25965	28064	35416	
18107	0	25916	28076	35432	
18108	0	25874	28064	35424	
18109	0	25836	28086	35396	
18110	0	25792	28076	35396	
18111	0	25746	28044	35448	
18112	0	25712	28061	35404	
18113	0	25672	28028	35406	
18114	0	25628	28052	35404	
18115	0	25586	28108	35384	
18116	0	25554	28094	35416	
18117	0	25516	28116	35432	
18118	0	25481	28112	35392	
18119	0	25452	28128	35420	
18120	0	25418	28112	35412	
18121	0	25384	28092	35404	
18122	0	25352	28101	35428	
18123	0	25328	28117	35396	
18124	0	25297	28073	35432	
18125	0	25269	28069	35440	
18126	0	25248	28109	35424	
18127	0	25228	28072	35433	
18128	0	25202	28049	35437	
18129	0	25184	28084	35424	
18130	0	25168	28072	35448	
18131	0	25148	28036	35456	
18132	0	25124	28076	35432	
18133	0	25108	28085	35432	
18134	0	25096	28108	35432	
18135	0	25084	28116	35440	
18136	0	25072	28124	35412	
18137	0	25064	28125	35416	
18138	0	25052	28130	35408	
18139	0	25048	28112	35416	
18140	0	25040	28120	35388	
18141	0	25040	28132	35408	
18142	0	25032	28132	35392	
18143	0	25033	28128	35413	
18144	0	25028	28133	35404	
18145	0	25033	28132	35381	
18146	0	25032	28100	35420	
18147	0	25044	28104	35408	
18148	0	25052	28112	35408	
18149	0	25060	28124	35416	
18150	0	25074	28106	35428	
18151	0	25084	28112	35408	
18152	0	25100	28112	35392	
18153	0	25114	28088	35429	
18154	0	25136	28102	35416	
18155	0	25156	28098	35396	
18156	0	25178	28104	35424	
18157	0	25208	28096	35424	
18158	0	25221	28094	35428	
18159	0	25261	28104	35408	
18160	0	25280	28088	35424	
18161	0	25313	28084	35420	
18162	0	25348	28084	35412	
18163	0	25384	28080	35408	
18164	0	25420	28094	35404	
18165	0	25456	28074	35420	
18166	0	25504	28092	35400	
18167	0	25544	28116	35396	
18168	0	25584	28104	35412	
18169	0	25632	28062	35388	
18170	0	25680	28060	35428	
18171	0	25732	28076	35408	
18172	0	25781	28081	35416	
18173	0	25832	28040	35400	
18174	0	25888	28052	35410	
18175	0	25940	28036	35412	
18176	0	26008	28068	35404	
18177	0	26060	28072	35404	
18178	0	26116	28000	35404	
18179	0	26184	28000	35400	
18180	0	26248	28016	35380	
18181	0	26304	28028	35413	
18182	0	26380	28028	35408	
18183	0	26445	28024	35400	
18184	0	26520	28020	35392	
18185	0	26580	28000	35413	
18186	0	26656	27984	35413	
18187	0	26732	27994	35416	
18188	0	26809	27992	35416	
18189	0	26888	27984	35416	
18190	0	26957	27972	35392	
18191	0	27036	27978	35388	
18192	0	27109	27988	35404	
18193	0	27192	27944	35400	
18194	0	27279	27900	35416	
18195	0	27356	27924	35412	
18196	0	27436	27912	35432	
18197	0	27516	27920	35408	
18198	0	27608	27936	35396	
18199	0	27688	27880	35393	
18200	0	27780	27896	35416	
18201	0	27868	27872	35432	
18202	0	27948	27896	35412	
18203	0	28028	27892	35388	
18204	0	28136	27880	35425	
18205	0	28224	27844	35385	
18206	0	28320	27832	35428	
18207	0	28408	27841	35432	
18208	0	28496	27832	35424	
18209	0	28596	27824	35416	
18210	0	28685	27794	35400	
18211	0	28781	27788	35404	
18212	0	28876	27809	35400	
18213	0	28984	27820	35404	
18214	0	29068	27809	35396	
18215	0	29164	27824	35404	
18216	0	29264	27816	35396	
18217	0	29365	27808	35396	
18218	0	29464	27812	35412	
18219	0	29568	27805	35424	
18220	0	29661	27809	35404	
18221	0	29760	27796	35392	
18222	0	29856	27792	35412	
18223	0	29960	27780	35418	
18224	0	30056	27772	35400	
18225	0	30160	27780	35412	
18226	0	30252	27780	35400	
18227	0	30360	27780	35400	
18228	0	30460	27788	35404	
18229	0	30560	27805	35368	
18230	0	30664	27772	35408	
18231	0	30768	27780	35420	
18232	0	30864	27793	35416	
18233	0	30969	27788	35412	
18234	0	31066	27794	35412	
18235	0	31168	27804	35405	
18236	0	31266	27832	35408	
18237	0	31376	27834	35376	
18238	0	31472	27824	35400	
18239	0	31576	27824	35412	
18240	0	31676	27832	35416	
18241	0	31780	27841	35404	
18242	0	31872	27840	35404	
18243	0	31984	27844	35412	
18244	0	32080	27850	35384	
18245	0	32184	27820	35400	
18246	0	32288	27870	35408	
18247	0	32380	27880	35388	
18248	0	32484	27860	35409	
18249	0	32580	27893	35404	
18250	0	32680	27900	35388	
18251	0	32784	27924	35392	
18252	0	32888	27936	35396	
18253	0	32980	27924	35380	
18254	0	33080	27920	35396	
18255	0	33180	27884	35404	
18256	0	33280	27913	35408	
18257	0	33376	27924	35386	
18258	0	33476	27900	35400	
18259	0	33572	27896	35412	
18260	0	33664	27920	35368	
18261	0	33760	27904	35406	
18262	0	33856	27948	35408	
18263	0	33956	27952	35393	
18264	0	34052	27932	35404	
18265	0	34144	27956	35396	
18266	0	34240	27916	35404	
18267	0	34332	27940	35416	
18268	0	34416	27960	35404	
18269	0	34512	27948	35376	
18270	0	34608	27973	35412	
18271	0	34696	27952	35392	
18272	0	34796	27968	35412	
18273	0	34880	27992	35396	
18274	0	34972	27996	35404	
18275	0	35064	27985	35408	
18276	0	35149	27988	35412	
18277	0	35236	27965	35416	
18278	0	35320	27989	35396	
18279	0	35412	28009	35400	
18280	0	35492	28014	35392	
18281	0	35584	28000	35424	
18282	0	35664	28016	35376	
18283	0	35756	28020	35408	
18284	0	35832	28024	35384	
18285	0	35916	28036	35384	
18286	0	36000	28044	35404	
18287	0	36088	28044	35408	
18288	0	36160	28026	35396	
18289	0	36248	28037	35400	
18290	0	36324	28025	35384	
18291	0	36400	28048	35393	
18292	0	36472	28036	35396	
18293	0	36560	28036	35397	
18294	0	36640	28036	35404	
18295	0	36720	28037	35400	
18296	0	36780	28036	35400	
18297	0	36868	28037	35404	
18298	0	36936	28044	35392	
18299	0	37004	28040	35409	
18300	0	37080	28046	35408	
18301	0	37153	28036	35392	
18302	0	37220	28042	35384	
18303	0	37285	28040	35392	
18304	0	37356	28040	35416	
18305	0	37424	28064	35396	
18306	0	37496	28040	35424	
18307	0	37556	28064	35424	
18308	0	37620	28068	35394	
18309	0	37684	28072	35372	
18310	0	37748	28068	35396	
18311	0	37816	28058	35388	
18312	0	37876	28057	35416	
18313	0	37932	28066	35376	
18314	0	37984	28040	35408	
18315	0	38044	28052	35404	
18316	0	38104	28021	35416	
18317	0	38156	28040	35422	
18318	0	38212	28057	35392	
18319	0	38268	28072	35392	
18320	0	38316	28072	35384	
18321	0	38364	28068	35384	
18322	0	38412	28072	35400	
18323	0	38464	28076	35408	
18324	0	38504	28057	35424	
18325	0	38552	28064	35365	
18326	0	38600	28060	35405	
18327	0	38640	28074	35388	
18328	0	38684	28077	35404	
18329	0	38724	28060	35421	
18330	0	38756	28072	35410	
18331	0	38796	28044	35400	
18332	0	38828	28044	35396	
18333	0	38860	28048	35396	
18334	0	38897	28048	35424	
18335	0	38924	28060	35404	
18336	0	38956	28068	35408	
18337	0	38984	28068	35396	
18338	0	39004	28077	35392	
18339	0	39032	28088	35392	
18340	0	39060	28084	35400	
18341	0	39076	28084	35392	
18342	0	39096	28065	35377	
18343	0	39120	28076	35392	
18344	0	39129	28064	35392	
18345	0	39140	28068	35368	
18346	0	39160	28065	35380	
18347	0	39176	28060	35380	
18348	0	39184	28100	35400	
18349	0	39196	28100	35380	
18350	0	39200	28078	35400	
18351	0	39200	28056	35393	
18352	0	39200	28061	35377	
18353	0	39216	28054	35404	
18354	0	39218	28065	35412	
18355	0	39216	28062	35384	
18356	0	39220	28064	35408	
18357	0	39220	28064	35404	
18358	0	39212	28045	35405	
18359	0	39212	28064	35416	
18360	0	39208	28060	35404	
18361	0	39204	28065	35384	
18362	0	39200	28076	35384	
18363	0	39192	28072	35396	
18364	0	39184	28060	35404	
18365	0	39172	28085	35380	
18366	0	39168	28058	35392	
18367	0	39156	28072	35408	
18368	0	39140	28077	35376	
18369	0	39124	28068	35401	
18370	0	39108	28084	35392	
18371	0	39104	28064	35384	
18372	0	39088	28068	35392	
18373	0	39069	28076	35396	
18374	0	39048	28088	35392	
18375	0	39032	28069	35392	
18376	0	39016	28084	35388	
18377	0	39000	28072	35404	
18378	0	38976	28072	35404	
18379	0	38960	28076	35392	
18380	0	38948	28062	35392	
18381	0	38924	28080	35392	
18382	0	38904	28060	35399	
18383	0	38880	28088	35392	
18384	0	38860	28084	35380	
18385	0	38844	28078	35420	
18386	0	38817	28081	35372	
18387	0	38788	28104	35368	
18388	0	38776	28088	35400	
18389	0	38744	28096	35377	
18390	0	38720	28112	35361	
18391	0	38704	28072	35384	
18392	0	38672	28088	35392	
18393	0	38648	28068	35408	
18394	0	38628	28057	35424	
18395	0	38596	28039	35404	
18396	0	38568	28057	35396	
18397	0	38540	28053	35380	
18398	0	38517	28070	35417	
18399	0	38488	28065	35404	
18400	0	38464	28072	35392	
18401	0	38429	28080	35380	
18402	0	38400	28068	35416	
18403	0	38372	28080	35396	
18404	0	38340	28081	35384	
18405	0	38312	28092	35372	
18406	0	38284	28064	35402	
18407	0	38240	28060	35396	
18408	0	38208	28084	35420	
18409	0	38181	28101	35392	
18410	0	38148	28082	35384	
18411	0	38112	28080	35392	
18412	0	38080	28068	35408	
18413	0	38040	28068	35412	
18414	0	38000	28052	35416	
18415	0	37964	28056	35400	
18416	0	37928	28061	35392	
18417	0	37880	28056	35408	
18418	0	37844	28068	35392	
18419	0	37800	28037	35396	
18420	0	37760	28045	35404	
18421	0	37720	28057	35401	
18422	0	37678	28048	35380	
18423	0	37626	28056	35388	
18424	0	37580	28060	35400	
18425	0	37536	28065	35400	
18426	0	37484	28073	35396	
18427	0	37432	28062	35400	
18428	0	37392	28068	35412	
18429	0	37340	28072	35412	
18430	0	37280	28056	35408	
18431	0	37224	28048	35404	
18432	0	37184	28033	35420	
18433	0	37116	28048	35412	
18434	0	37064	28045	35400	
18435	0	37000	28037	35412	
18436	0	36948	28060	35397	
18437	0	36884	28024	35420	
18438	0	36824	28036	35396	
18439	0	36768	28040	35376	
18440	0	36700	28048	35376	
18441	0	36640	28052	35400	
18442	0	36572	28004	35360	
18443	0	36508	28072	35408	
18444	0	36436	28044	35380	
18445	0	36376	28034	35416	
18446	0	36296	28012	35424	
18447	0	36236	28020	35396	
18448	0	36164	28032	35388	
18449	0	36088	28040	35396	
18450	0	36024	28028	35400	
18451	0	35948	28032	35392	
18452	0	35876	28037	35408	
18453	0	35788	28030	35424	
18454	0	35720	28024	35416	
18455	0	35644	28024	35412	
18456	0	35572	28029	35392	
18457	0	35476	28028	35413	
18458	0	35416	28013	35408	
18459	0	35332	28008	35429	
18460	0	35244	27998	35408	
18461	0	35169	28004	35400	
18462	0	35084	28004	35392	
18463	0	35000	28032	35388	
18464	0	34924	28024	35376	
18465	0	34844	28016	35376	
18466	0	34760	27988	35408	
18467	0	34668	27980	35408	
18468	0	34589	27985	35416	
18469	0	34496	27980	35384	
18470	0	34416	27977	35396	
18471	0	34332	27976	35404	
18472	0	34240	27944	35420	
18473	0	34152	27940	35392	
18474	0	34076	27936	35400	
18475	0	33984	27956	35412	
18476	0	33896	27936	35392	
18477	0	33812	27964	35388	
18478	0	33728	27924	35404	
18479	0	33640	27936	35384	
18480	0	33541	27912	35376	
18481	0	33460	27929	35380	
18482	0	33376	27948	35408	
18483	0	33288	27944	35377	
18484	0	33200	27908	35400	
18485	0	33120	27960	35406	
18486	0	33024	28008	35388	
18487	0	32944	28008	35388	
18488	0	32856	27992	35424	
18489	0	32768	27936	35460	
18490	0	32688	27840	35469	
18491	0	32596	27818	35500	
18492	0	32516	27808	35485	
18493	0	32428	27856	35452	
18494	0	32344	27864	35440	
18495	0	32268	27884	35460	
18496	0	32176	27832	35441	
18497	0	32096	27816	35484	
18498	0	32016	27800	35453	
18499	0	31932	27816	35441	
18500	0	31860	27816	35460	
18501	0	31780	27828	35460	
18502	0	31696	27825	35464	
18503	0	31616	27836	35416	
18504	0	31536	27844	35428	
18505	0	31464	27860	35408	
18506	0	31392	27848	35412	
18507	0	31309	27864	35400	
18508	0	31240	27858	35404	
18509	0	31164	27853	35400	
18510	0	31096	27840	35424	
18511	0	31024	27872	35408	
18512	0	30948	27844	35396	
18513	0	30885	27830	35408	
18514	0	30812	27820	35424	
18515	0	30749	27828	35424	
18516	0	30682	27786	35424	
18517	0	30616	27792	35408	
18518	0	30553	27792	35424	
18519	0	30488	27793	35412	
18520	0	30416	27796	35440	
18521	0	30364	27804	35412	
18522	0	30301	27780	35412	
18523	0	30236	27784	35388	
18524	0	30168	27782	35433	
18525	0	30112	27800	35412	
18526	0	30049	27777	35412	
18527	0	30000	27788	35416	
18528	0	29941	27772	35437	
18529	0	29880	27796	35416	
18530	0	29821	27792	35432	
18531	0	29761	27797	35432	
18532	0	29716	27808	35400	
18533	0	29653	27800	35424	
18534	0	29600	27824	35386	
18535	0	29544	27828	35400	
18536	0	29492	27797	35388	
18537	0	29440	27841	35392	
18538	0	29380	27840	35400	
18539	0	29336	27840	35400	
18540	0	29284	27832	35413	
18541	0	29225	27828	35436	
18542	0	29180	27816	35408	
18543	0	29120	27832	35424	
18544	0	29068	27836	35430	
18545	0	29024	27840	35392	
18546	0	28972	27824	35420	
18547	0	28924	27820	35420	
18548	0	28860	27822	35413	
18549	0	28820	27808	35440	
18550	0	28764	27833	35416	
18551	0	28716	27808	35424	
18552	0	28664	27832	35408	
18553	0	28612	27833	35404	
18554	0	28560	27840	35424	
18555	0	28512	27857	35416	
18556	0	28466	27849	35432	
18557	0	28420	27844	35420	
18558	0	28368	27861	35424	
18559	0	28320	27842	35428	
18560	0	28266	27864	35405	
18561	0	28224	27864	35420	
18562	0	28172	27840	35428	
18563	0	28128	27876	35424	
18564	0	28076	27880	35392	
18565	0	28028	27900	35392	
18566	0	27988	27896	35392	
18567	0	27928	27912	35404	
18568	0	27884	27908	35404	
18569	0	27836	27917	35404	
18570	0	27792	27920	35416	
18571	0	27744	27912	35400	
18572	0	27698	27880	35424	
18573	0	27652	27884	35425	
18574	0	27600	27908	35424	
18575	0	27560	27914	35424	
18576	0	27516	27952	35420	
18577	0	27476	27940	35384	
18578	0	27425	27936	35400	
18579	0	27384	27934	35404	
18580	0	27340	27928	35424	
18581	0	27304	27896	35424	
18582	0	27257	27928	35440	
18583	0	27216	27913	35424	
18584	0	27180	27932	35432	
18585	0	27132	27976	35416	
18586	0	27093	27976	35424	
18587	0	27060	27984	35412	
18588	0	27022	27973	35428	
18589	0	26992	27978	35429	
18590	0	26940	27976	35405	
18591	0	26912	27980	35436	
18592	0	26880	27960	35416	
18593	0	26848	27964	35428	
18594	0	26812	27984	35416	
18595	0	26781	27980	35440	
18596	0	26752	28000	35412	
18597	0	26724	27977	35433	
18598	0	26700	27961	35428	
18599	0	26682	27968	35428	
18600	0	26656	27956	35432	
18601	0	26628	27972	35420	
18602	0	26604	28004	35420	
18603	0	26592	27988	35432	
18604	0	26578	27988	35436	
18605	0	26557	28008	35408	
18606	0	26544	27992	35436	
18607	0	26529	27992	35430	
18608	0	26520	27980	35424	
18609	0	26516	27968	35428	
18610	0	26500	28000	35420	
18611	0	26500	28004	35420	
18612	0	26492	28012	35420	
18613	0	26504	28000	35424	
18614	0	26500	27986	35412	
18615	0	26505	28005	35412	
18616	0	26504	28012	35420	
18617	0	26509	28005	35428	
18618	0	26524	28012	35416	
18619	0	26536	28024	35409	
18620	0	26548	28036	35404	
18621	0	26562	28016	35380	
18622	0	26584	28020	35436	
18623	0	26593	28032	35397	
18624	0	26620	27989	35412	
18625	0	26640	27981	35420	
18626	0	26668	27992	35412	
18627	0	26700	27992	35404	
18628	0	26728	27988	35412	
18629	0	26760	27992	35408	
18630	0	26785	27949	35436	
18631	0	26824	27992	35412	
18632	0	26860	27956	35416	
18633	0	26904	27960	35412	
18634	0	26944	27965	35420	
18635	0	26977	27980	35408	
18636	0	27024	27977	35408	
18637	0	27068	27976	35404	
18638	0	27113	27970	35424	
18639	0	27168	27920	35428	
18640	0	27216	27936	35416	
18641	0	27260	27917	35428	
18642	0	27321	27920	35400	
18643	0	27372	27924	35424	
18644	0	27436	27948	35432	
18645	0	27488	27920	35440	
18646	0	27544	27932	35428	
18647	0	27612	27920	35424	
18648	0	27672	27904	35428	
18649	0	27732	27908	35424	
18650	0	27792	27876	35420	
18651	0	27856	27888	35424	
18652	0	27920	27916	35428	
18653	0	27988	27912	35384	
18654	0	28054	27888	35412	
18655	0	28120	27884	35416	
18656	0	28188	27821	35436	
18657	0	28260	27836	35424	
18658	0	28325	27876	35417	
18659	0	28400	27892	35428	
18660	0	28472	27844	35421	
18661	0	28544	27832	35440	
18662	0	28616	27836	35416	
18663	0	28688	27804	35432	
18664	0	28764	27820	35404	
18665	0	28836	27824	35434	
18666	0	28922	27828	35424	
18667	0	28986	27837	35396	
18668	0	29064	27852	35424	
18669	0	29140	27840	35417	
18670	0	29216	27836	35424	
18671	0	29294	27823	35416	
18672	0	29372	27812	35400	
18673	0	29420	27812	35408	
18674	0	29521	27820	35400	
18675	0	29604	27816	35412	
18676	0	29680	27816	35440	
18677	0	29760	27796	35424	
18678	0	29838	27790	35413	
18679	0	29916	27824	35408	
18680	0	30000	27809	35428	
18681	0	30084	27800	35436	
18682	0	30164	27796	35440	
18683	0	30240	27797	35408	
18684	0	30320	27792	35432	
18685	0	30397	27812	35432	
18686	0	30480	27804	35432	
18687	0	30560	27809	35425	
18688	0	30641	27777	35448	
18689	0	30728	27816	35440	
18690	0	30804	27828	35416	
18691	0	30880	27812	35424	
18692	0	30961	27829	35400	
18693	0	31048	27808	35428	
18694	0	31128	27840	35440	
18695	0	31204	27832	35444	
18696	0	31284	27848	35424	
18697	0	31364	27848	35436	
18698	0	31445	27821	35456	
18699	0	31532	27834	35437	
18700	0	31612	27834	35436	
18701	0	31680	27850	35428	
18702	0	31764	27848	35452	
18703	0	31848	27848	35428	
18704	0	31932	27844	35420	
18705	0	32004	27857	35438	
18706	0	32089	27865	35420	
18707	0	32160	27876	35416	
18708	0	32244	27884	35420	
18709	0	32320	27904	35412	
18710	0	32396	27905	35404	
18711	0	32476	27912	35428	
18712	0	32552	27900	35444	
18713	0	32628	27924	35408	
18714	0	32708	27904	35408	
18715	0	32784	27952	35400	
18716	0	32848	27912	35436	
18717	0	32932	27908	35408	
18718	0	33008	27936	35416	
18719	0	33076	27936	35428	
18720	0	33153	27942	35416	
18721	0	33220	27900	35436	
18722	0	33296	27940	35420	
18723	0	33368	27936	35420	
18724	0	33440	27940	35424	
18725	0	33510	27952	35425	
18726	0	33581	27940	35432	
18727	0	33652	27932	35444	
18728	0	33716	27940	35440	
18729	0	33788	27944	35412	
18730	0	33856	27932	35444	
18731	0	33924	27952	35436	
18732	0	33984	27956	35408	
18733	0	34053	27936	35440	
18734	0	34120	27944	35424	
18735	0	34188	27936	35428	
18736	0	34244	27940	35424	
18737	0	34308	27976	35448	
18738	0	34376	27961	35440	
18739	0	34436	27984	35445	
18740	0	34492	27988	35444	
18741	0	34565	27988	35448	
18742	0	34620	27988	35428	
18743	0	34684	27992	35444	
18744	0	34736	27984	35444	
18745	0	34800	28000	35416	
18746	0	34860	28016	35444	
18747	0	34912	28012	35424	
18748	0	34968	28033	35440	
18749	0	35036	28028	35413	
18750	0	35080	28020	35408	
18751	0	35140	28024	35412	
18752	0	35196	28014	35432	
18753	0	35248	28009	35428	
18754	0	35296	28016	35424	
18755	0	35352	28036	35424	
18756	0	35408	28041	35408	
18757	0	35457	28052	35408	
18758	0	35504	28056	35424	
18759	0	35557	28056	35404	
18760	0	35601	28056	35412	
18761	0	35664	28057	35416	
18762	0	35708	28044	35417	
18763	0	35752	28057	35436	
18764	0	35809	28052	35436	
18765	0	35848	28064	35430	
18766	0	35892	28061	35436	
18767	0	35944	28045	35448	
18768	0	35988	28032	35448	
18769	0	36024	28048	35408	
18770	0	36076	28028	35457	
18771	0	36117	28041	35448	
18772	0	36164	28068	35438	
18773	0	36208	28060	35408	
18774	0	36240	28068	35412	
18775	0	36288	28084	35429	
18776	0	36332	28060	35428	
18777	0	36364	28066	35428	
18778	0	36404	28060	35436	
18779	0	36445	28073	35424	
18780	0	36492	28056	35436	
18781	0	36512	28057	35440	
18782	0	36552	28088	35412	
18783	0	36584	28088	35428	
18784	0	36629	28068	35440	
18785	0	36660	28048	35444	
18786	0	36692	28061	35436	
18787	0	36724	28080	35420	
18788	0	36760	28080	35416	
18789	0	36800	28086	35412	
18790	0	36824	28056	35420	
18791	0	36856	28072	35412	
18792	0	36888	28068	35424	
18793	0	36920	28088	35416	
18794	0	36944	28072	35424	
18795	0	36980	28072	35412	
18796	0	36996	28088	35432	
18797	0	37028	28104	35424	
18798	0	37052	28078	35420	
18799	0	37080	28084	35444	
18800	0	37104	28072	35432	
18801	0	37124	28080	35437	
18802	0	37152	28064	35436	
18803	0	37176	28076	35436	
18804	0	37200	28072	35444	
18805	0	37224	28056	35440	
18806	0	37240	28072	35448	
18807	0	37253	28096	35428	
18808	0	37280	28092	35420	
18809	0	37293	28072	35416	
18810	0	37320	28088	35416	
18811	0	37325	28052	35436	
18812	0	37349	28081	35425	
18813	0	37356	28097	35412	
18814	0	37370	28080	35408	
18815	0	37388	28100	35393	
18816	0	37404	28073	35400	
18817	0	37416	28092	35433	
18818	0	37420	28096	35392	
18819	0	37428	28092	35416	
18820	0	37436	28104	35393	
18821	0	37456	28096	35424	
18822	0	37454	28124	35408	
18823	0	37456	28092	35424	
18824	0	37472	28116	35432	
18825	0	37460	28104	35456	
18826	0	37468	28084	35480	
18827	0	37468	28065	35428	
18828	0	37473	28073	35448	
18829	0	37476	28058	35456	
18830	0	37476	28077	35452	
18831	0	37464	28068	35436	
18832	0	37465	28057	35440	
18833	0	37464	28052	35430	
18834	0	37456	28054	35452	
18835	0	37448	28064	35444	
18836	0	37448	28092	35424	
18837	0	37432	28084	35448	
18838	0	37432	28086	35448	
18839	0	37412	28065	35449	
18840	0	37405	28076	35436	
18841	0	37396	28100	35416	
18842	0	37376	28096	35396	
18843	0	37356	28073	35436	
18844	0	37352	28080	35428	
18845	0	37332	28084	35456	
18846	0	37320	28056	35461	
18847	0	37296	28081	35424	
18848	0	37284	28068	35432	
18849	0	37256	28072	35412	
18850	0	37236	28088	35416	
18851	0	37212	28084	35420	
18852	0	37196	28080	35428	
18853	0	37168	28072	35440	
18854	0	37152	28096	35428	
18855	0	37121	28097	35408	
18856	0	37092	28092	35416	
18857	0	37057	28096	35400	
18858	0	37040	28096	35408	
18859	0	37008	28085	35420	
18860	0	36976	28088	35432	
18861	0	36952	28108	35424	
18862	0	36912	28072	35418	
18863	0	36876	28068	35424	
18864	0	36836	28068	35408	
18865	0	36804	28068	35444	
18866	0	36764	28068	35424	
18867	0	36732	28064	35416	
18868	0	36696	28076	35437	
18869	0	36649	28073	35420	
18870	0	36608	28056	35432	
18871	0	36568	28056	35432	
18872	0	36528	28060	35445	
18873	0	36476	28060	35436	
18874	0	36436	28048	35436	
18875	0	36380	28048	35440	
18876	0	36344	28028	35441	
18877	0	36296	28052	35452	
18878	0	36248	28060	35428	
18879	0	36196	28060	35418	
18880	0	36144	28064	35416	
18881	0	36092	28058	35452	
18882	0	36052	28056	35436	
18883	0	35981	28036	35444	
18884	0	35936	28032	35424	
18885	0	35888	28048	35428	
18886	0	35832	28020	35428	
18887	0	35776	28032	35428	
18888	0	35724	28032	35418	
18889	0	35669	28040	35432	
18890	0	35608	28048	35416	
18891	0	35552	28029	35425	
18892	0	35489	28050	35416	
18893	0	35436	28052	35404	
18894	0	35384	28045	35408	
18895	0	35328	28025	35408	
18896	0	35264	28004	35412	
18897	0	35204	28001	35424	
18898	0	35140	28001	35436	
18899	0	35084	28000	35428	
18900	0	35020	28013	35420	
18901	0	34956	27996	35440	
18902	0	34900	27996	35408	
18903	0	34836	28000	35428	
18904	0	34776	27992	35400	
18905	0	34720	27988	35417	
18906	0	34652	27993	35416	
18907	0	34596	28008	35432	
18908	0	34532	27968	35432	
18909	0	34472	28004	35448	
18910	0	34404	27997	35436	
18911	0	34344	27992	35444	
18912	0	34280	27960	35444	
18913	0	34213	27964	35428	
18914	0	34144	27960	35428	
18915	0	34084	27944	35432	
18916	0	34028	27968	35448	
18917	0	33960	27976	35408	
18918	0	33896	27968	35420	
18919	0	33840	27968	35416	
18920	0	33772	27932	35424	
18921	0	33704	27912	35456	
18922	0	33636	27921	35424	
18923	0	33577	27928	35432	
18924	0	33512	27936	35420	
18925	0	33452	27917	35440	
18926	0	33380	27924	35416	
18927	0	33320	27944	35432	
18928	0	33252	27900	35420	
18929	0	33188	27881	35422	
18930	0	33120	27932	35412	
18931	0	33057	27944	35424	
18932	0	32988	27940	35412	
18933	0	32920	27944	35428	
18934	0	32864	27949	35424	
18935	0	32788	27946	35436	
18936	0	32720	27908	35424	
18937	0	32656	27904	35420	
18938	0	32580	27892	35420	
18939	0	32524	27884	35440	
18940	0	32456	27909	35460	
18941	0	32378	27900	35417	
18942	0	32320	27924	35418	
18943	0	32245	27886	35428	
18944	0	32180	27864	35432	
18945	0	32112	27860	35448	
18946	0	32048	27856	35433	
18947	0	31972	27868	35425	
18948	0	31904	27860	35428	
18949	0	31840	27841	35436	
18950	0	31772	27834	35428	
18951	0	31697	27824	35428	
18952	0	31629	27824	35416	
18953	0	31560	27824	35428	
18954	0	31484	27844	35408	
18955	0	31416	27836	35424	
18956	0	31340	27824	35440	
18957	0	31277	27838	35412	
18958	0	31208	27792	35430	
18959	0	31140	27830	35416	
18960	0	31072	27824	35432	
18961	0	31004	27816	35428	
18962	0	30924	27800	35428	
18963	0	30856	27809	35428	
18964	0	30792	27840	35400	
18965	0	30724	27812	35428	
18966	0	30656	27816	35420	
18967	0	30584	27824	35396	
18968	0	30512	27820	35400	
18969	0	30440	27844	35380	
18970	0	30372	27812	35424	
18971	0	30308	27804	35408	
18972	0	30240	27812	35408	
18973	0	30164	27784	35412	
18974	0	30100	27786	35412	
18975	0	30033	27805	35408	
18976	0	29964	27792	35424	
18977	0	29896	27808	35412	
18978	0	29824	27796	35424	
18979	0	29760	27778	35424	
18980	0	29688	27796	35424	
18981	0	29628	27788	35424	
18982	0	29548	27792	35404	
18983	0	29492	27796	35424	
18984	0	29420	27804	35452	
18985	0	29356	27820	35416	
18986	0	29292	27832	35396	
18987	0	29220	27817	35401	
18988	0	29160	27836	35408	
18989	0	29088	27852	35384	
18990	0	29028	27820	35432	
18991	0	28960	27816	35440	
18992	0	28896	27812	35440	
18993	0	28828	27808	35416	
18994	0	28772	27844	35404	
18995	0	28716	27824	35412	
18996	0	28644	27840	35436	
18997	0	28580	27852	35417	
18998	0	28524	27868	35424	
18999	0	28461	27844	35429	
19000	0	28404	27842	35416	
19001	0	28348	27840	35445	
19002	0	28288	27856	35417	
19003	0	28233	27860	35428	
19004	0	28169	27832	35420	
19005	0	28120	27848	35416	
19006	0	28058	27873	35412	
19007	0	28004	27872	35416	
19008	0	27952	27884	35452	
19009	0	27898	27888	35444	
19010	0	27848	27876	35428	
19011	0	27792	27881	35436	
19012	0	27748	27900	35432	
19013	0	27694	27880	35408	
19014	0	27644	27924	35416	
19015	0	27596	27916	35424	
19016	0	27548	27916	35412	
19017	0	27496	27920	35408	
19018	0	27456	27924	35428	
19019	0	27412	27920	35420	
19020	0	27364	27928	35432	
19021	0	27322	27968	35400	
19022	0	27272	27944	35424	
19023	0	27233	27936	35425	
19024	0	27197	27944	35424	
19025	0	27160	27976	35392	
19026	0	27112	27973	35420	
19027	0	27080	27968	35436	
19028	0	27048	28000	35405	
19029	0	27004	27968	35400	
19030	0	26964	27980	35424	
19031	0	26928	28004	35412	
19032	0	26900	27980	35424	
19033	0	26868	27978	35418	
19034	0	26828	27968	35412	
19035	0	26796	27972	35428	
19036	0	26768	27972	35424	
19037	0	26732	27986	35412	
19038	0	26708	27964	35436	
19039	0	26688	27960	35444	
19040	0	26656	27993	35424	
19041	0	26628	27984	35424	
19042	0	26602	28000	35428	
19043	0	26580	28016	35424	
19044	0	26545	28012	35400	
19045	0	26529	28006	35416	
19046	0	26504	28001	35424	
19047	0	26488	28008	35408	
19048	0	26469	28004	35401	
19049	0	26448	28005	35436	
19050	0	26432	28020	35424	
19051	0	26408	27992	35448	
19052	0	26396	28012	35432	
19053	0	26380	28030	35412	
19054	0	26361	28032	35408	
19055	0	26344	28028	35404	
19056	0	26336	28006	35416	
19057	0	26320	28012	35428	
19058	0	26312	28016	35424	
19059	0	26296	28001	35428	
19060	0	26280	28004	35436	
19061	0	26272	28032	35406	
19062	0	26268	28029	35416	
19063	0	26261	28040	35400	
19064	0	26260	28044	35412	
19065	0	26248	28037	35428	
19066	0	26244	28028	35408	
19067	0	26244	28009	35432	
19068	0	26238	28000	35420	
19069	0	26236	28017	35412	
19070	0	26233	28004	35416	
19071	0	26232	28008	35416	
19072	0	26236	28008	35416	
19073	0	26236	28012	35412	
19074	0	26241	28000	35420	
19075	0	26244	28009	35432	
19076	0	26252	28016	35416	
19077	0	26256	28012	35412	
19078	0	26260	28033	35409	
19079	0	26269	28020	35428	
19080	0	26276	28012	35420	
19081	0	26292	27988	35440	
19082	0	26296	28004	35418	
19083	0	26309	27988	35428	
19084	0	26320	28008	35436	
19085	0	26342	28008	35420	
19086	0	26349	28032	35428	
19087	0	26368	28033	35432	
19088	0	26392	28012	35448	
19089	0	26408	27996	35448	
19090	0	26424	27996	35432	
19091	0	26449	28020	35412	
19092	0	26468	27984	35416	
19093	0	26489	28004	35432	
19094	0	26516	27969	35428	
19095	0	26540	27996	35429	
19096	0	26568	28001	35408	
19097	0	26596	28024	35408	
19098	0	26621	28004	35410	
19099	0	26672	27970	35412	
19100	0	26688	27996	35400	
19101	0	26720	27968	35424	
19102	0	26749	27968	35421	
19103	0	26788	27952	35424	
19104	0	26824	27970	35440	
19105	0	26861	27968	35421	
19106	0	26900	27972	35412	
19107	0	26948	27976	35432	
19108	0	26980	27968	35416	
19109	0	27024	27968	35428	
19110	0	27072	27956	35432	
19111	0	27112	27964	35404	
19112	0	27160	27936	35412	
19113	0	27204	27926	35424	
19114	0	27256	27912	35428	
19115	0	27304	27932	35414	
19116	0	27348	27944	35392	
19117	0	27400	27925	35420	
19118	0	27456	27912	35412	
19119	0	27500	27932	35424	
19120	0	27557	27932	35424	
19121	0	27616	27928	35424	
19122	0	27672	27908	35408	
19123	0	27728	27876	35424	
19124	0	27788	27873	35401	
19125	0	27840	27884	35408	
19126	0	27905	27880	35428	
19127	0	27968	27868	35417	
19128	0	28032	27872	35412	
19129	0	28088	27872	35436	
19130	0	28156	27880	35424	
19131	0	28224	27849	35436	
19132	0	28288	27860	35424	
19133	0	28348	27857	35420	
19134	0	28413	27868	35429	
19135	0	28480	27872	35400	
19136	0	28552	27852	35448	
19137	0	28626	27857	35420	
19138	0	28692	27850	35416	
19139	0	28764	27833	35420	
19140	0	28836	27836	35408	
19141	0	28916	27808	35425	
19142	0	28984	27817	35402	
19143	0	29058	27820	35416	
19144	0	29132	27838	35408	
19145	0	29205	27796	35436	
19146	0	29280	27804	35424	
19147	0	29358	27812	35412	
19148	0	29436	27800	35432	
19149	0	29512	27789	35420	
19150	0	29596	27808	35420	
19151	0	29676	27810	35412	
19152	0	29760	27788	35436	
19153	0	29829	27780	35436	
19154	0	29914	27776	35428	
19155	0	29996	27813	35412	
19156	0	30069	27793	35416	
19157	0	30160	27800	35412	
19158	0	30232	27789	35428	
19159	0	30324	27808	35437	
19160	0	30400	27800	35412	
19161	0	30488	27809	35404	
19162	0	30564	27804	35428	
19163	0	30656	27804	35420	
19164	0	30733	27812	35428	
19165	0	30820	27796	35436	
19166	0	30904	27796	35424	
19167	0	30985	27793	35432	
19168	0	31065	27796	35420	
19169	0	31156	27816	35408	
19170	0	31241	27816	35432	
19171	0	31320	27844	35412	
19172	0	31408	27824	35416	
19173	0	31492	27840	35412	
19174	0	31580	27840	35408	
19175	0	31656	27836	35424	
19176	0	31744	27845	35448	
19177	0	31825	27848	35428	
19178	0	31920	27865	35428	
19179	0	32005	27886	35396	
19180	0	32081	27853	35448	
19181	0	32168	27864	35404	
19182	0	32244	27844	35416	
19183	0	32336	27880	35412	
19184	0	32420	27896	35420	
19185	0	32520	27874	35416	
19186	0	32584	27928	35416	
19187	0	32668	27896	35420	
19188	0	32748	27900	35408	
19189	0	32832	27920	35408	
19190	0	32916	27932	35416	
19191	0	32992	27940	35416	
19192	0	33072	27940	35424	
19193	0	33164	27936	35429	
19194	0	33236	27904	35416	
19195	0	33321	27920	35416	
19196	0	33408	27912	35400	
19197	0	33480	27928	35428	
19198	0	33564	27924	35428	
19199	0	33632	27916	35428	
19200	0	33712	27917	35416	
19201	0	33800	27952	35440	
19202	0	33880	27953	35436	
19203	0	33944	27952	35412	
19204	0	34025	27952	35420	
19205	0	34100	27948	35428	
19206	0	34180	27952	35416	
19207	0	34252	27960	35420	
19208	0	34329	27980	35421	
19209	0	34400	27974	35416	
19210	0	34478	27976	35428	
19211	0	34548	28000	35420	
19212	0	34624	27980	35444	
19213	0	34692	27976	35405	
19214	0	34772	27968	35444	
19215	0	34833	28000	35424	
19216	0	34904	27992	35413	
19217	0	34974	28008	35428	
19218	0	35044	27993	35420	
19219	0	35109	28008	35444	
19220	0	35184	28014	35428	
19221	0	35252	28008	35400	
19222	0	35316	28021	35412	
19223	0	35388	28020	35412	
19224	0	35452	28048	35400	
19225	0	35520	28023	35424	
19226	0	35588	28004	35440	
19227	0	35652	28016	35456	
19228	0	35712	28024	35424	
19229	0	35784	28032	35420	
19230	0	35844	28032	35432	
19231	0	35908	28040	35412	
19232	0	35968	28032	35420	
19233	0	36024	28041	35424	
19234	0	36088	28048	35416	
19235	0	36154	28053	35432	
19236	0	36216	28024	35420	
19237	0	36272	28053	35428	
19238	0	36329	28052	35400	
19239	0	36392	28065	35400	
19240	0	36448	28057	35400	
19241	0	36508	28048	35416	
19242	0	36564	28056	35428	
19243	0	36624	28044	35424	
19244	0	36684	28054	35432	
19245	0	36736	28066	35416	
19246	0	36793	28076	35425	
19247	0	36848	28057	35420	
19248	0	36906	28068	35396	
19249	0	36960	28092	35400	
19250	0	37004	28084	35383	
19251	0	37060	28052	35420	
19252	0	37112	28068	35396	
19253	0	37168	28064	35412	
19254	0	37212	28064	35384	
19255	0	37269	28064	35388	
19256	0	37328	28068	35448	
19257	0	37376	28088	35408	
19258	0	37430	28086	35420	
19259	0	37468	28068	35400	
19260	0	37520	28064	35424	
19261	0	37572	28084	35408	
19262	0	37612	28076	35410	
19263	0	37664	28076	35400	
19264	0	37705	28084	35400	
19265	0	37756	28080	35412	
19266	0	37800	28092	35408	
19267	0	37848	28088	35400	
19268	0	37884	28072	35408	
19269	0	37936	28076	35404	
19270	0	37980	28088	35416	
19271	0	38025	28097	35429	
19272	0	38068	28084	35412	
19273	0	38108	28088	35412	
19274	0	38144	28081	35422	
19275	0	38188	28072	35424	
19276	0	38232	28084	35402	
19277	0	38272	28081	35416	
19278	0	38312	28078	35424	
19279	0	38348	28089	35428	
19280	0	38380	28092	35416	
19281	0	38416	28088	35416	
19282	0	38460	28082	35400	
19283	0	38492	28090	35404	
19284	0	38528	28088	35428	
19285	0	38564	28088	35420	
19286	0	38596	28088	35424	
19287	0	38628	28064	35424	
19288	0	38668	28076	35428	
19289	0	38696	28100	35416	
19290	0	38728	28096	35408	
19291	0	38752	28098	35438	
19292	0	38792	28089	35420	
19293	0	38816	28076	35424	
19294	0	38841	28084	35408	
19295	0	38876	28086	35404	
19296	0	38900	28085	35412	
19297	0	38925	28097	35416	
19298	0	38948	28086	35408	
19299	0	38976	28076	35444	
19300	0	38996	28084	35424	
19301	0	39020	28084	35408	
19302	0	39040	28092	35416	
19303	0	39060	28072	35424	
19304	0	39076	28084	35436	
19305	0	39096	28084	35432	
19306	0	39108	28088	35440	
19307	0	39136	28112	35409	
19308	0	39144	28100	35416	
19309	0	39148	28104	35432	
19310	0	39156	28101	35416	
19311	0	39168	28080	35432	
19312	0	39186	28112	35400	
19313	0	39184	28110	35400	
19314	0	39200	28100	35392	
19315	0	39204	28092	35420	
19316	0	39208	28096	35404	
19317	0	39204	28112	35406	
19318	0	39216	28104	35408	
19319	0	39216	28104	35408	
19320	0	39216	28108	35397	
19321	0	39213	28096	35406	
19322	0	39204	28100	35412	
19323	0	39200	28073	35445	
19324	0	39188	28069	35424	
19325	0	39184	28084	35416	
19326	0	39176	28084	35420	
19327	0	39168	28104	35392	
19328	0	39152	28096	35400	
19329	0	39140	28096	35417	
19330	0	39128	28106	35400	
19331	0	39112	28096	35376	
19332	0	39096	28093	35416	
19333	0	39072	28104	35412	
19334	0	39064	28092	35408	
19335	0	39036	28116	35404	
19336	0	39020	28092	35416	
19337	0	39008	28104	35392	
19338	0	38984	28092	35424	
19339	0	38952	28076	35424	
19340	0	38936	28104	35432	
19341	0	38904	28104	35420	
19342	0	38876	28101	35400	
19343	0	38848	28084	35404	
19344	0	38820	28084	35424	
19345	0	38792	28092	35408	
19346	0	38760	28084	35416	
19347	0	38732	28076	35436	
19348	0	38696	28084	35405	
19349	0	38664	28088	35400	
19350	0	38625	28084	35448	
19351	0	38600	28090	35424	
19352	0	38564	28088	35409	
19353	0	38528	28080	35412	
19354	0	38484	28100	35436	
19355	0	38448	28096	35400	
19356	0	38416	28116	35408	
19357	0	38381	28097	35432	
19358	0	38340	28076	35420	
19359	0	38297	28076	35420	
19360	0	38256	28068	35424	
19361	0	38216	28093	35408	
19362	0	38180	28092	35432	
19363	0	38144	28096	35416	
19364	0	38100	28094	35416	
19365	0	38056	28076	35408	
19366	0	38012	28100	35400	
19367	0	37968	28072	35418	
19368	0	37928	28068	35424	
19369	0	37880	28077	35416	
19370	0	37840	28076	35412	
19371	0	37796	28064	35424	
19372	0	37753	28080	35440	
19373	0	37704	28076	35428	
19374	0	37657	28088	35416	
19375	0	37612	28089	35408	
19376	0	37564	28064	35416	
19377	0	37524	28072	35420	
19378	0	37468	28068	35416	
19379	0	37424	28084	35412	
19380	0	37380	28089	35397	
19381	0	37336	28069	35408	
19382	0	37292	28060	35420	
19383	0	37236	28068	35396	
19384	0	37188	28048	35424	
19385	0	37136	28058	35421	
19386	0	37084	28068	35416	
19387	0	37040	28072	35408	
19388	0	36992	28076	35424	
19389	0	36940	28060	35408	
19390	0	36896	28072	35404	
19391	0	36845	28068	35408	
19392	0	36796	28092	35392	
19393	0	36740	28084	35384	
19394	0	36700	28036	35436	
19395	0	36644	28060	35432	
19396	0	36600	28064	35424	
19397	0	36536	28072	35400	
19398	0	36488	28064	35416	
19399	0	36448	28080	35416	
19400	0	36396	28056	35424	
19401	0	36344	28029	35433	
19402	0	36296	28036	35428	
19403	0	36240	28024	35421	
19404	0	36188	28036	35436	
19405	0	36140	28048	35408	
19406	0	36096	28039	35408	
19407	0	36036	28056	35424	
19408	0	35984	28058	35400	
19409	0	35944	28028	35436	
19410	0	35880	28052	35408	
19411	0	35833	28028	35400	
19412	0	35780	28036	35400	
19413	0	35728	28040	35373	
19414	0	35680	28016	35416	
19415	0	35632	28033	35424	
19416	0	35580	28022	35433	
19417	0	35528	28020	35408	
19418	0	35452	28032	35402	
19419	0	35420	28012	35400	
19420	0	35368	28024	35428	
19421	0	35320	28032	35396	
19422	0	35264	28008	35416	
19423	0	35204	28013	35404	
19424	0	35156	28008	35428	
19425	0	35104	27989	35424	
19426	0	35044	28000	35432	
19427	0	34992	28005	35416	
19428	0	34932	28012	35416	
19429	0	34872	28024	35424	
19430	0	34828	28028	35396	
19431	0	34768	27992	35424	
19432	0	34708	27988	35432	
19433	0	34660	27978	35433	
19434	0	34600	27984	35424	
19435	0	34544	27984	35416	
19436	0	34492	27988	35400	
19437	0	34436	27992	35413	
19438	0	34376	27972	35452	
19439	0	34312	27960	35428	
19440	0	34258	27960	35432	
19441	0	34204	27944	35448	
19442	0	34137	27968	35398	
19443	0	34080	27964	35428	
19444	0	34028	27960	35440	
19445	0	33960	27970	35417	
19446	0	33908	27976	35421	
19447	0	33840	27976	35396	
19448	0	33788	27948	35412	
19449	0	33724	27944	35412	
19450	0	33665	27944	35416	
19451	0	33608	27920	35416	
19452	0	33544	27920	35424	
19453	0	33482	27888	35456	
19454	0	33420	27912	35412	
19455	0	33372	27936	35412	
19456	0	33304	27932	35436	
19457	0	33240	27904	35421	
19458	0	33180	27898	35436	
19459	0	33120	27928	35412	
19460	0	33069	27940	35424	
19461	0	32997	27928	35436	
19462	0	32936	27928	35437	
19463	0	32880	27945	35429	
19464	0	32809	27952	35424	
19465	0	32760	27904	35436	
19466	0	32689	27912	35424	
19467	0	32630	27904	35405	
19468	0	32568	27900	35424	
19469	0	32508	27900	35416	
19470	0	32444	27900	35452	
19471	0	32385	27904	35416	
19472	0	32324	27892	35412	
19473	0	32268	27912	35420	
19474	0	32212	27860	35428	
19475	0	32148	27844	35424	
19476	0	32080	27864	35432	
19477	0	32024	27848	35432	
19478	0	31968	27872	35429	
19479	0	31904	27868	35420	
19480	0	31852	27864	35424	
19481	0	31792	27861	35416	
19482	0	31724	27844	35424	
19483	0	31664	27848	35408	
19484	0	31612	27849	35428	
19485	0	31548	27828	35452	
19486	0	31488	27840	35440	
19487	0	31432	27836	35428	
19488	0	31376	27840	35420	
19489	0	31316	27817	35420	
19490	0	31257	27853	35424	
19491	0	31200	27832	35402	
19492	0	31144	27817	35424	
19493	0	31089	27816	35416	
19494	0	31036	27816	35392	
19495	0	30980	27820	35420	
19496	0	30924	27813	35421	
19497	0	30873	27820	35416	
19498	0	30813	27813	35428	
19499	0	30764	27832	35421	
19500	0	30708	27812	35424	
19501	0	30656	27808	35460	
19502	0	30601	27820	35420	
19503	0	30552	27814	35416	
19504	0	30496	27804	35436	
19505	0	30444	27808	35428	
19506	0	30396	27832	35412	
19507	0	30340	27789	35432	
19508	0	30296	27812	35428	
19509	0	30244	27820	35372	
19510	0	30192	27816	35412	
19511	0	30148	27817	35436	
19512	0	30104	27822	35420	
19513	0	30056	27812	35400	
19514	0	30004	27816	35437	
19515	0	29964	27812	35416	
19516	0	29914	27800	35424	
19517	0	29872	27796	35416	
19518	0	29828	27805	35416	
19519	0	29785	27812	35396	
19520	0	29736	27828	35440	
19521	0	29693	27804	35412	
19522	0	29653	27804	35416	
19523	0	29616	27816	35416	
19524	0	29572	27806	35428	
19525	0	29532	27804	35437	
19526	0	29489	27808	35428	
19527	0	29444	27801	35433	
19528	0	29412	27824	35412	
19529	0	29372	27816	35424	
19530	0	29336	27809	35416	
19531	0	29296	27816	35436	
19532	0	29256	27824	35444	
19533	0	29216	27808	35441	
19534	0	29185	27816	35404	
19535	0	29148	27861	35417	
19536	0	29116	27840	35416	
19537	0	29073	27852	35432	
19538	0	29044	27844	35440	
19539	0	29008	27824	35436	
19540	0	28972	27820	35445	
19541	0	28942	27805	35440	
19542	0	28904	27816	35422	
19543	0	28869	27804	35413	
19544	0	28830	27816	35408	
19545	0	28805	27818	35420	
19546	0	28768	27868	35420	
19547	0	28744	27832	35421	
19548	0	28714	27796	35436	
19549	0	28680	27842	35404	
19550	0	28647	27888	35416	
19551	0	28616	27864	35408	
19552	0	28588	27832	35452	
19553	0	28556	27852	35424	
19554	0	28528	27840	35426	
19555	0	28508	27848	35436	
19556	0	28474	27852	35396	
19557	0	28448	27820	35436	
19558	0	28424	27842	35410	
19559	0	28392	27852	35428	
19560	0	28372	27836	35456	
19561	0	28337	27876	35445	
19562	0	28324	27848	35408	
19563	0	28304	27865	35416	
19564	0	28280	27888	35404	
19565	0	28256	27864	35396	
19566	0	28240	27872	35412	
19567	0	28200	27861	35416	
19568	0	28197	27864	35408	
19569	0	28180	27857	35424	
19570	0	28169	27860	35420	
19571	0	28148	27877	35392	
19572	0	28137	27865	35424	
19573	0	28116	27880	35408	
19574	0	28104	27872	35432	
19575	0	28092	27888	35428	
19576	0	28080	27892	35412	
19577	0	28072	27900	35424	
19578	0	28064	27897	35420	
19579	0	28053	27873	35424	
19580	0	28048	27852	35449	
19581	0	28048	27865	35437	
19582	0	28032	27908	35432	
19583	0	28036	27908	35424	
19584	0	28028	27905	35420	
19585	0	28028	27904	35408	
19586	0	28032	27880	35424	
19587	0	28036	27925	35408	
19588	0	28040	27904	35432	
19589	0	28042	27884	35420	
19590	0	28048	27904	35412	
19591	0	28056	27902	35424	
19592	0	28062	27900	35416	
19593	0	28068	27902	35432	
19594	0	28088	27876	35420	
19595	0	28104	27884	35412	
19596	0	28116	27877	35416	
19597	0	28128	27882	35424	
19598	0	28148	27901	35420	
19599	0	28164	27864	35424	
19600	0	28181	27868	35409	
19601	0	28212	27860	35440	
19602	0	28232	27840	35448	
19603	0	28256	27845	35440	
19604	0	28285	27876	35433	
19605	0	28304	27888	35388	
19606	0	28344	27860	35400	
19607	0	28368	27877	35404	
19608	0	28396	27850	35404	
19609	0	28437	27836	35424	
19610	0	28465	27864	35417	
19611	0	28500	27844	35440	
19612	0	28536	27840	35402	
19613	0	28573	27844	35416	
19614	0	28616	27864	35420	
19615	0	28660	27860	35412	
19616	0	28697	27820	35420	
19617	0	28737	27824	35460	
19618	0	28788	27813	35436	
19619	0	28832	27788	35453	
19620	0	28880	27832	35424	
19621	0	28924	27832	35428	
19622	0	28978	27840	35420	
19623	0	29026	27824	35456	
19624	0	29080	27804	35450	
19625	0	29124	27852	35440	
19626	0	29181	27836	35404	
19627	0	29236	27840	35412	
19628	0	29292	27800	35436	
19629	0	29348	27801	35424	
19630	0	29406	27816	35428	
19631	0	29464	27824	35436	
19632	0	29516	27812	35444	
19633	0	29572	27796	35444	
19634	0	29644	27804	35436	
19635	0	29696	27804	35436	
19636	0	29760	27804	35460	
19637	0	29824	27804	35424	
19638	0	29884	27816	35416	
19639	0	29946	27816	35428	
19640	0	30008	27788	35436	
19641	0	30076	27796	35428	
19642	0	30134	27809	35428	
19643	0	30200	27796	35444	
19644	0	30264	27800	35429	
19645	0	30332	27796	35432	
19646	0	30404	27800	35432	
19647	0	30464	27816	35424	
19648	0	30532	27816	35420	
19649	0	30596	27812	35416	
19650	0	30664	27812	35420	
19651	0	30729	27820	35432	
19652	0	30804	27824	35432	
19653	0	30868	27848	35432	
19654	0	30940	27809	35436	
19655	0	31008	27808	35448	
19656	0	31073	27828	35421	
19657	0	31136	27816	35432	
19658	0	31204	27824	35436	
19659	0	31276	27840	35432	
19660	0	31344	27834	35432	
19661	0	31410	27836	35420	
19662	0	31480	27844	35404	
19663	0	31546	27820	35428	
19664	0	31612	27848	35441	
19665	0	31684	27840	35416	
19666	0	31748	27856	35424	
19667	0	31812	27876	35440	
19668	0	31880	27894	35400	
19669	0	31944	27888	35428	
19670	0	32016	27888	35412	
19671	0	32084	27868	35436	
19672	0	32149	27872	35416	
19673	0	32216	27872	35420	
19674	0	32253	27860	35425	
19675	0	32344	27905	35416	
19676	0	32405	27908	35424	
19677	0	32473	27916	35440	
19678	0	32540	27908	35437	
19679	0	32600	27912	35428	
19680	0	32665	27924	35412	
19681	0	32732	27912	35436	
19682	0	32801	27936	35441	
19683	0	32860	27940	35424	
19684	0	32920	27934	35444	
19685	0	32992	27936	35428	
19686	0	33044	27940	35412	
19687	0	33116	27956	35420	
19688	0	33172	27948	35420	
19689	0	33236	27888	35424	
19690	0	33300	27914	35436	
19691	0	33356	27908	35437	
19692	0	33416	27932	35437	
19693	0	33480	27928	35424	
19694	0	33540	27928	35424	
19695	0	33600	27936	35428	
19696	0	33652	27936	35440	
19697	0	33720	27931	35440	
19698	0	33772	27925	35444	
19699	0	33832	27984	35424	
19700	0	33892	27972	35444	
19701	0	33949	27960	35432	
19702	0	34004	27956	35424	
19703	0	34056	27974	35404	
19704	0	34112	27968	35433	
19705	0	34176	27978	35428	
19706	0	34220	27956	35409	
19707	0	34277	27984	35409	
19708	0	34332	28020	35412	
19709	0	34380	27997	35412	
19710	0	34436	27992	35404	
19711	0	34492	28010	35408	
19712	0	34534	28012	35437	
19713	0	34596	27984	35436	
19714	0	34644	27996	35428	
19715	0	34692	27981	35412	
19716	0	34748	28001	35452	
19717	0	34792	28012	35432	
19718	0	34848	28024	35420	
19719	0	34896	28012	35420	
19720	0	34940	28024	35432	
19721	0	34996	28020	35432	
19722	0	35044	28032	35424	
19723	0	35081	28008	35436	
19724	0	35124	28024	35412	
19725	0	35180	28017	35424	
19726	0	35224	28008	35440	
19727	0	35276	28024	35424	
19728	0	35316	28036	35428	
19729	0	35361	28036	35421	
19730	0	35409	28025	35436	
19731	0	35452	28020	35432	
19732	0	35500	28036	35424	
19733	0	35540	28032	35424	
19734	0	35592	28026	35432	
19735	0	35632	28028	35424	
19736	0	35672	28033	35424	
19737	0	35716	28036	35424	
19738	0	35760	28021	35440	
19739	0	35804	28036	35432	
19740	0	35841	28062	35440	
19741	0	35888	28056	35431	
19742	0	35928	28068	35428	
19743	0	35968	28044	35416	
19744	0	36016	28052	35424	
19745	0	36049	28064	35416	
19746	0	36096	28068	35420	
19747	0	36128	28048	35436	
19748	0	36168	28045	35424	
19749	0	36212	28052	35424	
19750	0	36252	28057	35404	
19751	0	36288	28044	35420	
19752	0	36324	28060	35412	
19753	0	36360	28084	35408	
19754	0	36404	28084	35424	
19755	0	36436	28068	35412	
19756	0	36476	28065	35424	
19757	0	36513	28061	35425	
19758	0	36544	28088	35416	
19759	0	36580	28080	35384	
19760	0	36612	28052	35452	
19761	0	36640	28048	35441	
19762	0	36684	28044	35440	
19763	0	36708	28076	35428	
19764	0	36744	28072	35400	
19765	0	36773	28073	35412	
19766	0	36800	28064	35448	
19767	0	36836	28056	35430	
19768	0	36864	28096	35412	
19769	0	36896	28072	35424	
19770	0	36908	28072	35440	
19771	0	36940	28072	35436	
19772	0	36972	28080	35429	
19773	0	36984	28072	35424	
19774	0	37008	28116	35388	
19775	0	37032	28093	35408	
19776	0	37048	28072	35424	
19777	0	37076	28096	35432	
19778	0	37089	28072	35416	
19779	0	37104	28068	35440	
19780	0	37121	28069	35428	
19781	0	37133	28096	35420	
19782	0	37152	28074	35416	
19783	0	37156	28068	35448	
19784	0	37168	28082	35445	
19785	0	37172	28068	35404	
19786	0	37191	28074	35428	
19787	0	37196	28068	35432	
19788	0	37208	28064	35416	
19789	0	37204	28088	35430	
19790	0	37212	28084	35416	
19791	0	37212	28072	35410	
19792	0	37225	28068	35429	
19793	0	37212	28065	35416	
19794	0	37212	28064	35436	
19795	0	37216	28080	35424	
19796	0	37204	28068	35421	
19797	0	37200	28088	35392	
19798	0	37192	28096	35433	
19799	0	37192	28072	35416	
19800	0	37184	28064	35416	
19801	0	37176	28056	35424	
19802	0	37156	28077	35408	
19803	0	37144	28080	35432	
19804	0	37128	28065	35424	
19805	0	37112	28080	35444	
19806	0	37096	28080	35416	
19807	0	37088	28092	35416	
19808	0	37072	28081	35444	
19809	0	37044	28092	35416	
19810	0	37024	28096	35420	
19811	0	37012	28092	35424	
19812	0	36981	28073	35416	
19813	0	36972	28076	35432	
19814	0	36940	28064	35429	
19815	0	36914	28078	35416	
19816	0	36888	28082	35412	
19817	0	36856	28068	35424	
19818	0	36828	28090	35420	
19819	0	36800	28064	35432	
19820	0	36772	28056	35428	
19821	0	36744	28064	35440	
19822	0	36720	28076	35428	
19823	0	36700	28057	35400	
19824	0	36648	28056	35424	
19825	0	36616	28081	35408	
19826	0	36584	28068	35424	
19827	0	36544	28064	35408	
19828	0	36512	28058	35428	
19829	0	36484	28074	35416	
19830	0	36436	28088	35396	
19831	0	36397	28061	35424	
19832	0	36360	28060	35416	
19833	0	36316	28065	35428	
19834	0	36288	28049	35414	
19835	0	36240	28052	35402	
19836	0	36204	28065	35424	
19837	0	36168	28038	35420	
19838	0	36120	28076	35428	
19839	0	36084	28052	35428	
19840	0	36036	28064	35432	
19841	0	35996	28064	35424	
19842	0	35948	28068	35428	
19843	0	35912	28064	35424	
19844	0	35860	28064	35416	
19845	0	35820	28040	35440	
19846	0	35772	28060	35404	
19847	0	35724	28036	35428	
19848	0	35680	28036	35456	
19849	0	35632	28064	35429	
19850	0	35581	28044	35436	
19851	0	35544	28029	35428	
19852	0	35484	28033	35428	
19853	0	35444	28034	35428	
19854	0	35400	28032	35440	
19855	0	35340	28028	35441	
19856	0	35300	28020	35432	
19857	0	35248	28017	35425	
19858	0	35200	28033	35404	
19859	0	35144	28024	35420	
19860	0	35088	28021	35428	
19861	0	35029	28033	35424	
19862	0	34988	28028	35429	
19863	0	34933	28024	35424	
19864	0	34876	28016	35416	
19865	0	34832	28008	35432	
19866	0	34768	27992	35448	
19867	0	34724	28000	35404	
19868	0	34664	27977	35416	
19869	0	34605	27993	35444	
19870	0	34549	28001	35422	
19871	0	34492	28004	35424	
19872	0	34440	28004	35424	
19873	0	34376	28000	35432	
19874	0	34320	27996	35432	
19875	0	34260	27969	35424	
19876	0	34208	27981	35424	
19877	0	34136	27968	35412	
19878	0	34080	27956	35444	
19879	0	34020	27960	35436	
19880	0	33956	27952	35416	
19881	0	33897	27956	35424	
19882	0	33836	27962	35420	
19883	0	33768	27924	35416	
19884	0	33712	27952	35424	
19885	0	33641	27948	35428	
19886	0	33576	27945	35428	
19887	0	33508	27944	35420	
19888	0	33440	27936	35424	
19889	0	33380	27928	35424	
19890	0	33312	27920	35424	
19891	0	33240	27904	35424	
19892	0	33180	27904	35428	
19893	0	33104	27952	35416	
19894	0	33032	27952	35416	
19895	0	32964	27944	35412	
19896	0	32892	27940	35416	
19897	0	32824	27940	35424	
19898	0	32752	27922	35408	
19899	0	32684	27908	35428	
19900	0	32612	27908	35425	
19901	0	32536	27890	35416	
19902	0	32460	27908	35412	
19903	0	32396	27921	35436	
19904	0	32320	27874	35440	
19905	0	32240	27860	35440	
19906	0	32165	27886	35392	
19907	0	32096	27860	35412	
19908	0	32018	27876	35384	
19909	0	31952	27885	35412	
19910	0	31876	27856	35432	
19911	0	31808	27860	35440	
19912	0	31733	27864	35428	
19913	0	31660	27864	35404	
19914	0	31580	27872	35412	
19915	0	31512	27856	35436	
19916	0	31436	27868	35416	
19917	0	31363	27860	35412	
19918	0	31288	27848	35444	
19919	0	31224	27840	35388	
19920	0	31144	27808	35416	
19921	0	31072	27816	35452	
19922	0	31001	27828	35392	
19923	0	30928	27776	35453	
19924	0	30860	27820	35456	
19925	0	30792	27813	35428	
19926	0	30724	27836	35416	
19927	0	30656	27808	35416	
19928	0	30584	27793	35440	
19929	0	30520	27826	35412	
19930	0	30444	27792	35408	
19931	0	30384	27809	35424	
19932	0	30316	27824	35408	
19933	0	30248	27796	35432	
19934	0	30177	27836	35432	
19935	0	30112	27800	35433	
19936	0	30052	27804	35450	
19937	0	29992	27826	35420	
19938	0	29928	27788	35412	
19939	0	29864	27801	35440	
19940	0	29796	27824	35412	
19941	0	29733	27792	35405	
19942	0	29672	27816	35452	
19943	0	29613	27833	35420	
19944	0	29552	27832	35416	
19945	0	29492	27800	35424	
19946	0	29429	27800	35440	
19947	0	29376	27809	35424	
19948	0	29316	27780	35428	
19949	0	29256	27800	35424	
19950	0	29200	27810	35428	
19951	0	29119	27809	35437	
19952	0	29088	27832	35456	
19953	0	29033	27808	35432	
19954	0	28980	27840	35424	
19955	0	28924	27812	35412	
19956	0	28872	27834	35416	
19957	0	28821	27826	35428	
19958	0	28761	27829	35404	
19959	0	28712	27832	35428	
19960	0	28656	27868	35417	
19961	0	28612	27848	35445	
19962	0	28556	27862	35424	
19963	0	28508	27869	35424	
19964	0	28464	27840	35428	
19965	0	28416	27850	35418	
19966	0	28368	27848	35452	
19967	0	28316	27860	35412	
19968	0	28268	27848	35404	
19969	0	28224	27860	35424	
19970	0	28180	27868	35432	
19971	0	28136	27864	35440	
19972	0	28088	27900	35416	
19973	0	28048	27900	35408	
19974	0	28001	27900	35396	
19975	0	27956	27920	35416	
19976	0	27916	27908	35444	
19977	0	27876	27932	35424	
19978	0	27841	27892	35420	
19979	0	27800	27896	35400	
19980	0	27757	27896	35412	
19981	0	27718	27896	35412	
19982	0	27680	27892	35416	
19983	0	27640	27924	35449	
19984	0	27608	27920	35428	
19985	0	27568	27908	35434	
19986	0	27525	27936	35404	
19987	0	27496	27908	35436	
19988	0	27464	27930	35408	
19989	0	27432	27936	35440	
19990	0	27396	27964	35424	
19991	0	27360	27928	35420	
19992	0	27324	27968	35408	
19993	0	27296	27940	35402	
19994	0	27252	27925	35428	
19995	0	27224	27934	35420	
19996	0	27192	27952	35408	
19997	0	27164	27932	35424	
19998	0	27132	28000	35408	
19999	0	27096	27984	35432	
20000	0	27068	27956	35433	
20001	0	27040	27980	35432	
20002	0	27008	27993	35420	
20003	0	26985	27980	35404	
20004	0	26953	28000	35432	
20005	0	26924	28004	35420	
20006	0	26900	27976	35436	
20007	0	26864	27982	35400	
20008	0	26844	27984	35420	
20009	0	26824	28000	35408	
20010	0	26792	27972	35428	
20011	0	26756	28005	35424	
20012	0	26736	27976	35408	
20013	0	26712	27980	35414	
20014	0	26688	27972	35396	
20015	0	26660	27984	35420	
20016	0	26640	28016	35416	
20017	0	26620	28029	35432	
20018	0	26596	28016	35428	
20019	0	26576	28033	35405	
20020	0	26548	28016	35424	
20021	0	26536	28033	35436	
20022	0	26520	28036	35436	
20023	0	26496	28014	35432	
20024	0	26488	28020	35420	
20025	0	26468	28010	35432	
20026	0	26456	28000	35408	
20027	0	26436	28018	35420	
20028	0	26420	28028	35428	
20029	0	26416	28028	35420	
20030	0	26400	28004	35429	
20031	0	26392	28024	35416	
20032	0	26390	28020	35440	
20033	0	26376	28040	35432	
20034	0	26372	28020	35412	
20035	0	26361	28029	35408	
20036	0	26361	28032	35412	
20037	0	26352	28044	35420	
20038	0	26356	28045	35404	
20039	0	26352	28030	35420	
20040	0	26360	28004	35408	
20041	0	26364	28040	35436	
20042	0	26366	28016	35416	
20043	0	26380	28036	35440	
20044	0	26386	28024	35400	
20045	0	26396	28017	35412	
20046	0	26400	28016	35429	
20047	0	26416	28012	35424	
20048	0	26428	27988	35432	
20049	0	26448	28032	35412	
20050	0	26465	28025	35424	
20051	0	26476	28040	35416	
20052	0	26496	28012	35428	
20053	0	26522	28008	35416	
20054	0	26545	28020	35416	
20055	0	26572	28004	35420	
20056	0	26593	28024	35416	
20057	0	26620	28009	35428	
20058	0	26652	27958	35432	
20059	0	26688	27993	35424	
20060	0	26716	27988	35429	
20061	0	26748	27984	35432	
20062	0	26785	27984	35448	
20063	0	26818	27976	35416	
20064	0	26872	27960	35436	
20065	0	26909	28013	35426	
20066	0	26944	27984	35420	
20067	0	26988	27981	35412	
20068	0	27032	27968	35416	
20069	0	27073	27989	35397	
20070	0	27121	27980	35420	
20071	0	27176	27956	35416	
20072	0	27232	27936	35424	
20073	0	27276	27932	35429	
20074	0	27328	27944	35412	
20075	0	27384	27948	35408	
20076	0	27432	27940	35420	
20077	0	27488	27932	35408	
20078	0	27552	27924	35410	
20079	0	27608	27928	35428	
20080	0	27668	27897	35424	
20081	0	27728	27904	35416	
20082	0	27788	27908	35428	
20083	0	27852	27896	35436	
20084	0	27912	27904	35412	
20085	0	27972	27888	35420	
20086	0	28036	27904	35424	
20087	0	28112	27900	35428	
20088	0	28164	27870	35396	
20089	0	28232	27852	35424	
20090	0	28309	27860	35412	
20091	0	28380	27848	35421	
20092	0	28448	27868	35432	
20093	0	28516	27856	35408	
20094	0	28580	27868	35412	
20095	0	28656	27872	35412	
20096	0	28733	27844	35428	
20097	0	28801	27852	35432	
20098	0	28872	27824	35436	
20099	0	28948	27816	35436	
20100	0	29000	27844	35396	
20101	0	29096	27848	35424	
20102	0	29164	27820	35424	
20103	0	29248	27812	35408	
20104	0	29320	27821	35428	
20105	0	29400	27824	35408	
20106	0	29472	27821	35416	
20107	0	29552	27812	35437	
20108	0	29629	27820	35440	
20109	0	29700	27812	35428	
20110	0	29776	27816	35420	
20111	0	29853	27801	35433	
20112	0	29924	27804	35432	
20113	0	30010	27804	35429	
20114	0	30084	27808	35422	
20115	0	30169	27808	35428	
20116	0	30244	27808	35436	
20117	0	30321	27804	35436	
20118	0	30397	27802	35440	
20119	0	30472	27808	35425	
20120	0	30548	27813	35425	
20121	0	30624	27808	35444	
20122	0	30700	27810	35420	
20123	0	30780	27816	35396	
20124	0	30852	27836	35396	
20125	0	30932	27841	35432	
20126	0	31004	27828	35420	
20127	0	31080	27808	35432	
20128	0	31152	27832	35428	
20129	0	31232	27848	35440	
20130	0	31309	27844	35416	
20131	0	31376	27824	35440	
20132	0	31452	27849	35428	
20133	0	31532	27840	35432	
20134	0	31604	27844	35425	
20135	0	31680	27832	35428	
20136	0	31748	27869	35412	
20137	0	31820	27869	35416	
20138	0	31896	27900	35396	
20139	0	31972	27872	35424	
20140	0	32044	27872	35408	
20141	0	32112	27865	35436	
20142	0	32190	27873	35416	
20143	0	32256	27900	35428	
20144	0	32328	27900	35436	
20145	0	32396	27909	35408	
20146	0	32472	27912	35433	
20147	0	32544	27900	35424	
20148	0	32605	27906	35424	
20149	0	32676	27928	35412	
20150	0	32741	27924	35424	
20151	0	32812	27936	35420	
20152	0	32892	27940	35432	
20153	0	32956	27937	35420	
20154	0	33018	27928	35420	
20155	0	33092	27952	35440	
20156	0	33152	27952	35432	
20157	0	33224	27898	35424	
20158	0	33292	27924	35392	
20159	0	33356	27920	35436	
20160	0	33420	27912	35448	
20161	0	33488	27922	35428	
20162	0	33560	27932	35424	
20163	0	33620	27936	35404	
20164	0	33688	27941	35428	
20165	0	33756	27948	35416	
20166	0	33820	27961	35429	
20167	0	33876	27963	35417	
20168	0	33948	27964	35444	
20169	0	34009	27972	35433	
20170	0	34072	27968	35428	
20171	0	34140	27948	35388	
20172	0	34196	27960	35404	
20173	0	34264	27962	35404	
20174	0	34320	27984	35412	
20175	0	34384	27980	35444	
20176	0	34444	27984	35416	
20177	0	34512	28001	35437	
20178	0	34568	27988	35405	
20179	0	34636	28001	35408	
20180	0	34692	27994	35409	
20181	0	34752	27997	35424	
20182	0	34808	28001	35408	
20183	0	34864	28016	35424	
20184	0	34924	28016	35449	
20185	0	34984	28001	35420	
20186	0	35040	28033	35384	
20187	0	35096	28024	35420	
20188	0	35156	28001	35428	
20189	0	35214	28015	35428	
20190	0	35272	28012	35428	
20191	0	35324	28020	35436	
20192	0	35384	28032	35421	
20193	0	35444	28036	35392	
20194	0	35492	28012	35432	
20195	0	35548	28043	35424	
20196	0	35600	28044	35412	
20197	0	35652	28044	35424	
20198	0	35713	28028	35424	
20199	0	35760	28022	35429	
20200	0	35808	28036	35420	
20201	0	35868	28044	35416	
20202	0	35920	28060	35421	
20203	0	35968	28049	35416	
20204	0	36016	28056	35412	
20205	0	36072	28064	35416	
20206	0	36116	28044	35437	
20207	0	36164	28032	35425	
20208	0	36220	28041	35408	
20209	0	36260	28044	35432	
20210	0	36316	28053	35420	
20211	0	36356	28072	35432	
20212	0	36408	28052	35432	
20213	0	36452	28064	35420	
20214	0	36493	28065	35424	
20215	0	36548	28084	35416	
20216	0	36584	28057	35420	
20217	0	36636	28084	35404	
20218	0	36672	28080	35412	
20219	0	36716	28080	35428	
20220	0	36744	28080	35420	
20221	0	36792	28064	35428	
20222	0	36832	28068	35404	
20223	0	36868	28080	35416	
20224	0	36912	28096	35404	
20225	0	36948	28068	35444	
20226	0	36984	28088	35432	
20227	0	37016	28080	35424	
20228	0	37052	28073	35428	
20229	0	37080	28072	35432	
20230	0	37112	28080	35408	
20231	0	37144	28073	35428	
20232	0	37172	28076	35416	
20233	0	37208	28073	35444	
20234	0	37228	28068	35432	
20235	0	37248	28069	35412	
20236	0	37280	28080	35420	
20237	0	37305	28081	35416	
20238	0	37320	28076	35424	
20239	0	37348	28072	35428	
20240	0	37368	28072	35418	
20241	0	37385	28104	35396	
20242	0	37404	28096	35424	
20243	0	37424	28087	35420	
20244	0	37440	28080	35432	
20245	0	37452	28081	35396	
20246	0	37468	28096	35408	
20247	0	37476	28100	35386	
20248	0	37484	28073	35416	
20249	0	37496	28073	35442	
20250	0	37508	28064	35468	
20251	0	37508	28072	35436	
20252	0	37508	28084	35432	
20253	0	37512	28080	35416	
20254	0	37520	28092	35420	
20255	0	37524	28104	35404	
20256	0	37520	28089	35425	
20257	0	37508	28088	35416	
20258	0	37512	28112	35424	
20259	0	37508	28100	35376	
20260	0	37508	28084	35428	
20261	0	37504	28076	35452	
20262	0	37492	28081	35412	
20263	0	37484	28088	35432	
20264	0	37472	28092	35412	
20265	0	37464	28076	35440	
20266	0	37452	28088	35424	
20267	0	37440	28092	35420	
20268	0	37425	28092	35406	
20269	0	37408	28088	35409	
20270	0	37381	28080	35408	
20271	0	37377	28080	35404	
20272	0	37356	28072	35400	
20273	0	37344	28073	35404	
20274	0	37324	28061	35416	
20275	0	37304	28092	35412	
20276	0	37280	28093	35385	
20277	0	37256	28100	35392	
20278	0	37228	28092	35401	
20279	0	37212	28072	35420	
20280	0	37184	28084	35396	
20281	0	37160	28084	35428	
20282	0	37136	28072	35421	
20283	0	37104	28088	35432	
20284	0	37084	28080	35424	
20285	0	37052	28092	35424	
20286	0	37036	28097	35432	
20287	0	37000	28101	35424	
20288	0	36964	28076	35408	
20289	0	36936	28092	35409	
20290	0	36912	28088	35408	
20291	0	36880	28092	35400	
20292	0	36845	28076	35416	
20293	0	36809	28077	35416	
20294	0	36788	28068	35408	
20295	0	36752	28048	35424	
20296	0	36716	28060	35429	
20297	0	36684	28044	35448	
20298	0	36664	28032	35456	
20299	0	36620	28072	35429	
20300	0	36584	28069	35421	
20301	0	36544	28088	35404	
20302	0	36520	28073	35424	
20303	0	36484	28064	35428	
20304	0	36448	28060	35428	
20305	0	36420	28056	35428	
20306	0	36376	28072	35400	
20307	0	36344	28084	35416	
20308	0	36308	28074	35428	
20309	0	36272	28068	35412	
20310	0	36240	28052	35424	
20311	0	36200	28056	35428	
20312	0	36164	28024	35413	
20313	0	36124	28058	35404	
20314	0	36084	28048	35428	
20315	0	36048	28057	35416	
20316	0	36012	28052	35436	
20317	0	35972	28048	35440	
20318	0	35928	28064	35416	
20319	0	35888	28032	35424	
20320	0	35852	28048	35428	
20321	0	35808	28032	35432	
20322	0	35768	28060	35428	
20323	0	35728	28038	35424	
20324	0	35684	28036	35420	
20325	0	35636	28040	35412	
20326	0	35604	28028	35425	
20327	0	35552	28033	35420	
20328	0	35520	28032	35410	
20329	0	35464	28042	35414	
20330	0	35420	28028	35398	
20331	0	35380	28016	35408	
20332	0	35332	28032	35428	
20333	0	35284	28014	35400	
20334	0	35236	28024	35405	
20335	0	35192	28009	35420	
20336	0	35137	28013	35441	
20337	0	35092	28012	35412	
20338	0	35040	28004	35424	
20339	0	34997	28008	35436	
20340	0	34944	27997	35440	
20341	0	34888	28008	35432	
20342	0	34844	28008	35416	
20343	0	34788	28000	35404	
20344	0	34744	28010	35414	
20345	0	34688	27992	35420	
20346	0	34624	27988	35424	
20347	0	34576	27984	35420	
20348	0	34520	27997	35420	
20349	0	34468	28012	35432	
20350	0	34412	28012	35424	
20351	0	34352	27984	35424	
20352	0	34292	27968	35414	
20353	0	34244	27956	35424	
20354	0	34186	27956	35426	
20355	0	34120	27973	35404	
20356	0	34072	27945	35404	
20357	0	34004	27968	35404	
20358	0	33948	27975	35416	
20359	0	33892	27969	35416	
20360	0	33828	27970	35416	
20361	0	33765	27928	35388	
20362	0	33708	27920	35416	
20363	0	33652	27920	35428	
20364	0	33590	27909	35432	
20365	0	33532	27920	35432	
20366	0	33468	27936	35412	
20367	0	33408	27934	35424	
20368	0	33348	27920	35420	
20369	0	33280	27932	35416	
20370	0	33220	27904	35412	
20371	0	33154	27952	35404	
20372	0	33092	27944	35412	
20373	0	33024	27928	35424	
20374	0	32968	27944	35424	
20375	0	32908	27920	35424	
20376	0	32836	27938	35404	
20377	0	32784	27944	35404	
20378	0	32720	27913	35416	
20379	0	32656	27912	35412	
20380	0	32592	27928	35416	
20381	0	32528	27916	35404	
20382	0	32461	27888	35408	
20383	0	32404	27916	35404	
20384	0	32345	27909	35412	
20385	0	32288	27908	35416	
20386	0	32225	27872	35428	
20387	0	32161	27876	35421	
20388	0	32104	27872	35408	
20389	0	32044	27860	35424	
20390	0	31985	27874	35424	
20391	0	31924	27860	35444	
20392	0	31865	27869	35432	
20393	0	31809	27872	35428	
20394	0	31748	27849	35432	
20395	0	31696	27812	35436	
20396	0	31637	27822	35428	
20397	0	31580	27856	35420	
20398	0	31528	27865	35424	
20399	0	31474	27849	35416	
20400	0	31416	27824	35428	
20401	0	31360	27832	35408	
20402	0	31312	27840	35432	
20403	0	31256	27832	35404	
20404	0	31204	27825	35400	
20405	0	31148	27820	35424	
20406	0	31092	27816	35416	
20407	0	31052	27810	35424	
20408	0	30992	27804	35420	
20409	0	30948	27813	35436	
20410	0	30896	27830	35420	
20411	0	30844	27828	35412	
20412	0	30800	27824	35404	
20413	0	30748	27806	35404	
20414	0	30697	27809	35412	
20415	0	30656	27800	35412	
20416	0	30612	27804	35420	
20417	0	30560	27812	35404	
20418	0	30516	27820	35436	
20419	0	30448	27790	35408	
20420	0	30428	27800	35437	
20421	0	30376	27816	35420	
20422	0	30334	27816	35416	
20423	0	30292	27796	35416	
20424	0	30244	27777	35444	
20425	0	30208	27790	35424	
20426	0	30166	27784	35420	
20427	0	30124	27800	35392	
20428	0	30078	27805	35404	
20429	0	30040	27804	35408	
20430	0	30000	27792	35400	
20431	0	29964	27789	35420	
20432	0	29920	27802	35424	
20433	0	29884	27789	35424	
20434	0	29852	27808	35396	
20435	0	29804	27812	35400	
20436	0	29764	27796	35424	
20437	0	29728	27808	35420	
20438	0	29692	27812	35425	
20439	0	29652	27808	35409	
20440	0	29624	27804	35412	
20441	0	29577	27789	35404	
20442	0	29552	27804	35424	
20443	0	29524	27796	35417	
20444	0	29492	27816	35424	
20445	0	29452	27824	35416	
20446	0	29416	27800	35428	
20447	0	29390	27822	35420	
20448	0	29356	27828	35412	
20449	0	29320	27816	35401	
20450	0	29296	27802	35412	
20451	0	29264	27796	35444	
20452	0	29248	27816	35418	
20453	0	29210	27804	35424	
20454	0	29184	27832	35413	
20455	0	29152	27836	35400	
20456	0	29128	27813	35416	
20457	0	29105	27825	35432	
20458	0	29080	27833	35401	
20459	0	29056	27840	35421	
20460	0	29028	27820	35416	
20461	0	29004	27829	35414	
20462	0	28980	27836	35424	
20463	0	28960	27832	35409	
20464	0	28936	27832	35404	
20465	0	28916	27820	35420	
20466	0	28896	27817	35420	
20467	0	28880	27829	35436	
20468	0	28856	27826	35429	
20469	0	28836	27828	35388	
20470	0	28817	27808	35392	
20471	0	28797	27812	35420	
20472	0	28784	27784	35424	
20473	0	28764	27824	35404	
20474	0	28752	27816	35396	
20475	0	28720	27809	35416	
20476	0	28712	27808	35404	
20477	0	28700	27828	35404	
20478	0	28680	27813	35416	
20479	0	28664	27836	35420	
20480	0	28658	27836	35428	
20481	0	28640	27852	35404	
20482	0	28632	27868	35396	
20483	0	28616	27860	35432	
20484	0	28608	27856	35416	
20485	0	28596	27860	35420	
20486	0	28592	27836	35428	
20487	0	28584	27861	35404	
20488	0	28576	27876	35396	
20489	0	28568	27856	35413	
20490	0	28564	27852	35448	
20491	0	28552	27852	35408	
20492	0	28560	27825	35428	
20493	0	28552	27830	35424	
20494	0	28549	27864	35420	
20495	0	28545	27864	35412	
20496	0	28549	27876	35396	
20497	0	28544	27868	35400	
20498	0	28548	27840	35424	
20499	0	28552	27828	35429	
20500	0	28556	27836	35404	
20501	0	28560	27841	35408	
20502	0	28560	27876	35412	
20503	0	28576	27840	35392	
20504	0	28584	27848	35420	
20505	0	28584	27836	35424	
20506	0	28600	27844	35404	
20507	0	28608	27864	35392	
20508	0	28620	27844	35429	
20509	0	28632	27856	35404	
20510	0	28644	27850	35412	
20511	0	28660	27848	35424	
20512	0	28676	27836	35404	
20513	0	28692	27820	35424	
20514	0	28717	27812	35440	
20515	0	28732	27808	35448	
20516	0	28752	27832	35424	
20517	0	28769	27840	35420	
20518	0	28800	27832	35404	
20519	0	28824	27832	35416	
20520	0	28856	27809	35428	
20521	0	28876	27810	35412	
20522	0	28912	27805	35412	
20523	0	28932	27828	35416	
20524	0	28960	27836	35409	
20525	0	28992	27836	35432	
20526	0	29024	27836	35428	
20527	0	29056	27821	35440	
20528	0	29085	27796	35444	
20529	0	29124	27816	35456	
20530	0	29156	27828	35400	
20531	0	29188	27813	35400	
20532	0	29232	27812	35420	
20533	0	29264	27812	35408	
20534	0	29308	27788	35404	
20535	0	29348	27798	35420	
20536	0	29378	27832	35440	
20537	0	29424	27824	35384	
20538	0	29472	27780	35412	
20539	0	29520	27824	35416	
20540	0	29568	27801	35412	
20541	0	29605	27804	35404	
20542	0	29648	27804	35408	
20543	0	29693	27796	35428	
20544	0	29740	27840	35412	
20545	0	29792	27789	35400	
20546	0	29836	27802	35440	
20547	0	29888	27796	35396	
20548	0	29940	27788	35412	
20549	0	29980	27842	35392	
20550	0	30036	27780	35392	
20551	0	30088	27796	35420	
20552	0	30140	27824	35404	
20553	0	30196	27792	35418	
20554	0	30248	27790	35417	
20555	0	30296	27796	35408	
20556	0	30353	27780	35421	
20557	0	30408	27788	35424	
20558	0	30464	27788	35353	
20559	0	30516	27808	35406	
20560	0	30580	27820	35416	
20561	0	30636	27793	35381	
20562	0	30696	27792	35420	
20563	0	30753	27816	35428	
20564	0	30805	27809	35384	
20565	0	30864	27828	35408	
20566	0	30932	27828	35412	
20567	0	30992	27808	35404	
20568	0	31044	27840	35400	
20569	0	31100	27808	35404	
20570	0	31168	27805	35412	
20571	0	31228	27820	35416	
20572	0	31288	27834	35436	
20573	0	31344	27824	35401	
20574	0	31404	27832	35416	
20575	0	31464	27836	35416	
20576	0	31529	27824	35436	
20577	0	31588	27841	35412	
20578	0	31652	27844	35416	
20579	0	31712	27844	35401	
20580	0	31777	27856	35400	
20581	0	31837	27892	35400	
20582	0	31900	27880	35392	
20583	0	31960	27892	35408	
20584	0	32024	27868	35416	
20585	0	32090	27872	35456	
20586	0	32148	27860	35416	
20587	0	32208	27856	35432	
20588	0	32272	27884	35432	
20589	0	32336	27880	35440	
20590	0	32397	27894	35410	
20591	0	32460	27909	35400	
20592	0	32520	27904	35400	
20593	0	32576	27912	35428	
20594	0	32648	27900	35432	
20595	0	32700	27889	35436	
20596	0	32772	27936	35416	
20597	0	32828	27928	35417	
20598	0	32892	27925	35420	
20599	0	32960	27940	35424	
20600	0	33016	27944	35404	
20601	0	33080	27957	35404	
20602	0	33144	27940	35424	
20603	0	33208	27892	35408	
20604	0	33268	27900	35408	
20605	0	33328	27925	35420	
20606	0	33392	27940	35432	
20607	0	33452	27944	35428	
20608	0	33517	27934	35400	
20609	0	33573	27936	35412	
20610	0	33644	27929	35408	
20611	0	33708	27936	35428	
20612	0	33765	27940	35409	
20613	0	33832	27960	35402	
20614	0	33888	27956	35432	
20615	0	33952	27968	35420	
20616	0	34016	27968	35416	
20617	0	34084	27980	35408	
20618	0	34140	27964	35396	
20619	0	34200	27956	35416	
20620	0	34260	27952	35424	
20621	0	34320	27988	35404	
20622	0	34388	28000	35416	
20623	0	34440	27996	35400	
20624	0	34512	27988	35424	
20625	0	34568	27992	35412	
20626	0	34632	27992	35416	
20627	0	34696	27988	35432	
20628	0	34756	28004	35436	
20629	0	34812	28008	35418	
20630	0	34880	28033	35424	
20631	0	34932	28028	35412	
20632	0	35000	28013	35440	
20633	0	35056	28017	35428	
20634	0	35112	28004	35432	
20635	0	35176	28000	35408	
20636	0	35237	27992	35404	
20637	0	35300	27997	35448	
20638	0	35360	28028	35416	
20639	0	35416	28032	35430	
20640	0	35476	28033	35436	
20641	0	35532	28030	35432	
20642	0	35588	28048	35424	
20643	0	35648	28044	35428	
20644	0	35708	28036	35424	
20645	0	35762	28036	35432	
20646	0	35818	28033	35412	
20647	0	35876	28048	35417	
20648	0	35940	28057	35401	
20649	0	35989	28041	35424	
20650	0	36044	28040	35436	
20651	0	36109	28052	35424	
20652	0	36160	28044	35409	
20653	0	36212	28065	35400	
20654	0	36268	28046	35408	
20655	0	36328	28054	35412	
20656	0	36384	28077	35408	
20657	0	36432	28082	35404	
20658	0	36484	28088	35405	
20659	0	36544	28064	35416	
20660	0	36592	28060	35417	
20661	0	36656	28076	35421	
20662	0	36700	28065	35428	
20663	0	36752	28060	35424	
20664	0	36808	28065	35425	
20665	0	36852	28064	35420	
20666	0	36908	28089	35392	
20667	0	36964	28084	35424	
20668	0	37012	28077	35400	
20669	0	37064	28081	35400	
20670	0	37108	28066	35432	
20671	0	37156	28064	35428	
20672	0	37208	28060	35420	
20673	0	37256	28068	35429	
20674	0	37298	28076	35420	
20675	0	37332	28088	35422	
20676	0	37388	28090	35409	
20677	0	37440	28088	35424	
20678	0	37480	28100	35400	
20679	0	37524	28077	35404	
20680	0	37568	28096	35424	
20681	0	37609	28084	35406	
20682	0	37652	28096	35408	
20683	0	37688	28092	35424	
20684	0	37728	28092	35428	
20685	0	37772	28100	35448	
20686	0	37812	28092	35408	
20687	0	37844	28078	35416	
20688	0	37884	28076	35428	
20689	0	37917	28084	35452	
20690	0	37956	28100	35440	
20691	0	37984	28100	35436	
20692	0	38024	28089	35416	
20693	0	38052	28085	35420	
20694	0	38088	28088	35424	
20695	0	38116	28092	35404	
20696	0	38144	28105	35413	
20697	0	38172	28095	35433	
20698	0	38204	28104	35424	
20699	0	38221	28088	35424	
20700	0	38252	28068	35433	
20701	0	38276	28092	35424	
20702	0	38297	28066	35408	
20703	0	38316	28073	35412	
20704	0	38344	28068	35424	
20705	0	38364	28090	35424	
20706	0	38376	28092	35433	
20707	0	38400	28104	35428	
20708	0	38424	28080	35412	
20709	0	38432	28104	35400	
20710	0	38444	28109	35424	
20711	0	38458	28088	35428	
20712	0	38476	28096	35420	
20713	0	38488	28096	35428	
20714	0	38492	28104	35408	
20715	0	38504	28096	35432	
20716	0	38512	28112	35420	
20717	0	38520	28096	35408	
20718	0	38520	28100	35404	
20719	0	38528	28093	35416	
20720	0	38532	28124	35404	
20721	0	38536	28100	35425	
20722	0	38544	28106	35418	
20723	0	38540	28104	35416	
20724	0	38536	28096	35412	
20725	0	38540	28093	35408	
20726	0	38540	28092	35416	
20727	0	38528	28096	35369	
20728	0	38532	28112	35400	
20729	0	38524	28104	35414	
20730	0	38524	28108	35408	
20731	0	38512	28090	35420	
20732	0	38505	28100	35428	
20733	0	38500	28100	35424	
20734	0	38492	28088	35432	
20735	0	38476	28112	35408	
20736	0	38472	28090	35408	
20737	0	38452	28084	35424	
20738	0	38456	28093	35420	
20739	0	38432	28104	35421	
20740	0	38420	28088	35412	
20741	0	38396	28104	35396	
20742	0	38392	28108	35408	
20743	0	38368	28093	35436	
20744	0	38356	28085	35416	
20745	0	38336	28096	35429	
20746	0	38320	28084	35400	
20747	0	38300	28100	35424	
20748	0	38292	28096	35420	
20749	0	38262	28084	35420	
20750	0	38240	28096	35412	
20751	0	38220	28088	35420	
20752	0	38204	28084	35429	
20753	0	38176	28088	35424	
20754	0	38152	28068	35428	
20755	0	38128	28092	35424	
20756	0	38100	28072	35400	
20757	0	38080	28081	35412	
20758	0	38048	28096	35412	
20759	0	38024	28096	35420	
20760	0	38001	28094	35428	
20761	0	37972	28072	35428	
20762	0	37952	28096	35408	
20763	0	37916	28098	35404	
20764	0	37884	28084	35400	
20765	0	37864	28084	35437	
20766	0	37836	28096	35408	
20767	0	37796	28068	35428	
20768	0	37773	28076	35426	
20769	0	37744	28085	35394	
20770	0	37704	28096	35424	
20771	0	37676	28084	35408	
20772	0	37632	28064	35428	
20773	0	37608	28088	35424	
20774	0	37572	28076	35424	
20775	0	37544	28072	35436	
20776	0	37496	28076	35424	
20777	0	37476	28064	35428	
20778	0	37432	28092	35404	
20779	0	37400	28096	35408	
20780	0	37352	28080	35401	
20781	0	37316	28080	35400	
20782	0	37276	28078	35422	
20783	0	37244	28096	35416	
20784	0	37200	28080	35392	
20785	0	37164	28072	35396	
20786	0	37124	28073	35424	
20787	0	37092	28096	35405	
20788	0	37044	28076	35428	
20789	0	37012	28080	35404	
20790	0	36960	28082	35408	
20791	0	36924	28073	35424	
20792	0	36868	28081	35420	
20793	0	36832	28060	35420	
20794	0	36788	28062	35440	
20795	0	36740	28072	35424	
20796	0	36712	28078	35408	
20797	0	36656	28062	35408	
20798	0	36612	28074	35412	
20799	0	36572	28080	35428	
20800	0	36520	28080	35428	
20801	0	36480	28052	35420	
20802	0	36436	28072	35432	
20803	0	36384	28092	35414	
20804	0	36337	28052	35428	
20805	0	36296	28056	35416	
20806	0	36252	28064	35416	
20807	0	36196	28044	35424	
20808	0	36153	28048	35408	
20809	0	36112	28052	35409	
20810	0	36056	28060	35404	
20811	0	36012	28068	35424	
20812	0	35968	28041	35433	
20813	0	35912	28052	35424	
20814	0	35857	28032	35424	
20815	0	35820	28040	35408	
20816	0	35760	28045	35400	
20817	0	35716	28040	35436	
20818	0	35668	28044	35416	
20819	0	35620	28032	35412	
20820	0	35568	28005	35400	
20821	0	35520	28000	35444	
20822	0	35464	28001	35444	
20823	0	35420	28056	35404	
20824	0	35369	28045	35380	
20825	0	35312	28032	35400	
20826	0	35256	27984	35449	
20827	0	35200	27989	35456	
20828	0	35152	28012	35422	
20829	0	35100	28016	35416	
20830	0	35044	28016	35396	
20831	0	34992	28004	35408	
20832	0	34944	28008	35425	
20833	0	34892	27996	35452	
20834	0	34836	28005	35424	
20835	0	34784	28009	35416	
20836	0	34728	27984	35404	
20837	0	34672	27988	35400	
20838	0	34616	27976	35414	
20839	0	34556	27984	35385	
20840	0	34504	27980	35416	
20841	0	34456	27976	35428	
20842	0	34393	27956	35432	
20843	0	34340	27984	35429	
20844	0	34288	27965	35420	
20845	0	34228	27964	35437	
20846	0	34176	27945	35428	
20847	0	34128	27952	35424	
20848	0	34076	27952	35418	
20849	0	34028	27960	35400	
20850	0	33956	27965	35426	
20851	0	33904	27956	35420	
20852	0	33848	27948	35420	
20853	0	33792	27964	35437	
20854	0	33744	27956	35412	
20855	0	33692	27936	35420	
20856	0	33636	27936	35416	
20857	0	33580	27924	35408	
20858	0	33524	27936	35392	
20859	0	33472	27908	35424	
20860	0	33413	27908	35432	
20861	0	33368	27928	35408	
20862	0	33305	27918	35409	
20863	0	33252	27876	35424	
20864	0	33201	27888	35440	
20865	0	33148	27940	35425	
20866	0	33088	27936	35422	
20867	0	33032	27936	35428	
20868	0	32982	27936	35424	
20869	0	32933	27936	35420	
20870	0	32872	27925	35424	
20871	0	32820	27924	35398	
20872	0	32764	27913	35412	
20873	0	32704	27912	35408	
20874	0	32656	27900	35420	
20875	0	32600	27912	35401	
20876	0	32548	27904	35421	
20877	0	32488	27897	35440	
20878	0	32432	27876	35429	
20879	0	32376	27896	35404	
20880	0	32325	27896	35408	
20881	0	32268	27888	35396	
20882	0	32224	27872	35436	
20883	0	32164	27868	35412	
20884	0	32112	27884	35412	
20885	0	32056	27872	35424	
20886	0	32000	27876	35416	
20887	0	31956	27877	35404	
20888	0	31900	27880	35420	
20889	0	31845	27850	35437	
20890	0	31788	27872	35428	
20891	0	31738	27812	35432	
20892	0	31688	27844	35440	
20893	0	31641	27846	35412	
20894	0	31588	27856	35424	
20895	0	31540	27840	35400	
20896	0	31488	27840	35412	
20897	0	31424	27824	35440	
20898	0	31377	27828	35404	
20899	0	31332	27844	35400	
20900	0	31288	27840	35416	
20901	0	31228	27832	35396	
20902	0	31184	27800	35400	
20903	0	31132	27824	35408	
20904	0	31084	27821	35392	
20905	0	31040	27824	35408	
20906	0	30988	27820	35417	
20907	0	30944	27837	35408	
20908	0	30896	27800	35424	
20909	0	30848	27806	35416	
20910	0	30800	27812	35404	
20911	0	30756	27808	35420	
20912	0	30708	27824	35416	
20913	0	30660	27821	35404	
20914	0	30616	27801	35416	
20915	0	30572	27822	35404	
20916	0	30525	27800	35408	
20917	0	30488	27784	35412	
20918	0	30436	27792	35432	
20919	0	30388	27800	35420	
20920	0	30352	27800	35412	
20921	0	30313	27782	35436	
20922	0	30256	27792	35444	
20923	0	30222	27789	35424	
20924	0	30172	27796	35412	
20925	0	30128	27788	35400	
20926	0	30088	27808	35408	
20927	0	30048	27797	35404	
20928	0	30000	27796	35424	
20929	0	29960	27812	35420	
20930	0	29920	27800	35432	
20931	0	29868	27800	35397	
20932	0	29832	27808	35409	
20933	0	29792	27808	35409	
20934	0	29752	27796	35416	
20935	0	29705	27800	35408	
20936	0	29664	27808	35416	
20937	0	29628	27789	35420	
20938	0	29588	27820	35388	
20939	0	29549	27796	35400	
20940	0	29500	27808	35424	
20941	0	29464	27793	35392	
20942	0	29416	27816	35397	
20943	0	29376	27816	35440	
20944	0	29337	27796	35404	
20945	0	29296	27796	35424	
20946	0	29260	27806	35401	
20947	0	29220	27824	35400	
20948	0	29184	27832	35408	
20949	0	29148	27848	35388	
20950	0	29112	27829	35408	
20951	0	29056	27824	35428	
20952	0	29032	27808	35416	
20953	0	28992	27821	35400	
20954	0	28960	27844	35416	
20955	0	28916	27836	35385	
20956	0	28885	27829	35404	
20957	0	28844	27842	35404	
20958	0	28816	27828	35396	
20959	0	28780	27812	35404	
20960	0	28752	27822	35426	
20961	0	28713	27808	35428	
20962	0	28676	27804	35420	
20963	0	28644	27832	35448	
20964	0	28608	27872	35397	
20965	0	28576	27873	35388	
20966	0	28550	27876	35364	
20967	0	28516	27844	35420	
20968	0	28488	27840	35436	
20969	0	28456	27848	35389	
20970	0	28424	27864	35408	
20971	0	28400	27896	35384	
20972	0	28368	27845	35404	
20973	0	28344	27848	35400	
20974	0	28316	27825	35388	
20975	0	28288	27848	35424	
20976	0	28256	27885	35408	
20977	0	28236	27860	35384	
20978	0	28209	27876	35392	
20979	0	28184	27864	35397	
20980	0	28157	27928	35396	
20981	0	28128	27916	35389	
20982	0	28112	27877	35412	
20983	0	28077	27897	35424	
20984	0	28054	27899	35396	
20985	0	28036	27872	35428	
20986	0	28018	27872	35424	
20987	0	27994	27872	35396	
20988	0	27972	27884	35400	
20989	0	27948	27876	35404	
20990	0	27930	27888	35408	
20991	0	27912	27884	35413	
20992	0	27896	27864	35392	
20993	0	27872	27880	35404	
20994	0	27848	27912	35396	
20995	0	27834	27884	35417	
20996	0	27816	27884	35412	
20997	0	27800	27859	35416	
20998	0	27784	27888	35400	
20999	0	27764	27873	35432	
21000	0	27748	27868	35393	
21001	0	27732	27881	35413	
21002	0	27712	27904	35404	
21003	0	27704	27892	35416	
21004	0	27688	27912	35416	
21005	0	27676	27885	35400	
21006	0	27664	27892	35424	
21007	0	27652	27888	35404	
21008	0	27640	27936	35409	
21009	0	27620	27928	35392	
21010	0	27612	27896	35444	
21011	0	27602	27920	35416	
21012	0	27592	27917	35408	
21013	0	27580	27928	35392	
21014	0	27574	27908	35448	
21015	0	27564	27936	35396	
21016	0	27556	27932	35389	
21017	0	27545	27916	35400	
21018	0	27540	27957	35420	
21019	0	27536	27944	35408	
21020	0	27536	27940	35408	
21021	0	27532	27912	35440	
21022	0	27528	27936	35409	
21023	0	27528	27928	35404	
21024	0	27520	27936	35432	
21025	0	27521	27917	35428	
21026	0	27520	27898	35448	
21027	0	27520	27926	35397	
21028	0	27521	27928	35400	
21029	0	27525	27948	35388	
21030	0	27526	27960	35412	
21031	0	27528	27952	35388	
21032	0	27536	27948	35408	
21033	0	27540	27920	35420	
21034	0	27552	27928	35400	
21035	0	27564	27940	35404	
21036	0	27560	27937	35392	
21037	0	27576	27930	35428	
21038	0	27576	27936	35424	
21039	0	27597	27934	35432	
21040	0	27616	27926	35416	
21041	0	27628	27904	35416	
21042	0	27648	27905	35397	
21043	0	27660	27872	35421	
21044	0	27681	27900	35408	
21045	0	27700	27888	35424	
21046	0	27720	27892	35424	
21047	0	27738	27881	35408	
21048	0	27762	27864	35416	
21049	0	27788	27872	35412	
21050	0	27812	27880	35424	
21051	0	27836	27900	35388	
21052	0	27868	27890	35424	
21053	0	27892	27910	35412	
21054	0	27920	27896	35428	
21055	0	27952	27880	35420	
21056	0	27984	27876	35404	
21057	0	28018	27906	35404	
21058	0	28048	27872	35440	
21059	0	28080	27885	35401	
21060	0	28120	27892	35416	
21061	0	28160	27901	35400	
21062	0	28196	27874	35408	
21063	0	28244	27856	35412	
21064	0	28280	27848	35408	
21065	0	28317	27872	35404	
21066	0	28360	27866	35412	
21067	0	28412	27880	35392	
21068	0	28452	27876	35388	
21069	0	28492	27849	35408	
21070	0	28541	27841	35404	
21071	0	28588	27852	35392	
21072	0	28636	27852	35420	
21073	0	28692	27816	35388	
21074	0	28733	27801	35424	
21075	0	28788	27840	35408	
21076	0	28844	27828	35388	
21077	0	28888	27820	35428	
21078	0	28940	27817	35396	
21079	0	29000	27848	35416	
21080	0	29056	27812	35420	
21081	0	29104	27833	35425	
21082	0	29160	27840	35420	
21083	0	29216	27832	35388	
21084	0	29280	27818	35412	
21085	0	29342	27796	35408	
21086	0	29400	27821	35416	
21087	0	29460	27828	35412	
21088	0	29524	27804	35380	
21089	0	29572	27828	35384	
21090	0	29648	27828	35400	
21091	0	29704	27788	35416	
21092	0	29772	27777	35437	
21093	0	29833	27796	35416	
21094	0	29893	27812	35408	
21095	0	29964	27805	35408	
21096	0	30021	27798	35432	
21097	0	30100	27809	35412	
21098	0	30169	27800	35412	
21099	0	30232	27812	35420	
21100	0	30300	27816	35408	
21101	0	30368	27818	35417	
21102	0	30432	27821	35416	
21103	0	30508	27809	35412	
21104	0	30580	27804	35440	
21105	0	30645	27792	35408	
21106	0	30724	27812	35414	
21107	0	30784	27825	35420	
21108	0	30864	27812	35396	
21109	0	30936	27817	35408	
21110	0	31008	27812	35402	
21111	0	31080	27805	35416	
21112	0	31148	27828	35404	
21113	0	31228	27824	35396	
21114	0	31296	27833	35409	
21115	0	31369	27826	35412	
21116	0	31450	27832	35428	
21117	0	31528	27849	35420	
21118	0	31600	27840	35440	
21119	0	31672	27840	35424	
21120	0	31748	27860	35418	
21121	0	31820	27872	35412	
21122	0	31893	27872	35416	
21123	0	31968	27892	35424	
21124	0	32042	27876	35392	
21125	0	32120	27896	35396	
21126	0	32192	27884	35420	
21127	0	32268	27892	35386	
21128	0	32348	27905	35412	
21129	0	32417	27904	35408	
21130	0	32488	27896	35412	
21131	0	32560	27900	35412	
21132	0	32641	27896	35424	
21133	0	32708	27885	35420	
21134	0	32792	27926	35420	
21135	0	32860	27928	35408	
21136	0	32937	27938	35420	
21137	0	33008	27928	35432	
21138	0	33081	27940	35400	
21139	0	33164	27948	35416	
21140	0	33232	27896	35408	
21141	0	33304	27924	35424	
21142	0	33380	27932	35416	
21143	0	33452	27936	35404	
21144	0	33524	27946	35404	
21145	0	33576	27909	35372	
21146	0	33664	27936	35388	
21147	0	33744	27922	35400	
21148	0	33804	27940	35404	
21149	0	33880	27940	35412	
21150	0	33948	27940	35428	
21151	0	34016	27948	35424	
21152	0	34084	27964	35408	
21153	0	34148	27968	35412	
21154	0	34220	27973	35400	
21155	0	34292	27948	35404	
21156	0	34362	27976	35416	
21157	0	34425	27984	35400	
21158	0	34492	27984	35420	
21159	0	34560	27988	35417	
21160	0	34624	27992	35400	
21161	0	34688	27996	35404	
21162	0	34760	27993	35392	
21163	0	34820	28017	35400	
21164	0	34880	27990	35412	
21165	0	34944	27993	35416	
21166	0	35016	28024	35408	
21167	0	35076	27992	35404	
21168	0	35136	28000	35400	
21169	0	35196	28032	35400	
21170	0	35260	27996	35400	
21171	0	35320	28008	35404	
21172	0	35378	28033	35408	
21173	0	35436	28037	35416	
21174	0	35500	28004	35432	
21175	0	35556	28018	35428	
21176	0	35616	28029	35392	
21177	0	35680	28036	35412	
21178	0	35736	28048	35401	
21179	0	35785	28037	35405	
21180	0	35844	28045	35410	
21181	0	35896	28044	35408	
21182	0	35956	28061	35412	
21183	0	36016	28064	35400	
21184	0	36060	28044	35416	
21185	0	36116	28052	35420	
21186	0	36172	28052	35412	
21187	0	36229	28060	35408	
21188	0	36280	28044	35420	
21189	0	36324	28056	35412	
21190	0	36376	28056	35408	
21191	0	36424	28042	35412	
21192	0	36484	28064	35396	
21193	0	36540	28056	35408	
21194	0	36584	28057	35408	
21195	0	36629	28064	35400	
21196	0	36680	28068	35406	
21197	0	36732	28066	35392	
21198	0	36784	28048	35416	
21199	0	36825	28045	35412	
21200	0	36884	28073	35401	
21201	0	36928	28080	35380	
21202	0	36976	28076	35400	
21203	0	37020	28068	35408	
21204	0	37068	28068	35424	
21205	0	37112	28068	35428	
21206	0	37156	28069	35416	
21207	0	37201	28060	35416	
21208	0	37244	28068	35397	
21209	0	37292	28092	35404	
21210	0	37336	28066	35400	
21211	0	37372	28072	35414	
21212	0	37416	28064	35420	
21213	0	37472	28076	35400	
21214	0	37504	28076	35412	
21215	0	37548	28084	35401	
21216	0	37596	28092	35396	
21217	0	37632	28092	35405	
21218	0	37680	28072	35408	
21219	0	37713	28084	35414	
21220	0	37752	28082	35404	
21221	0	37796	28080	35404	
21222	0	37840	28088	35412	
21223	0	37872	28088	35408	
21224	0	37912	28088	35396	
21225	0	37946	28096	35400	
21226	0	37980	28093	35392	
21227	0	38020	28089	35386	
21228	0	38060	28108	35386	
21229	0	38092	28104	35392	
21230	0	38120	28096	35392	
21231	0	38152	28084	35409	
21232	0	38196	28105	35392	
21233	0	38217	28084	35404	
21234	0	38252	28080	35416	
21235	0	38292	28088	35412	
21236	0	38316	28092	35388	
21237	0	38352	28084	35400	
21238	0	38376	28088	35408	
21239	0	38404	28072	35408	
21240	0	38436	28084	35396	
21241	0	38464	28096	35401	
21242	0	38488	28080	35388	
21243	0	38516	28100	35376	
21244	0	38540	28096	35396	
21245	0	38564	28098	35408	
21246	0	38584	28097	35396	
21247	0	38608	28104	35396	
21248	0	38620	28112	35384	
21249	0	38640	28104	35396	
21250	0	38660	28088	35420	
21251	0	38676	28105	35408	
21252	0	38672	28100	35388	
21253	0	38712	28092	35408	
21254	0	38720	28096	35384	
21255	0	38740	28082	35408	
21256	0	38752	28090	35408	
21257	0	38764	28084	35408	
21258	0	38772	28089	35420	
21259	0	38776	28092	35396	
21260	0	38788	28076	35396	
21261	0	38792	28082	35388	
21262	0	38800	28100	35385	
21263	0	38800	28101	35377	
21264	0	38804	28120	35384	
21265	0	38808	28113	35368	
21266	0	38816	28096	35408	
21267	0	38796	28072	35400	
21268	0	38800	28088	35392	
21269	0	38804	28096	35412	
21270	0	38792	28090	35396	
21271	0	38782	28100	35372	
21272	0	38780	28072	35400	
21273	0	38777	28089	35416	
21274	0	38752	28084	35416	
21275	0	38748	28084	35405	
21276	0	38740	28092	35416	
21277	0	38720	28100	35404	
21278	0	38704	28101	35392	
21279	0	38692	28116	35384	
21280	0	38672	28104	35416	
21281	0	38650	28108	35372	
21282	0	38632	28093	35396	
21283	0	38604	28096	35400	
21284	0	38584	28088	35408	
21285	0	38565	28100	35424	
21286	0	38538	28092	35424	
21287	0	38508	28070	35410	
21288	0	38473	28096	35420	
21289	0	38452	28092	35401	
21290	0	38420	28080	35392	
21291	0	38384	28084	35396	
21292	0	38360	28092	35396	
21293	0	38328	28096	35424	
21294	0	38276	28088	35392	
21295	0	38248	28096	35406	
21296	0	38216	28108	35400	
21297	0	38180	28092	35412	
21298	0	38144	28085	35392	
21299	0	38108	28081	35412	
21300	0	38064	28078	35409	
21301	0	38016	28068	35428	
21302	0	37972	28080	35408	
21303	0	37936	28092	35392	
21304	0	37885	28096	35392	
21305	0	37840	28084	35417	
21306	0	37796	28088	35400	
21307	0	37748	28080	35416	
21308	0	37696	28096	35393	
21309	0	37656	28105	35396	
21310	0	37604	28089	35376	
21311	0	37560	28084	35404	
21312	0	37508	28046	35400	
21313	0	37456	28080	35436	
21314	0	37400	28057	35412	
21315	0	37352	28048	35412	
21316	0	37304	28064	35424	
21317	0	37256	28076	35408	
21318	0	37196	28072	35396	
21319	0	37144	28097	35389	
21320	0	37088	28072	35412	
21321	0	37033	28072	35424	
21322	0	36980	28064	35392	
21323	0	36920	28064	35412	
21324	0	36864	28080	35384	
21325	0	36800	28064	35404	
21326	0	36744	28054	35424	
21327	0	36688	28055	35424	
21328	0	36624	28060	35400	
21329	0	36572	28068	35396	
21330	0	36509	28068	35404	
21331	0	36452	28068	35408	
21332	0	36388	28052	35400	
21333	0	36336	28040	35408	
21334	0	36272	28028	35412	
21335	0	36212	28021	35408	
21336	0	36144	28020	35420	
21337	0	36084	28048	35396	
21338	0	36012	28060	35376	
21339	0	35956	28044	35401	
21340	0	35892	28044	35408	
21341	0	35840	28064	35380	
21342	0	35776	28030	35400	
21343	0	35716	28010	35400	
21344	0	35645	28048	35380	
21345	0	35580	28044	35404	
21346	0	35516	28025	35416	
21347	0	35464	28020	35384	
21348	0	35397	28009	35428	
21349	0	35328	28020	35412	
21350	0	35268	27990	35392	
21351	0	35208	27993	35396	
21352	0	35144	28000	35404	
21353	0	35076	28008	35432	
21354	0	35016	28001	35396	
21355	0	34956	28016	35396	
21356	0	34896	28006	35388	
21357	0	34828	28012	35412	
21358	0	34772	28000	35416	
21359	0	34700	27988	35396	
21360	0	34636	27984	35396	
21361	0	34576	27996	35385	
21362	0	34512	27984	35384	
21363	0	34456	27968	35404	
21364	0	34400	27992	35400	
21365	0	34336	27976	35392	
21366	0	34272	27950	35424	
21367	0	34208	27960	35416	
21368	0	34148	27960	35400	
21369	0	34084	27952	35396	
21370	0	34028	27941	35396	
21371	0	33968	27948	35396	
21372	0	33908	27949	35409	
21373	0	33848	27956	35396	
21374	0	33784	27920	35368	
21375	0	33728	27928	35388	
21376	0	33670	27924	35401	
21377	0	33608	27912	35424	
21378	0	33548	27917	35412	
21379	0	33492	27912	35420	
21380	0	33433	27920	35408	
21381	0	33376	27936	35400	
21382	0	33312	27916	35392	
21383	0	33260	27892	35392	
21384	0	33198	27880	35396	
21385	0	33140	27928	35408	
21386	0	33084	27936	35400	
21387	0	33032	27920	35404	
21388	0	32972	27936	35396	
21389	0	32908	27920	35416	
21390	0	32848	27927	35400	
21391	0	32800	27925	35428	
21392	0	32740	27908	35396	
21393	0	32681	27898	35384	
21394	0	32620	27908	35392	
21395	0	32561	27897	35404	
21396	0	32504	27896	35396	
21397	0	32456	27889	35392	
21398	0	32397	27908	35396	
21399	0	32332	27890	35380	
21400	0	32284	27872	35380	
21401	0	32224	27857	35396	
21402	0	32165	27841	35412	
21403	0	32112	27870	35396	
21404	0	32053	27868	35388	
21405	0	32000	27852	35400	
21406	0	31940	27864	35392	
21407	0	31888	27840	35404	
21408	0	31829	27841	35412	
21409	0	31776	27840	35392	
21410	0	31720	27818	35385	
21411	0	31664	27824	35400	
21412	0	31612	27836	35400	
21413	0	31556	27813	35404	
21414	0	31504	27824	35412	
21415	0	31450	27834	35408	
21416	0	31392	27840	35384	
21417	0	31348	27828	35392	
21418	0	31292	27829	35408	
21419	0	31232	27816	35396	
21420	0	31188	27796	35392	
21421	0	31136	27796	35392	
21422	0	31066	27825	35399	
21423	0	31036	27798	35404	
21424	0	30986	27808	35400	
21425	0	30948	27804	35416	
21426	0	30881	27808	35412	
21427	0	30840	27792	35392	
21428	0	30788	27808	35392	
21429	0	30748	27800	35404	
21430	0	30693	27808	35400	
21431	0	30644	27789	35394	
21432	0	30608	27788	35408	
21433	0	30557	27805	35396	
21434	0	30512	27784	35412	
21435	0	30473	27781	35396	
21436	0	30424	27808	35396	
21437	0	30382	27789	35408	
21438	0	30344	27780	35412	
21439	0	30304	27788	35400	
21440	0	30264	27774	35388	
21441	0	30216	27800	35380	
21442	0	30176	27805	35380	
21443	0	30144	27780	35380	
21444	0	30097	27812	35396	
21445	0	30056	27801	35364	
21446	0	30024	27816	35388	
21447	0	29981	27784	35384	
21448	0	29944	27780	35392	
21449	0	29908	27780	35392	
21450	0	29876	27780	35392	
21451	0	29836	27781	35389	
21452	0	29801	27777	35404	
21453	0	29768	27780	35392	
21454	0	29736	27788	35396	
21455	0	29700	27776	35400	
21456	0	29665	27797	35396	
21457	0	29638	27777	35392	
21458	0	29604	27804	35404	
21459	0	29568	27788	35392	
21460	0	29532	27804	35384	
21461	0	29513	27809	35376	
21462	0	29472	27796	35408	
21463	0	29448	27788	35404	
21464	0	29417	27781	35384	
21465	0	29388	27796	35400	
21466	0	29364	27804	35400	
21467	0	29340	27808	35392	
21468	0	29312	27806	35404	
21469	0	29276	27792	35414	
21470	0	29248	27789	35404	
21471	0	29224	27808	35416	
21472	0	29198	27784	35424	
21473	0	29172	27804	35404	
21474	0	29148	27792	35412	
21475	0	29120	27849	35384	
21476	0	29092	27793	35396	
21477	0	29068	27824	35396	
21478	0	29052	27808	35420	
21479	0	29025	27830	35400	
21480	0	29004	27836	35408	
21481	0	28976	27824	35416	
21482	0	28956	27816	35424	
21483	0	28938	27804	35392	
21484	0	28908	27820	35408	
21485	0	28880	27804	35392	
21486	0	28873	27808	35400	
21487	0	28840	27828	35368	
21488	0	28828	27820	35388	
21489	0	28804	27808	35392	
21490	0	28784	27792	35396	
21491	0	28764	27816	35416	
21492	0	28744	27824	35388	
21493	0	28728	27820	35396	
21494	0	28692	27820	35396	
21495	0	28677	27828	35408	
21496	0	28660	27834	35406	
21497	0	28640	27828	35409	
21498	0	28618	27802	35412	
21499	0	28600	27834	35396	
21500	0	28577	27832	35408	
21501	0	28565	27840	35396	
21502	0	28545	27840	35392	
21503	0	28524	27856	35400	
21504	0	28512	27824	35404	
21505	0	28484	27844	35412	
21506	0	28468	27856	35392	
21507	0	28452	27864	35420	
21508	0	28436	27868	35388	
21509	0	28416	27868	35392	
21510	0	28396	27856	35420	
21511	0	28372	27840	35396	
21512	0	28360	27856	35400	
21513	0	28344	27824	35416	
21514	0	28328	27844	35416	
21515	0	28313	27844	35400	
21516	0	28292	27824	35376	
21517	0	28277	27824	35402	
21518	0	28264	27844	35409	
21519	0	28244	27872	35400	
21520	0	28224	27841	35409	
21521	0	28208	27840	35408	
21522	0	28193	27848	35412	
21523	0	28180	27878	35384	
21524	0	28165	27840	35424	
21525	0	28152	27873	35408	
21526	0	28137	27897	35404	
21527	0	28128	27881	35416	
21528	0	28112	27876	35392	
21529	0	28096	27868	35392	
21530	0	28088	27884	35408	
21531	0	28080	27896	35396	
21532	0	28060	27876	35404	
21533	0	28049	27896	35408	
21534	0	28036	27860	35416	
21535	0	28032	27884	35412	
21536	0	28024	27876	35384	
21537	0	28008	27880	35392	
21538	0	28001	27888	35408	
21539	0	27993	27877	35421	
21540	0	27992	27892	35408	
21541	0	27976	27868	35420	
21542	0	27964	27904	35417	
21543	0	27964	27890	35382	
21544	0	27960	27892	35400	
21545	0	27964	27904	35384	
21546	0	27956	27900	35416	
21547	0	27944	27920	35396	
21548	0	27945	27892	35392	
21549	0	27944	27876	35406	
21550	0	27944	27893	35416	
21551	0	27936	27880	35412	
21552	0	27940	27888	35412	
21553	0	27940	27888	35400	
21554	0	27941	27880	35416	
21555	0	27937	27901	35424	
21556	0	27940	27885	35424	
21557	0	27948	27869	35404	
21558	0	27948	27912	35385	
21559	0	27950	27892	35426	
21560	0	27956	27905	35404	
21561	0	27968	27910	35392	
21562	0	27972	27892	35400	
21563	0	27984	27842	35425	
21564	0	27984	27908	35412	
21565	0	27992	27885	35428	
21566	0	28008	27868	35436	
21567	0	28009	27884	35430	
21568	0	28016	27904	35392	
21569	0	28036	27900	35416	
